source,mode,cluster_size,iteration,cluster_id,max_residual,snr_db
baseline,layered,24,0,0,2.55295436242369,0.0
baseline,layered,24,0,1,3.9036903071833216,0.0
baseline,layered,24,0,2,3.3085069983603406,0.0
baseline,layered,24,0,3,4.908516072160684,0.0
baseline,layered,24,0,4,3.5583068080721136,0.0
baseline,layered,24,0,5,3.4667893163498062,0.0
baseline,layered,24,0,6,4.726163627035912,0.0
baseline,layered,24,0,7,4.144268395993943,0.0
baseline,layered,24,0,8,5.2809971617544935,0.0
baseline,layered,24,0,9,4.747910323911438,0.0
baseline,layered,24,0,10,4.432956359640149,0.0
baseline,layered,24,0,11,4.391765823034438,0.0
baseline,layered,24,0,12,5.195143103920704,0.0
baseline,layered,24,0,13,5.747506973412645,0.0
baseline,layered,24,0,14,5.23704952153753,0.0
baseline,layered,24,0,15,5.4100879666559765,0.0
baseline,layered,24,0,16,4.337367404442795,0.0
baseline,layered,24,0,17,5.512092644668852,0.0
baseline,layered,24,0,18,3.8438057405965758,0.0
baseline,layered,24,0,19,6.048170256893621,0.0
baseline,layered,24,0,20,5.682811077897046,0.0
baseline,layered,24,0,21,8.295391488466219,0.0
baseline,layered,24,0,22,5.986041034392833,0.0
baseline,layered,24,0,23,4.597689936596569,0.0
baseline,layered,24,1,0,0.0,0.0
baseline,layered,24,1,1,3.9036903071833216,0.0
baseline,layered,24,1,2,3.3085069983603406,0.0
baseline,layered,24,1,3,4.908516072160684,0.0
baseline,layered,24,1,4,3.5583068080721136,0.0
baseline,layered,24,1,5,3.4667893163498062,0.0
baseline,layered,24,1,6,4.726163627035912,0.0
baseline,layered,24,1,7,4.144268395993943,0.0
baseline,layered,24,1,8,5.2809971617544935,0.0
baseline,layered,24,1,9,4.747910323911438,0.0
baseline,layered,24,1,10,4.432956359640149,0.0
baseline,layered,24,1,11,4.391765823034438,0.0
baseline,layered,24,1,12,5.195143103920704,0.0
baseline,layered,24,1,13,5.747506973412645,0.0
baseline,layered,24,1,14,5.23704952153753,0.0
baseline,layered,24,1,15,5.4100879666559765,0.0
baseline,layered,24,1,16,4.337367404442795,0.0
baseline,layered,24,1,17,5.512092644668852,0.0
baseline,layered,24,1,18,3.8438057405965758,0.0
baseline,layered,24,1,19,6.048170256893621,0.0
baseline,layered,24,1,20,5.682811077897046,0.0
baseline,layered,24,1,21,8.295391488466219,0.0
baseline,layered,24,1,22,5.986041034392833,0.0
baseline,layered,24,1,23,4.597689936596569,0.0
baseline,layered,24,2,0,0.0,0.0
baseline,layered,24,2,1,0.0,0.0
baseline,layered,24,2,2,3.3085069983603406,0.0
baseline,layered,24,2,3,4.908516072160684,0.0
baseline,layered,24,2,4,3.5583068080721136,0.0
baseline,layered,24,2,5,3.4667893163498062,0.0
baseline,layered,24,2,6,4.726163627035912,0.0
baseline,layered,24,2,7,4.144268395993943,0.0
baseline,layered,24,2,8,5.2809971617544935,0.0
baseline,layered,24,2,9,4.747910323911438,0.0
baseline,layered,24,2,10,4.432956359640149,0.0
baseline,layered,24,2,11,4.391765823034438,0.0
baseline,layered,24,2,12,5.195143103920704,0.0
baseline,layered,24,2,13,5.747506973412645,0.0
baseline,layered,24,2,14,5.23704952153753,0.0
baseline,layered,24,2,15,5.4100879666559765,0.0
baseline,layered,24,2,16,4.337367404442795,0.0
baseline,layered,24,2,17,5.512092644668852,0.0
baseline,layered,24,2,18,3.8438057405965758,0.0
baseline,layered,24,2,19,6.048170256893621,0.0
baseline,layered,24,2,20,5.682811077897046,0.0
baseline,layered,24,2,21,8.295391488466219,0.0
baseline,layered,24,2,22,5.986041034392833,0.0
baseline,layered,24,2,23,4.597689936596569,0.0
baseline,layered,24,3,0,0.0,0.0
baseline,layered,24,3,1,0.0,0.0
baseline,layered,24,3,2,0.0,0.0
baseline,layered,24,3,3,4.908516072160684,0.0
baseline,layered,24,3,4,3.5583068080721136,0.0
baseline,layered,24,3,5,3.4667893163498062,0.0
baseline,layered,24,3,6,4.726163627035912,0.0
baseline,layered,24,3,7,4.144268395993943,0.0
baseline,layered,24,3,8,5.2809971617544935,0.0
baseline,layered,24,3,9,4.747910323911438,0.0
baseline,layered,24,3,10,4.432956359640149,0.0
baseline,layered,24,3,11,4.391765823034438,0.0
baseline,layered,24,3,12,5.195143103920704,0.0
baseline,layered,24,3,13,5.747506973412645,0.0
baseline,layered,24,3,14,5.23704952153753,0.0
baseline,layered,24,3,15,5.4100879666559765,0.0
baseline,layered,24,3,16,4.337367404442795,0.0
baseline,layered,24,3,17,5.512092644668852,0.0
baseline,layered,24,3,18,3.8438057405965758,0.0
baseline,layered,24,3,19,6.048170256893621,0.0
baseline,layered,24,3,20,5.682811077897046,0.0
baseline,layered,24,3,21,8.295391488466219,0.0
baseline,layered,24,3,22,5.986041034392833,0.0
baseline,layered,24,3,23,4.597689936596569,0.0
baseline,layered,24,4,0,0.0,0.0
baseline,layered,24,4,1,0.0,0.0
baseline,layered,24,4,2,0.0,0.0
baseline,layered,24,4,3,0.0,0.0
baseline,layered,24,4,4,3.5583068080721136,0.0
baseline,layered,24,4,5,3.4667893163498062,0.0
baseline,layered,24,4,6,4.726163627035912,0.0
baseline,layered,24,4,7,4.144268395993943,0.0
baseline,layered,24,4,8,5.2809971617544935,0.0
baseline,layered,24,4,9,4.747910323911438,0.0
baseline,layered,24,4,10,4.432956359640149,0.0
baseline,layered,24,4,11,4.391765823034438,0.0
baseline,layered,24,4,12,5.195143103920704,0.0
baseline,layered,24,4,13,5.747506973412645,0.0
baseline,layered,24,4,14,5.23704952153753,0.0
baseline,layered,24,4,15,5.4100879666559765,0.0
baseline,layered,24,4,16,4.337367404442795,0.0
baseline,layered,24,4,17,5.512092644668852,0.0
baseline,layered,24,4,18,3.8438057405965758,0.0
baseline,layered,24,4,19,6.048170256893621,0.0
baseline,layered,24,4,20,5.682811077897046,0.0
baseline,layered,24,4,21,8.295391488466219,0.0
baseline,layered,24,4,22,5.986041034392833,0.0
baseline,layered,24,4,23,4.597689936596569,0.0
baseline,layered,24,5,0,0.0,0.0
baseline,layered,24,5,1,0.0,0.0
baseline,layered,24,5,2,0.0,0.0
baseline,layered,24,5,3,0.0,0.0
baseline,layered,24,5,4,0.0,0.0
baseline,layered,24,5,5,3.4667893163498062,0.0
baseline,layered,24,5,6,4.726163627035912,0.0
baseline,layered,24,5,7,4.144268395993943,0.0
baseline,layered,24,5,8,5.2809971617544935,0.0
baseline,layered,24,5,9,4.747910323911438,0.0
baseline,layered,24,5,10,4.432956359640149,0.0
baseline,layered,24,5,11,4.391765823034438,0.0
baseline,layered,24,5,12,5.195143103920704,0.0
baseline,layered,24,5,13,5.747506973412645,0.0
baseline,layered,24,5,14,5.23704952153753,0.0
baseline,layered,24,5,15,5.4100879666559765,0.0
baseline,layered,24,5,16,4.337367404442795,0.0
baseline,layered,24,5,17,5.512092644668852,0.0
baseline,layered,24,5,18,3.8438057405965758,0.0
baseline,layered,24,5,19,6.048170256893621,0.0
baseline,layered,24,5,20,5.682811077897046,0.0
baseline,layered,24,5,21,8.295391488466219,0.0
baseline,layered,24,5,22,5.986041034392833,0.0
baseline,layered,24,5,23,4.597689936596569,0.0
baseline,layered,24,6,0,0.0,0.0
baseline,layered,24,6,1,0.0,0.0
baseline,layered,24,6,2,0.0,0.0
baseline,layered,24,6,3,0.0,0.0
baseline,layered,24,6,4,0.0,0.0
baseline,layered,24,6,5,0.0,0.0
baseline,layered,24,6,6,4.726163627035912,0.0
baseline,layered,24,6,7,4.144268395993943,0.0
baseline,layered,24,6,8,5.2809971617544935,0.0
baseline,layered,24,6,9,4.747910323911438,0.0
baseline,layered,24,6,10,4.432956359640149,0.0
baseline,layered,24,6,11,4.391765823034438,0.0
baseline,layered,24,6,12,5.195143103920704,0.0
baseline,layered,24,6,13,5.747506973412645,0.0
baseline,layered,24,6,14,5.23704952153753,0.0
baseline,layered,24,6,15,5.4100879666559765,0.0
baseline,layered,24,6,16,4.337367404442795,0.0
baseline,layered,24,6,17,5.512092644668852,0.0
baseline,layered,24,6,18,3.8438057405965758,0.0
baseline,layered,24,6,19,6.048170256893621,0.0
baseline,layered,24,6,20,5.682811077897046,0.0
baseline,layered,24,6,21,8.295391488466219,0.0
baseline,layered,24,6,22,5.986041034392833,0.0
baseline,layered,24,6,23,4.597689936596569,0.0
baseline,layered,24,7,0,0.0,0.0
baseline,layered,24,7,1,0.0,0.0
baseline,layered,24,7,2,0.0,0.0
baseline,layered,24,7,3,0.0,0.0
baseline,layered,24,7,4,0.0,0.0
baseline,layered,24,7,5,0.0,0.0
baseline,layered,24,7,6,0.0,0.0
baseline,layered,24,7,7,4.144268395993943,0.0
baseline,layered,24,7,8,5.2809971617544935,0.0
baseline,layered,24,7,9,4.747910323911438,0.0
baseline,layered,24,7,10,4.432956359640149,0.0
baseline,layered,24,7,11,4.391765823034438,0.0
baseline,layered,24,7,12,5.195143103920704,0.0
baseline,layered,24,7,13,5.747506973412645,0.0
baseline,layered,24,7,14,5.23704952153753,0.0
baseline,layered,24,7,15,5.4100879666559765,0.0
baseline,layered,24,7,16,4.337367404442795,0.0
baseline,layered,24,7,17,5.512092644668852,0.0
baseline,layered,24,7,18,3.8438057405965758,0.0
baseline,layered,24,7,19,6.048170256893621,0.0
baseline,layered,24,7,20,5.682811077897046,0.0
baseline,layered,24,7,21,8.295391488466219,0.0
baseline,layered,24,7,22,5.986041034392833,0.0
baseline,layered,24,7,23,4.597689936596569,0.0
baseline,layered,24,8,0,0.0,0.0
baseline,layered,24,8,1,0.0,0.0
baseline,layered,24,8,2,0.0,0.0
baseline,layered,24,8,3,0.0,0.0
baseline,layered,24,8,4,0.0,0.0
baseline,layered,24,8,5,0.0,0.0
baseline,layered,24,8,6,0.0,0.0
baseline,layered,24,8,7,0.0,0.0
baseline,layered,24,8,8,5.2809971617544935,0.0
baseline,layered,24,8,9,4.747910323911438,0.0
baseline,layered,24,8,10,4.432956359640149,0.0
baseline,layered,24,8,11,4.391765823034438,0.0
baseline,layered,24,8,12,5.195143103920704,0.0
baseline,layered,24,8,13,5.747506973412645,0.0
baseline,layered,24,8,14,5.23704952153753,0.0
baseline,layered,24,8,15,5.4100879666559765,0.0
baseline,layered,24,8,16,4.337367404442795,0.0
baseline,layered,24,8,17,5.512092644668852,0.0
baseline,layered,24,8,18,3.8438057405965758,0.0
baseline,layered,24,8,19,6.048170256893621,0.0
baseline,layered,24,8,20,5.682811077897046,0.0
baseline,layered,24,8,21,8.295391488466219,0.0
baseline,layered,24,8,22,5.986041034392833,0.0
baseline,layered,24,8,23,4.597689936596569,0.0
baseline,layered,24,9,0,0.0,0.0
baseline,layered,24,9,1,0.0,0.0
baseline,layered,24,9,2,0.0,0.0
baseline,layered,24,9,3,0.0,0.0
baseline,layered,24,9,4,0.0,0.0
baseline,layered,24,9,5,0.0,0.0
baseline,layered,24,9,6,0.0,0.0
baseline,layered,24,9,7,0.0,0.0
baseline,layered,24,9,8,0.0,0.0
baseline,layered,24,9,9,4.747910323911438,0.0
baseline,layered,24,9,10,4.432956359640149,0.0
baseline,layered,24,9,11,4.391765823034438,0.0
baseline,layered,24,9,12,5.195143103920704,0.0
baseline,layered,24,9,13,5.747506973412645,0.0
baseline,layered,24,9,14,5.23704952153753,0.0
baseline,layered,24,9,15,5.4100879666559765,0.0
baseline,layered,24,9,16,4.337367404442795,0.0
baseline,layered,24,9,17,5.512092644668852,0.0
baseline,layered,24,9,18,3.8438057405965758,0.0
baseline,layered,24,9,19,6.048170256893621,0.0
baseline,layered,24,9,20,5.682811077897046,0.0
baseline,layered,24,9,21,8.295391488466219,0.0
baseline,layered,24,9,22,5.986041034392833,0.0
baseline,layered,24,9,23,4.597689936596569,0.0
baseline,layered,24,10,0,0.0,0.0
baseline,layered,24,10,1,0.0,0.0
baseline,layered,24,10,2,0.0,0.0
baseline,layered,24,10,3,0.0,0.0
baseline,layered,24,10,4,0.0,0.0
baseline,layered,24,10,5,0.0,0.0
baseline,layered,24,10,6,0.0,0.0
baseline,layered,24,10,7,0.0,0.0
baseline,layered,24,10,8,0.0,0.0
baseline,layered,24,10,9,0.0,0.0
baseline,layered,24,10,10,4.432956359640149,0.0
baseline,layered,24,10,11,4.391765823034438,0.0
baseline,layered,24,10,12,5.195143103920704,0.0
baseline,layered,24,10,13,5.747506973412645,0.0
baseline,layered,24,10,14,5.23704952153753,0.0
baseline,layered,24,10,15,5.4100879666559765,0.0
baseline,layered,24,10,16,4.337367404442795,0.0
baseline,layered,24,10,17,5.512092644668852,0.0
baseline,layered,24,10,18,3.8438057405965758,0.0
baseline,layered,24,10,19,6.048170256893621,0.0
baseline,layered,24,10,20,5.682811077897046,0.0
baseline,layered,24,10,21,8.295391488466219,0.0
baseline,layered,24,10,22,5.986041034392833,0.0
baseline,layered,24,10,23,4.597689936596569,0.0
baseline,layered,24,11,0,0.0,0.0
baseline,layered,24,11,1,0.0,0.0
baseline,layered,24,11,2,0.0,0.0
baseline,layered,24,11,3,0.0,0.0
baseline,layered,24,11,4,0.0,0.0
baseline,layered,24,11,5,0.0,0.0
baseline,layered,24,11,6,0.0,0.0
baseline,layered,24,11,7,0.0,0.0
baseline,layered,24,11,8,0.0,0.0
baseline,layered,24,11,9,0.0,0.0
baseline,layered,24,11,10,0.0,0.0
baseline,layered,24,11,11,4.391765823034438,0.0
baseline,layered,24,11,12,5.195143103920704,0.0
baseline,layered,24,11,13,5.747506973412645,0.0
baseline,layered,24,11,14,5.23704952153753,0.0
baseline,layered,24,11,15,5.4100879666559765,0.0
baseline,layered,24,11,16,4.337367404442795,0.0
baseline,layered,24,11,17,5.512092644668852,0.0
baseline,layered,24,11,18,3.8438057405965758,0.0
baseline,layered,24,11,19,6.048170256893621,0.0
baseline,layered,24,11,20,5.682811077897046,0.0
baseline,layered,24,11,21,8.295391488466219,0.0
baseline,layered,24,11,22,5.986041034392833,0.0
baseline,layered,24,11,23,4.597689936596569,0.0
baseline,layered,24,12,0,0.0,0.0
baseline,layered,24,12,1,0.0,0.0
baseline,layered,24,12,2,0.0,0.0
baseline,layered,24,12,3,0.0,0.0
baseline,layered,24,12,4,0.0,0.0
baseline,layered,24,12,5,0.0,0.0
baseline,layered,24,12,6,0.0,0.0
baseline,layered,24,12,7,0.0,0.0
baseline,layered,24,12,8,0.0,0.0
baseline,layered,24,12,9,0.0,0.0
baseline,layered,24,12,10,0.0,0.0
baseline,layered,24,12,11,0.0,0.0
baseline,layered,24,12,12,5.195143103920704,0.0
baseline,layered,24,12,13,5.747506973412645,0.0
baseline,layered,24,12,14,5.23704952153753,0.0
baseline,layered,24,12,15,5.4100879666559765,0.0
baseline,layered,24,12,16,4.337367404442795,0.0
baseline,layered,24,12,17,5.512092644668852,0.0
baseline,layered,24,12,18,3.8438057405965758,0.0
baseline,layered,24,12,19,6.048170256893621,0.0
baseline,layered,24,12,20,5.682811077897046,0.0
baseline,layered,24,12,21,8.295391488466219,0.0
baseline,layered,24,12,22,5.986041034392833,0.0
baseline,layered,24,12,23,4.597689936596569,0.0
baseline,layered,24,13,0,0.0,0.0
baseline,layered,24,13,1,0.0,0.0
baseline,layered,24,13,2,0.0,0.0
baseline,layered,24,13,3,0.0,0.0
baseline,layered,24,13,4,0.0,0.0
baseline,layered,24,13,5,0.0,0.0
baseline,layered,24,13,6,0.0,0.0
baseline,layered,24,13,7,0.0,0.0
baseline,layered,24,13,8,0.0,0.0
baseline,layered,24,13,9,0.0,0.0
baseline,layered,24,13,10,0.0,0.0
baseline,layered,24,13,11,0.0,0.0
baseline,layered,24,13,12,0.0,0.0
baseline,layered,24,13,13,5.747506973412645,0.0
baseline,layered,24,13,14,5.23704952153753,0.0
baseline,layered,24,13,15,5.4100879666559765,0.0
baseline,layered,24,13,16,4.337367404442795,0.0
baseline,layered,24,13,17,5.512092644668852,0.0
baseline,layered,24,13,18,3.8438057405965758,0.0
baseline,layered,24,13,19,6.048170256893621,0.0
baseline,layered,24,13,20,5.682811077897046,0.0
baseline,layered,24,13,21,8.295391488466219,0.0
baseline,layered,24,13,22,5.986041034392833,0.0
baseline,layered,24,13,23,4.597689936596569,0.0
baseline,layered,24,14,0,0.0,0.0
baseline,layered,24,14,1,0.0,0.0
baseline,layered,24,14,2,0.0,0.0
baseline,layered,24,14,3,0.0,0.0
baseline,layered,24,14,4,0.0,0.0
baseline,layered,24,14,5,0.0,0.0
baseline,layered,24,14,6,0.0,0.0
baseline,layered,24,14,7,0.0,0.0
baseline,layered,24,14,8,0.0,0.0
baseline,layered,24,14,9,0.0,0.0
baseline,layered,24,14,10,0.0,0.0
baseline,layered,24,14,11,0.0,0.0
baseline,layered,24,14,12,0.0,0.0
baseline,layered,24,14,13,0.0,0.0
baseline,layered,24,14,14,5.23704952153753,0.0
baseline,layered,24,14,15,5.4100879666559765,0.0
baseline,layered,24,14,16,4.337367404442795,0.0
baseline,layered,24,14,17,5.512092644668852,0.0
baseline,layered,24,14,18,3.8438057405965758,0.0
baseline,layered,24,14,19,6.048170256893621,0.0
baseline,layered,24,14,20,5.682811077897046,0.0
baseline,layered,24,14,21,8.295391488466219,0.0
baseline,layered,24,14,22,5.986041034392833,0.0
baseline,layered,24,14,23,4.597689936596569,0.0
baseline,layered,24,15,0,0.0,0.0
baseline,layered,24,15,1,0.0,0.0
baseline,layered,24,15,2,0.0,0.0
baseline,layered,24,15,3,0.0,0.0
baseline,layered,24,15,4,0.0,0.0
baseline,layered,24,15,5,0.0,0.0
baseline,layered,24,15,6,0.0,0.0
baseline,layered,24,15,7,0.0,0.0
baseline,layered,24,15,8,0.0,0.0
baseline,layered,24,15,9,0.0,0.0
baseline,layered,24,15,10,0.0,0.0
baseline,layered,24,15,11,0.0,0.0
baseline,layered,24,15,12,0.0,0.0
baseline,layered,24,15,13,0.0,0.0
baseline,layered,24,15,14,0.0,0.0
baseline,layered,24,15,15,5.4100879666559765,0.0
baseline,layered,24,15,16,4.337367404442795,0.0
baseline,layered,24,15,17,5.512092644668852,0.0
baseline,layered,24,15,18,3.8438057405965758,0.0
baseline,layered,24,15,19,6.048170256893621,0.0
baseline,layered,24,15,20,5.682811077897046,0.0
baseline,layered,24,15,21,8.295391488466219,0.0
baseline,layered,24,15,22,5.986041034392833,0.0
baseline,layered,24,15,23,4.597689936596569,0.0
baseline,layered,24,16,0,0.0,0.0
baseline,layered,24,16,1,0.0,0.0
baseline,layered,24,16,2,0.0,0.0
baseline,layered,24,16,3,0.0,0.0
baseline,layered,24,16,4,0.0,0.0
baseline,layered,24,16,5,0.0,0.0
baseline,layered,24,16,6,0.0,0.0
baseline,layered,24,16,7,0.0,0.0
baseline,layered,24,16,8,0.0,0.0
baseline,layered,24,16,9,0.0,0.0
baseline,layered,24,16,10,0.0,0.0
baseline,layered,24,16,11,0.0,0.0
baseline,layered,24,16,12,0.0,0.0
baseline,layered,24,16,13,0.0,0.0
baseline,layered,24,16,14,0.0,0.0
baseline,layered,24,16,15,0.0,0.0
baseline,layered,24,16,16,4.337367404442795,0.0
baseline,layered,24,16,17,5.512092644668852,0.0
baseline,layered,24,16,18,3.8438057405965758,0.0
baseline,layered,24,16,19,6.048170256893621,0.0
baseline,layered,24,16,20,5.682811077897046,0.0
baseline,layered,24,16,21,8.295391488466219,0.0
baseline,layered,24,16,22,5.986041034392833,0.0
baseline,layered,24,16,23,4.597689936596569,0.0
baseline,layered,24,17,0,0.0,0.0
baseline,layered,24,17,1,0.0,0.0
baseline,layered,24,17,2,0.0,0.0
baseline,layered,24,17,3,0.0,0.0
baseline,layered,24,17,4,0.0,0.0
baseline,layered,24,17,5,0.0,0.0
baseline,layered,24,17,6,0.0,0.0
baseline,layered,24,17,7,0.0,0.0
baseline,layered,24,17,8,0.0,0.0
baseline,layered,24,17,9,0.0,0.0
baseline,layered,24,17,10,0.0,0.0
baseline,layered,24,17,11,0.0,0.0
baseline,layered,24,17,12,0.0,0.0
baseline,layered,24,17,13,0.0,0.0
baseline,layered,24,17,14,0.0,0.0
baseline,layered,24,17,15,0.0,0.0
baseline,layered,24,17,16,0.0,0.0
baseline,layered,24,17,17,5.512092644668852,0.0
baseline,layered,24,17,18,3.8438057405965758,0.0
baseline,layered,24,17,19,6.048170256893621,0.0
baseline,layered,24,17,20,5.682811077897046,0.0
baseline,layered,24,17,21,8.295391488466219,0.0
baseline,layered,24,17,22,5.986041034392833,0.0
baseline,layered,24,17,23,4.597689936596569,0.0
baseline,layered,24,18,0,0.0,0.0
baseline,layered,24,18,1,0.0,0.0
baseline,layered,24,18,2,0.0,0.0
baseline,layered,24,18,3,0.0,0.0
baseline,layered,24,18,4,0.0,0.0
baseline,layered,24,18,5,0.0,0.0
baseline,layered,24,18,6,0.0,0.0
baseline,layered,24,18,7,0.0,0.0
baseline,layered,24,18,8,0.0,0.0
baseline,layered,24,18,9,0.0,0.0
baseline,layered,24,18,10,0.0,0.0
baseline,layered,24,18,11,0.0,0.0
baseline,layered,24,18,12,0.0,0.0
baseline,layered,24,18,13,0.0,0.0
baseline,layered,24,18,14,0.0,0.0
baseline,layered,24,18,15,0.0,0.0
baseline,layered,24,18,16,0.0,0.0
baseline,layered,24,18,17,0.0,0.0
baseline,layered,24,18,18,3.8438057405965758,0.0
baseline,layered,24,18,19,6.048170256893621,0.0
baseline,layered,24,18,20,5.682811077897046,0.0
baseline,layered,24,18,21,8.295391488466219,0.0
baseline,layered,24,18,22,5.986041034392833,0.0
baseline,layered,24,18,23,4.597689936596569,0.0
baseline,layered,24,19,0,0.0,0.0
baseline,layered,24,19,1,0.0,0.0
baseline,layered,24,19,2,0.0,0.0
baseline,layered,24,19,3,0.0,0.0
baseline,layered,24,19,4,0.0,0.0
baseline,layered,24,19,5,0.0,0.0
baseline,layered,24,19,6,0.0,0.0
baseline,layered,24,19,7,0.0,0.0
baseline,layered,24,19,8,0.0,0.0
baseline,layered,24,19,9,0.0,0.0
baseline,layered,24,19,10,0.0,0.0
baseline,layered,24,19,11,0.0,0.0
baseline,layered,24,19,12,0.0,0.0
baseline,layered,24,19,13,0.0,0.0
baseline,layered,24,19,14,0.0,0.0
baseline,layered,24,19,15,0.0,0.0
baseline,layered,24,19,16,0.0,0.0
baseline,layered,24,19,17,0.0,0.0
baseline,layered,24,19,18,0.0,0.0
baseline,layered,24,19,19,6.048170256893621,0.0
baseline,layered,24,19,20,5.682811077897046,0.0
baseline,layered,24,19,21,8.295391488466219,0.0
baseline,layered,24,19,22,5.986041034392833,0.0
baseline,layered,24,19,23,4.597689936596569,0.0
baseline,layered,24,20,0,0.0,0.0
baseline,layered,24,20,1,0.0,0.0
baseline,layered,24,20,2,0.0,0.0
baseline,layered,24,20,3,0.0,0.0
baseline,layered,24,20,4,0.0,0.0
baseline,layered,24,20,5,0.0,0.0
baseline,layered,24,20,6,0.0,0.0
baseline,layered,24,20,7,0.0,0.0
baseline,layered,24,20,8,0.0,0.0
baseline,layered,24,20,9,0.0,0.0
baseline,layered,24,20,10,0.0,0.0
baseline,layered,24,20,11,0.0,0.0
baseline,layered,24,20,12,0.0,0.0
baseline,layered,24,20,13,0.0,0.0
baseline,layered,24,20,14,0.0,0.0
baseline,layered,24,20,15,0.0,0.0
baseline,layered,24,20,16,0.0,0.0
baseline,layered,24,20,17,0.0,0.0
baseline,layered,24,20,18,0.0,0.0
baseline,layered,24,20,19,0.0,0.0
baseline,layered,24,20,20,5.682811077897046,0.0
baseline,layered,24,20,21,8.295391488466219,0.0
baseline,layered,24,20,22,5.986041034392833,0.0
baseline,layered,24,20,23,4.597689936596569,0.0
baseline,layered,24,21,0,0.0,0.0
baseline,layered,24,21,1,0.0,0.0
baseline,layered,24,21,2,0.0,0.0
baseline,layered,24,21,3,0.0,0.0
baseline,layered,24,21,4,0.0,0.0
baseline,layered,24,21,5,0.0,0.0
baseline,layered,24,21,6,0.0,0.0
baseline,layered,24,21,7,0.0,0.0
baseline,layered,24,21,8,0.0,0.0
baseline,layered,24,21,9,0.0,0.0
baseline,layered,24,21,10,0.0,0.0
baseline,layered,24,21,11,0.0,0.0
baseline,layered,24,21,12,0.0,0.0
baseline,layered,24,21,13,0.0,0.0
baseline,layered,24,21,14,0.0,0.0
baseline,layered,24,21,15,0.0,0.0
baseline,layered,24,21,16,0.0,0.0
baseline,layered,24,21,17,0.0,0.0
baseline,layered,24,21,18,0.0,0.0
baseline,layered,24,21,19,0.0,0.0
baseline,layered,24,21,20,0.0,0.0
baseline,layered,24,21,21,8.295391488466219,0.0
baseline,layered,24,21,22,5.986041034392833,0.0
baseline,layered,24,21,23,4.597689936596569,0.0
baseline,layered,24,22,0,0.0,0.0
baseline,layered,24,22,1,0.0,0.0
baseline,layered,24,22,2,0.0,0.0
baseline,layered,24,22,3,0.0,0.0
baseline,layered,24,22,4,0.0,0.0
baseline,layered,24,22,5,0.0,0.0
baseline,layered,24,22,6,0.0,0.0
baseline,layered,24,22,7,0.0,0.0
baseline,layered,24,22,8,0.0,0.0
baseline,layered,24,22,9,0.0,0.0
baseline,layered,24,22,10,0.0,0.0
baseline,layered,24,22,11,0.0,0.0
baseline,layered,24,22,12,0.0,0.0
baseline,layered,24,22,13,0.0,0.0
baseline,layered,24,22,14,0.0,0.0
baseline,layered,24,22,15,0.0,0.0
baseline,layered,24,22,16,0.0,0.0
baseline,layered,24,22,17,0.0,0.0
baseline,layered,24,22,18,0.0,0.0
baseline,layered,24,22,19,0.0,0.0
baseline,layered,24,22,20,0.0,0.0
baseline,layered,24,22,21,0.0,0.0
baseline,layered,24,22,22,5.986041034392833,0.0
baseline,layered,24,22,23,4.597689936596569,0.0
baseline,layered,24,23,0,0.0,0.0
baseline,layered,24,23,1,0.0,0.0
baseline,layered,24,23,2,0.0,0.0
baseline,layered,24,23,3,0.0,0.0
baseline,layered,24,23,4,0.0,0.0
baseline,layered,24,23,5,0.0,0.0
baseline,layered,24,23,6,0.0,0.0
baseline,layered,24,23,7,0.0,0.0
baseline,layered,24,23,8,0.0,0.0
baseline,layered,24,23,9,0.0,0.0
baseline,layered,24,23,10,0.0,0.0
baseline,layered,24,23,11,0.0,0.0
baseline,layered,24,23,12,0.0,0.0
baseline,layered,24,23,13,0.0,0.0
baseline,layered,24,23,14,0.0,0.0
baseline,layered,24,23,15,0.0,0.0
baseline,layered,24,23,16,0.0,0.0
baseline,layered,24,23,17,0.0,0.0
baseline,layered,24,23,18,0.0,0.0
baseline,layered,24,23,19,0.0,0.0
baseline,layered,24,23,20,0.0,0.0
baseline,layered,24,23,21,0.0,0.0
baseline,layered,24,23,22,0.0,0.0
baseline,layered,24,23,23,4.597689936596569,0.0
baseline,layered,24,24,0,0.0,0.0
baseline,layered,24,24,1,0.0,0.0
baseline,layered,24,24,2,0.0,0.0
baseline,layered,24,24,3,0.0,0.0
baseline,layered,24,24,4,0.0,0.0
baseline,layered,24,24,5,0.0,0.0
baseline,layered,24,24,6,0.0,0.0
baseline,layered,24,24,7,0.0,0.0
baseline,layered,24,24,8,0.0,0.0
baseline,layered,24,24,9,0.0,0.0
baseline,layered,24,24,10,0.0,0.0
baseline,layered,24,24,11,0.0,0.0
baseline,layered,24,24,12,0.0,0.0
baseline,layered,24,24,13,0.0,0.0
baseline,layered,24,24,14,0.0,0.0
baseline,layered,24,24,15,0.0,0.0
baseline,layered,24,24,16,0.0,0.0
baseline,layered,24,24,17,0.0,0.0
baseline,layered,24,24,18,0.0,0.0
baseline,layered,24,24,19,0.0,0.0
baseline,layered,24,24,20,0.0,0.0
baseline,layered,24,24,21,0.0,0.0
baseline,layered,24,24,22,0.0,0.0
baseline,layered,24,24,23,0.0,0.0
baseline,layered,24,25,0,0.0,0.0
baseline,layered,24,25,1,0.0,0.0
baseline,layered,24,25,2,0.0,0.0
baseline,layered,24,25,3,0.0,0.0
baseline,layered,24,25,4,0.0,0.0
baseline,layered,24,25,5,0.0,0.0
baseline,layered,24,25,6,0.0,0.0
baseline,layered,24,25,7,0.0,0.0
baseline,layered,24,25,8,0.0,0.0
baseline,layered,24,25,9,0.0,0.0
baseline,layered,24,25,10,0.0,0.0
baseline,layered,24,25,11,0.0,0.0
baseline,layered,24,25,12,0.0,0.0
baseline,layered,24,25,13,0.0,0.0
baseline,layered,24,25,14,0.0,0.0
baseline,layered,24,25,15,0.0,0.0
baseline,layered,24,25,16,0.0,0.0
baseline,layered,24,25,17,0.0,0.0
baseline,layered,24,25,18,0.0,0.0
baseline,layered,24,25,19,0.0,0.0
baseline,layered,24,25,20,0.0,0.0
baseline,layered,24,25,21,0.0,0.0
baseline,layered,24,25,22,0.0,0.0
baseline,layered,24,25,23,0.0,0.0
baseline,layered,24,26,0,0.0,0.0
baseline,layered,24,26,1,0.0,0.0
baseline,layered,24,26,2,0.0,0.0
baseline,layered,24,26,3,0.0,0.0
baseline,layered,24,26,4,0.0,0.0
baseline,layered,24,26,5,0.0,0.0
baseline,layered,24,26,6,0.0,0.0
baseline,layered,24,26,7,0.0,0.0
baseline,layered,24,26,8,0.0,0.0
baseline,layered,24,26,9,0.0,0.0
baseline,layered,24,26,10,0.0,0.0
baseline,layered,24,26,11,0.0,0.0
baseline,layered,24,26,12,0.0,0.0
baseline,layered,24,26,13,0.0,0.0
baseline,layered,24,26,14,0.0,0.0
baseline,layered,24,26,15,0.0,0.0
baseline,layered,24,26,16,0.0,0.0
baseline,layered,24,26,17,0.0,0.0
baseline,layered,24,26,18,0.0,0.0
baseline,layered,24,26,19,0.0,0.0
baseline,layered,24,26,20,0.0,0.0
baseline,layered,24,26,21,0.0,0.0
baseline,layered,24,26,22,0.0,0.0
baseline,layered,24,26,23,0.0,0.0
baseline,layered,24,27,0,0.0,0.0
baseline,layered,24,27,1,0.0,0.0
baseline,layered,24,27,2,0.0,0.0
baseline,layered,24,27,3,0.0,0.0
baseline,layered,24,27,4,0.0,0.0
baseline,layered,24,27,5,0.0,0.0
baseline,layered,24,27,6,0.0,0.0
baseline,layered,24,27,7,0.0,0.0
baseline,layered,24,27,8,0.0,0.0
baseline,layered,24,27,9,0.0,0.0
baseline,layered,24,27,10,0.0,0.0
baseline,layered,24,27,11,0.0,0.0
baseline,layered,24,27,12,0.0,0.0
baseline,layered,24,27,13,0.0,0.0
baseline,layered,24,27,14,0.0,0.0
baseline,layered,24,27,15,0.0,0.0
baseline,layered,24,27,16,0.0,0.0
baseline,layered,24,27,17,0.0,0.0
baseline,layered,24,27,18,0.0,0.0
baseline,layered,24,27,19,0.0,0.0
baseline,layered,24,27,20,0.0,0.0
baseline,layered,24,27,21,0.0,0.0
baseline,layered,24,27,22,0.0,0.0
baseline,layered,24,27,23,0.0,0.0
baseline,layered,24,28,0,0.0,0.0
baseline,layered,24,28,1,0.0,0.0
baseline,layered,24,28,2,0.0,0.0
baseline,layered,24,28,3,0.0,0.0
baseline,layered,24,28,4,0.0,0.0
baseline,layered,24,28,5,0.0,0.0
baseline,layered,24,28,6,0.0,0.0
baseline,layered,24,28,7,0.0,0.0
baseline,layered,24,28,8,0.0,0.0
baseline,layered,24,28,9,0.0,0.0
baseline,layered,24,28,10,0.0,0.0
baseline,layered,24,28,11,0.0,0.0
baseline,layered,24,28,12,0.0,0.0
baseline,layered,24,28,13,0.0,0.0
baseline,layered,24,28,14,0.0,0.0
baseline,layered,24,28,15,0.0,0.0
baseline,layered,24,28,16,0.0,0.0
baseline,layered,24,28,17,0.0,0.0
baseline,layered,24,28,18,0.0,0.0
baseline,layered,24,28,19,0.0,0.0
baseline,layered,24,28,20,0.0,0.0
baseline,layered,24,28,21,0.0,0.0
baseline,layered,24,28,22,0.0,0.0
baseline,layered,24,28,23,0.0,0.0
baseline,layered,24,29,0,0.0,0.0
baseline,layered,24,29,1,0.0,0.0
baseline,layered,24,29,2,0.0,0.0
baseline,layered,24,29,3,0.0,0.0
baseline,layered,24,29,4,0.0,0.0
baseline,layered,24,29,5,0.0,0.0
baseline,layered,24,29,6,0.0,0.0
baseline,layered,24,29,7,0.0,0.0
baseline,layered,24,29,8,0.0,0.0
baseline,layered,24,29,9,0.0,0.0
baseline,layered,24,29,10,0.0,0.0
baseline,layered,24,29,11,0.0,0.0
baseline,layered,24,29,12,0.0,0.0
baseline,layered,24,29,13,0.0,0.0
baseline,layered,24,29,14,0.0,0.0
baseline,layered,24,29,15,0.0,0.0
baseline,layered,24,29,16,0.0,0.0
baseline,layered,24,29,17,0.0,0.0
baseline,layered,24,29,18,0.0,0.0
baseline,layered,24,29,19,0.0,0.0
baseline,layered,24,29,20,0.0,0.0
baseline,layered,24,29,21,0.0,0.0
baseline,layered,24,29,22,0.0,0.0
baseline,layered,24,29,23,0.0,0.0
baseline,layered,24,30,0,0.0,0.0
baseline,layered,24,30,1,0.0,0.0
baseline,layered,24,30,2,0.0,0.0
baseline,layered,24,30,3,0.0,0.0
baseline,layered,24,30,4,0.0,0.0
baseline,layered,24,30,5,0.0,0.0
baseline,layered,24,30,6,0.0,0.0
baseline,layered,24,30,7,0.0,0.0
baseline,layered,24,30,8,0.0,0.0
baseline,layered,24,30,9,0.0,0.0
baseline,layered,24,30,10,0.0,0.0
baseline,layered,24,30,11,0.0,0.0
baseline,layered,24,30,12,0.0,0.0
baseline,layered,24,30,13,0.0,0.0
baseline,layered,24,30,14,0.0,0.0
baseline,layered,24,30,15,0.0,0.0
baseline,layered,24,30,16,0.0,0.0
baseline,layered,24,30,17,0.0,0.0
baseline,layered,24,30,18,0.0,0.0
baseline,layered,24,30,19,0.0,0.0
baseline,layered,24,30,20,0.0,0.0
baseline,layered,24,30,21,0.0,0.0
baseline,layered,24,30,22,0.0,0.0
baseline,layered,24,30,23,0.0,0.0
baseline,layered,24,31,0,0.0,0.0
baseline,layered,24,31,1,0.0,0.0
baseline,layered,24,31,2,0.0,0.0
baseline,layered,24,31,3,0.0,0.0
baseline,layered,24,31,4,0.0,0.0
baseline,layered,24,31,5,0.0,0.0
baseline,layered,24,31,6,0.0,0.0
baseline,layered,24,31,7,0.0,0.0
baseline,layered,24,31,8,0.0,0.0
baseline,layered,24,31,9,0.0,0.0
baseline,layered,24,31,10,0.0,0.0
baseline,layered,24,31,11,0.0,0.0
baseline,layered,24,31,12,0.0,0.0
baseline,layered,24,31,13,0.0,0.0
baseline,layered,24,31,14,0.0,0.0
baseline,layered,24,31,15,0.0,0.0
baseline,layered,24,31,16,0.0,0.0
baseline,layered,24,31,17,0.0,0.0
baseline,layered,24,31,18,0.0,0.0
baseline,layered,24,31,19,0.0,0.0
baseline,layered,24,31,20,0.0,0.0
baseline,layered,24,31,21,0.0,0.0
baseline,layered,24,31,22,0.0,0.0
baseline,layered,24,31,23,0.0,0.0
baseline,layered,24,32,0,0.0,0.0
baseline,layered,24,32,1,0.0,0.0
baseline,layered,24,32,2,0.0,0.0
baseline,layered,24,32,3,0.0,0.0
baseline,layered,24,32,4,0.0,0.0
baseline,layered,24,32,5,0.0,0.0
baseline,layered,24,32,6,0.0,0.0
baseline,layered,24,32,7,0.0,0.0
baseline,layered,24,32,8,0.0,0.0
baseline,layered,24,32,9,0.0,0.0
baseline,layered,24,32,10,0.0,0.0
baseline,layered,24,32,11,0.0,0.0
baseline,layered,24,32,12,0.0,0.0
baseline,layered,24,32,13,0.0,0.0
baseline,layered,24,32,14,0.0,0.0
baseline,layered,24,32,15,0.0,0.0
baseline,layered,24,32,16,0.0,0.0
baseline,layered,24,32,17,0.0,0.0
baseline,layered,24,32,18,0.0,0.0
baseline,layered,24,32,19,0.0,0.0
baseline,layered,24,32,20,0.0,0.0
baseline,layered,24,32,21,0.0,0.0
baseline,layered,24,32,22,0.0,0.0
baseline,layered,24,32,23,0.0,0.0
baseline,layered,24,33,0,0.0,0.0
baseline,layered,24,33,1,0.0,0.0
baseline,layered,24,33,2,0.0,0.0
baseline,layered,24,33,3,0.0,0.0
baseline,layered,24,33,4,0.0,0.0
baseline,layered,24,33,5,0.0,0.0
baseline,layered,24,33,6,0.0,0.0
baseline,layered,24,33,7,0.0,0.0
baseline,layered,24,33,8,0.0,0.0
baseline,layered,24,33,9,0.0,0.0
baseline,layered,24,33,10,0.0,0.0
baseline,layered,24,33,11,0.0,0.0
baseline,layered,24,33,12,0.0,0.0
baseline,layered,24,33,13,0.0,0.0
baseline,layered,24,33,14,0.0,0.0
baseline,layered,24,33,15,0.0,0.0
baseline,layered,24,33,16,0.0,0.0
baseline,layered,24,33,17,0.0,0.0
baseline,layered,24,33,18,0.0,0.0
baseline,layered,24,33,19,0.0,0.0
baseline,layered,24,33,20,0.0,0.0
baseline,layered,24,33,21,0.0,0.0
baseline,layered,24,33,22,0.0,0.0
baseline,layered,24,33,23,0.0,0.0
baseline,layered,24,34,0,0.0,0.0
baseline,layered,24,34,1,0.0,0.0
baseline,layered,24,34,2,0.0,0.0
baseline,layered,24,34,3,0.0,0.0
baseline,layered,24,34,4,0.0,0.0
baseline,layered,24,34,5,0.0,0.0
baseline,layered,24,34,6,0.0,0.0
baseline,layered,24,34,7,0.0,0.0
baseline,layered,24,34,8,0.0,0.0
baseline,layered,24,34,9,0.0,0.0
baseline,layered,24,34,10,0.0,0.0
baseline,layered,24,34,11,0.0,0.0
baseline,layered,24,34,12,0.0,0.0
baseline,layered,24,34,13,0.0,0.0
baseline,layered,24,34,14,0.0,0.0
baseline,layered,24,34,15,0.0,0.0
baseline,layered,24,34,16,0.0,0.0
baseline,layered,24,34,17,0.0,0.0
baseline,layered,24,34,18,0.0,0.0
baseline,layered,24,34,19,0.0,0.0
baseline,layered,24,34,20,0.0,0.0
baseline,layered,24,34,21,0.0,0.0
baseline,layered,24,34,22,0.0,0.0
baseline,layered,24,34,23,0.0,0.0
baseline,layered,24,35,0,0.0,0.0
baseline,layered,24,35,1,0.0,0.0
baseline,layered,24,35,2,0.0,0.0
baseline,layered,24,35,3,0.0,0.0
baseline,layered,24,35,4,0.0,0.0
baseline,layered,24,35,5,0.0,0.0
baseline,layered,24,35,6,0.0,0.0
baseline,layered,24,35,7,0.0,0.0
baseline,layered,24,35,8,0.0,0.0
baseline,layered,24,35,9,0.0,0.0
baseline,layered,24,35,10,0.0,0.0
baseline,layered,24,35,11,0.0,0.0
baseline,layered,24,35,12,0.0,0.0
baseline,layered,24,35,13,0.0,0.0
baseline,layered,24,35,14,0.0,0.0
baseline,layered,24,35,15,0.0,0.0
baseline,layered,24,35,16,0.0,0.0
baseline,layered,24,35,17,0.0,0.0
baseline,layered,24,35,18,0.0,0.0
baseline,layered,24,35,19,0.0,0.0
baseline,layered,24,35,20,0.0,0.0
baseline,layered,24,35,21,0.0,0.0
baseline,layered,24,35,22,0.0,0.0
baseline,layered,24,35,23,0.0,0.0
baseline,layered,24,36,0,0.0,0.0
baseline,layered,24,36,1,0.0,0.0
baseline,layered,24,36,2,0.0,0.0
baseline,layered,24,36,3,0.0,0.0
baseline,layered,24,36,4,0.0,0.0
baseline,layered,24,36,5,0.0,0.0
baseline,layered,24,36,6,0.0,0.0
baseline,layered,24,36,7,0.0,0.0
baseline,layered,24,36,8,0.0,0.0
baseline,layered,24,36,9,0.0,0.0
baseline,layered,24,36,10,0.0,0.0
baseline,layered,24,36,11,0.0,0.0
baseline,layered,24,36,12,0.0,0.0
baseline,layered,24,36,13,0.0,0.0
baseline,layered,24,36,14,0.0,0.0
baseline,layered,24,36,15,0.0,0.0
baseline,layered,24,36,16,0.0,0.0
baseline,layered,24,36,17,0.0,0.0
baseline,layered,24,36,18,0.0,0.0
baseline,layered,24,36,19,0.0,0.0
baseline,layered,24,36,20,0.0,0.0
baseline,layered,24,36,21,0.0,0.0
baseline,layered,24,36,22,0.0,0.0
baseline,layered,24,36,23,0.0,0.0
baseline,layered,24,37,0,0.0,0.0
baseline,layered,24,37,1,0.0,0.0
baseline,layered,24,37,2,0.0,0.0
baseline,layered,24,37,3,0.0,0.0
baseline,layered,24,37,4,0.0,0.0
baseline,layered,24,37,5,0.0,0.0
baseline,layered,24,37,6,0.0,0.0
baseline,layered,24,37,7,0.0,0.0
baseline,layered,24,37,8,0.0,0.0
baseline,layered,24,37,9,0.0,0.0
baseline,layered,24,37,10,0.0,0.0
baseline,layered,24,37,11,0.0,0.0
baseline,layered,24,37,12,0.0,0.0
baseline,layered,24,37,13,0.0,0.0
baseline,layered,24,37,14,0.0,0.0
baseline,layered,24,37,15,0.0,0.0
baseline,layered,24,37,16,0.0,0.0
baseline,layered,24,37,17,0.0,0.0
baseline,layered,24,37,18,0.0,0.0
baseline,layered,24,37,19,0.0,0.0
baseline,layered,24,37,20,0.0,0.0
baseline,layered,24,37,21,0.0,0.0
baseline,layered,24,37,22,0.0,0.0
baseline,layered,24,37,23,0.0,0.0
baseline,layered,24,38,0,0.0,0.0
baseline,layered,24,38,1,0.0,0.0
baseline,layered,24,38,2,0.0,0.0
baseline,layered,24,38,3,0.0,0.0
baseline,layered,24,38,4,0.0,0.0
baseline,layered,24,38,5,0.0,0.0
baseline,layered,24,38,6,0.0,0.0
baseline,layered,24,38,7,0.0,0.0
baseline,layered,24,38,8,0.0,0.0
baseline,layered,24,38,9,0.0,0.0
baseline,layered,24,38,10,0.0,0.0
baseline,layered,24,38,11,0.0,0.0
baseline,layered,24,38,12,0.0,0.0
baseline,layered,24,38,13,0.0,0.0
baseline,layered,24,38,14,0.0,0.0
baseline,layered,24,38,15,0.0,0.0
baseline,layered,24,38,16,0.0,0.0
baseline,layered,24,38,17,0.0,0.0
baseline,layered,24,38,18,0.0,0.0
baseline,layered,24,38,19,0.0,0.0
baseline,layered,24,38,20,0.0,0.0
baseline,layered,24,38,21,0.0,0.0
baseline,layered,24,38,22,0.0,0.0
baseline,layered,24,38,23,0.0,0.0
baseline,layered,24,39,0,0.0,0.0
baseline,layered,24,39,1,0.0,0.0
baseline,layered,24,39,2,0.0,0.0
baseline,layered,24,39,3,0.0,0.0
baseline,layered,24,39,4,0.0,0.0
baseline,layered,24,39,5,0.0,0.0
baseline,layered,24,39,6,0.0,0.0
baseline,layered,24,39,7,0.0,0.0
baseline,layered,24,39,8,0.0,0.0
baseline,layered,24,39,9,0.0,0.0
baseline,layered,24,39,10,0.0,0.0
baseline,layered,24,39,11,0.0,0.0
baseline,layered,24,39,12,0.0,0.0
baseline,layered,24,39,13,0.0,0.0
baseline,layered,24,39,14,0.0,0.0
baseline,layered,24,39,15,0.0,0.0
baseline,layered,24,39,16,0.0,0.0
baseline,layered,24,39,17,0.0,0.0
baseline,layered,24,39,18,0.0,0.0
baseline,layered,24,39,19,0.0,0.0
baseline,layered,24,39,20,0.0,0.0
baseline,layered,24,39,21,0.0,0.0
baseline,layered,24,39,22,0.0,0.0
baseline,layered,24,39,23,0.0,0.0
baseline,layered,24,40,0,0.0,0.0
baseline,layered,24,40,1,0.0,0.0
baseline,layered,24,40,2,0.0,0.0
baseline,layered,24,40,3,0.0,0.0
baseline,layered,24,40,4,0.0,0.0
baseline,layered,24,40,5,0.0,0.0
baseline,layered,24,40,6,0.0,0.0
baseline,layered,24,40,7,0.0,0.0
baseline,layered,24,40,8,0.0,0.0
baseline,layered,24,40,9,0.0,0.0
baseline,layered,24,40,10,0.0,0.0
baseline,layered,24,40,11,0.0,0.0
baseline,layered,24,40,12,0.0,0.0
baseline,layered,24,40,13,0.0,0.0
baseline,layered,24,40,14,0.0,0.0
baseline,layered,24,40,15,0.0,0.0
baseline,layered,24,40,16,0.0,0.0
baseline,layered,24,40,17,0.0,0.0
baseline,layered,24,40,18,0.0,0.0
baseline,layered,24,40,19,0.0,0.0
baseline,layered,24,40,20,0.0,0.0
baseline,layered,24,40,21,0.0,0.0
baseline,layered,24,40,22,0.0,0.0
baseline,layered,24,40,23,0.0,0.0
baseline,layered,24,41,0,0.0,0.0
baseline,layered,24,41,1,0.0,0.0
baseline,layered,24,41,2,0.0,0.0
baseline,layered,24,41,3,0.0,0.0
baseline,layered,24,41,4,0.0,0.0
baseline,layered,24,41,5,0.0,0.0
baseline,layered,24,41,6,0.0,0.0
baseline,layered,24,41,7,0.0,0.0
baseline,layered,24,41,8,0.0,0.0
baseline,layered,24,41,9,0.0,0.0
baseline,layered,24,41,10,0.0,0.0
baseline,layered,24,41,11,0.0,0.0
baseline,layered,24,41,12,0.0,0.0
baseline,layered,24,41,13,0.0,0.0
baseline,layered,24,41,14,0.0,0.0
baseline,layered,24,41,15,0.0,0.0
baseline,layered,24,41,16,0.0,0.0
baseline,layered,24,41,17,0.0,0.0
baseline,layered,24,41,18,0.0,0.0
baseline,layered,24,41,19,0.0,0.0
baseline,layered,24,41,20,0.0,0.0
baseline,layered,24,41,21,0.0,0.0
baseline,layered,24,41,22,0.0,0.0
baseline,layered,24,41,23,0.0,0.0
baseline,layered,24,42,0,0.0,0.0
baseline,layered,24,42,1,0.0,0.0
baseline,layered,24,42,2,0.0,0.0
baseline,layered,24,42,3,0.0,0.0
baseline,layered,24,42,4,0.0,0.0
baseline,layered,24,42,5,0.0,0.0
baseline,layered,24,42,6,0.0,0.0
baseline,layered,24,42,7,0.0,0.0
baseline,layered,24,42,8,0.0,0.0
baseline,layered,24,42,9,0.0,0.0
baseline,layered,24,42,10,0.0,0.0
baseline,layered,24,42,11,0.0,0.0
baseline,layered,24,42,12,0.0,0.0
baseline,layered,24,42,13,0.0,0.0
baseline,layered,24,42,14,0.0,0.0
baseline,layered,24,42,15,0.0,0.0
baseline,layered,24,42,16,0.0,0.0
baseline,layered,24,42,17,0.0,0.0
baseline,layered,24,42,18,0.0,0.0
baseline,layered,24,42,19,0.0,0.0
baseline,layered,24,42,20,0.0,0.0
baseline,layered,24,42,21,0.0,0.0
baseline,layered,24,42,22,0.0,0.0
baseline,layered,24,42,23,0.0,0.0
baseline,layered,24,43,0,0.0,0.0
baseline,layered,24,43,1,0.0,0.0
baseline,layered,24,43,2,0.0,0.0
baseline,layered,24,43,3,0.0,0.0
baseline,layered,24,43,4,0.0,0.0
baseline,layered,24,43,5,0.0,0.0
baseline,layered,24,43,6,0.0,0.0
baseline,layered,24,43,7,0.0,0.0
baseline,layered,24,43,8,0.0,0.0
baseline,layered,24,43,9,0.0,0.0
baseline,layered,24,43,10,0.0,0.0
baseline,layered,24,43,11,0.0,0.0
baseline,layered,24,43,12,0.0,0.0
baseline,layered,24,43,13,0.0,0.0
baseline,layered,24,43,14,0.0,0.0
baseline,layered,24,43,15,0.0,0.0
baseline,layered,24,43,16,0.0,0.0
baseline,layered,24,43,17,0.0,0.0
baseline,layered,24,43,18,0.0,0.0
baseline,layered,24,43,19,0.0,0.0
baseline,layered,24,43,20,0.0,0.0
baseline,layered,24,43,21,0.0,0.0
baseline,layered,24,43,22,0.0,0.0
baseline,layered,24,43,23,0.0,0.0
baseline,layered,24,44,0,0.0,0.0
baseline,layered,24,44,1,0.0,0.0
baseline,layered,24,44,2,0.0,0.0
baseline,layered,24,44,3,0.0,0.0
baseline,layered,24,44,4,0.0,0.0
baseline,layered,24,44,5,0.0,0.0
baseline,layered,24,44,6,0.0,0.0
baseline,layered,24,44,7,0.0,0.0
baseline,layered,24,44,8,0.0,0.0
baseline,layered,24,44,9,0.0,0.0
baseline,layered,24,44,10,0.0,0.0
baseline,layered,24,44,11,0.0,0.0
baseline,layered,24,44,12,0.0,0.0
baseline,layered,24,44,13,0.0,0.0
baseline,layered,24,44,14,0.0,0.0
baseline,layered,24,44,15,0.0,0.0
baseline,layered,24,44,16,0.0,0.0
baseline,layered,24,44,17,0.0,0.0
baseline,layered,24,44,18,0.0,0.0
baseline,layered,24,44,19,0.0,0.0
baseline,layered,24,44,20,0.0,0.0
baseline,layered,24,44,21,0.0,0.0
baseline,layered,24,44,22,0.0,0.0
baseline,layered,24,44,23,0.0,0.0
baseline,layered,24,45,0,0.0,0.0
baseline,layered,24,45,1,0.0,0.0
baseline,layered,24,45,2,0.0,0.0
baseline,layered,24,45,3,0.0,0.0
baseline,layered,24,45,4,0.0,0.0
baseline,layered,24,45,5,0.0,0.0
baseline,layered,24,45,6,0.0,0.0
baseline,layered,24,45,7,0.0,0.0
baseline,layered,24,45,8,0.0,0.0
baseline,layered,24,45,9,0.0,0.0
baseline,layered,24,45,10,0.0,0.0
baseline,layered,24,45,11,0.0,0.0
baseline,layered,24,45,12,0.0,0.0
baseline,layered,24,45,13,0.0,0.0
baseline,layered,24,45,14,0.0,0.0
baseline,layered,24,45,15,0.0,0.0
baseline,layered,24,45,16,0.0,0.0
baseline,layered,24,45,17,0.0,0.0
baseline,layered,24,45,18,0.0,0.0
baseline,layered,24,45,19,0.0,0.0
baseline,layered,24,45,20,0.0,0.0
baseline,layered,24,45,21,0.0,0.0
baseline,layered,24,45,22,0.0,0.0
baseline,layered,24,45,23,0.0,0.0
baseline,layered,24,46,0,0.0,0.0
baseline,layered,24,46,1,0.0,0.0
baseline,layered,24,46,2,0.0,0.0
baseline,layered,24,46,3,0.0,0.0
baseline,layered,24,46,4,0.0,0.0
baseline,layered,24,46,5,0.0,0.0
baseline,layered,24,46,6,0.0,0.0
baseline,layered,24,46,7,0.0,0.0
baseline,layered,24,46,8,0.0,0.0
baseline,layered,24,46,9,0.0,0.0
baseline,layered,24,46,10,0.0,0.0
baseline,layered,24,46,11,0.0,0.0
baseline,layered,24,46,12,0.0,0.0
baseline,layered,24,46,13,0.0,0.0
baseline,layered,24,46,14,0.0,0.0
baseline,layered,24,46,15,0.0,0.0
baseline,layered,24,46,16,0.0,0.0
baseline,layered,24,46,17,0.0,0.0
baseline,layered,24,46,18,0.0,0.0
baseline,layered,24,46,19,0.0,0.0
baseline,layered,24,46,20,0.0,0.0
baseline,layered,24,46,21,0.0,0.0
baseline,layered,24,46,22,0.0,0.0
baseline,layered,24,46,23,0.0,0.0
baseline,layered,24,47,0,0.0,0.0
baseline,layered,24,47,1,0.0,0.0
baseline,layered,24,47,2,0.0,0.0
baseline,layered,24,47,3,0.0,0.0
baseline,layered,24,47,4,0.0,0.0
baseline,layered,24,47,5,0.0,0.0
baseline,layered,24,47,6,0.0,0.0
baseline,layered,24,47,7,0.0,0.0
baseline,layered,24,47,8,0.0,0.0
baseline,layered,24,47,9,0.0,0.0
baseline,layered,24,47,10,0.0,0.0
baseline,layered,24,47,11,0.0,0.0
baseline,layered,24,47,12,0.0,0.0
baseline,layered,24,47,13,0.0,0.0
baseline,layered,24,47,14,0.0,0.0
baseline,layered,24,47,15,0.0,0.0
baseline,layered,24,47,16,0.0,0.0
baseline,layered,24,47,17,0.0,0.0
baseline,layered,24,47,18,0.0,0.0
baseline,layered,24,47,19,0.0,0.0
baseline,layered,24,47,20,0.0,0.0
baseline,layered,24,47,21,0.0,0.0
baseline,layered,24,47,22,0.0,0.0
baseline,layered,24,47,23,0.0,0.0
baseline,layered,24,48,0,0.0,0.0
baseline,layered,24,48,1,0.0,0.0
baseline,layered,24,48,2,0.0,0.0
baseline,layered,24,48,3,0.0,0.0
baseline,layered,24,48,4,0.0,0.0
baseline,layered,24,48,5,0.0,0.0
baseline,layered,24,48,6,0.0,0.0
baseline,layered,24,48,7,0.0,0.0
baseline,layered,24,48,8,0.0,0.0
baseline,layered,24,48,9,0.0,0.0
baseline,layered,24,48,10,0.0,0.0
baseline,layered,24,48,11,0.0,0.0
baseline,layered,24,48,12,0.0,0.0
baseline,layered,24,48,13,0.0,0.0
baseline,layered,24,48,14,0.0,0.0
baseline,layered,24,48,15,0.0,0.0
baseline,layered,24,48,16,0.0,0.0
baseline,layered,24,48,17,0.0,0.0
baseline,layered,24,48,18,0.0,0.0
baseline,layered,24,48,19,0.0,0.0
baseline,layered,24,48,20,0.0,0.0
baseline,layered,24,48,21,0.0,0.0
baseline,layered,24,48,22,0.0,0.0
baseline,layered,24,48,23,0.0,0.0
baseline,layered,24,49,0,0.0,0.0
baseline,layered,24,49,1,0.0,0.0
baseline,layered,24,49,2,0.0,0.0
baseline,layered,24,49,3,0.0,0.0
baseline,layered,24,49,4,0.0,0.0
baseline,layered,24,49,5,0.0,0.0
baseline,layered,24,49,6,0.0,0.0
baseline,layered,24,49,7,0.0,0.0
baseline,layered,24,49,8,0.0,0.0
baseline,layered,24,49,9,0.0,0.0
baseline,layered,24,49,10,0.0,0.0
baseline,layered,24,49,11,0.0,0.0
baseline,layered,24,49,12,0.0,0.0
baseline,layered,24,49,13,0.0,0.0
baseline,layered,24,49,14,0.0,0.0
baseline,layered,24,49,15,0.0,0.0
baseline,layered,24,49,16,0.0,0.0
baseline,layered,24,49,17,0.0,0.0
baseline,layered,24,49,18,0.0,0.0
baseline,layered,24,49,19,0.0,0.0
baseline,layered,24,49,20,0.0,0.0
baseline,layered,24,49,21,0.0,0.0
baseline,layered,24,49,22,0.0,0.0
baseline,layered,24,49,23,0.0,0.0
baseline,layered,24,50,0,0.0,0.0
baseline,layered,24,50,1,0.0,0.0
baseline,layered,24,50,2,0.0,0.0
baseline,layered,24,50,3,0.0,0.0
baseline,layered,24,50,4,0.0,0.0
baseline,layered,24,50,5,0.0,0.0
baseline,layered,24,50,6,0.0,0.0
baseline,layered,24,50,7,0.0,0.0
baseline,layered,24,50,8,0.0,0.0
baseline,layered,24,50,9,0.0,0.0
baseline,layered,24,50,10,0.0,0.0
baseline,layered,24,50,11,0.0,0.0
baseline,layered,24,50,12,0.0,0.0
baseline,layered,24,50,13,0.0,0.0
baseline,layered,24,50,14,0.0,0.0
baseline,layered,24,50,15,0.0,0.0
baseline,layered,24,50,16,0.0,0.0
baseline,layered,24,50,17,0.0,0.0
baseline,layered,24,50,18,0.0,0.0
baseline,layered,24,50,19,0.0,0.0
baseline,layered,24,50,20,0.0,0.0
baseline,layered,24,50,21,0.0,0.0
baseline,layered,24,50,22,0.0,0.0
baseline,layered,24,50,23,0.0,0.0
baseline,layered,24,51,0,0.0,0.0
baseline,layered,24,51,1,0.0,0.0
baseline,layered,24,51,2,0.0,0.0
baseline,layered,24,51,3,0.0,0.0
baseline,layered,24,51,4,0.0,0.0
baseline,layered,24,51,5,0.0,0.0
baseline,layered,24,51,6,0.0,0.0
baseline,layered,24,51,7,0.0,0.0
baseline,layered,24,51,8,0.0,0.0
baseline,layered,24,51,9,0.0,0.0
baseline,layered,24,51,10,0.0,0.0
baseline,layered,24,51,11,0.0,0.0
baseline,layered,24,51,12,0.0,0.0
baseline,layered,24,51,13,0.0,0.0
baseline,layered,24,51,14,0.0,0.0
baseline,layered,24,51,15,0.0,0.0
baseline,layered,24,51,16,0.0,0.0
baseline,layered,24,51,17,0.0,0.0
baseline,layered,24,51,18,0.0,0.0
baseline,layered,24,51,19,0.0,0.0
baseline,layered,24,51,20,0.0,0.0
baseline,layered,24,51,21,0.0,0.0
baseline,layered,24,51,22,0.0,0.0
baseline,layered,24,51,23,0.0,0.0
baseline,layered,24,52,0,0.0,0.0
baseline,layered,24,52,1,0.0,0.0
baseline,layered,24,52,2,0.0,0.0
baseline,layered,24,52,3,0.0,0.0
baseline,layered,24,52,4,0.0,0.0
baseline,layered,24,52,5,0.0,0.0
baseline,layered,24,52,6,0.0,0.0
baseline,layered,24,52,7,0.0,0.0
baseline,layered,24,52,8,0.0,0.0
baseline,layered,24,52,9,0.0,0.0
baseline,layered,24,52,10,0.0,0.0
baseline,layered,24,52,11,0.0,0.0
baseline,layered,24,52,12,0.0,0.0
baseline,layered,24,52,13,0.0,0.0
baseline,layered,24,52,14,0.0,0.0
baseline,layered,24,52,15,0.0,0.0
baseline,layered,24,52,16,0.0,0.0
baseline,layered,24,52,17,0.0,0.0
baseline,layered,24,52,18,0.0,0.0
baseline,layered,24,52,19,0.0,0.0
baseline,layered,24,52,20,0.0,0.0
baseline,layered,24,52,21,0.0,0.0
baseline,layered,24,52,22,0.0,0.0
baseline,layered,24,52,23,0.0,0.0
baseline,layered,24,53,0,0.0,0.0
baseline,layered,24,53,1,0.0,0.0
baseline,layered,24,53,2,0.0,0.0
baseline,layered,24,53,3,0.0,0.0
baseline,layered,24,53,4,0.0,0.0
baseline,layered,24,53,5,0.0,0.0
baseline,layered,24,53,6,0.0,0.0
baseline,layered,24,53,7,0.0,0.0
baseline,layered,24,53,8,0.0,0.0
baseline,layered,24,53,9,0.0,0.0
baseline,layered,24,53,10,0.0,0.0
baseline,layered,24,53,11,0.0,0.0
baseline,layered,24,53,12,0.0,0.0
baseline,layered,24,53,13,0.0,0.0
baseline,layered,24,53,14,0.0,0.0
baseline,layered,24,53,15,0.0,0.0
baseline,layered,24,53,16,0.0,0.0
baseline,layered,24,53,17,0.0,0.0
baseline,layered,24,53,18,0.0,0.0
baseline,layered,24,53,19,0.0,0.0
baseline,layered,24,53,20,0.0,0.0
baseline,layered,24,53,21,0.0,0.0
baseline,layered,24,53,22,0.0,0.0
baseline,layered,24,53,23,0.0,0.0
baseline,layered,24,54,0,0.0,0.0
baseline,layered,24,54,1,0.0,0.0
baseline,layered,24,54,2,0.0,0.0
baseline,layered,24,54,3,0.0,0.0
baseline,layered,24,54,4,0.0,0.0
baseline,layered,24,54,5,0.0,0.0
baseline,layered,24,54,6,0.0,0.0
baseline,layered,24,54,7,0.0,0.0
baseline,layered,24,54,8,0.0,0.0
baseline,layered,24,54,9,0.0,0.0
baseline,layered,24,54,10,0.0,0.0
baseline,layered,24,54,11,0.0,0.0
baseline,layered,24,54,12,0.0,0.0
baseline,layered,24,54,13,0.0,0.0
baseline,layered,24,54,14,0.0,0.0
baseline,layered,24,54,15,0.0,0.0
baseline,layered,24,54,16,0.0,0.0
baseline,layered,24,54,17,0.0,0.0
baseline,layered,24,54,18,0.0,0.0
baseline,layered,24,54,19,0.0,0.0
baseline,layered,24,54,20,0.0,0.0
baseline,layered,24,54,21,0.0,0.0
baseline,layered,24,54,22,0.0,0.0
baseline,layered,24,54,23,0.0,0.0
baseline,layered,24,55,0,0.0,0.0
baseline,layered,24,55,1,0.0,0.0
baseline,layered,24,55,2,0.0,0.0
baseline,layered,24,55,3,0.0,0.0
baseline,layered,24,55,4,0.0,0.0
baseline,layered,24,55,5,0.0,0.0
baseline,layered,24,55,6,0.0,0.0
baseline,layered,24,55,7,0.0,0.0
baseline,layered,24,55,8,0.0,0.0
baseline,layered,24,55,9,0.0,0.0
baseline,layered,24,55,10,0.0,0.0
baseline,layered,24,55,11,0.0,0.0
baseline,layered,24,55,12,0.0,0.0
baseline,layered,24,55,13,0.0,0.0
baseline,layered,24,55,14,0.0,0.0
baseline,layered,24,55,15,0.0,0.0
baseline,layered,24,55,16,0.0,0.0
baseline,layered,24,55,17,0.0,0.0
baseline,layered,24,55,18,0.0,0.0
baseline,layered,24,55,19,0.0,0.0
baseline,layered,24,55,20,0.0,0.0
baseline,layered,24,55,21,0.0,0.0
baseline,layered,24,55,22,0.0,0.0
baseline,layered,24,55,23,0.0,0.0
baseline,layered,24,56,0,0.0,0.0
baseline,layered,24,56,1,0.0,0.0
baseline,layered,24,56,2,0.0,0.0
baseline,layered,24,56,3,0.0,0.0
baseline,layered,24,56,4,0.0,0.0
baseline,layered,24,56,5,0.0,0.0
baseline,layered,24,56,6,0.0,0.0
baseline,layered,24,56,7,0.0,0.0
baseline,layered,24,56,8,0.0,0.0
baseline,layered,24,56,9,0.0,0.0
baseline,layered,24,56,10,0.0,0.0
baseline,layered,24,56,11,0.0,0.0
baseline,layered,24,56,12,0.0,0.0
baseline,layered,24,56,13,0.0,0.0
baseline,layered,24,56,14,0.0,0.0
baseline,layered,24,56,15,0.0,0.0
baseline,layered,24,56,16,0.0,0.0
baseline,layered,24,56,17,0.0,0.0
baseline,layered,24,56,18,0.0,0.0
baseline,layered,24,56,19,0.0,0.0
baseline,layered,24,56,20,0.0,0.0
baseline,layered,24,56,21,0.0,0.0
baseline,layered,24,56,22,0.0,0.0
baseline,layered,24,56,23,0.0,0.0
baseline,layered,24,57,0,0.0,0.0
baseline,layered,24,57,1,0.0,0.0
baseline,layered,24,57,2,0.0,0.0
baseline,layered,24,57,3,0.0,0.0
baseline,layered,24,57,4,0.0,0.0
baseline,layered,24,57,5,0.0,0.0
baseline,layered,24,57,6,0.0,0.0
baseline,layered,24,57,7,0.0,0.0
baseline,layered,24,57,8,0.0,0.0
baseline,layered,24,57,9,0.0,0.0
baseline,layered,24,57,10,0.0,0.0
baseline,layered,24,57,11,0.0,0.0
baseline,layered,24,57,12,0.0,0.0
baseline,layered,24,57,13,0.0,0.0
baseline,layered,24,57,14,0.0,0.0
baseline,layered,24,57,15,0.0,0.0
baseline,layered,24,57,16,0.0,0.0
baseline,layered,24,57,17,0.0,0.0
baseline,layered,24,57,18,0.0,0.0
baseline,layered,24,57,19,0.0,0.0
baseline,layered,24,57,20,0.0,0.0
baseline,layered,24,57,21,0.0,0.0
baseline,layered,24,57,22,0.0,0.0
baseline,layered,24,57,23,0.0,0.0
baseline,layered,24,58,0,0.0,0.0
baseline,layered,24,58,1,0.0,0.0
baseline,layered,24,58,2,0.0,0.0
baseline,layered,24,58,3,0.0,0.0
baseline,layered,24,58,4,0.0,0.0
baseline,layered,24,58,5,0.0,0.0
baseline,layered,24,58,6,0.0,0.0
baseline,layered,24,58,7,0.0,0.0
baseline,layered,24,58,8,0.0,0.0
baseline,layered,24,58,9,0.0,0.0
baseline,layered,24,58,10,0.0,0.0
baseline,layered,24,58,11,0.0,0.0
baseline,layered,24,58,12,0.0,0.0
baseline,layered,24,58,13,0.0,0.0
baseline,layered,24,58,14,0.0,0.0
baseline,layered,24,58,15,0.0,0.0
baseline,layered,24,58,16,0.0,0.0
baseline,layered,24,58,17,0.0,0.0
baseline,layered,24,58,18,0.0,0.0
baseline,layered,24,58,19,0.0,0.0
baseline,layered,24,58,20,0.0,0.0
baseline,layered,24,58,21,0.0,0.0
baseline,layered,24,58,22,0.0,0.0
baseline,layered,24,58,23,0.0,0.0
baseline,layered,24,59,0,0.0,0.0
baseline,layered,24,59,1,0.0,0.0
baseline,layered,24,59,2,0.0,0.0
baseline,layered,24,59,3,0.0,0.0
baseline,layered,24,59,4,0.0,0.0
baseline,layered,24,59,5,0.0,0.0
baseline,layered,24,59,6,0.0,0.0
baseline,layered,24,59,7,0.0,0.0
baseline,layered,24,59,8,0.0,0.0
baseline,layered,24,59,9,0.0,0.0
baseline,layered,24,59,10,0.0,0.0
baseline,layered,24,59,11,0.0,0.0
baseline,layered,24,59,12,0.0,0.0
baseline,layered,24,59,13,0.0,0.0
baseline,layered,24,59,14,0.0,0.0
baseline,layered,24,59,15,0.0,0.0
baseline,layered,24,59,16,0.0,0.0
baseline,layered,24,59,17,0.0,0.0
baseline,layered,24,59,18,0.0,0.0
baseline,layered,24,59,19,0.0,0.0
baseline,layered,24,59,20,0.0,0.0
baseline,layered,24,59,21,0.0,0.0
baseline,layered,24,59,22,0.0,0.0
baseline,layered,24,59,23,0.0,0.0
baseline,layered,24,60,0,0.0,0.0
baseline,layered,24,60,1,0.0,0.0
baseline,layered,24,60,2,0.0,0.0
baseline,layered,24,60,3,0.0,0.0
baseline,layered,24,60,4,0.0,0.0
baseline,layered,24,60,5,0.0,0.0
baseline,layered,24,60,6,0.0,0.0
baseline,layered,24,60,7,0.0,0.0
baseline,layered,24,60,8,0.0,0.0
baseline,layered,24,60,9,0.0,0.0
baseline,layered,24,60,10,0.0,0.0
baseline,layered,24,60,11,0.0,0.0
baseline,layered,24,60,12,0.0,0.0
baseline,layered,24,60,13,0.0,0.0
baseline,layered,24,60,14,0.0,0.0
baseline,layered,24,60,15,0.0,0.0
baseline,layered,24,60,16,0.0,0.0
baseline,layered,24,60,17,0.0,0.0
baseline,layered,24,60,18,0.0,0.0
baseline,layered,24,60,19,0.0,0.0
baseline,layered,24,60,20,0.0,0.0
baseline,layered,24,60,21,0.0,0.0
baseline,layered,24,60,22,0.0,0.0
baseline,layered,24,60,23,0.0,0.0
baseline,layered,24,61,0,0.0,0.0
baseline,layered,24,61,1,0.0,0.0
baseline,layered,24,61,2,0.0,0.0
baseline,layered,24,61,3,0.0,0.0
baseline,layered,24,61,4,0.0,0.0
baseline,layered,24,61,5,0.0,0.0
baseline,layered,24,61,6,0.0,0.0
baseline,layered,24,61,7,0.0,0.0
baseline,layered,24,61,8,0.0,0.0
baseline,layered,24,61,9,0.0,0.0
baseline,layered,24,61,10,0.0,0.0
baseline,layered,24,61,11,0.0,0.0
baseline,layered,24,61,12,0.0,0.0
baseline,layered,24,61,13,0.0,0.0
baseline,layered,24,61,14,0.0,0.0
baseline,layered,24,61,15,0.0,0.0
baseline,layered,24,61,16,0.0,0.0
baseline,layered,24,61,17,0.0,0.0
baseline,layered,24,61,18,0.0,0.0
baseline,layered,24,61,19,0.0,0.0
baseline,layered,24,61,20,0.0,0.0
baseline,layered,24,61,21,0.0,0.0
baseline,layered,24,61,22,0.0,0.0
baseline,layered,24,61,23,0.0,0.0
baseline,layered,24,62,0,0.0,0.0
baseline,layered,24,62,1,0.0,0.0
baseline,layered,24,62,2,0.0,0.0
baseline,layered,24,62,3,0.0,0.0
baseline,layered,24,62,4,0.0,0.0
baseline,layered,24,62,5,0.0,0.0
baseline,layered,24,62,6,0.0,0.0
baseline,layered,24,62,7,0.0,0.0
baseline,layered,24,62,8,0.0,0.0
baseline,layered,24,62,9,0.0,0.0
baseline,layered,24,62,10,0.0,0.0
baseline,layered,24,62,11,0.0,0.0
baseline,layered,24,62,12,0.0,0.0
baseline,layered,24,62,13,0.0,0.0
baseline,layered,24,62,14,0.0,0.0
baseline,layered,24,62,15,0.0,0.0
baseline,layered,24,62,16,0.0,0.0
baseline,layered,24,62,17,0.0,0.0
baseline,layered,24,62,18,0.0,0.0
baseline,layered,24,62,19,0.0,0.0
baseline,layered,24,62,20,0.0,0.0
baseline,layered,24,62,21,0.0,0.0
baseline,layered,24,62,22,0.0,0.0
baseline,layered,24,62,23,0.0,0.0
baseline,layered,24,63,0,0.0,0.0
baseline,layered,24,63,1,0.0,0.0
baseline,layered,24,63,2,0.0,0.0
baseline,layered,24,63,3,0.0,0.0
baseline,layered,24,63,4,0.0,0.0
baseline,layered,24,63,5,0.0,0.0
baseline,layered,24,63,6,0.0,0.0
baseline,layered,24,63,7,0.0,0.0
baseline,layered,24,63,8,0.0,0.0
baseline,layered,24,63,9,0.0,0.0
baseline,layered,24,63,10,0.0,0.0
baseline,layered,24,63,11,0.0,0.0
baseline,layered,24,63,12,0.0,0.0
baseline,layered,24,63,13,0.0,0.0
baseline,layered,24,63,14,0.0,0.0
baseline,layered,24,63,15,0.0,0.0
baseline,layered,24,63,16,0.0,0.0
baseline,layered,24,63,17,0.0,0.0
baseline,layered,24,63,18,0.0,0.0
baseline,layered,24,63,19,0.0,0.0
baseline,layered,24,63,20,0.0,0.0
baseline,layered,24,63,21,0.0,0.0
baseline,layered,24,63,22,0.0,0.0
baseline,layered,24,63,23,0.0,0.0
baseline,layered,24,64,0,0.0,0.0
baseline,layered,24,64,1,0.0,0.0
baseline,layered,24,64,2,0.0,0.0
baseline,layered,24,64,3,0.0,0.0
baseline,layered,24,64,4,0.0,0.0
baseline,layered,24,64,5,0.0,0.0
baseline,layered,24,64,6,0.0,0.0
baseline,layered,24,64,7,0.0,0.0
baseline,layered,24,64,8,0.0,0.0
baseline,layered,24,64,9,0.0,0.0
baseline,layered,24,64,10,0.0,0.0
baseline,layered,24,64,11,0.0,0.0
baseline,layered,24,64,12,0.0,0.0
baseline,layered,24,64,13,0.0,0.0
baseline,layered,24,64,14,0.0,0.0
baseline,layered,24,64,15,0.0,0.0
baseline,layered,24,64,16,0.0,0.0
baseline,layered,24,64,17,0.0,0.0
baseline,layered,24,64,18,0.0,0.0
baseline,layered,24,64,19,0.0,0.0
baseline,layered,24,64,20,0.0,0.0
baseline,layered,24,64,21,0.0,0.0
baseline,layered,24,64,22,0.0,0.0
baseline,layered,24,64,23,0.0,0.0
baseline,layered,24,65,0,0.0,0.0
baseline,layered,24,65,1,0.0,0.0
baseline,layered,24,65,2,0.0,0.0
baseline,layered,24,65,3,0.0,0.0
baseline,layered,24,65,4,0.0,0.0
baseline,layered,24,65,5,0.0,0.0
baseline,layered,24,65,6,0.0,0.0
baseline,layered,24,65,7,0.0,0.0
baseline,layered,24,65,8,0.0,0.0
baseline,layered,24,65,9,0.0,0.0
baseline,layered,24,65,10,0.0,0.0
baseline,layered,24,65,11,0.0,0.0
baseline,layered,24,65,12,0.0,0.0
baseline,layered,24,65,13,0.0,0.0
baseline,layered,24,65,14,0.0,0.0
baseline,layered,24,65,15,0.0,0.0
baseline,layered,24,65,16,0.0,0.0
baseline,layered,24,65,17,0.0,0.0
baseline,layered,24,65,18,0.0,0.0
baseline,layered,24,65,19,0.0,0.0
baseline,layered,24,65,20,0.0,0.0
baseline,layered,24,65,21,0.0,0.0
baseline,layered,24,65,22,0.0,0.0
baseline,layered,24,65,23,0.0,0.0
baseline,layered,24,66,0,0.0,0.0
baseline,layered,24,66,1,0.0,0.0
baseline,layered,24,66,2,0.0,0.0
baseline,layered,24,66,3,0.0,0.0
baseline,layered,24,66,4,0.0,0.0
baseline,layered,24,66,5,0.0,0.0
baseline,layered,24,66,6,0.0,0.0
baseline,layered,24,66,7,0.0,0.0
baseline,layered,24,66,8,0.0,0.0
baseline,layered,24,66,9,0.0,0.0
baseline,layered,24,66,10,0.0,0.0
baseline,layered,24,66,11,0.0,0.0
baseline,layered,24,66,12,0.0,0.0
baseline,layered,24,66,13,0.0,0.0
baseline,layered,24,66,14,0.0,0.0
baseline,layered,24,66,15,0.0,0.0
baseline,layered,24,66,16,0.0,0.0
baseline,layered,24,66,17,0.0,0.0
baseline,layered,24,66,18,0.0,0.0
baseline,layered,24,66,19,0.0,0.0
baseline,layered,24,66,20,0.0,0.0
baseline,layered,24,66,21,0.0,0.0
baseline,layered,24,66,22,0.0,0.0
baseline,layered,24,66,23,0.0,0.0
baseline,layered,24,67,0,0.0,0.0
baseline,layered,24,67,1,0.0,0.0
baseline,layered,24,67,2,0.0,0.0
baseline,layered,24,67,3,0.0,0.0
baseline,layered,24,67,4,0.0,0.0
baseline,layered,24,67,5,0.0,0.0
baseline,layered,24,67,6,0.0,0.0
baseline,layered,24,67,7,0.0,0.0
baseline,layered,24,67,8,0.0,0.0
baseline,layered,24,67,9,0.0,0.0
baseline,layered,24,67,10,0.0,0.0
baseline,layered,24,67,11,0.0,0.0
baseline,layered,24,67,12,0.0,0.0
baseline,layered,24,67,13,0.0,0.0
baseline,layered,24,67,14,0.0,0.0
baseline,layered,24,67,15,0.0,0.0
baseline,layered,24,67,16,0.0,0.0
baseline,layered,24,67,17,0.0,0.0
baseline,layered,24,67,18,0.0,0.0
baseline,layered,24,67,19,0.0,0.0
baseline,layered,24,67,20,0.0,0.0
baseline,layered,24,67,21,0.0,0.0
baseline,layered,24,67,22,0.0,0.0
baseline,layered,24,67,23,0.0,0.0
baseline,layered,24,68,0,0.0,0.0
baseline,layered,24,68,1,0.0,0.0
baseline,layered,24,68,2,0.0,0.0
baseline,layered,24,68,3,0.0,0.0
baseline,layered,24,68,4,0.0,0.0
baseline,layered,24,68,5,0.0,0.0
baseline,layered,24,68,6,0.0,0.0
baseline,layered,24,68,7,0.0,0.0
baseline,layered,24,68,8,0.0,0.0
baseline,layered,24,68,9,0.0,0.0
baseline,layered,24,68,10,0.0,0.0
baseline,layered,24,68,11,0.0,0.0
baseline,layered,24,68,12,0.0,0.0
baseline,layered,24,68,13,0.0,0.0
baseline,layered,24,68,14,0.0,0.0
baseline,layered,24,68,15,0.0,0.0
baseline,layered,24,68,16,0.0,0.0
baseline,layered,24,68,17,0.0,0.0
baseline,layered,24,68,18,0.0,0.0
baseline,layered,24,68,19,0.0,0.0
baseline,layered,24,68,20,0.0,0.0
baseline,layered,24,68,21,0.0,0.0
baseline,layered,24,68,22,0.0,0.0
baseline,layered,24,68,23,0.0,0.0
baseline,layered,24,69,0,0.0,0.0
baseline,layered,24,69,1,0.0,0.0
baseline,layered,24,69,2,0.0,0.0
baseline,layered,24,69,3,0.0,0.0
baseline,layered,24,69,4,0.0,0.0
baseline,layered,24,69,5,0.0,0.0
baseline,layered,24,69,6,0.0,0.0
baseline,layered,24,69,7,0.0,0.0
baseline,layered,24,69,8,0.0,0.0
baseline,layered,24,69,9,0.0,0.0
baseline,layered,24,69,10,0.0,0.0
baseline,layered,24,69,11,0.0,0.0
baseline,layered,24,69,12,0.0,0.0
baseline,layered,24,69,13,0.0,0.0
baseline,layered,24,69,14,0.0,0.0
baseline,layered,24,69,15,0.0,0.0
baseline,layered,24,69,16,0.0,0.0
baseline,layered,24,69,17,0.0,0.0
baseline,layered,24,69,18,0.0,0.0
baseline,layered,24,69,19,0.0,0.0
baseline,layered,24,69,20,0.0,0.0
baseline,layered,24,69,21,0.0,0.0
baseline,layered,24,69,22,0.0,0.0
baseline,layered,24,69,23,0.0,0.0
baseline,layered,24,70,0,0.0,0.0
baseline,layered,24,70,1,0.0,0.0
baseline,layered,24,70,2,0.0,0.0
baseline,layered,24,70,3,0.0,0.0
baseline,layered,24,70,4,0.0,0.0
baseline,layered,24,70,5,0.0,0.0
baseline,layered,24,70,6,0.0,0.0
baseline,layered,24,70,7,0.0,0.0
baseline,layered,24,70,8,0.0,0.0
baseline,layered,24,70,9,0.0,0.0
baseline,layered,24,70,10,0.0,0.0
baseline,layered,24,70,11,0.0,0.0
baseline,layered,24,70,12,0.0,0.0
baseline,layered,24,70,13,0.0,0.0
baseline,layered,24,70,14,0.0,0.0
baseline,layered,24,70,15,0.0,0.0
baseline,layered,24,70,16,0.0,0.0
baseline,layered,24,70,17,0.0,0.0
baseline,layered,24,70,18,0.0,0.0
baseline,layered,24,70,19,0.0,0.0
baseline,layered,24,70,20,0.0,0.0
baseline,layered,24,70,21,0.0,0.0
baseline,layered,24,70,22,0.0,0.0
baseline,layered,24,70,23,0.0,0.0
baseline,layered,24,71,0,0.0,0.0
baseline,layered,24,71,1,0.0,0.0
baseline,layered,24,71,2,0.0,0.0
baseline,layered,24,71,3,0.0,0.0
baseline,layered,24,71,4,0.0,0.0
baseline,layered,24,71,5,0.0,0.0
baseline,layered,24,71,6,0.0,0.0
baseline,layered,24,71,7,0.0,0.0
baseline,layered,24,71,8,0.0,0.0
baseline,layered,24,71,9,0.0,0.0
baseline,layered,24,71,10,0.0,0.0
baseline,layered,24,71,11,0.0,0.0
baseline,layered,24,71,12,0.0,0.0
baseline,layered,24,71,13,0.0,0.0
baseline,layered,24,71,14,0.0,0.0
baseline,layered,24,71,15,0.0,0.0
baseline,layered,24,71,16,0.0,0.0
baseline,layered,24,71,17,0.0,0.0
baseline,layered,24,71,18,0.0,0.0
baseline,layered,24,71,19,0.0,0.0
baseline,layered,24,71,20,0.0,0.0
baseline,layered,24,71,21,0.0,0.0
baseline,layered,24,71,22,0.0,0.0
baseline,layered,24,71,23,0.0,0.0
baseline,layered,24,72,0,0.0,0.0
baseline,layered,24,72,1,0.0,0.0
baseline,layered,24,72,2,0.0,0.0
baseline,layered,24,72,3,0.0,0.0
baseline,layered,24,72,4,0.0,0.0
baseline,layered,24,72,5,0.0,0.0
baseline,layered,24,72,6,0.0,0.0
baseline,layered,24,72,7,0.0,0.0
baseline,layered,24,72,8,0.0,0.0
baseline,layered,24,72,9,0.0,0.0
baseline,layered,24,72,10,0.0,0.0
baseline,layered,24,72,11,0.0,0.0
baseline,layered,24,72,12,0.0,0.0
baseline,layered,24,72,13,0.0,0.0
baseline,layered,24,72,14,0.0,0.0
baseline,layered,24,72,15,0.0,0.0
baseline,layered,24,72,16,0.0,0.0
baseline,layered,24,72,17,0.0,0.0
baseline,layered,24,72,18,0.0,0.0
baseline,layered,24,72,19,0.0,0.0
baseline,layered,24,72,20,0.0,0.0
baseline,layered,24,72,21,0.0,0.0
baseline,layered,24,72,22,0.0,0.0
baseline,layered,24,72,23,0.0,0.0
baseline,layered,24,73,0,0.0,0.0
baseline,layered,24,73,1,0.0,0.0
baseline,layered,24,73,2,0.0,0.0
baseline,layered,24,73,3,0.0,0.0
baseline,layered,24,73,4,0.0,0.0
baseline,layered,24,73,5,0.0,0.0
baseline,layered,24,73,6,0.0,0.0
baseline,layered,24,73,7,0.0,0.0
baseline,layered,24,73,8,0.0,0.0
baseline,layered,24,73,9,0.0,0.0
baseline,layered,24,73,10,0.0,0.0
baseline,layered,24,73,11,0.0,0.0
baseline,layered,24,73,12,0.0,0.0
baseline,layered,24,73,13,0.0,0.0
baseline,layered,24,73,14,0.0,0.0
baseline,layered,24,73,15,0.0,0.0
baseline,layered,24,73,16,0.0,0.0
baseline,layered,24,73,17,0.0,0.0
baseline,layered,24,73,18,0.0,0.0
baseline,layered,24,73,19,0.0,0.0
baseline,layered,24,73,20,0.0,0.0
baseline,layered,24,73,21,0.0,0.0
baseline,layered,24,73,22,0.0,0.0
baseline,layered,24,73,23,0.0,0.0
baseline,layered,24,74,0,0.0,0.0
baseline,layered,24,74,1,0.0,0.0
baseline,layered,24,74,2,0.0,0.0
baseline,layered,24,74,3,0.0,0.0
baseline,layered,24,74,4,0.0,0.0
baseline,layered,24,74,5,0.0,0.0
baseline,layered,24,74,6,0.0,0.0
baseline,layered,24,74,7,0.0,0.0
baseline,layered,24,74,8,0.0,0.0
baseline,layered,24,74,9,0.0,0.0
baseline,layered,24,74,10,0.0,0.0
baseline,layered,24,74,11,0.0,0.0
baseline,layered,24,74,12,0.0,0.0
baseline,layered,24,74,13,0.0,0.0
baseline,layered,24,74,14,0.0,0.0
baseline,layered,24,74,15,0.0,0.0
baseline,layered,24,74,16,0.0,0.0
baseline,layered,24,74,17,0.0,0.0
baseline,layered,24,74,18,0.0,0.0
baseline,layered,24,74,19,0.0,0.0
baseline,layered,24,74,20,0.0,0.0
baseline,layered,24,74,21,0.0,0.0
baseline,layered,24,74,22,0.0,0.0
baseline,layered,24,74,23,0.0,0.0
baseline,layered,24,75,0,0.0,0.0
baseline,layered,24,75,1,0.0,0.0
baseline,layered,24,75,2,0.0,0.0
baseline,layered,24,75,3,0.0,0.0
baseline,layered,24,75,4,0.0,0.0
baseline,layered,24,75,5,0.0,0.0
baseline,layered,24,75,6,0.0,0.0
baseline,layered,24,75,7,0.0,0.0
baseline,layered,24,75,8,0.0,0.0
baseline,layered,24,75,9,0.0,0.0
baseline,layered,24,75,10,0.0,0.0
baseline,layered,24,75,11,0.0,0.0
baseline,layered,24,75,12,0.0,0.0
baseline,layered,24,75,13,0.0,0.0
baseline,layered,24,75,14,0.0,0.0
baseline,layered,24,75,15,0.0,0.0
baseline,layered,24,75,16,0.0,0.0
baseline,layered,24,75,17,0.0,0.0
baseline,layered,24,75,18,0.0,0.0
baseline,layered,24,75,19,0.0,0.0
baseline,layered,24,75,20,0.0,0.0
baseline,layered,24,75,21,0.0,0.0
baseline,layered,24,75,22,0.0,0.0
baseline,layered,24,75,23,0.0,0.0
baseline,layered,24,76,0,0.0,0.0
baseline,layered,24,76,1,0.0,0.0
baseline,layered,24,76,2,0.0,0.0
baseline,layered,24,76,3,0.0,0.0
baseline,layered,24,76,4,0.0,0.0
baseline,layered,24,76,5,0.0,0.0
baseline,layered,24,76,6,0.0,0.0
baseline,layered,24,76,7,0.0,0.0
baseline,layered,24,76,8,0.0,0.0
baseline,layered,24,76,9,0.0,0.0
baseline,layered,24,76,10,0.0,0.0
baseline,layered,24,76,11,0.0,0.0
baseline,layered,24,76,12,0.0,0.0
baseline,layered,24,76,13,0.0,0.0
baseline,layered,24,76,14,0.0,0.0
baseline,layered,24,76,15,0.0,0.0
baseline,layered,24,76,16,0.0,0.0
baseline,layered,24,76,17,0.0,0.0
baseline,layered,24,76,18,0.0,0.0
baseline,layered,24,76,19,0.0,0.0
baseline,layered,24,76,20,0.0,0.0
baseline,layered,24,76,21,0.0,0.0
baseline,layered,24,76,22,0.0,0.0
baseline,layered,24,76,23,0.0,0.0
baseline,layered,24,77,0,0.0,0.0
baseline,layered,24,77,1,0.0,0.0
baseline,layered,24,77,2,0.0,0.0
baseline,layered,24,77,3,0.0,0.0
baseline,layered,24,77,4,0.0,0.0
baseline,layered,24,77,5,0.0,0.0
baseline,layered,24,77,6,0.0,0.0
baseline,layered,24,77,7,0.0,0.0
baseline,layered,24,77,8,0.0,0.0
baseline,layered,24,77,9,0.0,0.0
baseline,layered,24,77,10,0.0,0.0
baseline,layered,24,77,11,0.0,0.0
baseline,layered,24,77,12,0.0,0.0
baseline,layered,24,77,13,0.0,0.0
baseline,layered,24,77,14,0.0,0.0
baseline,layered,24,77,15,0.0,0.0
baseline,layered,24,77,16,0.0,0.0
baseline,layered,24,77,17,0.0,0.0
baseline,layered,24,77,18,0.0,0.0
baseline,layered,24,77,19,0.0,0.0
baseline,layered,24,77,20,0.0,0.0
baseline,layered,24,77,21,0.0,0.0
baseline,layered,24,77,22,0.0,0.0
baseline,layered,24,77,23,0.0,0.0
baseline,layered,24,78,0,0.0,0.0
baseline,layered,24,78,1,0.0,0.0
baseline,layered,24,78,2,0.0,0.0
baseline,layered,24,78,3,0.0,0.0
baseline,layered,24,78,4,0.0,0.0
baseline,layered,24,78,5,0.0,0.0
baseline,layered,24,78,6,0.0,0.0
baseline,layered,24,78,7,0.0,0.0
baseline,layered,24,78,8,0.0,0.0
baseline,layered,24,78,9,0.0,0.0
baseline,layered,24,78,10,0.0,0.0
baseline,layered,24,78,11,0.0,0.0
baseline,layered,24,78,12,0.0,0.0
baseline,layered,24,78,13,0.0,0.0
baseline,layered,24,78,14,0.0,0.0
baseline,layered,24,78,15,0.0,0.0
baseline,layered,24,78,16,0.0,0.0
baseline,layered,24,78,17,0.0,0.0
baseline,layered,24,78,18,0.0,0.0
baseline,layered,24,78,19,0.0,0.0
baseline,layered,24,78,20,0.0,0.0
baseline,layered,24,78,21,0.0,0.0
baseline,layered,24,78,22,0.0,0.0
baseline,layered,24,78,23,0.0,0.0
baseline,layered,24,79,0,0.0,0.0
baseline,layered,24,79,1,0.0,0.0
baseline,layered,24,79,2,0.0,0.0
baseline,layered,24,79,3,0.0,0.0
baseline,layered,24,79,4,0.0,0.0
baseline,layered,24,79,5,0.0,0.0
baseline,layered,24,79,6,0.0,0.0
baseline,layered,24,79,7,0.0,0.0
baseline,layered,24,79,8,0.0,0.0
baseline,layered,24,79,9,0.0,0.0
baseline,layered,24,79,10,0.0,0.0
baseline,layered,24,79,11,0.0,0.0
baseline,layered,24,79,12,0.0,0.0
baseline,layered,24,79,13,0.0,0.0
baseline,layered,24,79,14,0.0,0.0
baseline,layered,24,79,15,0.0,0.0
baseline,layered,24,79,16,0.0,0.0
baseline,layered,24,79,17,0.0,0.0
baseline,layered,24,79,18,0.0,0.0
baseline,layered,24,79,19,0.0,0.0
baseline,layered,24,79,20,0.0,0.0
baseline,layered,24,79,21,0.0,0.0
baseline,layered,24,79,22,0.0,0.0
baseline,layered,24,79,23,0.0,0.0
baseline,layered,24,80,0,0.0,0.0
baseline,layered,24,80,1,0.0,0.0
baseline,layered,24,80,2,0.0,0.0
baseline,layered,24,80,3,0.0,0.0
baseline,layered,24,80,4,0.0,0.0
baseline,layered,24,80,5,0.0,0.0
baseline,layered,24,80,6,0.0,0.0
baseline,layered,24,80,7,0.0,0.0
baseline,layered,24,80,8,0.0,0.0
baseline,layered,24,80,9,0.0,0.0
baseline,layered,24,80,10,0.0,0.0
baseline,layered,24,80,11,0.0,0.0
baseline,layered,24,80,12,0.0,0.0
baseline,layered,24,80,13,0.0,0.0
baseline,layered,24,80,14,0.0,0.0
baseline,layered,24,80,15,0.0,0.0
baseline,layered,24,80,16,0.0,0.0
baseline,layered,24,80,17,0.0,0.0
baseline,layered,24,80,18,0.0,0.0
baseline,layered,24,80,19,0.0,0.0
baseline,layered,24,80,20,0.0,0.0
baseline,layered,24,80,21,0.0,0.0
baseline,layered,24,80,22,0.0,0.0
baseline,layered,24,80,23,0.0,0.0
baseline,layered,24,81,0,0.0,0.0
baseline,layered,24,81,1,0.0,0.0
baseline,layered,24,81,2,0.0,0.0
baseline,layered,24,81,3,0.0,0.0
baseline,layered,24,81,4,0.0,0.0
baseline,layered,24,81,5,0.0,0.0
baseline,layered,24,81,6,0.0,0.0
baseline,layered,24,81,7,0.0,0.0
baseline,layered,24,81,8,0.0,0.0
baseline,layered,24,81,9,0.0,0.0
baseline,layered,24,81,10,0.0,0.0
baseline,layered,24,81,11,0.0,0.0
baseline,layered,24,81,12,0.0,0.0
baseline,layered,24,81,13,0.0,0.0
baseline,layered,24,81,14,0.0,0.0
baseline,layered,24,81,15,0.0,0.0
baseline,layered,24,81,16,0.0,0.0
baseline,layered,24,81,17,0.0,0.0
baseline,layered,24,81,18,0.0,0.0
baseline,layered,24,81,19,0.0,0.0
baseline,layered,24,81,20,0.0,0.0
baseline,layered,24,81,21,0.0,0.0
baseline,layered,24,81,22,0.0,0.0
baseline,layered,24,81,23,0.0,0.0
baseline,layered,24,82,0,0.0,0.0
baseline,layered,24,82,1,0.0,0.0
baseline,layered,24,82,2,0.0,0.0
baseline,layered,24,82,3,0.0,0.0
baseline,layered,24,82,4,0.0,0.0
baseline,layered,24,82,5,0.0,0.0
baseline,layered,24,82,6,0.0,0.0
baseline,layered,24,82,7,0.0,0.0
baseline,layered,24,82,8,0.0,0.0
baseline,layered,24,82,9,0.0,0.0
baseline,layered,24,82,10,0.0,0.0
baseline,layered,24,82,11,0.0,0.0
baseline,layered,24,82,12,0.0,0.0
baseline,layered,24,82,13,0.0,0.0
baseline,layered,24,82,14,0.0,0.0
baseline,layered,24,82,15,0.0,0.0
baseline,layered,24,82,16,0.0,0.0
baseline,layered,24,82,17,0.0,0.0
baseline,layered,24,82,18,0.0,0.0
baseline,layered,24,82,19,0.0,0.0
baseline,layered,24,82,20,0.0,0.0
baseline,layered,24,82,21,0.0,0.0
baseline,layered,24,82,22,0.0,0.0
baseline,layered,24,82,23,0.0,0.0
baseline,layered,24,83,0,0.0,0.0
baseline,layered,24,83,1,0.0,0.0
baseline,layered,24,83,2,0.0,0.0
baseline,layered,24,83,3,0.0,0.0
baseline,layered,24,83,4,0.0,0.0
baseline,layered,24,83,5,0.0,0.0
baseline,layered,24,83,6,0.0,0.0
baseline,layered,24,83,7,0.0,0.0
baseline,layered,24,83,8,0.0,0.0
baseline,layered,24,83,9,0.0,0.0
baseline,layered,24,83,10,0.0,0.0
baseline,layered,24,83,11,0.0,0.0
baseline,layered,24,83,12,0.0,0.0
baseline,layered,24,83,13,0.0,0.0
baseline,layered,24,83,14,0.0,0.0
baseline,layered,24,83,15,0.0,0.0
baseline,layered,24,83,16,0.0,0.0
baseline,layered,24,83,17,0.0,0.0
baseline,layered,24,83,18,0.0,0.0
baseline,layered,24,83,19,0.0,0.0
baseline,layered,24,83,20,0.0,0.0
baseline,layered,24,83,21,0.0,0.0
baseline,layered,24,83,22,0.0,0.0
baseline,layered,24,83,23,0.0,0.0
baseline,layered,24,84,0,0.0,0.0
baseline,layered,24,84,1,0.0,0.0
baseline,layered,24,84,2,0.0,0.0
baseline,layered,24,84,3,0.0,0.0
baseline,layered,24,84,4,0.0,0.0
baseline,layered,24,84,5,0.0,0.0
baseline,layered,24,84,6,0.0,0.0
baseline,layered,24,84,7,0.0,0.0
baseline,layered,24,84,8,0.0,0.0
baseline,layered,24,84,9,0.0,0.0
baseline,layered,24,84,10,0.0,0.0
baseline,layered,24,84,11,0.0,0.0
baseline,layered,24,84,12,0.0,0.0
baseline,layered,24,84,13,0.0,0.0
baseline,layered,24,84,14,0.0,0.0
baseline,layered,24,84,15,0.0,0.0
baseline,layered,24,84,16,0.0,0.0
baseline,layered,24,84,17,0.0,0.0
baseline,layered,24,84,18,0.0,0.0
baseline,layered,24,84,19,0.0,0.0
baseline,layered,24,84,20,0.0,0.0
baseline,layered,24,84,21,0.0,0.0
baseline,layered,24,84,22,0.0,0.0
baseline,layered,24,84,23,0.0,0.0
baseline,layered,24,85,0,0.0,0.0
baseline,layered,24,85,1,0.0,0.0
baseline,layered,24,85,2,0.0,0.0
baseline,layered,24,85,3,0.0,0.0
baseline,layered,24,85,4,0.0,0.0
baseline,layered,24,85,5,0.0,0.0
baseline,layered,24,85,6,0.0,0.0
baseline,layered,24,85,7,0.0,0.0
baseline,layered,24,85,8,0.0,0.0
baseline,layered,24,85,9,0.0,0.0
baseline,layered,24,85,10,0.0,0.0
baseline,layered,24,85,11,0.0,0.0
baseline,layered,24,85,12,0.0,0.0
baseline,layered,24,85,13,0.0,0.0
baseline,layered,24,85,14,0.0,0.0
baseline,layered,24,85,15,0.0,0.0
baseline,layered,24,85,16,0.0,0.0
baseline,layered,24,85,17,0.0,0.0
baseline,layered,24,85,18,0.0,0.0
baseline,layered,24,85,19,0.0,0.0
baseline,layered,24,85,20,0.0,0.0
baseline,layered,24,85,21,0.0,0.0
baseline,layered,24,85,22,0.0,0.0
baseline,layered,24,85,23,0.0,0.0
baseline,layered,24,86,0,0.0,0.0
baseline,layered,24,86,1,0.0,0.0
baseline,layered,24,86,2,0.0,0.0
baseline,layered,24,86,3,0.0,0.0
baseline,layered,24,86,4,0.0,0.0
baseline,layered,24,86,5,0.0,0.0
baseline,layered,24,86,6,0.0,0.0
baseline,layered,24,86,7,0.0,0.0
baseline,layered,24,86,8,0.0,0.0
baseline,layered,24,86,9,0.0,0.0
baseline,layered,24,86,10,0.0,0.0
baseline,layered,24,86,11,0.0,0.0
baseline,layered,24,86,12,0.0,0.0
baseline,layered,24,86,13,0.0,0.0
baseline,layered,24,86,14,0.0,0.0
baseline,layered,24,86,15,0.0,0.0
baseline,layered,24,86,16,0.0,0.0
baseline,layered,24,86,17,0.0,0.0
baseline,layered,24,86,18,0.0,0.0
baseline,layered,24,86,19,0.0,0.0
baseline,layered,24,86,20,0.0,0.0
baseline,layered,24,86,21,0.0,0.0
baseline,layered,24,86,22,0.0,0.0
baseline,layered,24,86,23,0.0,0.0
baseline,layered,24,87,0,0.0,0.0
baseline,layered,24,87,1,0.0,0.0
baseline,layered,24,87,2,0.0,0.0
baseline,layered,24,87,3,0.0,0.0
baseline,layered,24,87,4,0.0,0.0
baseline,layered,24,87,5,0.0,0.0
baseline,layered,24,87,6,0.0,0.0
baseline,layered,24,87,7,0.0,0.0
baseline,layered,24,87,8,0.0,0.0
baseline,layered,24,87,9,0.0,0.0
baseline,layered,24,87,10,0.0,0.0
baseline,layered,24,87,11,0.0,0.0
baseline,layered,24,87,12,0.0,0.0
baseline,layered,24,87,13,0.0,0.0
baseline,layered,24,87,14,0.0,0.0
baseline,layered,24,87,15,0.0,0.0
baseline,layered,24,87,16,0.0,0.0
baseline,layered,24,87,17,0.0,0.0
baseline,layered,24,87,18,0.0,0.0
baseline,layered,24,87,19,0.0,0.0
baseline,layered,24,87,20,0.0,0.0
baseline,layered,24,87,21,0.0,0.0
baseline,layered,24,87,22,0.0,0.0
baseline,layered,24,87,23,0.0,0.0
baseline,layered,24,88,0,0.0,0.0
baseline,layered,24,88,1,0.0,0.0
baseline,layered,24,88,2,0.0,0.0
baseline,layered,24,88,3,0.0,0.0
baseline,layered,24,88,4,0.0,0.0
baseline,layered,24,88,5,0.0,0.0
baseline,layered,24,88,6,0.0,0.0
baseline,layered,24,88,7,0.0,0.0
baseline,layered,24,88,8,0.0,0.0
baseline,layered,24,88,9,0.0,0.0
baseline,layered,24,88,10,0.0,0.0
baseline,layered,24,88,11,0.0,0.0
baseline,layered,24,88,12,0.0,0.0
baseline,layered,24,88,13,0.0,0.0
baseline,layered,24,88,14,0.0,0.0
baseline,layered,24,88,15,0.0,0.0
baseline,layered,24,88,16,0.0,0.0
baseline,layered,24,88,17,0.0,0.0
baseline,layered,24,88,18,0.0,0.0
baseline,layered,24,88,19,0.0,0.0
baseline,layered,24,88,20,0.0,0.0
baseline,layered,24,88,21,0.0,0.0
baseline,layered,24,88,22,0.0,0.0
baseline,layered,24,88,23,0.0,0.0
baseline,layered,24,89,0,0.0,0.0
baseline,layered,24,89,1,0.0,0.0
baseline,layered,24,89,2,0.0,0.0
baseline,layered,24,89,3,0.0,0.0
baseline,layered,24,89,4,0.0,0.0
baseline,layered,24,89,5,0.0,0.0
baseline,layered,24,89,6,0.0,0.0
baseline,layered,24,89,7,0.0,0.0
baseline,layered,24,89,8,0.0,0.0
baseline,layered,24,89,9,0.0,0.0
baseline,layered,24,89,10,0.0,0.0
baseline,layered,24,89,11,0.0,0.0
baseline,layered,24,89,12,0.0,0.0
baseline,layered,24,89,13,0.0,0.0
baseline,layered,24,89,14,0.0,0.0
baseline,layered,24,89,15,0.0,0.0
baseline,layered,24,89,16,0.0,0.0
baseline,layered,24,89,17,0.0,0.0
baseline,layered,24,89,18,0.0,0.0
baseline,layered,24,89,19,0.0,0.0
baseline,layered,24,89,20,0.0,0.0
baseline,layered,24,89,21,0.0,0.0
baseline,layered,24,89,22,0.0,0.0
baseline,layered,24,89,23,0.0,0.0
baseline,layered,24,90,0,0.0,0.0
baseline,layered,24,90,1,0.0,0.0
baseline,layered,24,90,2,0.0,0.0
baseline,layered,24,90,3,0.0,0.0
baseline,layered,24,90,4,0.0,0.0
baseline,layered,24,90,5,0.0,0.0
baseline,layered,24,90,6,0.0,0.0
baseline,layered,24,90,7,0.0,0.0
baseline,layered,24,90,8,0.0,0.0
baseline,layered,24,90,9,0.0,0.0
baseline,layered,24,90,10,0.0,0.0
baseline,layered,24,90,11,0.0,0.0
baseline,layered,24,90,12,0.0,0.0
baseline,layered,24,90,13,0.0,0.0
baseline,layered,24,90,14,0.0,0.0
baseline,layered,24,90,15,0.0,0.0
baseline,layered,24,90,16,0.0,0.0
baseline,layered,24,90,17,0.0,0.0
baseline,layered,24,90,18,0.0,0.0
baseline,layered,24,90,19,0.0,0.0
baseline,layered,24,90,20,0.0,0.0
baseline,layered,24,90,21,0.0,0.0
baseline,layered,24,90,22,0.0,0.0
baseline,layered,24,90,23,0.0,0.0
baseline,layered,24,91,0,0.0,0.0
baseline,layered,24,91,1,0.0,0.0
baseline,layered,24,91,2,0.0,0.0
baseline,layered,24,91,3,0.0,0.0
baseline,layered,24,91,4,0.0,0.0
baseline,layered,24,91,5,0.0,0.0
baseline,layered,24,91,6,0.0,0.0
baseline,layered,24,91,7,0.0,0.0
baseline,layered,24,91,8,0.0,0.0
baseline,layered,24,91,9,0.0,0.0
baseline,layered,24,91,10,0.0,0.0
baseline,layered,24,91,11,0.0,0.0
baseline,layered,24,91,12,0.0,0.0
baseline,layered,24,91,13,0.0,0.0
baseline,layered,24,91,14,0.0,0.0
baseline,layered,24,91,15,0.0,0.0
baseline,layered,24,91,16,0.0,0.0
baseline,layered,24,91,17,0.0,0.0
baseline,layered,24,91,18,0.0,0.0
baseline,layered,24,91,19,0.0,0.0
baseline,layered,24,91,20,0.0,0.0
baseline,layered,24,91,21,0.0,0.0
baseline,layered,24,91,22,0.0,0.0
baseline,layered,24,91,23,0.0,0.0
baseline,layered,24,92,0,0.0,0.0
baseline,layered,24,92,1,0.0,0.0
baseline,layered,24,92,2,0.0,0.0
baseline,layered,24,92,3,0.0,0.0
baseline,layered,24,92,4,0.0,0.0
baseline,layered,24,92,5,0.0,0.0
baseline,layered,24,92,6,0.0,0.0
baseline,layered,24,92,7,0.0,0.0
baseline,layered,24,92,8,0.0,0.0
baseline,layered,24,92,9,0.0,0.0
baseline,layered,24,92,10,0.0,0.0
baseline,layered,24,92,11,0.0,0.0
baseline,layered,24,92,12,0.0,0.0
baseline,layered,24,92,13,0.0,0.0
baseline,layered,24,92,14,0.0,0.0
baseline,layered,24,92,15,0.0,0.0
baseline,layered,24,92,16,0.0,0.0
baseline,layered,24,92,17,0.0,0.0
baseline,layered,24,92,18,0.0,0.0
baseline,layered,24,92,19,0.0,0.0
baseline,layered,24,92,20,0.0,0.0
baseline,layered,24,92,21,0.0,0.0
baseline,layered,24,92,22,0.0,0.0
baseline,layered,24,92,23,0.0,0.0
baseline,layered,24,93,0,0.0,0.0
baseline,layered,24,93,1,0.0,0.0
baseline,layered,24,93,2,0.0,0.0
baseline,layered,24,93,3,0.0,0.0
baseline,layered,24,93,4,0.0,0.0
baseline,layered,24,93,5,0.0,0.0
baseline,layered,24,93,6,0.0,0.0
baseline,layered,24,93,7,0.0,0.0
baseline,layered,24,93,8,0.0,0.0
baseline,layered,24,93,9,0.0,0.0
baseline,layered,24,93,10,0.0,0.0
baseline,layered,24,93,11,0.0,0.0
baseline,layered,24,93,12,0.0,0.0
baseline,layered,24,93,13,0.0,0.0
baseline,layered,24,93,14,0.0,0.0
baseline,layered,24,93,15,0.0,0.0
baseline,layered,24,93,16,0.0,0.0
baseline,layered,24,93,17,0.0,0.0
baseline,layered,24,93,18,0.0,0.0
baseline,layered,24,93,19,0.0,0.0
baseline,layered,24,93,20,0.0,0.0
baseline,layered,24,93,21,0.0,0.0
baseline,layered,24,93,22,0.0,0.0
baseline,layered,24,93,23,0.0,0.0
baseline,layered,24,94,0,0.0,0.0
baseline,layered,24,94,1,0.0,0.0
baseline,layered,24,94,2,0.0,0.0
baseline,layered,24,94,3,0.0,0.0
baseline,layered,24,94,4,0.0,0.0
baseline,layered,24,94,5,0.0,0.0
baseline,layered,24,94,6,0.0,0.0
baseline,layered,24,94,7,0.0,0.0
baseline,layered,24,94,8,0.0,0.0
baseline,layered,24,94,9,0.0,0.0
baseline,layered,24,94,10,0.0,0.0
baseline,layered,24,94,11,0.0,0.0
baseline,layered,24,94,12,0.0,0.0
baseline,layered,24,94,13,0.0,0.0
baseline,layered,24,94,14,0.0,0.0
baseline,layered,24,94,15,0.0,0.0
baseline,layered,24,94,16,0.0,0.0
baseline,layered,24,94,17,0.0,0.0
baseline,layered,24,94,18,0.0,0.0
baseline,layered,24,94,19,0.0,0.0
baseline,layered,24,94,20,0.0,0.0
baseline,layered,24,94,21,0.0,0.0
baseline,layered,24,94,22,0.0,0.0
baseline,layered,24,94,23,0.0,0.0
baseline,layered,24,95,0,0.0,0.0
baseline,layered,24,95,1,0.0,0.0
baseline,layered,24,95,2,0.0,0.0
baseline,layered,24,95,3,0.0,0.0
baseline,layered,24,95,4,0.0,0.0
baseline,layered,24,95,5,0.0,0.0
baseline,layered,24,95,6,0.0,0.0
baseline,layered,24,95,7,0.0,0.0
baseline,layered,24,95,8,0.0,0.0
baseline,layered,24,95,9,0.0,0.0
baseline,layered,24,95,10,0.0,0.0
baseline,layered,24,95,11,0.0,0.0
baseline,layered,24,95,12,0.0,0.0
baseline,layered,24,95,13,0.0,0.0
baseline,layered,24,95,14,0.0,0.0
baseline,layered,24,95,15,0.0,0.0
baseline,layered,24,95,16,0.0,0.0
baseline,layered,24,95,17,0.0,0.0
baseline,layered,24,95,18,0.0,0.0
baseline,layered,24,95,19,0.0,0.0
baseline,layered,24,95,20,0.0,0.0
baseline,layered,24,95,21,0.0,0.0
baseline,layered,24,95,22,0.0,0.0
baseline,layered,24,95,23,0.0,0.0
baseline,layered,24,96,0,0.0,0.0
baseline,layered,24,96,1,0.0,0.0
baseline,layered,24,96,2,0.0,0.0
baseline,layered,24,96,3,0.0,0.0
baseline,layered,24,96,4,0.0,0.0
baseline,layered,24,96,5,0.0,0.0
baseline,layered,24,96,6,0.0,0.0
baseline,layered,24,96,7,0.0,0.0
baseline,layered,24,96,8,0.0,0.0
baseline,layered,24,96,9,0.0,0.0
baseline,layered,24,96,10,0.0,0.0
baseline,layered,24,96,11,0.0,0.0
baseline,layered,24,96,12,0.0,0.0
baseline,layered,24,96,13,0.0,0.0
baseline,layered,24,96,14,0.0,0.0
baseline,layered,24,96,15,0.0,0.0
baseline,layered,24,96,16,0.0,0.0
baseline,layered,24,96,17,0.0,0.0
baseline,layered,24,96,18,0.0,0.0
baseline,layered,24,96,19,0.0,0.0
baseline,layered,24,96,20,0.0,0.0
baseline,layered,24,96,21,0.0,0.0
baseline,layered,24,96,22,0.0,0.0
baseline,layered,24,96,23,0.0,0.0
baseline,layered,24,97,0,0.0,0.0
baseline,layered,24,97,1,0.0,0.0
baseline,layered,24,97,2,0.0,0.0
baseline,layered,24,97,3,0.0,0.0
baseline,layered,24,97,4,0.0,0.0
baseline,layered,24,97,5,0.0,0.0
baseline,layered,24,97,6,0.0,0.0
baseline,layered,24,97,7,0.0,0.0
baseline,layered,24,97,8,0.0,0.0
baseline,layered,24,97,9,0.0,0.0
baseline,layered,24,97,10,0.0,0.0
baseline,layered,24,97,11,0.0,0.0
baseline,layered,24,97,12,0.0,0.0
baseline,layered,24,97,13,0.0,0.0
baseline,layered,24,97,14,0.0,0.0
baseline,layered,24,97,15,0.0,0.0
baseline,layered,24,97,16,0.0,0.0
baseline,layered,24,97,17,0.0,0.0
baseline,layered,24,97,18,0.0,0.0
baseline,layered,24,97,19,0.0,0.0
baseline,layered,24,97,20,0.0,0.0
baseline,layered,24,97,21,0.0,0.0
baseline,layered,24,97,22,0.0,0.0
baseline,layered,24,97,23,0.0,0.0
baseline,layered,24,98,0,0.0,0.0
baseline,layered,24,98,1,0.0,0.0
baseline,layered,24,98,2,0.0,0.0
baseline,layered,24,98,3,0.0,0.0
baseline,layered,24,98,4,0.0,0.0
baseline,layered,24,98,5,0.0,0.0
baseline,layered,24,98,6,0.0,0.0
baseline,layered,24,98,7,0.0,0.0
baseline,layered,24,98,8,0.0,0.0
baseline,layered,24,98,9,0.0,0.0
baseline,layered,24,98,10,0.0,0.0
baseline,layered,24,98,11,0.0,0.0
baseline,layered,24,98,12,0.0,0.0
baseline,layered,24,98,13,0.0,0.0
baseline,layered,24,98,14,0.0,0.0
baseline,layered,24,98,15,0.0,0.0
baseline,layered,24,98,16,0.0,0.0
baseline,layered,24,98,17,0.0,0.0
baseline,layered,24,98,18,0.0,0.0
baseline,layered,24,98,19,0.0,0.0
baseline,layered,24,98,20,0.0,0.0
baseline,layered,24,98,21,0.0,0.0
baseline,layered,24,98,22,0.0,0.0
baseline,layered,24,98,23,0.0,0.0
baseline,layered,24,99,0,0.0,0.0
baseline,layered,24,99,1,0.0,0.0
baseline,layered,24,99,2,0.0,0.0
baseline,layered,24,99,3,0.0,0.0
baseline,layered,24,99,4,0.0,0.0
baseline,layered,24,99,5,0.0,0.0
baseline,layered,24,99,6,0.0,0.0
baseline,layered,24,99,7,0.0,0.0
baseline,layered,24,99,8,0.0,0.0
baseline,layered,24,99,9,0.0,0.0
baseline,layered,24,99,10,0.0,0.0
baseline,layered,24,99,11,0.0,0.0
baseline,layered,24,99,12,0.0,0.0
baseline,layered,24,99,13,0.0,0.0
baseline,layered,24,99,14,0.0,0.0
baseline,layered,24,99,15,0.0,0.0
baseline,layered,24,99,16,0.0,0.0
baseline,layered,24,99,17,0.0,0.0
baseline,layered,24,99,18,0.0,0.0
baseline,layered,24,99,19,0.0,0.0
baseline,layered,24,99,20,0.0,0.0
baseline,layered,24,99,21,0.0,0.0
baseline,layered,24,99,22,0.0,0.0
baseline,layered,24,99,23,0.0,0.0
baseline,layered,24,100,0,0.0,0.0
baseline,layered,24,100,1,0.0,0.0
baseline,layered,24,100,2,0.0,0.0
baseline,layered,24,100,3,0.0,0.0
baseline,layered,24,100,4,0.0,0.0
baseline,layered,24,100,5,0.0,0.0
baseline,layered,24,100,6,0.0,0.0
baseline,layered,24,100,7,0.0,0.0
baseline,layered,24,100,8,0.0,0.0
baseline,layered,24,100,9,0.0,0.0
baseline,layered,24,100,10,0.0,0.0
baseline,layered,24,100,11,0.0,0.0
baseline,layered,24,100,12,0.0,0.0
baseline,layered,24,100,13,0.0,0.0
baseline,layered,24,100,14,0.0,0.0
baseline,layered,24,100,15,0.0,0.0
baseline,layered,24,100,16,0.0,0.0
baseline,layered,24,100,17,0.0,0.0
baseline,layered,24,100,18,0.0,0.0
baseline,layered,24,100,19,0.0,0.0
baseline,layered,24,100,20,0.0,0.0
baseline,layered,24,100,21,0.0,0.0
baseline,layered,24,100,22,0.0,0.0
baseline,layered,24,100,23,0.0,0.0
baseline,layered,24,101,0,0.0,0.0
baseline,layered,24,101,1,0.0,0.0
baseline,layered,24,101,2,0.0,0.0
baseline,layered,24,101,3,0.0,0.0
baseline,layered,24,101,4,0.0,0.0
baseline,layered,24,101,5,0.0,0.0
baseline,layered,24,101,6,0.0,0.0
baseline,layered,24,101,7,0.0,0.0
baseline,layered,24,101,8,0.0,0.0
baseline,layered,24,101,9,0.0,0.0
baseline,layered,24,101,10,0.0,0.0
baseline,layered,24,101,11,0.0,0.0
baseline,layered,24,101,12,0.0,0.0
baseline,layered,24,101,13,0.0,0.0
baseline,layered,24,101,14,0.0,0.0
baseline,layered,24,101,15,0.0,0.0
baseline,layered,24,101,16,0.0,0.0
baseline,layered,24,101,17,0.0,0.0
baseline,layered,24,101,18,0.0,0.0
baseline,layered,24,101,19,0.0,0.0
baseline,layered,24,101,20,0.0,0.0
baseline,layered,24,101,21,0.0,0.0
baseline,layered,24,101,22,0.0,0.0
baseline,layered,24,101,23,0.0,0.0
baseline,layered,24,102,0,0.0,0.0
baseline,layered,24,102,1,0.0,0.0
baseline,layered,24,102,2,0.0,0.0
baseline,layered,24,102,3,0.0,0.0
baseline,layered,24,102,4,0.0,0.0
baseline,layered,24,102,5,0.0,0.0
baseline,layered,24,102,6,0.0,0.0
baseline,layered,24,102,7,0.0,0.0
baseline,layered,24,102,8,0.0,0.0
baseline,layered,24,102,9,0.0,0.0
baseline,layered,24,102,10,0.0,0.0
baseline,layered,24,102,11,0.0,0.0
baseline,layered,24,102,12,0.0,0.0
baseline,layered,24,102,13,0.0,0.0
baseline,layered,24,102,14,0.0,0.0
baseline,layered,24,102,15,0.0,0.0
baseline,layered,24,102,16,0.0,0.0
baseline,layered,24,102,17,0.0,0.0
baseline,layered,24,102,18,0.0,0.0
baseline,layered,24,102,19,0.0,0.0
baseline,layered,24,102,20,0.0,0.0
baseline,layered,24,102,21,0.0,0.0
baseline,layered,24,102,22,0.0,0.0
baseline,layered,24,102,23,0.0,0.0
baseline,layered,24,103,0,0.0,0.0
baseline,layered,24,103,1,0.0,0.0
baseline,layered,24,103,2,0.0,0.0
baseline,layered,24,103,3,0.0,0.0
baseline,layered,24,103,4,0.0,0.0
baseline,layered,24,103,5,0.0,0.0
baseline,layered,24,103,6,0.0,0.0
baseline,layered,24,103,7,0.0,0.0
baseline,layered,24,103,8,0.0,0.0
baseline,layered,24,103,9,0.0,0.0
baseline,layered,24,103,10,0.0,0.0
baseline,layered,24,103,11,0.0,0.0
baseline,layered,24,103,12,0.0,0.0
baseline,layered,24,103,13,0.0,0.0
baseline,layered,24,103,14,0.0,0.0
baseline,layered,24,103,15,0.0,0.0
baseline,layered,24,103,16,0.0,0.0
baseline,layered,24,103,17,0.0,0.0
baseline,layered,24,103,18,0.0,0.0
baseline,layered,24,103,19,0.0,0.0
baseline,layered,24,103,20,0.0,0.0
baseline,layered,24,103,21,0.0,0.0
baseline,layered,24,103,22,0.0,0.0
baseline,layered,24,103,23,0.0,0.0
baseline,layered,24,104,0,0.0,0.0
baseline,layered,24,104,1,0.0,0.0
baseline,layered,24,104,2,0.0,0.0
baseline,layered,24,104,3,0.0,0.0
baseline,layered,24,104,4,0.0,0.0
baseline,layered,24,104,5,0.0,0.0
baseline,layered,24,104,6,0.0,0.0
baseline,layered,24,104,7,0.0,0.0
baseline,layered,24,104,8,0.0,0.0
baseline,layered,24,104,9,0.0,0.0
baseline,layered,24,104,10,0.0,0.0
baseline,layered,24,104,11,0.0,0.0
baseline,layered,24,104,12,0.0,0.0
baseline,layered,24,104,13,0.0,0.0
baseline,layered,24,104,14,0.0,0.0
baseline,layered,24,104,15,0.0,0.0
baseline,layered,24,104,16,0.0,0.0
baseline,layered,24,104,17,0.0,0.0
baseline,layered,24,104,18,0.0,0.0
baseline,layered,24,104,19,0.0,0.0
baseline,layered,24,104,20,0.0,0.0
baseline,layered,24,104,21,0.0,0.0
baseline,layered,24,104,22,0.0,0.0
baseline,layered,24,104,23,0.0,0.0
baseline,layered,24,105,0,0.0,0.0
baseline,layered,24,105,1,0.0,0.0
baseline,layered,24,105,2,0.0,0.0
baseline,layered,24,105,3,0.0,0.0
baseline,layered,24,105,4,0.0,0.0
baseline,layered,24,105,5,0.0,0.0
baseline,layered,24,105,6,0.0,0.0
baseline,layered,24,105,7,0.0,0.0
baseline,layered,24,105,8,0.0,0.0
baseline,layered,24,105,9,0.0,0.0
baseline,layered,24,105,10,0.0,0.0
baseline,layered,24,105,11,0.0,0.0
baseline,layered,24,105,12,0.0,0.0
baseline,layered,24,105,13,0.0,0.0
baseline,layered,24,105,14,0.0,0.0
baseline,layered,24,105,15,0.0,0.0
baseline,layered,24,105,16,0.0,0.0
baseline,layered,24,105,17,0.0,0.0
baseline,layered,24,105,18,0.0,0.0
baseline,layered,24,105,19,0.0,0.0
baseline,layered,24,105,20,0.0,0.0
baseline,layered,24,105,21,0.0,0.0
baseline,layered,24,105,22,0.0,0.0
baseline,layered,24,105,23,0.0,0.0
baseline,layered,24,106,0,0.0,0.0
baseline,layered,24,106,1,0.0,0.0
baseline,layered,24,106,2,0.0,0.0
baseline,layered,24,106,3,0.0,0.0
baseline,layered,24,106,4,0.0,0.0
baseline,layered,24,106,5,0.0,0.0
baseline,layered,24,106,6,0.0,0.0
baseline,layered,24,106,7,0.0,0.0
baseline,layered,24,106,8,0.0,0.0
baseline,layered,24,106,9,0.0,0.0
baseline,layered,24,106,10,0.0,0.0
baseline,layered,24,106,11,0.0,0.0
baseline,layered,24,106,12,0.0,0.0
baseline,layered,24,106,13,0.0,0.0
baseline,layered,24,106,14,0.0,0.0
baseline,layered,24,106,15,0.0,0.0
baseline,layered,24,106,16,0.0,0.0
baseline,layered,24,106,17,0.0,0.0
baseline,layered,24,106,18,0.0,0.0
baseline,layered,24,106,19,0.0,0.0
baseline,layered,24,106,20,0.0,0.0
baseline,layered,24,106,21,0.0,0.0
baseline,layered,24,106,22,0.0,0.0
baseline,layered,24,106,23,0.0,0.0
baseline,layered,24,107,0,0.0,0.0
baseline,layered,24,107,1,0.0,0.0
baseline,layered,24,107,2,0.0,0.0
baseline,layered,24,107,3,0.0,0.0
baseline,layered,24,107,4,0.0,0.0
baseline,layered,24,107,5,0.0,0.0
baseline,layered,24,107,6,0.0,0.0
baseline,layered,24,107,7,0.0,0.0
baseline,layered,24,107,8,0.0,0.0
baseline,layered,24,107,9,0.0,0.0
baseline,layered,24,107,10,0.0,0.0
baseline,layered,24,107,11,0.0,0.0
baseline,layered,24,107,12,0.0,0.0
baseline,layered,24,107,13,0.0,0.0
baseline,layered,24,107,14,0.0,0.0
baseline,layered,24,107,15,0.0,0.0
baseline,layered,24,107,16,0.0,0.0
baseline,layered,24,107,17,0.0,0.0
baseline,layered,24,107,18,0.0,0.0
baseline,layered,24,107,19,0.0,0.0
baseline,layered,24,107,20,0.0,0.0
baseline,layered,24,107,21,0.0,0.0
baseline,layered,24,107,22,0.0,0.0
baseline,layered,24,107,23,0.0,0.0
baseline,layered,24,108,0,0.0,0.0
baseline,layered,24,108,1,0.0,0.0
baseline,layered,24,108,2,0.0,0.0
baseline,layered,24,108,3,0.0,0.0
baseline,layered,24,108,4,0.0,0.0
baseline,layered,24,108,5,0.0,0.0
baseline,layered,24,108,6,0.0,0.0
baseline,layered,24,108,7,0.0,0.0
baseline,layered,24,108,8,0.0,0.0
baseline,layered,24,108,9,0.0,0.0
baseline,layered,24,108,10,0.0,0.0
baseline,layered,24,108,11,0.0,0.0
baseline,layered,24,108,12,0.0,0.0
baseline,layered,24,108,13,0.0,0.0
baseline,layered,24,108,14,0.0,0.0
baseline,layered,24,108,15,0.0,0.0
baseline,layered,24,108,16,0.0,0.0
baseline,layered,24,108,17,0.0,0.0
baseline,layered,24,108,18,0.0,0.0
baseline,layered,24,108,19,0.0,0.0
baseline,layered,24,108,20,0.0,0.0
baseline,layered,24,108,21,0.0,0.0
baseline,layered,24,108,22,0.0,0.0
baseline,layered,24,108,23,0.0,0.0
baseline,layered,24,109,0,0.0,0.0
baseline,layered,24,109,1,0.0,0.0
baseline,layered,24,109,2,0.0,0.0
baseline,layered,24,109,3,0.0,0.0
baseline,layered,24,109,4,0.0,0.0
baseline,layered,24,109,5,0.0,0.0
baseline,layered,24,109,6,0.0,0.0
baseline,layered,24,109,7,0.0,0.0
baseline,layered,24,109,8,0.0,0.0
baseline,layered,24,109,9,0.0,0.0
baseline,layered,24,109,10,0.0,0.0
baseline,layered,24,109,11,0.0,0.0
baseline,layered,24,109,12,0.0,0.0
baseline,layered,24,109,13,0.0,0.0
baseline,layered,24,109,14,0.0,0.0
baseline,layered,24,109,15,0.0,0.0
baseline,layered,24,109,16,0.0,0.0
baseline,layered,24,109,17,0.0,0.0
baseline,layered,24,109,18,0.0,0.0
baseline,layered,24,109,19,0.0,0.0
baseline,layered,24,109,20,0.0,0.0
baseline,layered,24,109,21,0.0,0.0
baseline,layered,24,109,22,0.0,0.0
baseline,layered,24,109,23,0.0,0.0
baseline,layered,24,110,0,0.0,0.0
baseline,layered,24,110,1,0.0,0.0
baseline,layered,24,110,2,0.0,0.0
baseline,layered,24,110,3,0.0,0.0
baseline,layered,24,110,4,0.0,0.0
baseline,layered,24,110,5,0.0,0.0
baseline,layered,24,110,6,0.0,0.0
baseline,layered,24,110,7,0.0,0.0
baseline,layered,24,110,8,0.0,0.0
baseline,layered,24,110,9,0.0,0.0
baseline,layered,24,110,10,0.0,0.0
baseline,layered,24,110,11,0.0,0.0
baseline,layered,24,110,12,0.0,0.0
baseline,layered,24,110,13,0.0,0.0
baseline,layered,24,110,14,0.0,0.0
baseline,layered,24,110,15,0.0,0.0
baseline,layered,24,110,16,0.0,0.0
baseline,layered,24,110,17,0.0,0.0
baseline,layered,24,110,18,0.0,0.0
baseline,layered,24,110,19,0.0,0.0
baseline,layered,24,110,20,0.0,0.0
baseline,layered,24,110,21,0.0,0.0
baseline,layered,24,110,22,0.0,0.0
baseline,layered,24,110,23,0.0,0.0
baseline,layered,24,111,0,0.0,0.0
baseline,layered,24,111,1,0.0,0.0
baseline,layered,24,111,2,0.0,0.0
baseline,layered,24,111,3,0.0,0.0
baseline,layered,24,111,4,0.0,0.0
baseline,layered,24,111,5,0.0,0.0
baseline,layered,24,111,6,0.0,0.0
baseline,layered,24,111,7,0.0,0.0
baseline,layered,24,111,8,0.0,0.0
baseline,layered,24,111,9,0.0,0.0
baseline,layered,24,111,10,0.0,0.0
baseline,layered,24,111,11,0.0,0.0
baseline,layered,24,111,12,0.0,0.0
baseline,layered,24,111,13,0.0,0.0
baseline,layered,24,111,14,0.0,0.0
baseline,layered,24,111,15,0.0,0.0
baseline,layered,24,111,16,0.0,0.0
baseline,layered,24,111,17,0.0,0.0
baseline,layered,24,111,18,0.0,0.0
baseline,layered,24,111,19,0.0,0.0
baseline,layered,24,111,20,0.0,0.0
baseline,layered,24,111,21,0.0,0.0
baseline,layered,24,111,22,0.0,0.0
baseline,layered,24,111,23,0.0,0.0
baseline,layered,24,112,0,0.0,0.0
baseline,layered,24,112,1,0.0,0.0
baseline,layered,24,112,2,0.0,0.0
baseline,layered,24,112,3,0.0,0.0
baseline,layered,24,112,4,0.0,0.0
baseline,layered,24,112,5,0.0,0.0
baseline,layered,24,112,6,0.0,0.0
baseline,layered,24,112,7,0.0,0.0
baseline,layered,24,112,8,0.0,0.0
baseline,layered,24,112,9,0.0,0.0
baseline,layered,24,112,10,0.0,0.0
baseline,layered,24,112,11,0.0,0.0
baseline,layered,24,112,12,0.0,0.0
baseline,layered,24,112,13,0.0,0.0
baseline,layered,24,112,14,0.0,0.0
baseline,layered,24,112,15,0.0,0.0
baseline,layered,24,112,16,0.0,0.0
baseline,layered,24,112,17,0.0,0.0
baseline,layered,24,112,18,0.0,0.0
baseline,layered,24,112,19,0.0,0.0
baseline,layered,24,112,20,0.0,0.0
baseline,layered,24,112,21,0.0,0.0
baseline,layered,24,112,22,0.0,0.0
baseline,layered,24,112,23,0.0,0.0
baseline,layered,24,113,0,0.0,0.0
baseline,layered,24,113,1,0.0,0.0
baseline,layered,24,113,2,0.0,0.0
baseline,layered,24,113,3,0.0,0.0
baseline,layered,24,113,4,0.0,0.0
baseline,layered,24,113,5,0.0,0.0
baseline,layered,24,113,6,0.0,0.0
baseline,layered,24,113,7,0.0,0.0
baseline,layered,24,113,8,0.0,0.0
baseline,layered,24,113,9,0.0,0.0
baseline,layered,24,113,10,0.0,0.0
baseline,layered,24,113,11,0.0,0.0
baseline,layered,24,113,12,0.0,0.0
baseline,layered,24,113,13,0.0,0.0
baseline,layered,24,113,14,0.0,0.0
baseline,layered,24,113,15,0.0,0.0
baseline,layered,24,113,16,0.0,0.0
baseline,layered,24,113,17,0.0,0.0
baseline,layered,24,113,18,0.0,0.0
baseline,layered,24,113,19,0.0,0.0
baseline,layered,24,113,20,0.0,0.0
baseline,layered,24,113,21,0.0,0.0
baseline,layered,24,113,22,0.0,0.0
baseline,layered,24,113,23,0.0,0.0
baseline,layered,24,114,0,0.0,0.0
baseline,layered,24,114,1,0.0,0.0
baseline,layered,24,114,2,0.0,0.0
baseline,layered,24,114,3,0.0,0.0
baseline,layered,24,114,4,0.0,0.0
baseline,layered,24,114,5,0.0,0.0
baseline,layered,24,114,6,0.0,0.0
baseline,layered,24,114,7,0.0,0.0
baseline,layered,24,114,8,0.0,0.0
baseline,layered,24,114,9,0.0,0.0
baseline,layered,24,114,10,0.0,0.0
baseline,layered,24,114,11,0.0,0.0
baseline,layered,24,114,12,0.0,0.0
baseline,layered,24,114,13,0.0,0.0
baseline,layered,24,114,14,0.0,0.0
baseline,layered,24,114,15,0.0,0.0
baseline,layered,24,114,16,0.0,0.0
baseline,layered,24,114,17,0.0,0.0
baseline,layered,24,114,18,0.0,0.0
baseline,layered,24,114,19,0.0,0.0
baseline,layered,24,114,20,0.0,0.0
baseline,layered,24,114,21,0.0,0.0
baseline,layered,24,114,22,0.0,0.0
baseline,layered,24,114,23,0.0,0.0
baseline,layered,24,115,0,0.0,0.0
baseline,layered,24,115,1,0.0,0.0
baseline,layered,24,115,2,0.0,0.0
baseline,layered,24,115,3,0.0,0.0
baseline,layered,24,115,4,0.0,0.0
baseline,layered,24,115,5,0.0,0.0
baseline,layered,24,115,6,0.0,0.0
baseline,layered,24,115,7,0.0,0.0
baseline,layered,24,115,8,0.0,0.0
baseline,layered,24,115,9,0.0,0.0
baseline,layered,24,115,10,0.0,0.0
baseline,layered,24,115,11,0.0,0.0
baseline,layered,24,115,12,0.0,0.0
baseline,layered,24,115,13,0.0,0.0
baseline,layered,24,115,14,0.0,0.0
baseline,layered,24,115,15,0.0,0.0
baseline,layered,24,115,16,0.0,0.0
baseline,layered,24,115,17,0.0,0.0
baseline,layered,24,115,18,0.0,0.0
baseline,layered,24,115,19,0.0,0.0
baseline,layered,24,115,20,0.0,0.0
baseline,layered,24,115,21,0.0,0.0
baseline,layered,24,115,22,0.0,0.0
baseline,layered,24,115,23,0.0,0.0
baseline,layered,24,116,0,0.0,0.0
baseline,layered,24,116,1,0.0,0.0
baseline,layered,24,116,2,0.0,0.0
baseline,layered,24,116,3,0.0,0.0
baseline,layered,24,116,4,0.0,0.0
baseline,layered,24,116,5,0.0,0.0
baseline,layered,24,116,6,0.0,0.0
baseline,layered,24,116,7,0.0,0.0
baseline,layered,24,116,8,0.0,0.0
baseline,layered,24,116,9,0.0,0.0
baseline,layered,24,116,10,0.0,0.0
baseline,layered,24,116,11,0.0,0.0
baseline,layered,24,116,12,0.0,0.0
baseline,layered,24,116,13,0.0,0.0
baseline,layered,24,116,14,0.0,0.0
baseline,layered,24,116,15,0.0,0.0
baseline,layered,24,116,16,0.0,0.0
baseline,layered,24,116,17,0.0,0.0
baseline,layered,24,116,18,0.0,0.0
baseline,layered,24,116,19,0.0,0.0
baseline,layered,24,116,20,0.0,0.0
baseline,layered,24,116,21,0.0,0.0
baseline,layered,24,116,22,0.0,0.0
baseline,layered,24,116,23,0.0,0.0
baseline,layered,24,117,0,0.0,0.0
baseline,layered,24,117,1,0.0,0.0
baseline,layered,24,117,2,0.0,0.0
baseline,layered,24,117,3,0.0,0.0
baseline,layered,24,117,4,0.0,0.0
baseline,layered,24,117,5,0.0,0.0
baseline,layered,24,117,6,0.0,0.0
baseline,layered,24,117,7,0.0,0.0
baseline,layered,24,117,8,0.0,0.0
baseline,layered,24,117,9,0.0,0.0
baseline,layered,24,117,10,0.0,0.0
baseline,layered,24,117,11,0.0,0.0
baseline,layered,24,117,12,0.0,0.0
baseline,layered,24,117,13,0.0,0.0
baseline,layered,24,117,14,0.0,0.0
baseline,layered,24,117,15,0.0,0.0
baseline,layered,24,117,16,0.0,0.0
baseline,layered,24,117,17,0.0,0.0
baseline,layered,24,117,18,0.0,0.0
baseline,layered,24,117,19,0.0,0.0
baseline,layered,24,117,20,0.0,0.0
baseline,layered,24,117,21,0.0,0.0
baseline,layered,24,117,22,0.0,0.0
baseline,layered,24,117,23,0.0,0.0
baseline,layered,24,118,0,0.0,0.0
baseline,layered,24,118,1,0.0,0.0
baseline,layered,24,118,2,0.0,0.0
baseline,layered,24,118,3,0.0,0.0
baseline,layered,24,118,4,0.0,0.0
baseline,layered,24,118,5,0.0,0.0
baseline,layered,24,118,6,0.0,0.0
baseline,layered,24,118,7,0.0,0.0
baseline,layered,24,118,8,0.0,0.0
baseline,layered,24,118,9,0.0,0.0
baseline,layered,24,118,10,0.0,0.0
baseline,layered,24,118,11,0.0,0.0
baseline,layered,24,118,12,0.0,0.0
baseline,layered,24,118,13,0.0,0.0
baseline,layered,24,118,14,0.0,0.0
baseline,layered,24,118,15,0.0,0.0
baseline,layered,24,118,16,0.0,0.0
baseline,layered,24,118,17,0.0,0.0
baseline,layered,24,118,18,0.0,0.0
baseline,layered,24,118,19,0.0,0.0
baseline,layered,24,118,20,0.0,0.0
baseline,layered,24,118,21,0.0,0.0
baseline,layered,24,118,22,0.0,0.0
baseline,layered,24,118,23,0.0,0.0
baseline,layered,24,119,0,0.0,0.0
baseline,layered,24,119,1,0.0,0.0
baseline,layered,24,119,2,0.0,0.0
baseline,layered,24,119,3,0.0,0.0
baseline,layered,24,119,4,0.0,0.0
baseline,layered,24,119,5,0.0,0.0
baseline,layered,24,119,6,0.0,0.0
baseline,layered,24,119,7,0.0,0.0
baseline,layered,24,119,8,0.0,0.0
baseline,layered,24,119,9,0.0,0.0
baseline,layered,24,119,10,0.0,0.0
baseline,layered,24,119,11,0.0,0.0
baseline,layered,24,119,12,0.0,0.0
baseline,layered,24,119,13,0.0,0.0
baseline,layered,24,119,14,0.0,0.0
baseline,layered,24,119,15,0.0,0.0
baseline,layered,24,119,16,0.0,0.0
baseline,layered,24,119,17,0.0,0.0
baseline,layered,24,119,18,0.0,0.0
baseline,layered,24,119,19,0.0,0.0
baseline,layered,24,119,20,0.0,0.0
baseline,layered,24,119,21,0.0,0.0
baseline,layered,24,119,22,0.0,0.0
baseline,layered,24,119,23,0.0,0.0
baseline,layered,24,120,0,0.0,0.0
baseline,layered,24,120,1,0.0,0.0
baseline,layered,24,120,2,0.0,0.0
baseline,layered,24,120,3,0.0,0.0
baseline,layered,24,120,4,0.0,0.0
baseline,layered,24,120,5,0.0,0.0
baseline,layered,24,120,6,0.0,0.0
baseline,layered,24,120,7,0.0,0.0
baseline,layered,24,120,8,0.0,0.0
baseline,layered,24,120,9,0.0,0.0
baseline,layered,24,120,10,0.0,0.0
baseline,layered,24,120,11,0.0,0.0
baseline,layered,24,120,12,0.0,0.0
baseline,layered,24,120,13,0.0,0.0
baseline,layered,24,120,14,0.0,0.0
baseline,layered,24,120,15,0.0,0.0
baseline,layered,24,120,16,0.0,0.0
baseline,layered,24,120,17,0.0,0.0
baseline,layered,24,120,18,0.0,0.0
baseline,layered,24,120,19,0.0,0.0
baseline,layered,24,120,20,0.0,0.0
baseline,layered,24,120,21,0.0,0.0
baseline,layered,24,120,22,0.0,0.0
baseline,layered,24,120,23,0.0,0.0
