0 174
1 175
2 176
3 177
4 178
5 179
6 180
7 181
8 182
9 183
10 184
11 185
12 186
13 187
14 188
15 189
16 190
17 191
18 192
19 193
20 194
21 195
22 196
23 197
24 198
25 199
26 200
27 201
28 202
29 203
30 204
31 205
32 206
33 207
34 208
35 209
36 210
37 211
38 212
39 213
40 214
41 215
42 216
43 217
44 218
45 219
46 220
47 221
48 222
49 223
50 224
51 225
52 226
53 227
54 228
55 229
56 230
57 231
58 232
59 233
60 234
61 235
62 236
63 237
64 238
65 239
66 240
67 241
68 242
69 243
70 244
71 245
72 246
73 247
74 248
75 249
76 250
77 251
78 252
79 253
80 254
81 255
82 256
83 257
84 258
85 259
86 260
87 261
88 262
89 263
90 264
91 265
92 266
93 267
94 268
95 269
96 270
97 271
98 272
99 273
100 274
101 275
102 276
103 277
104 278
105 279
106 280
107 281
108 282
109 283
110 284
111 285
112 286
113 287
114 288
115 289
116 290
117 291
118 292
119 293
120 294
121 295
122 296
123 297
124 298
125 299
126 300
127 301
128 302
129 303
130 304
131 305
132 306
133 307
134 308
135 309
136 310
137 311
138 312
139 313
140 314
141 315
142 316
143 317
144 318
145 319
146 320
147 321
148 322
149 323
150 324
151 325
152 326
153 327
154 328
155 329
156 330
157 331
158 332
159 333
160 334
161 335
162 336
163 337
164 338
165 339
166 340
167 341
168 342
169 343
170 344
171 345
172 346
173 347
174 348
175 349
176 350
177 351
178 352
179 353
180 354
181 355
182 356
183 357
184 358
185 359
186 360
187 361
188 362
189 363
190 364
191 365
192 366
193 367
194 368
195 369
196 370
197 371
198 372
199 373
200 374
201 375
202 376
203 377
204 378
205 379
206 380
207 381
208 382
209 383
210 0
211 1
212 2
213 3
214 4
215 5
216 6
217 7
218 8
219 9
220 10
221 11
222 12
223 13
224 14
225 15
226 16
227 17
228 18
229 19
230 20
231 21
232 22
233 23
234 24
235 25
236 26
237 27
238 28
239 29
240 30
241 31
242 32
243 33
244 34
245 35
246 36
247 37
248 38
249 39
250 40
251 41
252 42
253 43
254 44
255 45
256 46
257 47
258 48
259 49
260 50
261 51
262 52
263 53
264 54
265 55
266 56
267 57
268 58
269 59
270 60
271 61
272 62
273 63
274 64
275 65
276 66
277 67
278 68
279 69
280 70
281 71
282 72
283 73
284 74
285 75
286 76
287 77
288 78
289 79
290 80
291 81
292 82
293 83
294 84
295 85
296 86
297 87
298 88
299 89
300 90
301 91
302 92
303 93
304 94
305 95
306 96
307 97
308 98
309 99
310 100
311 101
312 102
313 103
314 104
315 105
316 106
317 107
318 108
319 109
320 110
321 111
322 112
323 113
324 114
325 115
326 116
327 117
328 118
329 119
330 120
331 121
332 122
333 123
334 124
335 125
336 126
337 127
338 128
339 129
340 130
341 131
342 132
343 133
344 134
345 135
346 136
347 137
348 138
349 139
350 140
351 141
352 142
353 143
354 144
355 145
356 146
357 147
358 148
359 149
360 150
361 151
362 152
363 153
364 154
365 155
366 156
367 157
368 158
369 159
370 160
371 161
372 162
373 163
374 164
375 165
376 166
377 167
378 168
379 169
380 170
381 171
382 172
383 173
0 481
1 482
2 483
3 484
4 485
5 486
6 487
7 488
8 489
9 490
10 491
11 492
12 493
13 494
14 495
15 496
16 497
17 498
18 499
19 500
20 501
21 502
22 503
23 504
24 505
25 506
26 507
27 508
28 509
29 510
30 511
31 512
32 513
33 514
34 515
35 516
36 517
37 518
38 519
39 520
40 521
41 522
42 523
43 524
44 525
45 526
46 527
47 528
48 529
49 530
50 531
51 532
52 533
53 534
54 535
55 536
56 537
57 538
58 539
59 540
60 541
61 542
62 543
63 544
64 545
65 546
66 547
67 548
68 549
69 550
70 551
71 552
72 553
73 554
74 555
75 556
76 557
77 558
78 559
79 560
80 561
81 562
82 563
83 564
84 565
85 566
86 567
87 568
88 569
89 570
90 571
91 572
92 573
93 574
94 575
95 576
96 577
97 578
98 579
99 580
100 581
101 582
102 583
103 584
104 585
105 586
106 587
107 588
108 589
109 590
110 591
111 592
112 593
113 594
114 595
115 596
116 597
117 598
118 599
119 600
120 601
121 602
122 603
123 604
124 605
125 606
126 607
127 608
128 609
129 610
130 611
131 612
132 613
133 614
134 615
135 616
136 617
137 618
138 619
139 620
140 621
141 622
142 623
143 624
144 625
145 626
146 627
147 628
148 629
149 630
150 631
151 632
152 633
153 634
154 635
155 636
156 637
157 638
158 639
159 640
160 641
161 642
162 643
163 644
164 645
165 646
166 647
167 648
168 649
169 650
170 651
171 652
172 653
173 654
174 655
175 656
176 657
177 658
178 659
179 660
180 661
181 662
182 663
183 664
184 665
185 666
186 667
187 668
188 669
189 670
190 671
191 672
192 673
193 674
194 675
195 676
196 677
197 678
198 679
199 680
200 681
201 682
202 683
203 684
204 685
205 686
206 687
207 688
208 689
209 690
210 691
211 692
212 693
213 694
214 695
215 696
216 697
217 698
218 699
219 700
220 701
221 702
222 703
223 704
224 705
225 706
226 707
227 708
228 709
229 710
230 711
231 712
232 713
233 714
234 715
235 716
236 717
237 718
238 719
239 720
240 721
241 722
242 723
243 724
244 725
245 726
246 727
247 728
248 729
249 730
250 731
251 732
252 733
253 734
254 735
255 736
256 737
257 738
258 739
259 740
260 741
261 742
262 743
263 744
264 745
265 746
266 747
267 748
268 749
269 750
270 751
271 752
272 753
273 754
274 755
275 756
276 757
277 758
278 759
279 760
280 761
281 762
282 763
283 764
284 765
285 766
286 767
287 384
288 385
289 386
290 387
291 388
292 389
293 390
294 391
295 392
296 393
297 394
298 395
299 396
300 397
301 398
302 399
303 400
304 401
305 402
306 403
307 404
308 405
309 406
310 407
311 408
312 409
313 410
314 411
315 412
316 413
317 414
318 415
319 416
320 417
321 418
322 419
323 420
324 421
325 422
326 423
327 424
328 425
329 426
330 427
331 428
332 429
333 430
334 431
335 432
336 433
337 434
338 435
339 436
340 437
341 438
342 439
343 440
344 441
345 442
346 443
347 444
348 445
349 446
350 447
351 448
352 449
353 450
354 451
355 452
356 453
357 454
358 455
359 456
360 457
361 458
362 459
363 460
364 461
365 462
366 463
367 464
368 465
369 466
370 467
371 468
372 469
373 470
374 471
375 472
376 473
377 474
378 475
379 476
380 477
381 478
382 479
383 480
0 934
1 935
2 936
3 937
4 938
5 939
6 940
7 941
8 942
9 943
10 944
11 945
12 946
13 947
14 948
15 949
16 950
17 951
18 952
19 953
20 954
21 955
22 956
23 957
24 958
25 959
26 960
27 961
28 962
29 963
30 964
31 965
32 966
33 967
34 968
35 969
36 970
37 971
38 972
39 973
40 974
41 975
42 976
43 977
44 978
45 979
46 980
47 981
48 982
49 983
50 984
51 985
52 986
53 987
54 988
55 989
56 990
57 991
58 992
59 993
60 994
61 995
62 996
63 997
64 998
65 999
66 1000
67 1001
68 1002
69 1003
70 1004
71 1005
72 1006
73 1007
74 1008
75 1009
76 1010
77 1011
78 1012
79 1013
80 1014
81 1015
82 1016
83 1017
84 1018
85 1019
86 1020
87 1021
88 1022
89 1023
90 1024
91 1025
92 1026
93 1027
94 1028
95 1029
96 1030
97 1031
98 1032
99 1033
100 1034
101 1035
102 1036
103 1037
104 1038
105 1039
106 1040
107 1041
108 1042
109 1043
110 1044
111 1045
112 1046
113 1047
114 1048
115 1049
116 1050
117 1051
118 1052
119 1053
120 1054
121 1055
122 1056
123 1057
124 1058
125 1059
126 1060
127 1061
128 1062
129 1063
130 1064
131 1065
132 1066
133 1067
134 1068
135 1069
136 1070
137 1071
138 1072
139 1073
140 1074
141 1075
142 1076
143 1077
144 1078
145 1079
146 1080
147 1081
148 1082
149 1083
150 1084
151 1085
152 1086
153 1087
154 1088
155 1089
156 1090
157 1091
158 1092
159 1093
160 1094
161 1095
162 1096
163 1097
164 1098
165 1099
166 1100
167 1101
168 1102
169 1103
170 1104
171 1105
172 1106
173 1107
174 1108
175 1109
176 1110
177 1111
178 1112
179 1113
180 1114
181 1115
182 1116
183 1117
184 1118
185 1119
186 1120
187 1121
188 1122
189 1123
190 1124
191 1125
192 1126
193 1127
194 1128
195 1129
196 1130
197 1131
198 1132
199 1133
200 1134
201 1135
202 1136
203 1137
204 1138
205 1139
206 1140
207 1141
208 1142
209 1143
210 1144
211 1145
212 1146
213 1147
214 1148
215 1149
216 1150
217 1151
218 768
219 769
220 770
221 771
222 772
223 773
224 774
225 775
226 776
227 777
228 778
229 779
230 780
231 781
232 782
233 783
234 784
235 785
236 786
237 787
238 788
239 789
240 790
241 791
242 792
243 793
244 794
245 795
246 796
247 797
248 798
249 799
250 800
251 801
252 802
253 803
254 804
255 805
256 806
257 807
258 808
259 809
260 810
261 811
262 812
263 813
264 814
265 815
266 816
267 817
268 818
269 819
270 820
271 821
272 822
273 823
274 824
275 825
276 826
277 827
278 828
279 829
280 830
281 831
282 832
283 833
284 834
285 835
286 836
287 837
288 838
289 839
290 840
291 841
292 842
293 843
294 844
295 845
296 846
297 847
298 848
299 849
300 850
301 851
302 852
303 853
304 854
305 855
306 856
307 857
308 858
309 859
310 860
311 861
312 862
313 863
314 864
315 865
316 866
317 867
318 868
319 869
320 870
321 871
322 872
323 873
324 874
325 875
326 876
327 877
328 878
329 879
330 880
331 881
332 882
333 883
334 884
335 885
336 886
337 887
338 888
339 889
340 890
341 891
342 892
343 893
344 894
345 895
346 896
347 897
348 898
349 899
350 900
351 901
352 902
353 903
354 904
355 905
356 906
357 907
358 908
359 909
360 910
361 911
362 912
363 913
364 914
365 915
366 916
367 917
368 918
369 919
370 920
371 921
372 922
373 923
374 924
375 925
376 926
377 927
378 928
379 929
380 930
381 931
382 932
383 933
0 1218
1 1219
2 1220
3 1221
4 1222
5 1223
6 1224
7 1225
8 1226
9 1227
10 1228
11 1229
12 1230
13 1231
14 1232
15 1233
16 1234
17 1235
18 1236
19 1237
20 1238
21 1239
22 1240
23 1241
24 1242
25 1243
26 1244
27 1245
28 1246
29 1247
30 1248
31 1249
32 1250
33 1251
34 1252
35 1253
36 1254
37 1255
38 1256
39 1257
40 1258
41 1259
42 1260
43 1261
44 1262
45 1263
46 1264
47 1265
48 1266
49 1267
50 1268
51 1269
52 1270
53 1271
54 1272
55 1273
56 1274
57 1275
58 1276
59 1277
60 1278
61 1279
62 1280
63 1281
64 1282
65 1283
66 1284
67 1285
68 1286
69 1287
70 1288
71 1289
72 1290
73 1291
74 1292
75 1293
76 1294
77 1295
78 1296
79 1297
80 1298
81 1299
82 1300
83 1301
84 1302
85 1303
86 1304
87 1305
88 1306
89 1307
90 1308
91 1309
92 1310
93 1311
94 1312
95 1313
96 1314
97 1315
98 1316
99 1317
100 1318
101 1319
102 1320
103 1321
104 1322
105 1323
106 1324
107 1325
108 1326
109 1327
110 1328
111 1329
112 1330
113 1331
114 1332
115 1333
116 1334
117 1335
118 1336
119 1337
120 1338
121 1339
122 1340
123 1341
124 1342
125 1343
126 1344
127 1345
128 1346
129 1347
130 1348
131 1349
132 1350
133 1351
134 1352
135 1353
136 1354
137 1355
138 1356
139 1357
140 1358
141 1359
142 1360
143 1361
144 1362
145 1363
146 1364
147 1365
148 1366
149 1367
150 1368
151 1369
152 1370
153 1371
154 1372
155 1373
156 1374
157 1375
158 1376
159 1377
160 1378
161 1379
162 1380
163 1381
164 1382
165 1383
166 1384
167 1385
168 1386
169 1387
170 1388
171 1389
172 1390
173 1391
174 1392
175 1393
176 1394
177 1395
178 1396
179 1397
180 1398
181 1399
182 1400
183 1401
184 1402
185 1403
186 1404
187 1405
188 1406
189 1407
190 1408
191 1409
192 1410
193 1411
194 1412
195 1413
196 1414
197 1415
198 1416
199 1417
200 1418
201 1419
202 1420
203 1421
204 1422
205 1423
206 1424
207 1425
208 1426
209 1427
210 1428
211 1429
212 1430
213 1431
214 1432
215 1433
216 1434
217 1435
218 1436
219 1437
220 1438
221 1439
222 1440
223 1441
224 1442
225 1443
226 1444
227 1445
228 1446
229 1447
230 1448
231 1449
232 1450
233 1451
234 1452
235 1453
236 1454
237 1455
238 1456
239 1457
240 1458
241 1459
242 1460
243 1461
244 1462
245 1463
246 1464
247 1465
248 1466
249 1467
250 1468
251 1469
252 1470
253 1471
254 1472
255 1473
256 1474
257 1475
258 1476
259 1477
260 1478
261 1479
262 1480
263 1481
264 1482
265 1483
266 1484
267 1485
268 1486
269 1487
270 1488
271 1489
272 1490
273 1491
274 1492
275 1493
276 1494
277 1495
278 1496
279 1497
280 1498
281 1499
282 1500
283 1501
284 1502
285 1503
286 1504
287 1505
288 1506
289 1507
290 1508
291 1509
292 1510
293 1511
294 1512
295 1513
296 1514
297 1515
298 1516
299 1517
300 1518
301 1519
302 1520
303 1521
304 1522
305 1523
306 1524
307 1525
308 1526
309 1527
310 1528
311 1529
312 1530
313 1531
314 1532
315 1533
316 1534
317 1535
318 1152
319 1153
320 1154
321 1155
322 1156
323 1157
324 1158
325 1159
326 1160
327 1161
328 1162
329 1163
330 1164
331 1165
332 1166
333 1167
334 1168
335 1169
336 1170
337 1171
338 1172
339 1173
340 1174
341 1175
342 1176
343 1177
344 1178
345 1179
346 1180
347 1181
348 1182
349 1183
350 1184
351 1185
352 1186
353 1187
354 1188
355 1189
356 1190
357 1191
358 1192
359 1193
360 1194
361 1195
362 1196
363 1197
364 1198
365 1199
366 1200
367 1201
368 1202
369 1203
370 1204
371 1205
372 1206
373 1207
374 1208
375 1209
376 1210
377 1211
378 1212
379 1213
380 1214
381 1215
382 1216
383 1217
0 2375
1 2376
2 2377
3 2378
4 2379
5 2380
6 2381
7 2382
8 2383
9 2384
10 2385
11 2386
12 2387
13 2388
14 2389
15 2390
16 2391
17 2392
18 2393
19 2394
20 2395
21 2396
22 2397
23 2398
24 2399
25 2400
26 2401
27 2402
28 2403
29 2404
30 2405
31 2406
32 2407
33 2408
34 2409
35 2410
36 2411
37 2412
38 2413
39 2414
40 2415
41 2416
42 2417
43 2418
44 2419
45 2420
46 2421
47 2422
48 2423
49 2424
50 2425
51 2426
52 2427
53 2428
54 2429
55 2430
56 2431
57 2432
58 2433
59 2434
60 2435
61 2436
62 2437
63 2438
64 2439
65 2440
66 2441
67 2442
68 2443
69 2444
70 2445
71 2446
72 2447
73 2448
74 2449
75 2450
76 2451
77 2452
78 2453
79 2454
80 2455
81 2456
82 2457
83 2458
84 2459
85 2460
86 2461
87 2462
88 2463
89 2464
90 2465
91 2466
92 2467
93 2468
94 2469
95 2470
96 2471
97 2472
98 2473
99 2474
100 2475
101 2476
102 2477
103 2478
104 2479
105 2480
106 2481
107 2482
108 2483
109 2484
110 2485
111 2486
112 2487
113 2488
114 2489
115 2490
116 2491
117 2492
118 2493
119 2494
120 2495
121 2496
122 2497
123 2498
124 2499
125 2500
126 2501
127 2502
128 2503
129 2504
130 2505
131 2506
132 2507
133 2508
134 2509
135 2510
136 2511
137 2512
138 2513
139 2514
140 2515
141 2516
142 2517
143 2518
144 2519
145 2520
146 2521
147 2522
148 2523
149 2524
150 2525
151 2526
152 2527
153 2528
154 2529
155 2530
156 2531
157 2532
158 2533
159 2534
160 2535
161 2536
162 2537
163 2538
164 2539
165 2540
166 2541
167 2542
168 2543
169 2544
170 2545
171 2546
172 2547
173 2548
174 2549
175 2550
176 2551
177 2552
178 2553
179 2554
180 2555
181 2556
182 2557
183 2558
184 2559
185 2560
186 2561
187 2562
188 2563
189 2564
190 2565
191 2566
192 2567
193 2568
194 2569
195 2570
196 2571
197 2572
198 2573
199 2574
200 2575
201 2576
202 2577
203 2578
204 2579
205 2580
206 2581
207 2582
208 2583
209 2584
210 2585
211 2586
212 2587
213 2588
214 2589
215 2590
216 2591
217 2592
218 2593
219 2594
220 2595
221 2596
222 2597
223 2598
224 2599
225 2600
226 2601
227 2602
228 2603
229 2604
230 2605
231 2606
232 2607
233 2608
234 2609
235 2610
236 2611
237 2612
238 2613
239 2614
240 2615
241 2616
242 2617
243 2618
244 2619
245 2620
246 2621
247 2622
248 2623
249 2624
250 2625
251 2626
252 2627
253 2628
254 2629
255 2630
256 2631
257 2632
258 2633
259 2634
260 2635
261 2636
262 2637
263 2638
264 2639
265 2640
266 2641
267 2642
268 2643
269 2644
270 2645
271 2646
272 2647
273 2648
274 2649
275 2650
276 2651
277 2652
278 2653
279 2654
280 2655
281 2656
282 2657
283 2658
284 2659
285 2660
286 2661
287 2662
288 2663
289 2664
290 2665
291 2666
292 2667
293 2668
294 2669
295 2670
296 2671
297 2672
298 2673
299 2674
300 2675
301 2676
302 2677
303 2678
304 2679
305 2680
306 2681
307 2682
308 2683
309 2684
310 2685
311 2686
312 2687
313 2304
314 2305
315 2306
316 2307
317 2308
318 2309
319 2310
320 2311
321 2312
322 2313
323 2314
324 2315
325 2316
326 2317
327 2318
328 2319
329 2320
330 2321
331 2322
332 2323
333 2324
334 2325
335 2326
336 2327
337 2328
338 2329
339 2330
340 2331
341 2332
342 2333
343 2334
344 2335
345 2336
346 2337
347 2338
348 2339
349 2340
350 2341
351 2342
352 2343
353 2344
354 2345
355 2346
356 2347
357 2348
358 2349
359 2350
360 2351
361 2352
362 2353
363 2354
364 2355
365 2356
366 2357
367 2358
368 2359
369 2360
370 2361
371 2362
372 2363
373 2364
374 2365
375 2366
376 2367
377 2368
378 2369
379 2370
380 2371
381 2372
382 2373
383 2374
0 3628
1 3629
2 3630
3 3631
4 3632
5 3633
6 3634
7 3635
8 3636
9 3637
10 3638
11 3639
12 3640
13 3641
14 3642
15 3643
16 3644
17 3645
18 3646
19 3647
20 3648
21 3649
22 3650
23 3651
24 3652
25 3653
26 3654
27 3655
28 3656
29 3657
30 3658
31 3659
32 3660
33 3661
34 3662
35 3663
36 3664
37 3665
38 3666
39 3667
40 3668
41 3669
42 3670
43 3671
44 3672
45 3673
46 3674
47 3675
48 3676
49 3677
50 3678
51 3679
52 3680
53 3681
54 3682
55 3683
56 3684
57 3685
58 3686
59 3687
60 3688
61 3689
62 3690
63 3691
64 3692
65 3693
66 3694
67 3695
68 3696
69 3697
70 3698
71 3699
72 3700
73 3701
74 3702
75 3703
76 3704
77 3705
78 3706
79 3707
80 3708
81 3709
82 3710
83 3711
84 3712
85 3713
86 3714
87 3715
88 3716
89 3717
90 3718
91 3719
92 3720
93 3721
94 3722
95 3723
96 3724
97 3725
98 3726
99 3727
100 3728
101 3729
102 3730
103 3731
104 3732
105 3733
106 3734
107 3735
108 3736
109 3737
110 3738
111 3739
112 3740
113 3741
114 3742
115 3743
116 3744
117 3745
118 3746
119 3747
120 3748
121 3749
122 3750
123 3751
124 3752
125 3753
126 3754
127 3755
128 3756
129 3757
130 3758
131 3759
132 3760
133 3761
134 3762
135 3763
136 3764
137 3765
138 3766
139 3767
140 3768
141 3769
142 3770
143 3771
144 3772
145 3773
146 3774
147 3775
148 3776
149 3777
150 3778
151 3779
152 3780
153 3781
154 3782
155 3783
156 3784
157 3785
158 3786
159 3787
160 3788
161 3789
162 3790
163 3791
164 3792
165 3793
166 3794
167 3795
168 3796
169 3797
170 3798
171 3799
172 3800
173 3801
174 3802
175 3803
176 3804
177 3805
178 3806
179 3807
180 3808
181 3809
182 3810
183 3811
184 3812
185 3813
186 3814
187 3815
188 3816
189 3817
190 3818
191 3819
192 3820
193 3821
194 3822
195 3823
196 3824
197 3825
198 3826
199 3827
200 3828
201 3829
202 3830
203 3831
204 3832
205 3833
206 3834
207 3835
208 3836
209 3837
210 3838
211 3839
212 3456
213 3457
214 3458
215 3459
216 3460
217 3461
218 3462
219 3463
220 3464
221 3465
222 3466
223 3467
224 3468
225 3469
226 3470
227 3471
228 3472
229 3473
230 3474
231 3475
232 3476
233 3477
234 3478
235 3479
236 3480
237 3481
238 3482
239 3483
240 3484
241 3485
242 3486
243 3487
244 3488
245 3489
246 3490
247 3491
248 3492
249 3493
250 3494
251 3495
252 3496
253 3497
254 3498
255 3499
256 3500
257 3501
258 3502
259 3503
260 3504
261 3505
262 3506
263 3507
264 3508
265 3509
266 3510
267 3511
268 3512
269 3513
270 3514
271 3515
272 3516
273 3517
274 3518
275 3519
276 3520
277 3521
278 3522
279 3523
280 3524
281 3525
282 3526
283 3527
284 3528
285 3529
286 3530
287 3531
288 3532
289 3533
290 3534
291 3535
292 3536
293 3537
294 3538
295 3539
296 3540
297 3541
298 3542
299 3543
300 3544
301 3545
302 3546
303 3547
304 3548
305 3549
306 3550
307 3551
308 3552
309 3553
310 3554
311 3555
312 3556
313 3557
314 3558
315 3559
316 3560
317 3561
318 3562
319 3563
320 3564
321 3565
322 3566
323 3567
324 3568
325 3569
326 3570
327 3571
328 3572
329 3573
330 3574
331 3575
332 3576
333 3577
334 3578
335 3579
336 3580
337 3581
338 3582
339 3583
340 3584
341 3585
342 3586
343 3587
344 3588
345 3589
346 3590
347 3591
348 3592
349 3593
350 3594
351 3595
352 3596
353 3597
354 3598
355 3599
356 3600
357 3601
358 3602
359 3603
360 3604
361 3605
362 3606
363 3607
364 3608
365 3609
366 3610
367 3611
368 3612
369 3613
370 3614
371 3615
372 3616
373 3617
374 3618
375 3619
376 3620
377 3621
378 3622
379 3623
380 3624
381 3625
382 3626
383 3627
0 3840
1 3841
2 3842
3 3843
4 3844
5 3845
6 3846
7 3847
8 3848
9 3849
10 3850
11 3851
12 3852
13 3853
14 3854
15 3855
16 3856
17 3857
18 3858
19 3859
20 3860
21 3861
22 3862
23 3863
24 3864
25 3865
26 3866
27 3867
28 3868
29 3869
30 3870
31 3871
32 3872
33 3873
34 3874
35 3875
36 3876
37 3877
38 3878
39 3879
40 3880
41 3881
42 3882
43 3883
44 3884
45 3885
46 3886
47 3887
48 3888
49 3889
50 3890
51 3891
52 3892
53 3893
54 3894
55 3895
56 3896
57 3897
58 3898
59 3899
60 3900
61 3901
62 3902
63 3903
64 3904
65 3905
66 3906
67 3907
68 3908
69 3909
70 3910
71 3911
72 3912
73 3913
74 3914
75 3915
76 3916
77 3917
78 3918
79 3919
80 3920
81 3921
82 3922
83 3923
84 3924
85 3925
86 3926
87 3927
88 3928
89 3929
90 3930
91 3931
92 3932
93 3933
94 3934
95 3935
96 3936
97 3937
98 3938
99 3939
100 3940
101 3941
102 3942
103 3943
104 3944
105 3945
106 3946
107 3947
108 3948
109 3949
110 3950
111 3951
112 3952
113 3953
114 3954
115 3955
116 3956
117 3957
118 3958
119 3959
120 3960
121 3961
122 3962
123 3963
124 3964
125 3965
126 3966
127 3967
128 3968
129 3969
130 3970
131 3971
132 3972
133 3973
134 3974
135 3975
136 3976
137 3977
138 3978
139 3979
140 3980
141 3981
142 3982
143 3983
144 3984
145 3985
146 3986
147 3987
148 3988
149 3989
150 3990
151 3991
152 3992
153 3993
154 3994
155 3995
156 3996
157 3997
158 3998
159 3999
160 4000
161 4001
162 4002
163 4003
164 4004
165 4005
166 4006
167 4007
168 4008
169 4009
170 4010
171 4011
172 4012
173 4013
174 4014
175 4015
176 4016
177 4017
178 4018
179 4019
180 4020
181 4021
182 4022
183 4023
184 4024
185 4025
186 4026
187 4027
188 4028
189 4029
190 4030
191 4031
192 4032
193 4033
194 4034
195 4035
196 4036
197 4037
198 4038
199 4039
200 4040
201 4041
202 4042
203 4043
204 4044
205 4045
206 4046
207 4047
208 4048
209 4049
210 4050
211 4051
212 4052
213 4053
214 4054
215 4055
216 4056
217 4057
218 4058
219 4059
220 4060
221 4061
222 4062
223 4063
224 4064
225 4065
226 4066
227 4067
228 4068
229 4069
230 4070
231 4071
232 4072
233 4073
234 4074
235 4075
236 4076
237 4077
238 4078
239 4079
240 4080
241 4081
242 4082
243 4083
244 4084
245 4085
246 4086
247 4087
248 4088
249 4089
250 4090
251 4091
252 4092
253 4093
254 4094
255 4095
256 4096
257 4097
258 4098
259 4099
260 4100
261 4101
262 4102
263 4103
264 4104
265 4105
266 4106
267 4107
268 4108
269 4109
270 4110
271 4111
272 4112
273 4113
274 4114
275 4115
276 4116
277 4117
278 4118
279 4119
280 4120
281 4121
282 4122
283 4123
284 4124
285 4125
286 4126
287 4127
288 4128
289 4129
290 4130
291 4131
292 4132
293 4133
294 4134
295 4135
296 4136
297 4137
298 4138
299 4139
300 4140
301 4141
302 4142
303 4143
304 4144
305 4145
306 4146
307 4147
308 4148
309 4149
310 4150
311 4151
312 4152
313 4153
314 4154
315 4155
316 4156
317 4157
318 4158
319 4159
320 4160
321 4161
322 4162
323 4163
324 4164
325 4165
326 4166
327 4167
328 4168
329 4169
330 4170
331 4171
332 4172
333 4173
334 4174
335 4175
336 4176
337 4177
338 4178
339 4179
340 4180
341 4181
342 4182
343 4183
344 4184
345 4185
346 4186
347 4187
348 4188
349 4189
350 4190
351 4191
352 4192
353 4193
354 4194
355 4195
356 4196
357 4197
358 4198
359 4199
360 4200
361 4201
362 4202
363 4203
364 4204
365 4205
366 4206
367 4207
368 4208
369 4209
370 4210
371 4211
372 4212
373 4213
374 4214
375 4215
376 4216
377 4217
378 4218
379 4219
380 4220
381 4221
382 4222
383 4223
0 4224
1 4225
2 4226
3 4227
4 4228
5 4229
6 4230
7 4231
8 4232
9 4233
10 4234
11 4235
12 4236
13 4237
14 4238
15 4239
16 4240
17 4241
18 4242
19 4243
20 4244
21 4245
22 4246
23 4247
24 4248
25 4249
26 4250
27 4251
28 4252
29 4253
30 4254
31 4255
32 4256
33 4257
34 4258
35 4259
36 4260
37 4261
38 4262
39 4263
40 4264
41 4265
42 4266
43 4267
44 4268
45 4269
46 4270
47 4271
48 4272
49 4273
50 4274
51 4275
52 4276
53 4277
54 4278
55 4279
56 4280
57 4281
58 4282
59 4283
60 4284
61 4285
62 4286
63 4287
64 4288
65 4289
66 4290
67 4291
68 4292
69 4293
70 4294
71 4295
72 4296
73 4297
74 4298
75 4299
76 4300
77 4301
78 4302
79 4303
80 4304
81 4305
82 4306
83 4307
84 4308
85 4309
86 4310
87 4311
88 4312
89 4313
90 4314
91 4315
92 4316
93 4317
94 4318
95 4319
96 4320
97 4321
98 4322
99 4323
100 4324
101 4325
102 4326
103 4327
104 4328
105 4329
106 4330
107 4331
108 4332
109 4333
110 4334
111 4335
112 4336
113 4337
114 4338
115 4339
116 4340
117 4341
118 4342
119 4343
120 4344
121 4345
122 4346
123 4347
124 4348
125 4349
126 4350
127 4351
128 4352
129 4353
130 4354
131 4355
132 4356
133 4357
134 4358
135 4359
136 4360
137 4361
138 4362
139 4363
140 4364
141 4365
142 4366
143 4367
144 4368
145 4369
146 4370
147 4371
148 4372
149 4373
150 4374
151 4375
152 4376
153 4377
154 4378
155 4379
156 4380
157 4381
158 4382
159 4383
160 4384
161 4385
162 4386
163 4387
164 4388
165 4389
166 4390
167 4391
168 4392
169 4393
170 4394
171 4395
172 4396
173 4397
174 4398
175 4399
176 4400
177 4401
178 4402
179 4403
180 4404
181 4405
182 4406
183 4407
184 4408
185 4409
186 4410
187 4411
188 4412
189 4413
190 4414
191 4415
192 4416
193 4417
194 4418
195 4419
196 4420
197 4421
198 4422
199 4423
200 4424
201 4425
202 4426
203 4427
204 4428
205 4429
206 4430
207 4431
208 4432
209 4433
210 4434
211 4435
212 4436
213 4437
214 4438
215 4439
216 4440
217 4441
218 4442
219 4443
220 4444
221 4445
222 4446
223 4447
224 4448
225 4449
226 4450
227 4451
228 4452
229 4453
230 4454
231 4455
232 4456
233 4457
234 4458
235 4459
236 4460
237 4461
238 4462
239 4463
240 4464
241 4465
242 4466
243 4467
244 4468
245 4469
246 4470
247 4471
248 4472
249 4473
250 4474
251 4475
252 4476
253 4477
254 4478
255 4479
256 4480
257 4481
258 4482
259 4483
260 4484
261 4485
262 4486
263 4487
264 4488
265 4489
266 4490
267 4491
268 4492
269 4493
270 4494
271 4495
272 4496
273 4497
274 4498
275 4499
276 4500
277 4501
278 4502
279 4503
280 4504
281 4505
282 4506
283 4507
284 4508
285 4509
286 4510
287 4511
288 4512
289 4513
290 4514
291 4515
292 4516
293 4517
294 4518
295 4519
296 4520
297 4521
298 4522
299 4523
300 4524
301 4525
302 4526
303 4527
304 4528
305 4529
306 4530
307 4531
308 4532
309 4533
310 4534
311 4535
312 4536
313 4537
314 4538
315 4539
316 4540
317 4541
318 4542
319 4543
320 4544
321 4545
322 4546
323 4547
324 4548
325 4549
326 4550
327 4551
328 4552
329 4553
330 4554
331 4555
332 4556
333 4557
334 4558
335 4559
336 4560
337 4561
338 4562
339 4563
340 4564
341 4565
342 4566
343 4567
344 4568
345 4569
346 4570
347 4571
348 4572
349 4573
350 4574
351 4575
352 4576
353 4577
354 4578
355 4579
356 4580
357 4581
358 4582
359 4583
360 4584
361 4585
362 4586
363 4587
364 4588
365 4589
366 4590
367 4591
368 4592
369 4593
370 4594
371 4595
372 4596
373 4597
374 4598
375 4599
376 4600
377 4601
378 4602
379 4603
380 4604
381 4605
382 4606
383 4607
384 27
385 28
386 29
387 30
388 31
389 32
390 33
391 34
392 35
393 36
394 37
395 38
396 39
397 40
398 41
399 42
400 43
401 44
402 45
403 46
404 47
405 48
406 49
407 50
408 51
409 52
410 53
411 54
412 55
413 56
414 57
415 58
416 59
417 60
418 61
419 62
420 63
421 64
422 65
423 66
424 67
425 68
426 69
427 70
428 71
429 72
430 73
431 74
432 75
433 76
434 77
435 78
436 79
437 80
438 81
439 82
440 83
441 84
442 85
443 86
444 87
445 88
446 89
447 90
448 91
449 92
450 93
451 94
452 95
453 96
454 97
455 98
456 99
457 100
458 101
459 102
460 103
461 104
462 105
463 106
464 107
465 108
466 109
467 110
468 111
469 112
470 113
471 114
472 115
473 116
474 117
475 118
476 119
477 120
478 121
479 122
480 123
481 124
482 125
483 126
484 127
485 128
486 129
487 130
488 131
489 132
490 133
491 134
492 135
493 136
494 137
495 138
496 139
497 140
498 141
499 142
500 143
501 144
502 145
503 146
504 147
505 148
506 149
507 150
508 151
509 152
510 153
511 154
512 155
513 156
514 157
515 158
516 159
517 160
518 161
519 162
520 163
521 164
522 165
523 166
524 167
525 168
526 169
527 170
528 171
529 172
530 173
531 174
532 175
533 176
534 177
535 178
536 179
537 180
538 181
539 182
540 183
541 184
542 185
543 186
544 187
545 188
546 189
547 190
548 191
549 192
550 193
551 194
552 195
553 196
554 197
555 198
556 199
557 200
558 201
559 202
560 203
561 204
562 205
563 206
564 207
565 208
566 209
567 210
568 211
569 212
570 213
571 214
572 215
573 216
574 217
575 218
576 219
577 220
578 221
579 222
580 223
581 224
582 225
583 226
584 227
585 228
586 229
587 230
588 231
589 232
590 233
591 234
592 235
593 236
594 237
595 238
596 239
597 240
598 241
599 242
600 243
601 244
602 245
603 246
604 247
605 248
606 249
607 250
608 251
609 252
610 253
611 254
612 255
613 256
614 257
615 258
616 259
617 260
618 261
619 262
620 263
621 264
622 265
623 266
624 267
625 268
626 269
627 270
628 271
629 272
630 273
631 274
632 275
633 276
634 277
635 278
636 279
637 280
638 281
639 282
640 283
641 284
642 285
643 286
644 287
645 288
646 289
647 290
648 291
649 292
650 293
651 294
652 295
653 296
654 297
655 298
656 299
657 300
658 301
659 302
660 303
661 304
662 305
663 306
664 307
665 308
666 309
667 310
668 311
669 312
670 313
671 314
672 315
673 316
674 317
675 318
676 319
677 320
678 321
679 322
680 323
681 324
682 325
683 326
684 327
685 328
686 329
687 330
688 331
689 332
690 333
691 334
692 335
693 336
694 337
695 338
696 339
697 340
698 341
699 342
700 343
701 344
702 345
703 346
704 347
705 348
706 349
707 350
708 351
709 352
710 353
711 354
712 355
713 356
714 357
715 358
716 359
717 360
718 361
719 362
720 363
721 364
722 365
723 366
724 367
725 368
726 369
727 370
728 371
729 372
730 373
731 374
732 375
733 376
734 377
735 378
736 379
737 380
738 381
739 382
740 383
741 0
742 1
743 2
744 3
745 4
746 5
747 6
748 7
749 8
750 9
751 10
752 11
753 12
754 13
755 14
756 15
757 16
758 17
759 18
760 19
761 20
762 21
763 22
764 23
765 24
766 25
767 26
384 1188
385 1189
386 1190
387 1191
388 1192
389 1193
390 1194
391 1195
392 1196
393 1197
394 1198
395 1199
396 1200
397 1201
398 1202
399 1203
400 1204
401 1205
402 1206
403 1207
404 1208
405 1209
406 1210
407 1211
408 1212
409 1213
410 1214
411 1215
412 1216
413 1217
414 1218
415 1219
416 1220
417 1221
418 1222
419 1223
420 1224
421 1225
422 1226
423 1227
424 1228
425 1229
426 1230
427 1231
428 1232
429 1233
430 1234
431 1235
432 1236
433 1237
434 1238
435 1239
436 1240
437 1241
438 1242
439 1243
440 1244
441 1245
442 1246
443 1247
444 1248
445 1249
446 1250
447 1251
448 1252
449 1253
450 1254
451 1255
452 1256
453 1257
454 1258
455 1259
456 1260
457 1261
458 1262
459 1263
460 1264
461 1265
462 1266
463 1267
464 1268
465 1269
466 1270
467 1271
468 1272
469 1273
470 1274
471 1275
472 1276
473 1277
474 1278
475 1279
476 1280
477 1281
478 1282
479 1283
480 1284
481 1285
482 1286
483 1287
484 1288
485 1289
486 1290
487 1291
488 1292
489 1293
490 1294
491 1295
492 1296
493 1297
494 1298
495 1299
496 1300
497 1301
498 1302
499 1303
500 1304
501 1305
502 1306
503 1307
504 1308
505 1309
506 1310
507 1311
508 1312
509 1313
510 1314
511 1315
512 1316
513 1317
514 1318
515 1319
516 1320
517 1321
518 1322
519 1323
520 1324
521 1325
522 1326
523 1327
524 1328
525 1329
526 1330
527 1331
528 1332
529 1333
530 1334
531 1335
532 1336
533 1337
534 1338
535 1339
536 1340
537 1341
538 1342
539 1343
540 1344
541 1345
542 1346
543 1347
544 1348
545 1349
546 1350
547 1351
548 1352
549 1353
550 1354
551 1355
552 1356
553 1357
554 1358
555 1359
556 1360
557 1361
558 1362
559 1363
560 1364
561 1365
562 1366
563 1367
564 1368
565 1369
566 1370
567 1371
568 1372
569 1373
570 1374
571 1375
572 1376
573 1377
574 1378
575 1379
576 1380
577 1381
578 1382
579 1383
580 1384
581 1385
582 1386
583 1387
584 1388
585 1389
586 1390
587 1391
588 1392
589 1393
590 1394
591 1395
592 1396
593 1397
594 1398
595 1399
596 1400
597 1401
598 1402
599 1403
600 1404
601 1405
602 1406
603 1407
604 1408
605 1409
606 1410
607 1411
608 1412
609 1413
610 1414
611 1415
612 1416
613 1417
614 1418
615 1419
616 1420
617 1421
618 1422
619 1423
620 1424
621 1425
622 1426
623 1427
624 1428
625 1429
626 1430
627 1431
628 1432
629 1433
630 1434
631 1435
632 1436
633 1437
634 1438
635 1439
636 1440
637 1441
638 1442
639 1443
640 1444
641 1445
642 1446
643 1447
644 1448
645 1449
646 1450
647 1451
648 1452
649 1453
650 1454
651 1455
652 1456
653 1457
654 1458
655 1459
656 1460
657 1461
658 1462
659 1463
660 1464
661 1465
662 1466
663 1467
664 1468
665 1469
666 1470
667 1471
668 1472
669 1473
670 1474
671 1475
672 1476
673 1477
674 1478
675 1479
676 1480
677 1481
678 1482
679 1483
680 1484
681 1485
682 1486
683 1487
684 1488
685 1489
686 1490
687 1491
688 1492
689 1493
690 1494
691 1495
692 1496
693 1497
694 1498
695 1499
696 1500
697 1501
698 1502
699 1503
700 1504
701 1505
702 1506
703 1507
704 1508
705 1509
706 1510
707 1511
708 1512
709 1513
710 1514
711 1515
712 1516
713 1517
714 1518
715 1519
716 1520
717 1521
718 1522
719 1523
720 1524
721 1525
722 1526
723 1527
724 1528
725 1529
726 1530
727 1531
728 1532
729 1533
730 1534
731 1535
732 1152
733 1153
734 1154
735 1155
736 1156
737 1157
738 1158
739 1159
740 1160
741 1161
742 1162
743 1163
744 1164
745 1165
746 1166
747 1167
748 1168
749 1169
750 1170
751 1171
752 1172
753 1173
754 1174
755 1175
756 1176
757 1177
758 1178
759 1179
760 1180
761 1181
762 1182
763 1183
764 1184
765 1185
766 1186
767 1187
384 1584
385 1585
386 1586
387 1587
388 1588
389 1589
390 1590
391 1591
392 1592
393 1593
394 1594
395 1595
396 1596
397 1597
398 1598
399 1599
400 1600
401 1601
402 1602
403 1603
404 1604
405 1605
406 1606
407 1607
408 1608
409 1609
410 1610
411 1611
412 1612
413 1613
414 1614
415 1615
416 1616
417 1617
418 1618
419 1619
420 1620
421 1621
422 1622
423 1623
424 1624
425 1625
426 1626
427 1627
428 1628
429 1629
430 1630
431 1631
432 1632
433 1633
434 1634
435 1635
436 1636
437 1637
438 1638
439 1639
440 1640
441 1641
442 1642
443 1643
444 1644
445 1645
446 1646
447 1647
448 1648
449 1649
450 1650
451 1651
452 1652
453 1653
454 1654
455 1655
456 1656
457 1657
458 1658
459 1659
460 1660
461 1661
462 1662
463 1663
464 1664
465 1665
466 1666
467 1667
468 1668
469 1669
470 1670
471 1671
472 1672
473 1673
474 1674
475 1675
476 1676
477 1677
478 1678
479 1679
480 1680
481 1681
482 1682
483 1683
484 1684
485 1685
486 1686
487 1687
488 1688
489 1689
490 1690
491 1691
492 1692
493 1693
494 1694
495 1695
496 1696
497 1697
498 1698
499 1699
500 1700
501 1701
502 1702
503 1703
504 1704
505 1705
506 1706
507 1707
508 1708
509 1709
510 1710
511 1711
512 1712
513 1713
514 1714
515 1715
516 1716
517 1717
518 1718
519 1719
520 1720
521 1721
522 1722
523 1723
524 1724
525 1725
526 1726
527 1727
528 1728
529 1729
530 1730
531 1731
532 1732
533 1733
534 1734
535 1735
536 1736
537 1737
538 1738
539 1739
540 1740
541 1741
542 1742
543 1743
544 1744
545 1745
546 1746
547 1747
548 1748
549 1749
550 1750
551 1751
552 1752
553 1753
554 1754
555 1755
556 1756
557 1757
558 1758
559 1759
560 1760
561 1761
562 1762
563 1763
564 1764
565 1765
566 1766
567 1767
568 1768
569 1769
570 1770
571 1771
572 1772
573 1773
574 1774
575 1775
576 1776
577 1777
578 1778
579 1779
580 1780
581 1781
582 1782
583 1783
584 1784
585 1785
586 1786
587 1787
588 1788
589 1789
590 1790
591 1791
592 1792
593 1793
594 1794
595 1795
596 1796
597 1797
598 1798
599 1799
600 1800
601 1801
602 1802
603 1803
604 1804
605 1805
606 1806
607 1807
608 1808
609 1809
610 1810
611 1811
612 1812
613 1813
614 1814
615 1815
616 1816
617 1817
618 1818
619 1819
620 1820
621 1821
622 1822
623 1823
624 1824
625 1825
626 1826
627 1827
628 1828
629 1829
630 1830
631 1831
632 1832
633 1833
634 1834
635 1835
636 1836
637 1837
638 1838
639 1839
640 1840
641 1841
642 1842
643 1843
644 1844
645 1845
646 1846
647 1847
648 1848
649 1849
650 1850
651 1851
652 1852
653 1853
654 1854
655 1855
656 1856
657 1857
658 1858
659 1859
660 1860
661 1861
662 1862
663 1863
664 1864
665 1865
666 1866
667 1867
668 1868
669 1869
670 1870
671 1871
672 1872
673 1873
674 1874
675 1875
676 1876
677 1877
678 1878
679 1879
680 1880
681 1881
682 1882
683 1883
684 1884
685 1885
686 1886
687 1887
688 1888
689 1889
690 1890
691 1891
692 1892
693 1893
694 1894
695 1895
696 1896
697 1897
698 1898
699 1899
700 1900
701 1901
702 1902
703 1903
704 1904
705 1905
706 1906
707 1907
708 1908
709 1909
710 1910
711 1911
712 1912
713 1913
714 1914
715 1915
716 1916
717 1917
718 1918
719 1919
720 1536
721 1537
722 1538
723 1539
724 1540
725 1541
726 1542
727 1543
728 1544
729 1545
730 1546
731 1547
732 1548
733 1549
734 1550
735 1551
736 1552
737 1553
738 1554
739 1555
740 1556
741 1557
742 1558
743 1559
744 1560
745 1561
746 1562
747 1563
748 1564
749 1565
750 1566
751 1567
752 1568
753 1569
754 1570
755 1571
756 1572
757 1573
758 1574
759 1575
760 1576
761 1577
762 1578
763 1579
764 1580
765 1581
766 1582
767 1583
384 2012
385 2013
386 2014
387 2015
388 2016
389 2017
390 2018
391 2019
392 2020
393 2021
394 2022
395 2023
396 2024
397 2025
398 2026
399 2027
400 2028
401 2029
402 2030
403 2031
404 2032
405 2033
406 2034
407 2035
408 2036
409 2037
410 2038
411 2039
412 2040
413 2041
414 2042
415 2043
416 2044
417 2045
418 2046
419 2047
420 2048
421 2049
422 2050
423 2051
424 2052
425 2053
426 2054
427 2055
428 2056
429 2057
430 2058
431 2059
432 2060
433 2061
434 2062
435 2063
436 2064
437 2065
438 2066
439 2067
440 2068
441 2069
442 2070
443 2071
444 2072
445 2073
446 2074
447 2075
448 2076
449 2077
450 2078
451 2079
452 2080
453 2081
454 2082
455 2083
456 2084
457 2085
458 2086
459 2087
460 2088
461 2089
462 2090
463 2091
464 2092
465 2093
466 2094
467 2095
468 2096
469 2097
470 2098
471 2099
472 2100
473 2101
474 2102
475 2103
476 2104
477 2105
478 2106
479 2107
480 2108
481 2109
482 2110
483 2111
484 2112
485 2113
486 2114
487 2115
488 2116
489 2117
490 2118
491 2119
492 2120
493 2121
494 2122
495 2123
496 2124
497 2125
498 2126
499 2127
500 2128
501 2129
502 2130
503 2131
504 2132
505 2133
506 2134
507 2135
508 2136
509 2137
510 2138
511 2139
512 2140
513 2141
514 2142
515 2143
516 2144
517 2145
518 2146
519 2147
520 2148
521 2149
522 2150
523 2151
524 2152
525 2153
526 2154
527 2155
528 2156
529 2157
530 2158
531 2159
532 2160
533 2161
534 2162
535 2163
536 2164
537 2165
538 2166
539 2167
540 2168
541 2169
542 2170
543 2171
544 2172
545 2173
546 2174
547 2175
548 2176
549 2177
550 2178
551 2179
552 2180
553 2181
554 2182
555 2183
556 2184
557 2185
558 2186
559 2187
560 2188
561 2189
562 2190
563 2191
564 2192
565 2193
566 2194
567 2195
568 2196
569 2197
570 2198
571 2199
572 2200
573 2201
574 2202
575 2203
576 2204
577 2205
578 2206
579 2207
580 2208
581 2209
582 2210
583 2211
584 2212
585 2213
586 2214
587 2215
588 2216
589 2217
590 2218
591 2219
592 2220
593 2221
594 2222
595 2223
596 2224
597 2225
598 2226
599 2227
600 2228
601 2229
602 2230
603 2231
604 2232
605 2233
606 2234
607 2235
608 2236
609 2237
610 2238
611 2239
612 2240
613 2241
614 2242
615 2243
616 2244
617 2245
618 2246
619 2247
620 2248
621 2249
622 2250
623 2251
624 2252
625 2253
626 2254
627 2255
628 2256
629 2257
630 2258
631 2259
632 2260
633 2261
634 2262
635 2263
636 2264
637 2265
638 2266
639 2267
640 2268
641 2269
642 2270
643 2271
644 2272
645 2273
646 2274
647 2275
648 2276
649 2277
650 2278
651 2279
652 2280
653 2281
654 2282
655 2283
656 2284
657 2285
658 2286
659 2287
660 2288
661 2289
662 2290
663 2291
664 2292
665 2293
666 2294
667 2295
668 2296
669 2297
670 2298
671 2299
672 2300
673 2301
674 2302
675 2303
676 1920
677 1921
678 1922
679 1923
680 1924
681 1925
682 1926
683 1927
684 1928
685 1929
686 1930
687 1931
688 1932
689 1933
690 1934
691 1935
692 1936
693 1937
694 1938
695 1939
696 1940
697 1941
698 1942
699 1943
700 1944
701 1945
702 1946
703 1947
704 1948
705 1949
706 1950
707 1951
708 1952
709 1953
710 1954
711 1955
712 1956
713 1957
714 1958
715 1959
716 1960
717 1961
718 1962
719 1963
720 1964
721 1965
722 1966
723 1967
724 1968
725 1969
726 1970
727 1971
728 1972
729 1973
730 1974
731 1975
732 1976
733 1977
734 1978
735 1979
736 1980
737 1981
738 1982
739 1983
740 1984
741 1985
742 1986
743 1987
744 1988
745 1989
746 1990
747 1991
748 1992
749 1993
750 1994
751 1995
752 1996
753 1997
754 1998
755 1999
756 2000
757 2001
758 2002
759 2003
760 2004
761 2005
762 2006
763 2007
764 2008
765 2009
766 2010
767 2011
384 2335
385 2336
386 2337
387 2338
388 2339
389 2340
390 2341
391 2342
392 2343
393 2344
394 2345
395 2346
396 2347
397 2348
398 2349
399 2350
400 2351
401 2352
402 2353
403 2354
404 2355
405 2356
406 2357
407 2358
408 2359
409 2360
410 2361
411 2362
412 2363
413 2364
414 2365
415 2366
416 2367
417 2368
418 2369
419 2370
420 2371
421 2372
422 2373
423 2374
424 2375
425 2376
426 2377
427 2378
428 2379
429 2380
430 2381
431 2382
432 2383
433 2384
434 2385
435 2386
436 2387
437 2388
438 2389
439 2390
440 2391
441 2392
442 2393
443 2394
444 2395
445 2396
446 2397
447 2398
448 2399
449 2400
450 2401
451 2402
452 2403
453 2404
454 2405
455 2406
456 2407
457 2408
458 2409
459 2410
460 2411
461 2412
462 2413
463 2414
464 2415
465 2416
466 2417
467 2418
468 2419
469 2420
470 2421
471 2422
472 2423
473 2424
474 2425
475 2426
476 2427
477 2428
478 2429
479 2430
480 2431
481 2432
482 2433
483 2434
484 2435
485 2436
486 2437
487 2438
488 2439
489 2440
490 2441
491 2442
492 2443
493 2444
494 2445
495 2446
496 2447
497 2448
498 2449
499 2450
500 2451
501 2452
502 2453
503 2454
504 2455
505 2456
506 2457
507 2458
508 2459
509 2460
510 2461
511 2462
512 2463
513 2464
514 2465
515 2466
516 2467
517 2468
518 2469
519 2470
520 2471
521 2472
522 2473
523 2474
524 2475
525 2476
526 2477
527 2478
528 2479
529 2480
530 2481
531 2482
532 2483
533 2484
534 2485
535 2486
536 2487
537 2488
538 2489
539 2490
540 2491
541 2492
542 2493
543 2494
544 2495
545 2496
546 2497
547 2498
548 2499
549 2500
550 2501
551 2502
552 2503
553 2504
554 2505
555 2506
556 2507
557 2508
558 2509
559 2510
560 2511
561 2512
562 2513
563 2514
564 2515
565 2516
566 2517
567 2518
568 2519
569 2520
570 2521
571 2522
572 2523
573 2524
574 2525
575 2526
576 2527
577 2528
578 2529
579 2530
580 2531
581 2532
582 2533
583 2534
584 2535
585 2536
586 2537
587 2538
588 2539
589 2540
590 2541
591 2542
592 2543
593 2544
594 2545
595 2546
596 2547
597 2548
598 2549
599 2550
600 2551
601 2552
602 2553
603 2554
604 2555
605 2556
606 2557
607 2558
608 2559
609 2560
610 2561
611 2562
612 2563
613 2564
614 2565
615 2566
616 2567
617 2568
618 2569
619 2570
620 2571
621 2572
622 2573
623 2574
624 2575
625 2576
626 2577
627 2578
628 2579
629 2580
630 2581
631 2582
632 2583
633 2584
634 2585
635 2586
636 2587
637 2588
638 2589
639 2590
640 2591
641 2592
642 2593
643 2594
644 2595
645 2596
646 2597
647 2598
648 2599
649 2600
650 2601
651 2602
652 2603
653 2604
654 2605
655 2606
656 2607
657 2608
658 2609
659 2610
660 2611
661 2612
662 2613
663 2614
664 2615
665 2616
666 2617
667 2618
668 2619
669 2620
670 2621
671 2622
672 2623
673 2624
674 2625
675 2626
676 2627
677 2628
678 2629
679 2630
680 2631
681 2632
682 2633
683 2634
684 2635
685 2636
686 2637
687 2638
688 2639
689 2640
690 2641
691 2642
692 2643
693 2644
694 2645
695 2646
696 2647
697 2648
698 2649
699 2650
700 2651
701 2652
702 2653
703 2654
704 2655
705 2656
706 2657
707 2658
708 2659
709 2660
710 2661
711 2662
712 2663
713 2664
714 2665
715 2666
716 2667
717 2668
718 2669
719 2670
720 2671
721 2672
722 2673
723 2674
724 2675
725 2676
726 2677
727 2678
728 2679
729 2680
730 2681
731 2682
732 2683
733 2684
734 2685
735 2686
736 2687
737 2304
738 2305
739 2306
740 2307
741 2308
742 2309
743 2310
744 2311
745 2312
746 2313
747 2314
748 2315
749 2316
750 2317
751 2318
752 2319
753 2320
754 2321
755 2322
756 2323
757 2324
758 2325
759 2326
760 2327
761 2328
762 2329
763 2330
764 2331
765 2332
766 2333
767 2334
384 2875
385 2876
386 2877
387 2878
388 2879
389 2880
390 2881
391 2882
392 2883
393 2884
394 2885
395 2886
396 2887
397 2888
398 2889
399 2890
400 2891
401 2892
402 2893
403 2894
404 2895
405 2896
406 2897
407 2898
408 2899
409 2900
410 2901
411 2902
412 2903
413 2904
414 2905
415 2906
416 2907
417 2908
418 2909
419 2910
420 2911
421 2912
422 2913
423 2914
424 2915
425 2916
426 2917
427 2918
428 2919
429 2920
430 2921
431 2922
432 2923
433 2924
434 2925
435 2926
436 2927
437 2928
438 2929
439 2930
440 2931
441 2932
442 2933
443 2934
444 2935
445 2936
446 2937
447 2938
448 2939
449 2940
450 2941
451 2942
452 2943
453 2944
454 2945
455 2946
456 2947
457 2948
458 2949
459 2950
460 2951
461 2952
462 2953
463 2954
464 2955
465 2956
466 2957
467 2958
468 2959
469 2960
470 2961
471 2962
472 2963
473 2964
474 2965
475 2966
476 2967
477 2968
478 2969
479 2970
480 2971
481 2972
482 2973
483 2974
484 2975
485 2976
486 2977
487 2978
488 2979
489 2980
490 2981
491 2982
492 2983
493 2984
494 2985
495 2986
496 2987
497 2988
498 2989
499 2990
500 2991
501 2992
502 2993
503 2994
504 2995
505 2996
506 2997
507 2998
508 2999
509 3000
510 3001
511 3002
512 3003
513 3004
514 3005
515 3006
516 3007
517 3008
518 3009
519 3010
520 3011
521 3012
522 3013
523 3014
524 3015
525 3016
526 3017
527 3018
528 3019
529 3020
530 3021
531 3022
532 3023
533 3024
534 3025
535 3026
536 3027
537 3028
538 3029
539 3030
540 3031
541 3032
542 3033
543 3034
544 3035
545 3036
546 3037
547 3038
548 3039
549 3040
550 3041
551 3042
552 3043
553 3044
554 3045
555 3046
556 3047
557 3048
558 3049
559 3050
560 3051
561 3052
562 3053
563 3054
564 3055
565 3056
566 3057
567 3058
568 3059
569 3060
570 3061
571 3062
572 3063
573 3064
574 3065
575 3066
576 3067
577 3068
578 3069
579 3070
580 3071
581 2688
582 2689
583 2690
584 2691
585 2692
586 2693
587 2694
588 2695
589 2696
590 2697
591 2698
592 2699
593 2700
594 2701
595 2702
596 2703
597 2704
598 2705
599 2706
600 2707
601 2708
602 2709
603 2710
604 2711
605 2712
606 2713
607 2714
608 2715
609 2716
610 2717
611 2718
612 2719
613 2720
614 2721
615 2722
616 2723
617 2724
618 2725
619 2726
620 2727
621 2728
622 2729
623 2730
624 2731
625 2732
626 2733
627 2734
628 2735
629 2736
630 2737
631 2738
632 2739
633 2740
634 2741
635 2742
636 2743
637 2744
638 2745
639 2746
640 2747
641 2748
642 2749
643 2750
644 2751
645 2752
646 2753
647 2754
648 2755
649 2756
650 2757
651 2758
652 2759
653 2760
654 2761
655 2762
656 2763
657 2764
658 2765
659 2766
660 2767
661 2768
662 2769
663 2770
664 2771
665 2772
666 2773
667 2774
668 2775
669 2776
670 2777
671 2778
672 2779
673 2780
674 2781
675 2782
676 2783
677 2784
678 2785
679 2786
680 2787
681 2788
682 2789
683 2790
684 2791
685 2792
686 2793
687 2794
688 2795
689 2796
690 2797
691 2798
692 2799
693 2800
694 2801
695 2802
696 2803
697 2804
698 2805
699 2806
700 2807
701 2808
702 2809
703 2810
704 2811
705 2812
706 2813
707 2814
708 2815
709 2816
710 2817
711 2818
712 2819
713 2820
714 2821
715 2822
716 2823
717 2824
718 2825
719 2826
720 2827
721 2828
722 2829
723 2830
724 2831
725 2832
726 2833
727 2834
728 2835
729 2836
730 2837
731 2838
732 2839
733 2840
734 2841
735 2842
736 2843
737 2844
738 2845
739 2846
740 2847
741 2848
742 2849
743 2850
744 2851
745 2852
746 2853
747 2854
748 2855
749 2856
750 2857
751 2858
752 2859
753 2860
754 2861
755 2862
756 2863
757 2864
758 2865
759 2866
760 2867
761 2868
762 2869
763 2870
764 2871
765 2872
766 2873
767 2874
384 3257
385 3258
386 3259
387 3260
388 3261
389 3262
390 3263
391 3264
392 3265
393 3266
394 3267
395 3268
396 3269
397 3270
398 3271
399 3272
400 3273
401 3274
402 3275
403 3276
404 3277
405 3278
406 3279
407 3280
408 3281
409 3282
410 3283
411 3284
412 3285
413 3286
414 3287
415 3288
416 3289
417 3290
418 3291
419 3292
420 3293
421 3294
422 3295
423 3296
424 3297
425 3298
426 3299
427 3300
428 3301
429 3302
430 3303
431 3304
432 3305
433 3306
434 3307
435 3308
436 3309
437 3310
438 3311
439 3312
440 3313
441 3314
442 3315
443 3316
444 3317
445 3318
446 3319
447 3320
448 3321
449 3322
450 3323
451 3324
452 3325
453 3326
454 3327
455 3328
456 3329
457 3330
458 3331
459 3332
460 3333
461 3334
462 3335
463 3336
464 3337
465 3338
466 3339
467 3340
468 3341
469 3342
470 3343
471 3344
472 3345
473 3346
474 3347
475 3348
476 3349
477 3350
478 3351
479 3352
480 3353
481 3354
482 3355
483 3356
484 3357
485 3358
486 3359
487 3360
488 3361
489 3362
490 3363
491 3364
492 3365
493 3366
494 3367
495 3368
496 3369
497 3370
498 3371
499 3372
500 3373
501 3374
502 3375
503 3376
504 3377
505 3378
506 3379
507 3380
508 3381
509 3382
510 3383
511 3384
512 3385
513 3386
514 3387
515 3388
516 3389
517 3390
518 3391
519 3392
520 3393
521 3394
522 3395
523 3396
524 3397
525 3398
526 3399
527 3400
528 3401
529 3402
530 3403
531 3404
532 3405
533 3406
534 3407
535 3408
536 3409
537 3410
538 3411
539 3412
540 3413
541 3414
542 3415
543 3416
544 3417
545 3418
546 3419
547 3420
548 3421
549 3422
550 3423
551 3424
552 3425
553 3426
554 3427
555 3428
556 3429
557 3430
558 3431
559 3432
560 3433
561 3434
562 3435
563 3436
564 3437
565 3438
566 3439
567 3440
568 3441
569 3442
570 3443
571 3444
572 3445
573 3446
574 3447
575 3448
576 3449
577 3450
578 3451
579 3452
580 3453
581 3454
582 3455
583 3072
584 3073
585 3074
586 3075
587 3076
588 3077
589 3078
590 3079
591 3080
592 3081
593 3082
594 3083
595 3084
596 3085
597 3086
598 3087
599 3088
600 3089
601 3090
602 3091
603 3092
604 3093
605 3094
606 3095
607 3096
608 3097
609 3098
610 3099
611 3100
612 3101
613 3102
614 3103
615 3104
616 3105
617 3106
618 3107
619 3108
620 3109
621 3110
622 3111
623 3112
624 3113
625 3114
626 3115
627 3116
628 3117
629 3118
630 3119
631 3120
632 3121
633 3122
634 3123
635 3124
636 3125
637 3126
638 3127
639 3128
640 3129
641 3130
642 3131
643 3132
644 3133
645 3134
646 3135
647 3136
648 3137
649 3138
650 3139
651 3140
652 3141
653 3142
654 3143
655 3144
656 3145
657 3146
658 3147
659 3148
660 3149
661 3150
662 3151
663 3152
664 3153
665 3154
666 3155
667 3156
668 3157
669 3158
670 3159
671 3160
672 3161
673 3162
674 3163
675 3164
676 3165
677 3166
678 3167
679 3168
680 3169
681 3170
682 3171
683 3172
684 3173
685 3174
686 3175
687 3176
688 3177
689 3178
690 3179
691 3180
692 3181
693 3182
694 3183
695 3184
696 3185
697 3186
698 3187
699 3188
700 3189
701 3190
702 3191
703 3192
704 3193
705 3194
706 3195
707 3196
708 3197
709 3198
710 3199
711 3200
712 3201
713 3202
714 3203
715 3204
716 3205
717 3206
718 3207
719 3208
720 3209
721 3210
722 3211
723 3212
724 3213
725 3214
726 3215
727 3216
728 3217
729 3218
730 3219
731 3220
732 3221
733 3222
734 3223
735 3224
736 3225
737 3226
738 3227
739 3228
740 3229
741 3230
742 3231
743 3232
744 3233
745 3234
746 3235
747 3236
748 3237
749 3238
750 3239
751 3240
752 3241
753 3242
754 3243
755 3244
756 3245
757 3246
758 3247
759 3248
760 3249
761 3250
762 3251
763 3252
764 3253
765 3254
766 3255
767 3256
384 3459
385 3460
386 3461
387 3462
388 3463
389 3464
390 3465
391 3466
392 3467
393 3468
394 3469
395 3470
396 3471
397 3472
398 3473
399 3474
400 3475
401 3476
402 3477
403 3478
404 3479
405 3480
406 3481
407 3482
408 3483
409 3484
410 3485
411 3486
412 3487
413 3488
414 3489
415 3490
416 3491
417 3492
418 3493
419 3494
420 3495
421 3496
422 3497
423 3498
424 3499
425 3500
426 3501
427 3502
428 3503
429 3504
430 3505
431 3506
432 3507
433 3508
434 3509
435 3510
436 3511
437 3512
438 3513
439 3514
440 3515
441 3516
442 3517
443 3518
444 3519
445 3520
446 3521
447 3522
448 3523
449 3524
450 3525
451 3526
452 3527
453 3528
454 3529
455 3530
456 3531
457 3532
458 3533
459 3534
460 3535
461 3536
462 3537
463 3538
464 3539
465 3540
466 3541
467 3542
468 3543
469 3544
470 3545
471 3546
472 3547
473 3548
474 3549
475 3550
476 3551
477 3552
478 3553
479 3554
480 3555
481 3556
482 3557
483 3558
484 3559
485 3560
486 3561
487 3562
488 3563
489 3564
490 3565
491 3566
492 3567
493 3568
494 3569
495 3570
496 3571
497 3572
498 3573
499 3574
500 3575
501 3576
502 3577
503 3578
504 3579
505 3580
506 3581
507 3582
508 3583
509 3584
510 3585
511 3586
512 3587
513 3588
514 3589
515 3590
516 3591
517 3592
518 3593
519 3594
520 3595
521 3596
522 3597
523 3598
524 3599
525 3600
526 3601
527 3602
528 3603
529 3604
530 3605
531 3606
532 3607
533 3608
534 3609
535 3610
536 3611
537 3612
538 3613
539 3614
540 3615
541 3616
542 3617
543 3618
544 3619
545 3620
546 3621
547 3622
548 3623
549 3624
550 3625
551 3626
552 3627
553 3628
554 3629
555 3630
556 3631
557 3632
558 3633
559 3634
560 3635
561 3636
562 3637
563 3638
564 3639
565 3640
566 3641
567 3642
568 3643
569 3644
570 3645
571 3646
572 3647
573 3648
574 3649
575 3650
576 3651
577 3652
578 3653
579 3654
580 3655
581 3656
582 3657
583 3658
584 3659
585 3660
586 3661
587 3662
588 3663
589 3664
590 3665
591 3666
592 3667
593 3668
594 3669
595 3670
596 3671
597 3672
598 3673
599 3674
600 3675
601 3676
602 3677
603 3678
604 3679
605 3680
606 3681
607 3682
608 3683
609 3684
610 3685
611 3686
612 3687
613 3688
614 3689
615 3690
616 3691
617 3692
618 3693
619 3694
620 3695
621 3696
622 3697
623 3698
624 3699
625 3700
626 3701
627 3702
628 3703
629 3704
630 3705
631 3706
632 3707
633 3708
634 3709
635 3710
636 3711
637 3712
638 3713
639 3714
640 3715
641 3716
642 3717
643 3718
644 3719
645 3720
646 3721
647 3722
648 3723
649 3724
650 3725
651 3726
652 3727
653 3728
654 3729
655 3730
656 3731
657 3732
658 3733
659 3734
660 3735
661 3736
662 3737
663 3738
664 3739
665 3740
666 3741
667 3742
668 3743
669 3744
670 3745
671 3746
672 3747
673 3748
674 3749
675 3750
676 3751
677 3752
678 3753
679 3754
680 3755
681 3756
682 3757
683 3758
684 3759
685 3760
686 3761
687 3762
688 3763
689 3764
690 3765
691 3766
692 3767
693 3768
694 3769
695 3770
696 3771
697 3772
698 3773
699 3774
700 3775
701 3776
702 3777
703 3778
704 3779
705 3780
706 3781
707 3782
708 3783
709 3784
710 3785
711 3786
712 3787
713 3788
714 3789
715 3790
716 3791
717 3792
718 3793
719 3794
720 3795
721 3796
722 3797
723 3798
724 3799
725 3800
726 3801
727 3802
728 3803
729 3804
730 3805
731 3806
732 3807
733 3808
734 3809
735 3810
736 3811
737 3812
738 3813
739 3814
740 3815
741 3816
742 3817
743 3818
744 3819
745 3820
746 3821
747 3822
748 3823
749 3824
750 3825
751 3826
752 3827
753 3828
754 3829
755 3830
756 3831
757 3832
758 3833
759 3834
760 3835
761 3836
762 3837
763 3838
764 3839
765 3456
766 3457
767 3458
384 4224
385 4225
386 4226
387 4227
388 4228
389 4229
390 4230
391 4231
392 4232
393 4233
394 4234
395 4235
396 4236
397 4237
398 4238
399 4239
400 4240
401 4241
402 4242
403 4243
404 4244
405 4245
406 4246
407 4247
408 4248
409 4249
410 4250
411 4251
412 4252
413 4253
414 4254
415 4255
416 4256
417 4257
418 4258
419 4259
420 4260
421 4261
422 4262
423 4263
424 4264
425 4265
426 4266
427 4267
428 4268
429 4269
430 4270
431 4271
432 4272
433 4273
434 4274
435 4275
436 4276
437 4277
438 4278
439 4279
440 4280
441 4281
442 4282
443 4283
444 4284
445 4285
446 4286
447 4287
448 4288
449 4289
450 4290
451 4291
452 4292
453 4293
454 4294
455 4295
456 4296
457 4297
458 4298
459 4299
460 4300
461 4301
462 4302
463 4303
464 4304
465 4305
466 4306
467 4307
468 4308
469 4309
470 4310
471 4311
472 4312
473 4313
474 4314
475 4315
476 4316
477 4317
478 4318
479 4319
480 4320
481 4321
482 4322
483 4323
484 4324
485 4325
486 4326
487 4327
488 4328
489 4329
490 4330
491 4331
492 4332
493 4333
494 4334
495 4335
496 4336
497 4337
498 4338
499 4339
500 4340
501 4341
502 4342
503 4343
504 4344
505 4345
506 4346
507 4347
508 4348
509 4349
510 4350
511 4351
512 4352
513 4353
514 4354
515 4355
516 4356
517 4357
518 4358
519 4359
520 4360
521 4361
522 4362
523 4363
524 4364
525 4365
526 4366
527 4367
528 4368
529 4369
530 4370
531 4371
532 4372
533 4373
534 4374
535 4375
536 4376
537 4377
538 4378
539 4379
540 4380
541 4381
542 4382
543 4383
544 4384
545 4385
546 4386
547 4387
548 4388
549 4389
550 4390
551 4391
552 4392
553 4393
554 4394
555 4395
556 4396
557 4397
558 4398
559 4399
560 4400
561 4401
562 4402
563 4403
564 4404
565 4405
566 4406
567 4407
568 4408
569 4409
570 4410
571 4411
572 4412
573 4413
574 4414
575 4415
576 4416
577 4417
578 4418
579 4419
580 4420
581 4421
582 4422
583 4423
584 4424
585 4425
586 4426
587 4427
588 4428
589 4429
590 4430
591 4431
592 4432
593 4433
594 4434
595 4435
596 4436
597 4437
598 4438
599 4439
600 4440
601 4441
602 4442
603 4443
604 4444
605 4445
606 4446
607 4447
608 4448
609 4449
610 4450
611 4451
612 4452
613 4453
614 4454
615 4455
616 4456
617 4457
618 4458
619 4459
620 4460
621 4461
622 4462
623 4463
624 4464
625 4465
626 4466
627 4467
628 4468
629 4469
630 4470
631 4471
632 4472
633 4473
634 4474
635 4475
636 4476
637 4477
638 4478
639 4479
640 4480
641 4481
642 4482
643 4483
644 4484
645 4485
646 4486
647 4487
648 4488
649 4489
650 4490
651 4491
652 4492
653 4493
654 4494
655 4495
656 4496
657 4497
658 4498
659 4499
660 4500
661 4501
662 4502
663 4503
664 4504
665 4505
666 4506
667 4507
668 4508
669 4509
670 4510
671 4511
672 4512
673 4513
674 4514
675 4515
676 4516
677 4517
678 4518
679 4519
680 4520
681 4521
682 4522
683 4523
684 4524
685 4525
686 4526
687 4527
688 4528
689 4529
690 4530
691 4531
692 4532
693 4533
694 4534
695 4535
696 4536
697 4537
698 4538
699 4539
700 4540
701 4541
702 4542
703 4543
704 4544
705 4545
706 4546
707 4547
708 4548
709 4549
710 4550
711 4551
712 4552
713 4553
714 4554
715 4555
716 4556
717 4557
718 4558
719 4559
720 4560
721 4561
722 4562
723 4563
724 4564
725 4565
726 4566
727 4567
728 4568
729 4569
730 4570
731 4571
732 4572
733 4573
734 4574
735 4575
736 4576
737 4577
738 4578
739 4579
740 4580
741 4581
742 4582
743 4583
744 4584
745 4585
746 4586
747 4587
748 4588
749 4589
750 4590
751 4591
752 4592
753 4593
754 4594
755 4595
756 4596
757 4597
758 4598
759 4599
760 4600
761 4601
762 4602
763 4603
764 4604
765 4605
766 4606
767 4607
384 4608
385 4609
386 4610
387 4611
388 4612
389 4613
390 4614
391 4615
392 4616
393 4617
394 4618
395 4619
396 4620
397 4621
398 4622
399 4623
400 4624
401 4625
402 4626
403 4627
404 4628
405 4629
406 4630
407 4631
408 4632
409 4633
410 4634
411 4635
412 4636
413 4637
414 4638
415 4639
416 4640
417 4641
418 4642
419 4643
420 4644
421 4645
422 4646
423 4647
424 4648
425 4649
426 4650
427 4651
428 4652
429 4653
430 4654
431 4655
432 4656
433 4657
434 4658
435 4659
436 4660
437 4661
438 4662
439 4663
440 4664
441 4665
442 4666
443 4667
444 4668
445 4669
446 4670
447 4671
448 4672
449 4673
450 4674
451 4675
452 4676
453 4677
454 4678
455 4679
456 4680
457 4681
458 4682
459 4683
460 4684
461 4685
462 4686
463 4687
464 4688
465 4689
466 4690
467 4691
468 4692
469 4693
470 4694
471 4695
472 4696
473 4697
474 4698
475 4699
476 4700
477 4701
478 4702
479 4703
480 4704
481 4705
482 4706
483 4707
484 4708
485 4709
486 4710
487 4711
488 4712
489 4713
490 4714
491 4715
492 4716
493 4717
494 4718
495 4719
496 4720
497 4721
498 4722
499 4723
500 4724
501 4725
502 4726
503 4727
504 4728
505 4729
506 4730
507 4731
508 4732
509 4733
510 4734
511 4735
512 4736
513 4737
514 4738
515 4739
516 4740
517 4741
518 4742
519 4743
520 4744
521 4745
522 4746
523 4747
524 4748
525 4749
526 4750
527 4751
528 4752
529 4753
530 4754
531 4755
532 4756
533 4757
534 4758
535 4759
536 4760
537 4761
538 4762
539 4763
540 4764
541 4765
542 4766
543 4767
544 4768
545 4769
546 4770
547 4771
548 4772
549 4773
550 4774
551 4775
552 4776
553 4777
554 4778
555 4779
556 4780
557 4781
558 4782
559 4783
560 4784
561 4785
562 4786
563 4787
564 4788
565 4789
566 4790
567 4791
568 4792
569 4793
570 4794
571 4795
572 4796
573 4797
574 4798
575 4799
576 4800
577 4801
578 4802
579 4803
580 4804
581 4805
582 4806
583 4807
584 4808
585 4809
586 4810
587 4811
588 4812
589 4813
590 4814
591 4815
592 4816
593 4817
594 4818
595 4819
596 4820
597 4821
598 4822
599 4823
600 4824
601 4825
602 4826
603 4827
604 4828
605 4829
606 4830
607 4831
608 4832
609 4833
610 4834
611 4835
612 4836
613 4837
614 4838
615 4839
616 4840
617 4841
618 4842
619 4843
620 4844
621 4845
622 4846
623 4847
624 4848
625 4849
626 4850
627 4851
628 4852
629 4853
630 4854
631 4855
632 4856
633 4857
634 4858
635 4859
636 4860
637 4861
638 4862
639 4863
640 4864
641 4865
642 4866
643 4867
644 4868
645 4869
646 4870
647 4871
648 4872
649 4873
650 4874
651 4875
652 4876
653 4877
654 4878
655 4879
656 4880
657 4881
658 4882
659 4883
660 4884
661 4885
662 4886
663 4887
664 4888
665 4889
666 4890
667 4891
668 4892
669 4893
670 4894
671 4895
672 4896
673 4897
674 4898
675 4899
676 4900
677 4901
678 4902
679 4903
680 4904
681 4905
682 4906
683 4907
684 4908
685 4909
686 4910
687 4911
688 4912
689 4913
690 4914
691 4915
692 4916
693 4917
694 4918
695 4919
696 4920
697 4921
698 4922
699 4923
700 4924
701 4925
702 4926
703 4927
704 4928
705 4929
706 4930
707 4931
708 4932
709 4933
710 4934
711 4935
712 4936
713 4937
714 4938
715 4939
716 4940
717 4941
718 4942
719 4943
720 4944
721 4945
722 4946
723 4947
724 4948
725 4949
726 4950
727 4951
728 4952
729 4953
730 4954
731 4955
732 4956
733 4957
734 4958
735 4959
736 4960
737 4961
738 4962
739 4963
740 4964
741 4965
742 4966
743 4967
744 4968
745 4969
746 4970
747 4971
748 4972
749 4973
750 4974
751 4975
752 4976
753 4977
754 4978
755 4979
756 4980
757 4981
758 4982
759 4983
760 4984
761 4985
762 4986
763 4987
764 4988
765 4989
766 4990
767 4991
768 25
769 26
770 27
771 28
772 29
773 30
774 31
775 32
776 33
777 34
778 35
779 36
780 37
781 38
782 39
783 40
784 41
785 42
786 43
787 44
788 45
789 46
790 47
791 48
792 49
793 50
794 51
795 52
796 53
797 54
798 55
799 56
800 57
801 58
802 59
803 60
804 61
805 62
806 63
807 64
808 65
809 66
810 67
811 68
812 69
813 70
814 71
815 72
816 73
817 74
818 75
819 76
820 77
821 78
822 79
823 80
824 81
825 82
826 83
827 84
828 85
829 86
830 87
831 88
832 89
833 90
834 91
835 92
836 93
837 94
838 95
839 96
840 97
841 98
842 99
843 100
844 101
845 102
846 103
847 104
848 105
849 106
850 107
851 108
852 109
853 110
854 111
855 112
856 113
857 114
858 115
859 116
860 117
861 118
862 119
863 120
864 121
865 122
866 123
867 124
868 125
869 126
870 127
871 128
872 129
873 130
874 131
875 132
876 133
877 134
878 135
879 136
880 137
881 138
882 139
883 140
884 141
885 142
886 143
887 144
888 145
889 146
890 147
891 148
892 149
893 150
894 151
895 152
896 153
897 154
898 155
899 156
900 157
901 158
902 159
903 160
904 161
905 162
906 163
907 164
908 165
909 166
910 167
911 168
912 169
913 170
914 171
915 172
916 173
917 174
918 175
919 176
920 177
921 178
922 179
923 180
924 181
925 182
926 183
927 184
928 185
929 186
930 187
931 188
932 189
933 190
934 191
935 192
936 193
937 194
938 195
939 196
940 197
941 198
942 199
943 200
944 201
945 202
946 203
947 204
948 205
949 206
950 207
951 208
952 209
953 210
954 211
955 212
956 213
957 214
958 215
959 216
960 217
961 218
962 219
963 220
964 221
965 222
966 223
967 224
968 225
969 226
970 227
971 228
972 229
973 230
974 231
975 232
976 233
977 234
978 235
979 236
980 237
981 238
982 239
983 240
984 241
985 242
986 243
987 244
988 245
989 246
990 247
991 248
992 249
993 250
994 251
995 252
996 253
997 254
998 255
999 256
1000 257
1001 258
1002 259
1003 260
1004 261
1005 262
1006 263
1007 264
1008 265
1009 266
1010 267
1011 268
1012 269
1013 270
1014 271
1015 272
1016 273
1017 274
1018 275
1019 276
1020 277
1021 278
1022 279
1023 280
1024 281
1025 282
1026 283
1027 284
1028 285
1029 286
1030 287
1031 288
1032 289
1033 290
1034 291
1035 292
1036 293
1037 294
1038 295
1039 296
1040 297
1041 298
1042 299
1043 300
1044 301
1045 302
1046 303
1047 304
1048 305
1049 306
1050 307
1051 308
1052 309
1053 310
1054 311
1055 312
1056 313
1057 314
1058 315
1059 316
1060 317
1061 318
1062 319
1063 320
1064 321
1065 322
1066 323
1067 324
1068 325
1069 326
1070 327
1071 328
1072 329
1073 330
1074 331
1075 332
1076 333
1077 334
1078 335
1079 336
1080 337
1081 338
1082 339
1083 340
1084 341
1085 342
1086 343
1087 344
1088 345
1089 346
1090 347
1091 348
1092 349
1093 350
1094 351
1095 352
1096 353
1097 354
1098 355
1099 356
1100 357
1101 358
1102 359
1103 360
1104 361
1105 362
1106 363
1107 364
1108 365
1109 366
1110 367
1111 368
1112 369
1113 370
1114 371
1115 372
1116 373
1117 374
1118 375
1119 376
1120 377
1121 378
1122 379
1123 380
1124 381
1125 382
1126 383
1127 0
1128 1
1129 2
1130 3
1131 4
1132 5
1133 6
1134 7
1135 8
1136 9
1137 10
1138 11
1139 12
1140 13
1141 14
1142 15
1143 16
1144 17
1145 18
1146 19
1147 20
1148 21
1149 22
1150 23
1151 24
768 498
769 499
770 500
771 501
772 502
773 503
774 504
775 505
776 506
777 507
778 508
779 509
780 510
781 511
782 512
783 513
784 514
785 515
786 516
787 517
788 518
789 519
790 520
791 521
792 522
793 523
794 524
795 525
796 526
797 527
798 528
799 529
800 530
801 531
802 532
803 533
804 534
805 535
806 536
807 537
808 538
809 539
810 540
811 541
812 542
813 543
814 544
815 545
816 546
817 547
818 548
819 549
820 550
821 551
822 552
823 553
824 554
825 555
826 556
827 557
828 558
829 559
830 560
831 561
832 562
833 563
834 564
835 565
836 566
837 567
838 568
839 569
840 570
841 571
842 572
843 573
844 574
845 575
846 576
847 577
848 578
849 579
850 580
851 581
852 582
853 583
854 584
855 585
856 586
857 587
858 588
859 589
860 590
861 591
862 592
863 593
864 594
865 595
866 596
867 597
868 598
869 599
870 600
871 601
872 602
873 603
874 604
875 605
876 606
877 607
878 608
879 609
880 610
881 611
882 612
883 613
884 614
885 615
886 616
887 617
888 618
889 619
890 620
891 621
892 622
893 623
894 624
895 625
896 626
897 627
898 628
899 629
900 630
901 631
902 632
903 633
904 634
905 635
906 636
907 637
908 638
909 639
910 640
911 641
912 642
913 643
914 644
915 645
916 646
917 647
918 648
919 649
920 650
921 651
922 652
923 653
924 654
925 655
926 656
927 657
928 658
929 659
930 660
931 661
932 662
933 663
934 664
935 665
936 666
937 667
938 668
939 669
940 670
941 671
942 672
943 673
944 674
945 675
946 676
947 677
948 678
949 679
950 680
951 681
952 682
953 683
954 684
955 685
956 686
957 687
958 688
959 689
960 690
961 691
962 692
963 693
964 694
965 695
966 696
967 697
968 698
969 699
970 700
971 701
972 702
973 703
974 704
975 705
976 706
977 707
978 708
979 709
980 710
981 711
982 712
983 713
984 714
985 715
986 716
987 717
988 718
989 719
990 720
991 721
992 722
993 723
994 724
995 725
996 726
997 727
998 728
999 729
1000 730
1001 731
1002 732
1003 733
1004 734
1005 735
1006 736
1007 737
1008 738
1009 739
1010 740
1011 741
1012 742
1013 743
1014 744
1015 745
1016 746
1017 747
1018 748
1019 749
1020 750
1021 751
1022 752
1023 753
1024 754
1025 755
1026 756
1027 757
1028 758
1029 759
1030 760
1031 761
1032 762
1033 763
1034 764
1035 765
1036 766
1037 767
1038 384
1039 385
1040 386
1041 387
1042 388
1043 389
1044 390
1045 391
1046 392
1047 393
1048 394
1049 395
1050 396
1051 397
1052 398
1053 399
1054 400
1055 401
1056 402
1057 403
1058 404
1059 405
1060 406
1061 407
1062 408
1063 409
1064 410
1065 411
1066 412
1067 413
1068 414
1069 415
1070 416
1071 417
1072 418
1073 419
1074 420
1075 421
1076 422
1077 423
1078 424
1079 425
1080 426
1081 427
1082 428
1083 429
1084 430
1085 431
1086 432
1087 433
1088 434
1089 435
1090 436
1091 437
1092 438
1093 439
1094 440
1095 441
1096 442
1097 443
1098 444
1099 445
1100 446
1101 447
1102 448
1103 449
1104 450
1105 451
1106 452
1107 453
1108 454
1109 455
1110 456
1111 457
1112 458
1113 459
1114 460
1115 461
1116 462
1117 463
1118 464
1119 465
1120 466
1121 467
1122 468
1123 469
1124 470
1125 471
1126 472
1127 473
1128 474
1129 475
1130 476
1131 477
1132 478
1133 479
1134 480
1135 481
1136 482
1137 483
1138 484
1139 485
1140 486
1141 487
1142 488
1143 489
1144 490
1145 491
1146 492
1147 493
1148 494
1149 495
1150 496
1151 497
768 1269
769 1270
770 1271
771 1272
772 1273
773 1274
774 1275
775 1276
776 1277
777 1278
778 1279
779 1280
780 1281
781 1282
782 1283
783 1284
784 1285
785 1286
786 1287
787 1288
788 1289
789 1290
790 1291
791 1292
792 1293
793 1294
794 1295
795 1296
796 1297
797 1298
798 1299
799 1300
800 1301
801 1302
802 1303
803 1304
804 1305
805 1306
806 1307
807 1308
808 1309
809 1310
810 1311
811 1312
812 1313
813 1314
814 1315
815 1316
816 1317
817 1318
818 1319
819 1320
820 1321
821 1322
822 1323
823 1324
824 1325
825 1326
826 1327
827 1328
828 1329
829 1330
830 1331
831 1332
832 1333
833 1334
834 1335
835 1336
836 1337
837 1338
838 1339
839 1340
840 1341
841 1342
842 1343
843 1344
844 1345
845 1346
846 1347
847 1348
848 1349
849 1350
850 1351
851 1352
852 1353
853 1354
854 1355
855 1356
856 1357
857 1358
858 1359
859 1360
860 1361
861 1362
862 1363
863 1364
864 1365
865 1366
866 1367
867 1368
868 1369
869 1370
870 1371
871 1372
872 1373
873 1374
874 1375
875 1376
876 1377
877 1378
878 1379
879 1380
880 1381
881 1382
882 1383
883 1384
884 1385
885 1386
886 1387
887 1388
888 1389
889 1390
890 1391
891 1392
892 1393
893 1394
894 1395
895 1396
896 1397
897 1398
898 1399
899 1400
900 1401
901 1402
902 1403
903 1404
904 1405
905 1406
906 1407
907 1408
908 1409
909 1410
910 1411
911 1412
912 1413
913 1414
914 1415
915 1416
916 1417
917 1418
918 1419
919 1420
920 1421
921 1422
922 1423
923 1424
924 1425
925 1426
926 1427
927 1428
928 1429
929 1430
930 1431
931 1432
932 1433
933 1434
934 1435
935 1436
936 1437
937 1438
938 1439
939 1440
940 1441
941 1442
942 1443
943 1444
944 1445
945 1446
946 1447
947 1448
948 1449
949 1450
950 1451
951 1452
952 1453
953 1454
954 1455
955 1456
956 1457
957 1458
958 1459
959 1460
960 1461
961 1462
962 1463
963 1464
964 1465
965 1466
966 1467
967 1468
968 1469
969 1470
970 1471
971 1472
972 1473
973 1474
974 1475
975 1476
976 1477
977 1478
978 1479
979 1480
980 1481
981 1482
982 1483
983 1484
984 1485
985 1486
986 1487
987 1488
988 1489
989 1490
990 1491
991 1492
992 1493
993 1494
994 1495
995 1496
996 1497
997 1498
998 1499
999 1500
1000 1501
1001 1502
1002 1503
1003 1504
1004 1505
1005 1506
1006 1507
1007 1508
1008 1509
1009 1510
1010 1511
1011 1512
1012 1513
1013 1514
1014 1515
1015 1516
1016 1517
1017 1518
1018 1519
1019 1520
1020 1521
1021 1522
1022 1523
1023 1524
1024 1525
1025 1526
1026 1527
1027 1528
1028 1529
1029 1530
1030 1531
1031 1532
1032 1533
1033 1534
1034 1535
1035 1152
1036 1153
1037 1154
1038 1155
1039 1156
1040 1157
1041 1158
1042 1159
1043 1160
1044 1161
1045 1162
1046 1163
1047 1164
1048 1165
1049 1166
1050 1167
1051 1168
1052 1169
1053 1170
1054 1171
1055 1172
1056 1173
1057 1174
1058 1175
1059 1176
1060 1177
1061 1178
1062 1179
1063 1180
1064 1181
1065 1182
1066 1183
1067 1184
1068 1185
1069 1186
1070 1187
1071 1188
1072 1189
1073 1190
1074 1191
1075 1192
1076 1193
1077 1194
1078 1195
1079 1196
1080 1197
1081 1198
1082 1199
1083 1200
1084 1201
1085 1202
1086 1203
1087 1204
1088 1205
1089 1206
1090 1207
1091 1208
1092 1209
1093 1210
1094 1211
1095 1212
1096 1213
1097 1214
1098 1215
1099 1216
1100 1217
1101 1218
1102 1219
1103 1220
1104 1221
1105 1222
1106 1223
1107 1224
1108 1225
1109 1226
1110 1227
1111 1228
1112 1229
1113 1230
1114 1231
1115 1232
1116 1233
1117 1234
1118 1235
1119 1236
1120 1237
1121 1238
1122 1239
1123 1240
1124 1241
1125 1242
1126 1243
1127 1244
1128 1245
1129 1246
1130 1247
1131 1248
1132 1249
1133 1250
1134 1251
1135 1252
1136 1253
1137 1254
1138 1255
1139 1256
1140 1257
1141 1258
1142 1259
1143 1260
1144 1261
1145 1262
1146 1263
1147 1264
1148 1265
1149 1266
1150 1267
1151 1268
768 1646
769 1647
770 1648
771 1649
772 1650
773 1651
774 1652
775 1653
776 1654
777 1655
778 1656
779 1657
780 1658
781 1659
782 1660
783 1661
784 1662
785 1663
786 1664
787 1665
788 1666
789 1667
790 1668
791 1669
792 1670
793 1671
794 1672
795 1673
796 1674
797 1675
798 1676
799 1677
800 1678
801 1679
802 1680
803 1681
804 1682
805 1683
806 1684
807 1685
808 1686
809 1687
810 1688
811 1689
812 1690
813 1691
814 1692
815 1693
816 1694
817 1695
818 1696
819 1697
820 1698
821 1699
822 1700
823 1701
824 1702
825 1703
826 1704
827 1705
828 1706
829 1707
830 1708
831 1709
832 1710
833 1711
834 1712
835 1713
836 1714
837 1715
838 1716
839 1717
840 1718
841 1719
842 1720
843 1721
844 1722
845 1723
846 1724
847 1725
848 1726
849 1727
850 1728
851 1729
852 1730
853 1731
854 1732
855 1733
856 1734
857 1735
858 1736
859 1737
860 1738
861 1739
862 1740
863 1741
864 1742
865 1743
866 1744
867 1745
868 1746
869 1747
870 1748
871 1749
872 1750
873 1751
874 1752
875 1753
876 1754
877 1755
878 1756
879 1757
880 1758
881 1759
882 1760
883 1761
884 1762
885 1763
886 1764
887 1765
888 1766
889 1767
890 1768
891 1769
892 1770
893 1771
894 1772
895 1773
896 1774
897 1775
898 1776
899 1777
900 1778
901 1779
902 1780
903 1781
904 1782
905 1783
906 1784
907 1785
908 1786
909 1787
910 1788
911 1789
912 1790
913 1791
914 1792
915 1793
916 1794
917 1795
918 1796
919 1797
920 1798
921 1799
922 1800
923 1801
924 1802
925 1803
926 1804
927 1805
928 1806
929 1807
930 1808
931 1809
932 1810
933 1811
934 1812
935 1813
936 1814
937 1815
938 1816
939 1817
940 1818
941 1819
942 1820
943 1821
944 1822
945 1823
946 1824
947 1825
948 1826
949 1827
950 1828
951 1829
952 1830
953 1831
954 1832
955 1833
956 1834
957 1835
958 1836
959 1837
960 1838
961 1839
962 1840
963 1841
964 1842
965 1843
966 1844
967 1845
968 1846
969 1847
970 1848
971 1849
972 1850
973 1851
974 1852
975 1853
976 1854
977 1855
978 1856
979 1857
980 1858
981 1859
982 1860
983 1861
984 1862
985 1863
986 1864
987 1865
988 1866
989 1867
990 1868
991 1869
992 1870
993 1871
994 1872
995 1873
996 1874
997 1875
998 1876
999 1877
1000 1878
1001 1879
1002 1880
1003 1881
1004 1882
1005 1883
1006 1884
1007 1885
1008 1886
1009 1887
1010 1888
1011 1889
1012 1890
1013 1891
1014 1892
1015 1893
1016 1894
1017 1895
1018 1896
1019 1897
1020 1898
1021 1899
1022 1900
1023 1901
1024 1902
1025 1903
1026 1904
1027 1905
1028 1906
1029 1907
1030 1908
1031 1909
1032 1910
1033 1911
1034 1912
1035 1913
1036 1914
1037 1915
1038 1916
1039 1917
1040 1918
1041 1919
1042 1536
1043 1537
1044 1538
1045 1539
1046 1540
1047 1541
1048 1542
1049 1543
1050 1544
1051 1545
1052 1546
1053 1547
1054 1548
1055 1549
1056 1550
1057 1551
1058 1552
1059 1553
1060 1554
1061 1555
1062 1556
1063 1557
1064 1558
1065 1559
1066 1560
1067 1561
1068 1562
1069 1563
1070 1564
1071 1565
1072 1566
1073 1567
1074 1568
1075 1569
1076 1570
1077 1571
1078 1572
1079 1573
1080 1574
1081 1575
1082 1576
1083 1577
1084 1578
1085 1579
1086 1580
1087 1581
1088 1582
1089 1583
1090 1584
1091 1585
1092 1586
1093 1587
1094 1588
1095 1589
1096 1590
1097 1591
1098 1592
1099 1593
1100 1594
1101 1595
1102 1596
1103 1597
1104 1598
1105 1599
1106 1600
1107 1601
1108 1602
1109 1603
1110 1604
1111 1605
1112 1606
1113 1607
1114 1608
1115 1609
1116 1610
1117 1611
1118 1612
1119 1613
1120 1614
1121 1615
1122 1616
1123 1617
1124 1618
1125 1619
1126 1620
1127 1621
1128 1622
1129 1623
1130 1624
1131 1625
1132 1626
1133 1627
1134 1628
1135 1629
1136 1630
1137 1631
1138 1632
1139 1633
1140 1634
1141 1635
1142 1636
1143 1637
1144 1638
1145 1639
1146 1640
1147 1641
1148 1642
1149 1643
1150 1644
1151 1645
768 3186
769 3187
770 3188
771 3189
772 3190
773 3191
774 3192
775 3193
776 3194
777 3195
778 3196
779 3197
780 3198
781 3199
782 3200
783 3201
784 3202
785 3203
786 3204
787 3205
788 3206
789 3207
790 3208
791 3209
792 3210
793 3211
794 3212
795 3213
796 3214
797 3215
798 3216
799 3217
800 3218
801 3219
802 3220
803 3221
804 3222
805 3223
806 3224
807 3225
808 3226
809 3227
810 3228
811 3229
812 3230
813 3231
814 3232
815 3233
816 3234
817 3235
818 3236
819 3237
820 3238
821 3239
822 3240
823 3241
824 3242
825 3243
826 3244
827 3245
828 3246
829 3247
830 3248
831 3249
832 3250
833 3251
834 3252
835 3253
836 3254
837 3255
838 3256
839 3257
840 3258
841 3259
842 3260
843 3261
844 3262
845 3263
846 3264
847 3265
848 3266
849 3267
850 3268
851 3269
852 3270
853 3271
854 3272
855 3273
856 3274
857 3275
858 3276
859 3277
860 3278
861 3279
862 3280
863 3281
864 3282
865 3283
866 3284
867 3285
868 3286
869 3287
870 3288
871 3289
872 3290
873 3291
874 3292
875 3293
876 3294
877 3295
878 3296
879 3297
880 3298
881 3299
882 3300
883 3301
884 3302
885 3303
886 3304
887 3305
888 3306
889 3307
890 3308
891 3309
892 3310
893 3311
894 3312
895 3313
896 3314
897 3315
898 3316
899 3317
900 3318
901 3319
902 3320
903 3321
904 3322
905 3323
906 3324
907 3325
908 3326
909 3327
910 3328
911 3329
912 3330
913 3331
914 3332
915 3333
916 3334
917 3335
918 3336
919 3337
920 3338
921 3339
922 3340
923 3341
924 3342
925 3343
926 3344
927 3345
928 3346
929 3347
930 3348
931 3349
932 3350
933 3351
934 3352
935 3353
936 3354
937 3355
938 3356
939 3357
940 3358
941 3359
942 3360
943 3361
944 3362
945 3363
946 3364
947 3365
948 3366
949 3367
950 3368
951 3369
952 3370
953 3371
954 3372
955 3373
956 3374
957 3375
958 3376
959 3377
960 3378
961 3379
962 3380
963 3381
964 3382
965 3383
966 3384
967 3385
968 3386
969 3387
970 3388
971 3389
972 3390
973 3391
974 3392
975 3393
976 3394
977 3395
978 3396
979 3397
980 3398
981 3399
982 3400
983 3401
984 3402
985 3403
986 3404
987 3405
988 3406
989 3407
990 3408
991 3409
992 3410
993 3411
994 3412
995 3413
996 3414
997 3415
998 3416
999 3417
1000 3418
1001 3419
1002 3420
1003 3421
1004 3422
1005 3423
1006 3424
1007 3425
1008 3426
1009 3427
1010 3428
1011 3429
1012 3430
1013 3431
1014 3432
1015 3433
1016 3434
1017 3435
1018 3436
1019 3437
1020 3438
1021 3439
1022 3440
1023 3441
1024 3442
1025 3443
1026 3444
1027 3445
1028 3446
1029 3447
1030 3448
1031 3449
1032 3450
1033 3451
1034 3452
1035 3453
1036 3454
1037 3455
1038 3072
1039 3073
1040 3074
1041 3075
1042 3076
1043 3077
1044 3078
1045 3079
1046 3080
1047 3081
1048 3082
1049 3083
1050 3084
1051 3085
1052 3086
1053 3087
1054 3088
1055 3089
1056 3090
1057 3091
1058 3092
1059 3093
1060 3094
1061 3095
1062 3096
1063 3097
1064 3098
1065 3099
1066 3100
1067 3101
1068 3102
1069 3103
1070 3104
1071 3105
1072 3106
1073 3107
1074 3108
1075 3109
1076 3110
1077 3111
1078 3112
1079 3113
1080 3114
1081 3115
1082 3116
1083 3117
1084 3118
1085 3119
1086 3120
1087 3121
1088 3122
1089 3123
1090 3124
1091 3125
1092 3126
1093 3127
1094 3128
1095 3129
1096 3130
1097 3131
1098 3132
1099 3133
1100 3134
1101 3135
1102 3136
1103 3137
1104 3138
1105 3139
1106 3140
1107 3141
1108 3142
1109 3143
1110 3144
1111 3145
1112 3146
1113 3147
1114 3148
1115 3149
1116 3150
1117 3151
1118 3152
1119 3153
1120 3154
1121 3155
1122 3156
1123 3157
1124 3158
1125 3159
1126 3160
1127 3161
1128 3162
1129 3163
1130 3164
1131 3165
1132 3166
1133 3167
1134 3168
1135 3169
1136 3170
1137 3171
1138 3172
1139 3173
1140 3174
1141 3175
1142 3176
1143 3177
1144 3178
1145 3179
1146 3180
1147 3181
1148 3182
1149 3183
1150 3184
1151 3185
768 3841
769 3842
770 3843
771 3844
772 3845
773 3846
774 3847
775 3848
776 3849
777 3850
778 3851
779 3852
780 3853
781 3854
782 3855
783 3856
784 3857
785 3858
786 3859
787 3860
788 3861
789 3862
790 3863
791 3864
792 3865
793 3866
794 3867
795 3868
796 3869
797 3870
798 3871
799 3872
800 3873
801 3874
802 3875
803 3876
804 3877
805 3878
806 3879
807 3880
808 3881
809 3882
810 3883
811 3884
812 3885
813 3886
814 3887
815 3888
816 3889
817 3890
818 3891
819 3892
820 3893
821 3894
822 3895
823 3896
824 3897
825 3898
826 3899
827 3900
828 3901
829 3902
830 3903
831 3904
832 3905
833 3906
834 3907
835 3908
836 3909
837 3910
838 3911
839 3912
840 3913
841 3914
842 3915
843 3916
844 3917
845 3918
846 3919
847 3920
848 3921
849 3922
850 3923
851 3924
852 3925
853 3926
854 3927
855 3928
856 3929
857 3930
858 3931
859 3932
860 3933
861 3934
862 3935
863 3936
864 3937
865 3938
866 3939
867 3940
868 3941
869 3942
870 3943
871 3944
872 3945
873 3946
874 3947
875 3948
876 3949
877 3950
878 3951
879 3952
880 3953
881 3954
882 3955
883 3956
884 3957
885 3958
886 3959
887 3960
888 3961
889 3962
890 3963
891 3964
892 3965
893 3966
894 3967
895 3968
896 3969
897 3970
898 3971
899 3972
900 3973
901 3974
902 3975
903 3976
904 3977
905 3978
906 3979
907 3980
908 3981
909 3982
910 3983
911 3984
912 3985
913 3986
914 3987
915 3988
916 3989
917 3990
918 3991
919 3992
920 3993
921 3994
922 3995
923 3996
924 3997
925 3998
926 3999
927 4000
928 4001
929 4002
930 4003
931 4004
932 4005
933 4006
934 4007
935 4008
936 4009
937 4010
938 4011
939 4012
940 4013
941 4014
942 4015
943 4016
944 4017
945 4018
946 4019
947 4020
948 4021
949 4022
950 4023
951 4024
952 4025
953 4026
954 4027
955 4028
956 4029
957 4030
958 4031
959 4032
960 4033
961 4034
962 4035
963 4036
964 4037
965 4038
966 4039
967 4040
968 4041
969 4042
970 4043
971 4044
972 4045
973 4046
974 4047
975 4048
976 4049
977 4050
978 4051
979 4052
980 4053
981 4054
982 4055
983 4056
984 4057
985 4058
986 4059
987 4060
988 4061
989 4062
990 4063
991 4064
992 4065
993 4066
994 4067
995 4068
996 4069
997 4070
998 4071
999 4072
1000 4073
1001 4074
1002 4075
1003 4076
1004 4077
1005 4078
1006 4079
1007 4080
1008 4081
1009 4082
1010 4083
1011 4084
1012 4085
1013 4086
1014 4087
1015 4088
1016 4089
1017 4090
1018 4091
1019 4092
1020 4093
1021 4094
1022 4095
1023 4096
1024 4097
1025 4098
1026 4099
1027 4100
1028 4101
1029 4102
1030 4103
1031 4104
1032 4105
1033 4106
1034 4107
1035 4108
1036 4109
1037 4110
1038 4111
1039 4112
1040 4113
1041 4114
1042 4115
1043 4116
1044 4117
1045 4118
1046 4119
1047 4120
1048 4121
1049 4122
1050 4123
1051 4124
1052 4125
1053 4126
1054 4127
1055 4128
1056 4129
1057 4130
1058 4131
1059 4132
1060 4133
1061 4134
1062 4135
1063 4136
1064 4137
1065 4138
1066 4139
1067 4140
1068 4141
1069 4142
1070 4143
1071 4144
1072 4145
1073 4146
1074 4147
1075 4148
1076 4149
1077 4150
1078 4151
1079 4152
1080 4153
1081 4154
1082 4155
1083 4156
1084 4157
1085 4158
1086 4159
1087 4160
1088 4161
1089 4162
1090 4163
1091 4164
1092 4165
1093 4166
1094 4167
1095 4168
1096 4169
1097 4170
1098 4171
1099 4172
1100 4173
1101 4174
1102 4175
1103 4176
1104 4177
1105 4178
1106 4179
1107 4180
1108 4181
1109 4182
1110 4183
1111 4184
1112 4185
1113 4186
1114 4187
1115 4188
1116 4189
1117 4190
1118 4191
1119 4192
1120 4193
1121 4194
1122 4195
1123 4196
1124 4197
1125 4198
1126 4199
1127 4200
1128 4201
1129 4202
1130 4203
1131 4204
1132 4205
1133 4206
1134 4207
1135 4208
1136 4209
1137 4210
1138 4211
1139 4212
1140 4213
1141 4214
1142 4215
1143 4216
1144 4217
1145 4218
1146 4219
1147 4220
1148 4221
1149 4222
1150 4223
1151 3840
768 4608
769 4609
770 4610
771 4611
772 4612
773 4613
774 4614
775 4615
776 4616
777 4617
778 4618
779 4619
780 4620
781 4621
782 4622
783 4623
784 4624
785 4625
786 4626
787 4627
788 4628
789 4629
790 4630
791 4631
792 4632
793 4633
794 4634
795 4635
796 4636
797 4637
798 4638
799 4639
800 4640
801 4641
802 4642
803 4643
804 4644
805 4645
806 4646
807 4647
808 4648
809 4649
810 4650
811 4651
812 4652
813 4653
814 4654
815 4655
816 4656
817 4657
818 4658
819 4659
820 4660
821 4661
822 4662
823 4663
824 4664
825 4665
826 4666
827 4667
828 4668
829 4669
830 4670
831 4671
832 4672
833 4673
834 4674
835 4675
836 4676
837 4677
838 4678
839 4679
840 4680
841 4681
842 4682
843 4683
844 4684
845 4685
846 4686
847 4687
848 4688
849 4689
850 4690
851 4691
852 4692
853 4693
854 4694
855 4695
856 4696
857 4697
858 4698
859 4699
860 4700
861 4701
862 4702
863 4703
864 4704
865 4705
866 4706
867 4707
868 4708
869 4709
870 4710
871 4711
872 4712
873 4713
874 4714
875 4715
876 4716
877 4717
878 4718
879 4719
880 4720
881 4721
882 4722
883 4723
884 4724
885 4725
886 4726
887 4727
888 4728
889 4729
890 4730
891 4731
892 4732
893 4733
894 4734
895 4735
896 4736
897 4737
898 4738
899 4739
900 4740
901 4741
902 4742
903 4743
904 4744
905 4745
906 4746
907 4747
908 4748
909 4749
910 4750
911 4751
912 4752
913 4753
914 4754
915 4755
916 4756
917 4757
918 4758
919 4759
920 4760
921 4761
922 4762
923 4763
924 4764
925 4765
926 4766
927 4767
928 4768
929 4769
930 4770
931 4771
932 4772
933 4773
934 4774
935 4775
936 4776
937 4777
938 4778
939 4779
940 4780
941 4781
942 4782
943 4783
944 4784
945 4785
946 4786
947 4787
948 4788
949 4789
950 4790
951 4791
952 4792
953 4793
954 4794
955 4795
956 4796
957 4797
958 4798
959 4799
960 4800
961 4801
962 4802
963 4803
964 4804
965 4805
966 4806
967 4807
968 4808
969 4809
970 4810
971 4811
972 4812
973 4813
974 4814
975 4815
976 4816
977 4817
978 4818
979 4819
980 4820
981 4821
982 4822
983 4823
984 4824
985 4825
986 4826
987 4827
988 4828
989 4829
990 4830
991 4831
992 4832
993 4833
994 4834
995 4835
996 4836
997 4837
998 4838
999 4839
1000 4840
1001 4841
1002 4842
1003 4843
1004 4844
1005 4845
1006 4846
1007 4847
1008 4848
1009 4849
1010 4850
1011 4851
1012 4852
1013 4853
1014 4854
1015 4855
1016 4856
1017 4857
1018 4858
1019 4859
1020 4860
1021 4861
1022 4862
1023 4863
1024 4864
1025 4865
1026 4866
1027 4867
1028 4868
1029 4869
1030 4870
1031 4871
1032 4872
1033 4873
1034 4874
1035 4875
1036 4876
1037 4877
1038 4878
1039 4879
1040 4880
1041 4881
1042 4882
1043 4883
1044 4884
1045 4885
1046 4886
1047 4887
1048 4888
1049 4889
1050 4890
1051 4891
1052 4892
1053 4893
1054 4894
1055 4895
1056 4896
1057 4897
1058 4898
1059 4899
1060 4900
1061 4901
1062 4902
1063 4903
1064 4904
1065 4905
1066 4906
1067 4907
1068 4908
1069 4909
1070 4910
1071 4911
1072 4912
1073 4913
1074 4914
1075 4915
1076 4916
1077 4917
1078 4918
1079 4919
1080 4920
1081 4921
1082 4922
1083 4923
1084 4924
1085 4925
1086 4926
1087 4927
1088 4928
1089 4929
1090 4930
1091 4931
1092 4932
1093 4933
1094 4934
1095 4935
1096 4936
1097 4937
1098 4938
1099 4939
1100 4940
1101 4941
1102 4942
1103 4943
1104 4944
1105 4945
1106 4946
1107 4947
1108 4948
1109 4949
1110 4950
1111 4951
1112 4952
1113 4953
1114 4954
1115 4955
1116 4956
1117 4957
1118 4958
1119 4959
1120 4960
1121 4961
1122 4962
1123 4963
1124 4964
1125 4965
1126 4966
1127 4967
1128 4968
1129 4969
1130 4970
1131 4971
1132 4972
1133 4973
1134 4974
1135 4975
1136 4976
1137 4977
1138 4978
1139 4979
1140 4980
1141 4981
1142 4982
1143 4983
1144 4984
1145 4985
1146 4986
1147 4987
1148 4988
1149 4989
1150 4990
1151 4991
768 4992
769 4993
770 4994
771 4995
772 4996
773 4997
774 4998
775 4999
776 5000
777 5001
778 5002
779 5003
780 5004
781 5005
782 5006
783 5007
784 5008
785 5009
786 5010
787 5011
788 5012
789 5013
790 5014
791 5015
792 5016
793 5017
794 5018
795 5019
796 5020
797 5021
798 5022
799 5023
800 5024
801 5025
802 5026
803 5027
804 5028
805 5029
806 5030
807 5031
808 5032
809 5033
810 5034
811 5035
812 5036
813 5037
814 5038
815 5039
816 5040
817 5041
818 5042
819 5043
820 5044
821 5045
822 5046
823 5047
824 5048
825 5049
826 5050
827 5051
828 5052
829 5053
830 5054
831 5055
832 5056
833 5057
834 5058
835 5059
836 5060
837 5061
838 5062
839 5063
840 5064
841 5065
842 5066
843 5067
844 5068
845 5069
846 5070
847 5071
848 5072
849 5073
850 5074
851 5075
852 5076
853 5077
854 5078
855 5079
856 5080
857 5081
858 5082
859 5083
860 5084
861 5085
862 5086
863 5087
864 5088
865 5089
866 5090
867 5091
868 5092
869 5093
870 5094
871 5095
872 5096
873 5097
874 5098
875 5099
876 5100
877 5101
878 5102
879 5103
880 5104
881 5105
882 5106
883 5107
884 5108
885 5109
886 5110
887 5111
888 5112
889 5113
890 5114
891 5115
892 5116
893 5117
894 5118
895 5119
896 5120
897 5121
898 5122
899 5123
900 5124
901 5125
902 5126
903 5127
904 5128
905 5129
906 5130
907 5131
908 5132
909 5133
910 5134
911 5135
912 5136
913 5137
914 5138
915 5139
916 5140
917 5141
918 5142
919 5143
920 5144
921 5145
922 5146
923 5147
924 5148
925 5149
926 5150
927 5151
928 5152
929 5153
930 5154
931 5155
932 5156
933 5157
934 5158
935 5159
936 5160
937 5161
938 5162
939 5163
940 5164
941 5165
942 5166
943 5167
944 5168
945 5169
946 5170
947 5171
948 5172
949 5173
950 5174
951 5175
952 5176
953 5177
954 5178
955 5179
956 5180
957 5181
958 5182
959 5183
960 5184
961 5185
962 5186
963 5187
964 5188
965 5189
966 5190
967 5191
968 5192
969 5193
970 5194
971 5195
972 5196
973 5197
974 5198
975 5199
976 5200
977 5201
978 5202
979 5203
980 5204
981 5205
982 5206
983 5207
984 5208
985 5209
986 5210
987 5211
988 5212
989 5213
990 5214
991 5215
992 5216
993 5217
994 5218
995 5219
996 5220
997 5221
998 5222
999 5223
1000 5224
1001 5225
1002 5226
1003 5227
1004 5228
1005 5229
1006 5230
1007 5231
1008 5232
1009 5233
1010 5234
1011 5235
1012 5236
1013 5237
1014 5238
1015 5239
1016 5240
1017 5241
1018 5242
1019 5243
1020 5244
1021 5245
1022 5246
1023 5247
1024 5248
1025 5249
1026 5250
1027 5251
1028 5252
1029 5253
1030 5254
1031 5255
1032 5256
1033 5257
1034 5258
1035 5259
1036 5260
1037 5261
1038 5262
1039 5263
1040 5264
1041 5265
1042 5266
1043 5267
1044 5268
1045 5269
1046 5270
1047 5271
1048 5272
1049 5273
1050 5274
1051 5275
1052 5276
1053 5277
1054 5278
1055 5279
1056 5280
1057 5281
1058 5282
1059 5283
1060 5284
1061 5285
1062 5286
1063 5287
1064 5288
1065 5289
1066 5290
1067 5291
1068 5292
1069 5293
1070 5294
1071 5295
1072 5296
1073 5297
1074 5298
1075 5299
1076 5300
1077 5301
1078 5302
1079 5303
1080 5304
1081 5305
1082 5306
1083 5307
1084 5308
1085 5309
1086 5310
1087 5311
1088 5312
1089 5313
1090 5314
1091 5315
1092 5316
1093 5317
1094 5318
1095 5319
1096 5320
1097 5321
1098 5322
1099 5323
1100 5324
1101 5325
1102 5326
1103 5327
1104 5328
1105 5329
1106 5330
1107 5331
1108 5332
1109 5333
1110 5334
1111 5335
1112 5336
1113 5337
1114 5338
1115 5339
1116 5340
1117 5341
1118 5342
1119 5343
1120 5344
1121 5345
1122 5346
1123 5347
1124 5348
1125 5349
1126 5350
1127 5351
1128 5352
1129 5353
1130 5354
1131 5355
1132 5356
1133 5357
1134 5358
1135 5359
1136 5360
1137 5361
1138 5362
1139 5363
1140 5364
1141 5365
1142 5366
1143 5367
1144 5368
1145 5369
1146 5370
1147 5371
1148 5372
1149 5373
1150 5374
1151 5375
1152 520
1153 521
1154 522
1155 523
1156 524
1157 525
1158 526
1159 527
1160 528
1161 529
1162 530
1163 531
1164 532
1165 533
1166 534
1167 535
1168 536
1169 537
1170 538
1171 539
1172 540
1173 541
1174 542
1175 543
1176 544
1177 545
1178 546
1179 547
1180 548
1181 549
1182 550
1183 551
1184 552
1185 553
1186 554
1187 555
1188 556
1189 557
1190 558
1191 559
1192 560
1193 561
1194 562
1195 563
1196 564
1197 565
1198 566
1199 567
1200 568
1201 569
1202 570
1203 571
1204 572
1205 573
1206 574
1207 575
1208 576
1209 577
1210 578
1211 579
1212 580
1213 581
1214 582
1215 583
1216 584
1217 585
1218 586
1219 587
1220 588
1221 589
1222 590
1223 591
1224 592
1225 593
1226 594
1227 595
1228 596
1229 597
1230 598
1231 599
1232 600
1233 601
1234 602
1235 603
1236 604
1237 605
1238 606
1239 607
1240 608
1241 609
1242 610
1243 611
1244 612
1245 613
1246 614
1247 615
1248 616
1249 617
1250 618
1251 619
1252 620
1253 621
1254 622
1255 623
1256 624
1257 625
1258 626
1259 627
1260 628
1261 629
1262 630
1263 631
1264 632
1265 633
1266 634
1267 635
1268 636
1269 637
1270 638
1271 639
1272 640
1273 641
1274 642
1275 643
1276 644
1277 645
1278 646
1279 647
1280 648
1281 649
1282 650
1283 651
1284 652
1285 653
1286 654
1287 655
1288 656
1289 657
1290 658
1291 659
1292 660
1293 661
1294 662
1295 663
1296 664
1297 665
1298 666
1299 667
1300 668
1301 669
1302 670
1303 671
1304 672
1305 673
1306 674
1307 675
1308 676
1309 677
1310 678
1311 679
1312 680
1313 681
1314 682
1315 683
1316 684
1317 685
1318 686
1319 687
1320 688
1321 689
1322 690
1323 691
1324 692
1325 693
1326 694
1327 695
1328 696
1329 697
1330 698
1331 699
1332 700
1333 701
1334 702
1335 703
1336 704
1337 705
1338 706
1339 707
1340 708
1341 709
1342 710
1343 711
1344 712
1345 713
1346 714
1347 715
1348 716
1349 717
1350 718
1351 719
1352 720
1353 721
1354 722
1355 723
1356 724
1357 725
1358 726
1359 727
1360 728
1361 729
1362 730
1363 731
1364 732
1365 733
1366 734
1367 735
1368 736
1369 737
1370 738
1371 739
1372 740
1373 741
1374 742
1375 743
1376 744
1377 745
1378 746
1379 747
1380 748
1381 749
1382 750
1383 751
1384 752
1385 753
1386 754
1387 755
1388 756
1389 757
1390 758
1391 759
1392 760
1393 761
1394 762
1395 763
1396 764
1397 765
1398 766
1399 767
1400 384
1401 385
1402 386
1403 387
1404 388
1405 389
1406 390
1407 391
1408 392
1409 393
1410 394
1411 395
1412 396
1413 397
1414 398
1415 399
1416 400
1417 401
1418 402
1419 403
1420 404
1421 405
1422 406
1423 407
1424 408
1425 409
1426 410
1427 411
1428 412
1429 413
1430 414
1431 415
1432 416
1433 417
1434 418
1435 419
1436 420
1437 421
1438 422
1439 423
1440 424
1441 425
1442 426
1443 427
1444 428
1445 429
1446 430
1447 431
1448 432
1449 433
1450 434
1451 435
1452 436
1453 437
1454 438
1455 439
1456 440
1457 441
1458 442
1459 443
1460 444
1461 445
1462 446
1463 447
1464 448
1465 449
1466 450
1467 451
1468 452
1469 453
1470 454
1471 455
1472 456
1473 457
1474 458
1475 459
1476 460
1477 461
1478 462
1479 463
1480 464
1481 465
1482 466
1483 467
1484 468
1485 469
1486 470
1487 471
1488 472
1489 473
1490 474
1491 475
1492 476
1493 477
1494 478
1495 479
1496 480
1497 481
1498 482
1499 483
1500 484
1501 485
1502 486
1503 487
1504 488
1505 489
1506 490
1507 491
1508 492
1509 493
1510 494
1511 495
1512 496
1513 497
1514 498
1515 499
1516 500
1517 501
1518 502
1519 503
1520 504
1521 505
1522 506
1523 507
1524 508
1525 509
1526 510
1527 511
1528 512
1529 513
1530 514
1531 515
1532 516
1533 517
1534 518
1535 519
1152 943
1153 944
1154 945
1155 946
1156 947
1157 948
1158 949
1159 950
1160 951
1161 952
1162 953
1163 954
1164 955
1165 956
1166 957
1167 958
1168 959
1169 960
1170 961
1171 962
1172 963
1173 964
1174 965
1175 966
1176 967
1177 968
1178 969
1179 970
1180 971
1181 972
1182 973
1183 974
1184 975
1185 976
1186 977
1187 978
1188 979
1189 980
1190 981
1191 982
1192 983
1193 984
1194 985
1195 986
1196 987
1197 988
1198 989
1199 990
1200 991
1201 992
1202 993
1203 994
1204 995
1205 996
1206 997
1207 998
1208 999
1209 1000
1210 1001
1211 1002
1212 1003
1213 1004
1214 1005
1215 1006
1216 1007
1217 1008
1218 1009
1219 1010
1220 1011
1221 1012
1222 1013
1223 1014
1224 1015
1225 1016
1226 1017
1227 1018
1228 1019
1229 1020
1230 1021
1231 1022
1232 1023
1233 1024
1234 1025
1235 1026
1236 1027
1237 1028
1238 1029
1239 1030
1240 1031
1241 1032
1242 1033
1243 1034
1244 1035
1245 1036
1246 1037
1247 1038
1248 1039
1249 1040
1250 1041
1251 1042
1252 1043
1253 1044
1254 1045
1255 1046
1256 1047
1257 1048
1258 1049
1259 1050
1260 1051
1261 1052
1262 1053
1263 1054
1264 1055
1265 1056
1266 1057
1267 1058
1268 1059
1269 1060
1270 1061
1271 1062
1272 1063
1273 1064
1274 1065
1275 1066
1276 1067
1277 1068
1278 1069
1279 1070
1280 1071
1281 1072
1282 1073
1283 1074
1284 1075
1285 1076
1286 1077
1287 1078
1288 1079
1289 1080
1290 1081
1291 1082
1292 1083
1293 1084
1294 1085
1295 1086
1296 1087
1297 1088
1298 1089
1299 1090
1300 1091
1301 1092
1302 1093
1303 1094
1304 1095
1305 1096
1306 1097
1307 1098
1308 1099
1309 1100
1310 1101
1311 1102
1312 1103
1313 1104
1314 1105
1315 1106
1316 1107
1317 1108
1318 1109
1319 1110
1320 1111
1321 1112
1322 1113
1323 1114
1324 1115
1325 1116
1326 1117
1327 1118
1328 1119
1329 1120
1330 1121
1331 1122
1332 1123
1333 1124
1334 1125
1335 1126
1336 1127
1337 1128
1338 1129
1339 1130
1340 1131
1341 1132
1342 1133
1343 1134
1344 1135
1345 1136
1346 1137
1347 1138
1348 1139
1349 1140
1350 1141
1351 1142
1352 1143
1353 1144
1354 1145
1355 1146
1356 1147
1357 1148
1358 1149
1359 1150
1360 1151
1361 768
1362 769
1363 770
1364 771
1365 772
1366 773
1367 774
1368 775
1369 776
1370 777
1371 778
1372 779
1373 780
1374 781
1375 782
1376 783
1377 784
1378 785
1379 786
1380 787
1381 788
1382 789
1383 790
1384 791
1385 792
1386 793
1387 794
1388 795
1389 796
1390 797
1391 798
1392 799
1393 800
1394 801
1395 802
1396 803
1397 804
1398 805
1399 806
1400 807
1401 808
1402 809
1403 810
1404 811
1405 812
1406 813
1407 814
1408 815
1409 816
1410 817
1411 818
1412 819
1413 820
1414 821
1415 822
1416 823
1417 824
1418 825
1419 826
1420 827
1421 828
1422 829
1423 830
1424 831
1425 832
1426 833
1427 834
1428 835
1429 836
1430 837
1431 838
1432 839
1433 840
1434 841
1435 842
1436 843
1437 844
1438 845
1439 846
1440 847
1441 848
1442 849
1443 850
1444 851
1445 852
1446 853
1447 854
1448 855
1449 856
1450 857
1451 858
1452 859
1453 860
1454 861
1455 862
1456 863
1457 864
1458 865
1459 866
1460 867
1461 868
1462 869
1463 870
1464 871
1465 872
1466 873
1467 874
1468 875
1469 876
1470 877
1471 878
1472 879
1473 880
1474 881
1475 882
1476 883
1477 884
1478 885
1479 886
1480 887
1481 888
1482 889
1483 890
1484 891
1485 892
1486 893
1487 894
1488 895
1489 896
1490 897
1491 898
1492 899
1493 900
1494 901
1495 902
1496 903
1497 904
1498 905
1499 906
1500 907
1501 908
1502 909
1503 910
1504 911
1505 912
1506 913
1507 914
1508 915
1509 916
1510 917
1511 918
1512 919
1513 920
1514 921
1515 922
1516 923
1517 924
1518 925
1519 926
1520 927
1521 928
1522 929
1523 930
1524 931
1525 932
1526 933
1527 934
1528 935
1529 936
1530 937
1531 938
1532 939
1533 940
1534 941
1535 942
1152 1649
1153 1650
1154 1651
1155 1652
1156 1653
1157 1654
1158 1655
1159 1656
1160 1657
1161 1658
1162 1659
1163 1660
1164 1661
1165 1662
1166 1663
1167 1664
1168 1665
1169 1666
1170 1667
1171 1668
1172 1669
1173 1670
1174 1671
1175 1672
1176 1673
1177 1674
1178 1675
1179 1676
1180 1677
1181 1678
1182 1679
1183 1680
1184 1681
1185 1682
1186 1683
1187 1684
1188 1685
1189 1686
1190 1687
1191 1688
1192 1689
1193 1690
1194 1691
1195 1692
1196 1693
1197 1694
1198 1695
1199 1696
1200 1697
1201 1698
1202 1699
1203 1700
1204 1701
1205 1702
1206 1703
1207 1704
1208 1705
1209 1706
1210 1707
1211 1708
1212 1709
1213 1710
1214 1711
1215 1712
1216 1713
1217 1714
1218 1715
1219 1716
1220 1717
1221 1718
1222 1719
1223 1720
1224 1721
1225 1722
1226 1723
1227 1724
1228 1725
1229 1726
1230 1727
1231 1728
1232 1729
1233 1730
1234 1731
1235 1732
1236 1733
1237 1734
1238 1735
1239 1736
1240 1737
1241 1738
1242 1739
1243 1740
1244 1741
1245 1742
1246 1743
1247 1744
1248 1745
1249 1746
1250 1747
1251 1748
1252 1749
1253 1750
1254 1751
1255 1752
1256 1753
1257 1754
1258 1755
1259 1756
1260 1757
1261 1758
1262 1759
1263 1760
1264 1761
1265 1762
1266 1763
1267 1764
1268 1765
1269 1766
1270 1767
1271 1768
1272 1769
1273 1770
1274 1771
1275 1772
1276 1773
1277 1774
1278 1775
1279 1776
1280 1777
1281 1778
1282 1779
1283 1780
1284 1781
1285 1782
1286 1783
1287 1784
1288 1785
1289 1786
1290 1787
1291 1788
1292 1789
1293 1790
1294 1791
1295 1792
1296 1793
1297 1794
1298 1795
1299 1796
1300 1797
1301 1798
1302 1799
1303 1800
1304 1801
1305 1802
1306 1803
1307 1804
1308 1805
1309 1806
1310 1807
1311 1808
1312 1809
1313 1810
1314 1811
1315 1812
1316 1813
1317 1814
1318 1815
1319 1816
1320 1817
1321 1818
1322 1819
1323 1820
1324 1821
1325 1822
1326 1823
1327 1824
1328 1825
1329 1826
1330 1827
1331 1828
1332 1829
1333 1830
1334 1831
1335 1832
1336 1833
1337 1834
1338 1835
1339 1836
1340 1837
1341 1838
1342 1839
1343 1840
1344 1841
1345 1842
1346 1843
1347 1844
1348 1845
1349 1846
1350 1847
1351 1848
1352 1849
1353 1850
1354 1851
1355 1852
1356 1853
1357 1854
1358 1855
1359 1856
1360 1857
1361 1858
1362 1859
1363 1860
1364 1861
1365 1862
1366 1863
1367 1864
1368 1865
1369 1866
1370 1867
1371 1868
1372 1869
1373 1870
1374 1871
1375 1872
1376 1873
1377 1874
1378 1875
1379 1876
1380 1877
1381 1878
1382 1879
1383 1880
1384 1881
1385 1882
1386 1883
1387 1884
1388 1885
1389 1886
1390 1887
1391 1888
1392 1889
1393 1890
1394 1891
1395 1892
1396 1893
1397 1894
1398 1895
1399 1896
1400 1897
1401 1898
1402 1899
1403 1900
1404 1901
1405 1902
1406 1903
1407 1904
1408 1905
1409 1906
1410 1907
1411 1908
1412 1909
1413 1910
1414 1911
1415 1912
1416 1913
1417 1914
1418 1915
1419 1916
1420 1917
1421 1918
1422 1919
1423 1536
1424 1537
1425 1538
1426 1539
1427 1540
1428 1541
1429 1542
1430 1543
1431 1544
1432 1545
1433 1546
1434 1547
1435 1548
1436 1549
1437 1550
1438 1551
1439 1552
1440 1553
1441 1554
1442 1555
1443 1556
1444 1557
1445 1558
1446 1559
1447 1560
1448 1561
1449 1562
1450 1563
1451 1564
1452 1565
1453 1566
1454 1567
1455 1568
1456 1569
1457 1570
1458 1571
1459 1572
1460 1573
1461 1574
1462 1575
1463 1576
1464 1577
1465 1578
1466 1579
1467 1580
1468 1581
1469 1582
1470 1583
1471 1584
1472 1585
1473 1586
1474 1587
1475 1588
1476 1589
1477 1590
1478 1591
1479 1592
1480 1593
1481 1594
1482 1595
1483 1596
1484 1597
1485 1598
1486 1599
1487 1600
1488 1601
1489 1602
1490 1603
1491 1604
1492 1605
1493 1606
1494 1607
1495 1608
1496 1609
1497 1610
1498 1611
1499 1612
1500 1613
1501 1614
1502 1615
1503 1616
1504 1617
1505 1618
1506 1619
1507 1620
1508 1621
1509 1622
1510 1623
1511 1624
1512 1625
1513 1626
1514 1627
1515 1628
1516 1629
1517 1630
1518 1631
1519 1632
1520 1633
1521 1634
1522 1635
1523 1636
1524 1637
1525 1638
1526 1639
1527 1640
1528 1641
1529 1642
1530 1643
1531 1644
1532 1645
1533 1646
1534 1647
1535 1648
1152 1992
1153 1993
1154 1994
1155 1995
1156 1996
1157 1997
1158 1998
1159 1999
1160 2000
1161 2001
1162 2002
1163 2003
1164 2004
1165 2005
1166 2006
1167 2007
1168 2008
1169 2009
1170 2010
1171 2011
1172 2012
1173 2013
1174 2014
1175 2015
1176 2016
1177 2017
1178 2018
1179 2019
1180 2020
1181 2021
1182 2022
1183 2023
1184 2024
1185 2025
1186 2026
1187 2027
1188 2028
1189 2029
1190 2030
1191 2031
1192 2032
1193 2033
1194 2034
1195 2035
1196 2036
1197 2037
1198 2038
1199 2039
1200 2040
1201 2041
1202 2042
1203 2043
1204 2044
1205 2045
1206 2046
1207 2047
1208 2048
1209 2049
1210 2050
1211 2051
1212 2052
1213 2053
1214 2054
1215 2055
1216 2056
1217 2057
1218 2058
1219 2059
1220 2060
1221 2061
1222 2062
1223 2063
1224 2064
1225 2065
1226 2066
1227 2067
1228 2068
1229 2069
1230 2070
1231 2071
1232 2072
1233 2073
1234 2074
1235 2075
1236 2076
1237 2077
1238 2078
1239 2079
1240 2080
1241 2081
1242 2082
1243 2083
1244 2084
1245 2085
1246 2086
1247 2087
1248 2088
1249 2089
1250 2090
1251 2091
1252 2092
1253 2093
1254 2094
1255 2095
1256 2096
1257 2097
1258 2098
1259 2099
1260 2100
1261 2101
1262 2102
1263 2103
1264 2104
1265 2105
1266 2106
1267 2107
1268 2108
1269 2109
1270 2110
1271 2111
1272 2112
1273 2113
1274 2114
1275 2115
1276 2116
1277 2117
1278 2118
1279 2119
1280 2120
1281 2121
1282 2122
1283 2123
1284 2124
1285 2125
1286 2126
1287 2127
1288 2128
1289 2129
1290 2130
1291 2131
1292 2132
1293 2133
1294 2134
1295 2135
1296 2136
1297 2137
1298 2138
1299 2139
1300 2140
1301 2141
1302 2142
1303 2143
1304 2144
1305 2145
1306 2146
1307 2147
1308 2148
1309 2149
1310 2150
1311 2151
1312 2152
1313 2153
1314 2154
1315 2155
1316 2156
1317 2157
1318 2158
1319 2159
1320 2160
1321 2161
1322 2162
1323 2163
1324 2164
1325 2165
1326 2166
1327 2167
1328 2168
1329 2169
1330 2170
1331 2171
1332 2172
1333 2173
1334 2174
1335 2175
1336 2176
1337 2177
1338 2178
1339 2179
1340 2180
1341 2181
1342 2182
1343 2183
1344 2184
1345 2185
1346 2186
1347 2187
1348 2188
1349 2189
1350 2190
1351 2191
1352 2192
1353 2193
1354 2194
1355 2195
1356 2196
1357 2197
1358 2198
1359 2199
1360 2200
1361 2201
1362 2202
1363 2203
1364 2204
1365 2205
1366 2206
1367 2207
1368 2208
1369 2209
1370 2210
1371 2211
1372 2212
1373 2213
1374 2214
1375 2215
1376 2216
1377 2217
1378 2218
1379 2219
1380 2220
1381 2221
1382 2222
1383 2223
1384 2224
1385 2225
1386 2226
1387 2227
1388 2228
1389 2229
1390 2230
1391 2231
1392 2232
1393 2233
1394 2234
1395 2235
1396 2236
1397 2237
1398 2238
1399 2239
1400 2240
1401 2241
1402 2242
1403 2243
1404 2244
1405 2245
1406 2246
1407 2247
1408 2248
1409 2249
1410 2250
1411 2251
1412 2252
1413 2253
1414 2254
1415 2255
1416 2256
1417 2257
1418 2258
1419 2259
1420 2260
1421 2261
1422 2262
1423 2263
1424 2264
1425 2265
1426 2266
1427 2267
1428 2268
1429 2269
1430 2270
1431 2271
1432 2272
1433 2273
1434 2274
1435 2275
1436 2276
1437 2277
1438 2278
1439 2279
1440 2280
1441 2281
1442 2282
1443 2283
1444 2284
1445 2285
1446 2286
1447 2287
1448 2288
1449 2289
1450 2290
1451 2291
1452 2292
1453 2293
1454 2294
1455 2295
1456 2296
1457 2297
1458 2298
1459 2299
1460 2300
1461 2301
1462 2302
1463 2303
1464 1920
1465 1921
1466 1922
1467 1923
1468 1924
1469 1925
1470 1926
1471 1927
1472 1928
1473 1929
1474 1930
1475 1931
1476 1932
1477 1933
1478 1934
1479 1935
1480 1936
1481 1937
1482 1938
1483 1939
1484 1940
1485 1941
1486 1942
1487 1943
1488 1944
1489 1945
1490 1946
1491 1947
1492 1948
1493 1949
1494 1950
1495 1951
1496 1952
1497 1953
1498 1954
1499 1955
1500 1956
1501 1957
1502 1958
1503 1959
1504 1960
1505 1961
1506 1962
1507 1963
1508 1964
1509 1965
1510 1966
1511 1967
1512 1968
1513 1969
1514 1970
1515 1971
1516 1972
1517 1973
1518 1974
1519 1975
1520 1976
1521 1977
1522 1978
1523 1979
1524 1980
1525 1981
1526 1982
1527 1983
1528 1984
1529 1985
1530 1986
1531 1987
1532 1988
1533 1989
1534 1990
1535 1991
1152 2427
1153 2428
1154 2429
1155 2430
1156 2431
1157 2432
1158 2433
1159 2434
1160 2435
1161 2436
1162 2437
1163 2438
1164 2439
1165 2440
1166 2441
1167 2442
1168 2443
1169 2444
1170 2445
1171 2446
1172 2447
1173 2448
1174 2449
1175 2450
1176 2451
1177 2452
1178 2453
1179 2454
1180 2455
1181 2456
1182 2457
1183 2458
1184 2459
1185 2460
1186 2461
1187 2462
1188 2463
1189 2464
1190 2465
1191 2466
1192 2467
1193 2468
1194 2469
1195 2470
1196 2471
1197 2472
1198 2473
1199 2474
1200 2475
1201 2476
1202 2477
1203 2478
1204 2479
1205 2480
1206 2481
1207 2482
1208 2483
1209 2484
1210 2485
1211 2486
1212 2487
1213 2488
1214 2489
1215 2490
1216 2491
1217 2492
1218 2493
1219 2494
1220 2495
1221 2496
1222 2497
1223 2498
1224 2499
1225 2500
1226 2501
1227 2502
1228 2503
1229 2504
1230 2505
1231 2506
1232 2507
1233 2508
1234 2509
1235 2510
1236 2511
1237 2512
1238 2513
1239 2514
1240 2515
1241 2516
1242 2517
1243 2518
1244 2519
1245 2520
1246 2521
1247 2522
1248 2523
1249 2524
1250 2525
1251 2526
1252 2527
1253 2528
1254 2529
1255 2530
1256 2531
1257 2532
1258 2533
1259 2534
1260 2535
1261 2536
1262 2537
1263 2538
1264 2539
1265 2540
1266 2541
1267 2542
1268 2543
1269 2544
1270 2545
1271 2546
1272 2547
1273 2548
1274 2549
1275 2550
1276 2551
1277 2552
1278 2553
1279 2554
1280 2555
1281 2556
1282 2557
1283 2558
1284 2559
1285 2560
1286 2561
1287 2562
1288 2563
1289 2564
1290 2565
1291 2566
1292 2567
1293 2568
1294 2569
1295 2570
1296 2571
1297 2572
1298 2573
1299 2574
1300 2575
1301 2576
1302 2577
1303 2578
1304 2579
1305 2580
1306 2581
1307 2582
1308 2583
1309 2584
1310 2585
1311 2586
1312 2587
1313 2588
1314 2589
1315 2590
1316 2591
1317 2592
1318 2593
1319 2594
1320 2595
1321 2596
1322 2597
1323 2598
1324 2599
1325 2600
1326 2601
1327 2602
1328 2603
1329 2604
1330 2605
1331 2606
1332 2607
1333 2608
1334 2609
1335 2610
1336 2611
1337 2612
1338 2613
1339 2614
1340 2615
1341 2616
1342 2617
1343 2618
1344 2619
1345 2620
1346 2621
1347 2622
1348 2623
1349 2624
1350 2625
1351 2626
1352 2627
1353 2628
1354 2629
1355 2630
1356 2631
1357 2632
1358 2633
1359 2634
1360 2635
1361 2636
1362 2637
1363 2638
1364 2639
1365 2640
1366 2641
1367 2642
1368 2643
1369 2644
1370 2645
1371 2646
1372 2647
1373 2648
1374 2649
1375 2650
1376 2651
1377 2652
1378 2653
1379 2654
1380 2655
1381 2656
1382 2657
1383 2658
1384 2659
1385 2660
1386 2661
1387 2662
1388 2663
1389 2664
1390 2665
1391 2666
1392 2667
1393 2668
1394 2669
1395 2670
1396 2671
1397 2672
1398 2673
1399 2674
1400 2675
1401 2676
1402 2677
1403 2678
1404 2679
1405 2680
1406 2681
1407 2682
1408 2683
1409 2684
1410 2685
1411 2686
1412 2687
1413 2304
1414 2305
1415 2306
1416 2307
1417 2308
1418 2309
1419 2310
1420 2311
1421 2312
1422 2313
1423 2314
1424 2315
1425 2316
1426 2317
1427 2318
1428 2319
1429 2320
1430 2321
1431 2322
1432 2323
1433 2324
1434 2325
1435 2326
1436 2327
1437 2328
1438 2329
1439 2330
1440 2331
1441 2332
1442 2333
1443 2334
1444 2335
1445 2336
1446 2337
1447 2338
1448 2339
1449 2340
1450 2341
1451 2342
1452 2343
1453 2344
1454 2345
1455 2346
1456 2347
1457 2348
1458 2349
1459 2350
1460 2351
1461 2352
1462 2353
1463 2354
1464 2355
1465 2356
1466 2357
1467 2358
1468 2359
1469 2360
1470 2361
1471 2362
1472 2363
1473 2364
1474 2365
1475 2366
1476 2367
1477 2368
1478 2369
1479 2370
1480 2371
1481 2372
1482 2373
1483 2374
1484 2375
1485 2376
1486 2377
1487 2378
1488 2379
1489 2380
1490 2381
1491 2382
1492 2383
1493 2384
1494 2385
1495 2386
1496 2387
1497 2388
1498 2389
1499 2390
1500 2391
1501 2392
1502 2393
1503 2394
1504 2395
1505 2396
1506 2397
1507 2398
1508 2399
1509 2400
1510 2401
1511 2402
1512 2403
1513 2404
1514 2405
1515 2406
1516 2407
1517 2408
1518 2409
1519 2410
1520 2411
1521 2412
1522 2413
1523 2414
1524 2415
1525 2416
1526 2417
1527 2418
1528 2419
1529 2420
1530 2421
1531 2422
1532 2423
1533 2424
1534 2425
1535 2426
1152 2806
1153 2807
1154 2808
1155 2809
1156 2810
1157 2811
1158 2812
1159 2813
1160 2814
1161 2815
1162 2816
1163 2817
1164 2818
1165 2819
1166 2820
1167 2821
1168 2822
1169 2823
1170 2824
1171 2825
1172 2826
1173 2827
1174 2828
1175 2829
1176 2830
1177 2831
1178 2832
1179 2833
1180 2834
1181 2835
1182 2836
1183 2837
1184 2838
1185 2839
1186 2840
1187 2841
1188 2842
1189 2843
1190 2844
1191 2845
1192 2846
1193 2847
1194 2848
1195 2849
1196 2850
1197 2851
1198 2852
1199 2853
1200 2854
1201 2855
1202 2856
1203 2857
1204 2858
1205 2859
1206 2860
1207 2861
1208 2862
1209 2863
1210 2864
1211 2865
1212 2866
1213 2867
1214 2868
1215 2869
1216 2870
1217 2871
1218 2872
1219 2873
1220 2874
1221 2875
1222 2876
1223 2877
1224 2878
1225 2879
1226 2880
1227 2881
1228 2882
1229 2883
1230 2884
1231 2885
1232 2886
1233 2887
1234 2888
1235 2889
1236 2890
1237 2891
1238 2892
1239 2893
1240 2894
1241 2895
1242 2896
1243 2897
1244 2898
1245 2899
1246 2900
1247 2901
1248 2902
1249 2903
1250 2904
1251 2905
1252 2906
1253 2907
1254 2908
1255 2909
1256 2910
1257 2911
1258 2912
1259 2913
1260 2914
1261 2915
1262 2916
1263 2917
1264 2918
1265 2919
1266 2920
1267 2921
1268 2922
1269 2923
1270 2924
1271 2925
1272 2926
1273 2927
1274 2928
1275 2929
1276 2930
1277 2931
1278 2932
1279 2933
1280 2934
1281 2935
1282 2936
1283 2937
1284 2938
1285 2939
1286 2940
1287 2941
1288 2942
1289 2943
1290 2944
1291 2945
1292 2946
1293 2947
1294 2948
1295 2949
1296 2950
1297 2951
1298 2952
1299 2953
1300 2954
1301 2955
1302 2956
1303 2957
1304 2958
1305 2959
1306 2960
1307 2961
1308 2962
1309 2963
1310 2964
1311 2965
1312 2966
1313 2967
1314 2968
1315 2969
1316 2970
1317 2971
1318 2972
1319 2973
1320 2974
1321 2975
1322 2976
1323 2977
1324 2978
1325 2979
1326 2980
1327 2981
1328 2982
1329 2983
1330 2984
1331 2985
1332 2986
1333 2987
1334 2988
1335 2989
1336 2990
1337 2991
1338 2992
1339 2993
1340 2994
1341 2995
1342 2996
1343 2997
1344 2998
1345 2999
1346 3000
1347 3001
1348 3002
1349 3003
1350 3004
1351 3005
1352 3006
1353 3007
1354 3008
1355 3009
1356 3010
1357 3011
1358 3012
1359 3013
1360 3014
1361 3015
1362 3016
1363 3017
1364 3018
1365 3019
1366 3020
1367 3021
1368 3022
1369 3023
1370 3024
1371 3025
1372 3026
1373 3027
1374 3028
1375 3029
1376 3030
1377 3031
1378 3032
1379 3033
1380 3034
1381 3035
1382 3036
1383 3037
1384 3038
1385 3039
1386 3040
1387 3041
1388 3042
1389 3043
1390 3044
1391 3045
1392 3046
1393 3047
1394 3048
1395 3049
1396 3050
1397 3051
1398 3052
1399 3053
1400 3054
1401 3055
1402 3056
1403 3057
1404 3058
1405 3059
1406 3060
1407 3061
1408 3062
1409 3063
1410 3064
1411 3065
1412 3066
1413 3067
1414 3068
1415 3069
1416 3070
1417 3071
1418 2688
1419 2689
1420 2690
1421 2691
1422 2692
1423 2693
1424 2694
1425 2695
1426 2696
1427 2697
1428 2698
1429 2699
1430 2700
1431 2701
1432 2702
1433 2703
1434 2704
1435 2705
1436 2706
1437 2707
1438 2708
1439 2709
1440 2710
1441 2711
1442 2712
1443 2713
1444 2714
1445 2715
1446 2716
1447 2717
1448 2718
1449 2719
1450 2720
1451 2721
1452 2722
1453 2723
1454 2724
1455 2725
1456 2726
1457 2727
1458 2728
1459 2729
1460 2730
1461 2731
1462 2732
1463 2733
1464 2734
1465 2735
1466 2736
1467 2737
1468 2738
1469 2739
1470 2740
1471 2741
1472 2742
1473 2743
1474 2744
1475 2745
1476 2746
1477 2747
1478 2748
1479 2749
1480 2750
1481 2751
1482 2752
1483 2753
1484 2754
1485 2755
1486 2756
1487 2757
1488 2758
1489 2759
1490 2760
1491 2761
1492 2762
1493 2763
1494 2764
1495 2765
1496 2766
1497 2767
1498 2768
1499 2769
1500 2770
1501 2771
1502 2772
1503 2773
1504 2774
1505 2775
1506 2776
1507 2777
1508 2778
1509 2779
1510 2780
1511 2781
1512 2782
1513 2783
1514 2784
1515 2785
1516 2786
1517 2787
1518 2788
1519 2789
1520 2790
1521 2791
1522 2792
1523 2793
1524 2794
1525 2795
1526 2796
1527 2797
1528 2798
1529 2799
1530 2800
1531 2801
1532 2802
1533 2803
1534 2804
1535 2805
1152 3100
1153 3101
1154 3102
1155 3103
1156 3104
1157 3105
1158 3106
1159 3107
1160 3108
1161 3109
1162 3110
1163 3111
1164 3112
1165 3113
1166 3114
1167 3115
1168 3116
1169 3117
1170 3118
1171 3119
1172 3120
1173 3121
1174 3122
1175 3123
1176 3124
1177 3125
1178 3126
1179 3127
1180 3128
1181 3129
1182 3130
1183 3131
1184 3132
1185 3133
1186 3134
1187 3135
1188 3136
1189 3137
1190 3138
1191 3139
1192 3140
1193 3141
1194 3142
1195 3143
1196 3144
1197 3145
1198 3146
1199 3147
1200 3148
1201 3149
1202 3150
1203 3151
1204 3152
1205 3153
1206 3154
1207 3155
1208 3156
1209 3157
1210 3158
1211 3159
1212 3160
1213 3161
1214 3162
1215 3163
1216 3164
1217 3165
1218 3166
1219 3167
1220 3168
1221 3169
1222 3170
1223 3171
1224 3172
1225 3173
1226 3174
1227 3175
1228 3176
1229 3177
1230 3178
1231 3179
1232 3180
1233 3181
1234 3182
1235 3183
1236 3184
1237 3185
1238 3186
1239 3187
1240 3188
1241 3189
1242 3190
1243 3191
1244 3192
1245 3193
1246 3194
1247 3195
1248 3196
1249 3197
1250 3198
1251 3199
1252 3200
1253 3201
1254 3202
1255 3203
1256 3204
1257 3205
1258 3206
1259 3207
1260 3208
1261 3209
1262 3210
1263 3211
1264 3212
1265 3213
1266 3214
1267 3215
1268 3216
1269 3217
1270 3218
1271 3219
1272 3220
1273 3221
1274 3222
1275 3223
1276 3224
1277 3225
1278 3226
1279 3227
1280 3228
1281 3229
1282 3230
1283 3231
1284 3232
1285 3233
1286 3234
1287 3235
1288 3236
1289 3237
1290 3238
1291 3239
1292 3240
1293 3241
1294 3242
1295 3243
1296 3244
1297 3245
1298 3246
1299 3247
1300 3248
1301 3249
1302 3250
1303 3251
1304 3252
1305 3253
1306 3254
1307 3255
1308 3256
1309 3257
1310 3258
1311 3259
1312 3260
1313 3261
1314 3262
1315 3263
1316 3264
1317 3265
1318 3266
1319 3267
1320 3268
1321 3269
1322 3270
1323 3271
1324 3272
1325 3273
1326 3274
1327 3275
1328 3276
1329 3277
1330 3278
1331 3279
1332 3280
1333 3281
1334 3282
1335 3283
1336 3284
1337 3285
1338 3286
1339 3287
1340 3288
1341 3289
1342 3290
1343 3291
1344 3292
1345 3293
1346 3294
1347 3295
1348 3296
1349 3297
1350 3298
1351 3299
1352 3300
1353 3301
1354 3302
1355 3303
1356 3304
1357 3305
1358 3306
1359 3307
1360 3308
1361 3309
1362 3310
1363 3311
1364 3312
1365 3313
1366 3314
1367 3315
1368 3316
1369 3317
1370 3318
1371 3319
1372 3320
1373 3321
1374 3322
1375 3323
1376 3324
1377 3325
1378 3326
1379 3327
1380 3328
1381 3329
1382 3330
1383 3331
1384 3332
1385 3333
1386 3334
1387 3335
1388 3336
1389 3337
1390 3338
1391 3339
1392 3340
1393 3341
1394 3342
1395 3343
1396 3344
1397 3345
1398 3346
1399 3347
1400 3348
1401 3349
1402 3350
1403 3351
1404 3352
1405 3353
1406 3354
1407 3355
1408 3356
1409 3357
1410 3358
1411 3359
1412 3360
1413 3361
1414 3362
1415 3363
1416 3364
1417 3365
1418 3366
1419 3367
1420 3368
1421 3369
1422 3370
1423 3371
1424 3372
1425 3373
1426 3374
1427 3375
1428 3376
1429 3377
1430 3378
1431 3379
1432 3380
1433 3381
1434 3382
1435 3383
1436 3384
1437 3385
1438 3386
1439 3387
1440 3388
1441 3389
1442 3390
1443 3391
1444 3392
1445 3393
1446 3394
1447 3395
1448 3396
1449 3397
1450 3398
1451 3399
1452 3400
1453 3401
1454 3402
1455 3403
1456 3404
1457 3405
1458 3406
1459 3407
1460 3408
1461 3409
1462 3410
1463 3411
1464 3412
1465 3413
1466 3414
1467 3415
1468 3416
1469 3417
1470 3418
1471 3419
1472 3420
1473 3421
1474 3422
1475 3423
1476 3424
1477 3425
1478 3426
1479 3427
1480 3428
1481 3429
1482 3430
1483 3431
1484 3432
1485 3433
1486 3434
1487 3435
1488 3436
1489 3437
1490 3438
1491 3439
1492 3440
1493 3441
1494 3442
1495 3443
1496 3444
1497 3445
1498 3446
1499 3447
1500 3448
1501 3449
1502 3450
1503 3451
1504 3452
1505 3453
1506 3454
1507 3455
1508 3072
1509 3073
1510 3074
1511 3075
1512 3076
1513 3077
1514 3078
1515 3079
1516 3080
1517 3081
1518 3082
1519 3083
1520 3084
1521 3085
1522 3086
1523 3087
1524 3088
1525 3089
1526 3090
1527 3091
1528 3092
1529 3093
1530 3094
1531 3095
1532 3096
1533 3097
1534 3098
1535 3099
1152 3642
1153 3643
1154 3644
1155 3645
1156 3646
1157 3647
1158 3648
1159 3649
1160 3650
1161 3651
1162 3652
1163 3653
1164 3654
1165 3655
1166 3656
1167 3657
1168 3658
1169 3659
1170 3660
1171 3661
1172 3662
1173 3663
1174 3664
1175 3665
1176 3666
1177 3667
1178 3668
1179 3669
1180 3670
1181 3671
1182 3672
1183 3673
1184 3674
1185 3675
1186 3676
1187 3677
1188 3678
1189 3679
1190 3680
1191 3681
1192 3682
1193 3683
1194 3684
1195 3685
1196 3686
1197 3687
1198 3688
1199 3689
1200 3690
1201 3691
1202 3692
1203 3693
1204 3694
1205 3695
1206 3696
1207 3697
1208 3698
1209 3699
1210 3700
1211 3701
1212 3702
1213 3703
1214 3704
1215 3705
1216 3706
1217 3707
1218 3708
1219 3709
1220 3710
1221 3711
1222 3712
1223 3713
1224 3714
1225 3715
1226 3716
1227 3717
1228 3718
1229 3719
1230 3720
1231 3721
1232 3722
1233 3723
1234 3724
1235 3725
1236 3726
1237 3727
1238 3728
1239 3729
1240 3730
1241 3731
1242 3732
1243 3733
1244 3734
1245 3735
1246 3736
1247 3737
1248 3738
1249 3739
1250 3740
1251 3741
1252 3742
1253 3743
1254 3744
1255 3745
1256 3746
1257 3747
1258 3748
1259 3749
1260 3750
1261 3751
1262 3752
1263 3753
1264 3754
1265 3755
1266 3756
1267 3757
1268 3758
1269 3759
1270 3760
1271 3761
1272 3762
1273 3763
1274 3764
1275 3765
1276 3766
1277 3767
1278 3768
1279 3769
1280 3770
1281 3771
1282 3772
1283 3773
1284 3774
1285 3775
1286 3776
1287 3777
1288 3778
1289 3779
1290 3780
1291 3781
1292 3782
1293 3783
1294 3784
1295 3785
1296 3786
1297 3787
1298 3788
1299 3789
1300 3790
1301 3791
1302 3792
1303 3793
1304 3794
1305 3795
1306 3796
1307 3797
1308 3798
1309 3799
1310 3800
1311 3801
1312 3802
1313 3803
1314 3804
1315 3805
1316 3806
1317 3807
1318 3808
1319 3809
1320 3810
1321 3811
1322 3812
1323 3813
1324 3814
1325 3815
1326 3816
1327 3817
1328 3818
1329 3819
1330 3820
1331 3821
1332 3822
1333 3823
1334 3824
1335 3825
1336 3826
1337 3827
1338 3828
1339 3829
1340 3830
1341 3831
1342 3832
1343 3833
1344 3834
1345 3835
1346 3836
1347 3837
1348 3838
1349 3839
1350 3456
1351 3457
1352 3458
1353 3459
1354 3460
1355 3461
1356 3462
1357 3463
1358 3464
1359 3465
1360 3466
1361 3467
1362 3468
1363 3469
1364 3470
1365 3471
1366 3472
1367 3473
1368 3474
1369 3475
1370 3476
1371 3477
1372 3478
1373 3479
1374 3480
1375 3481
1376 3482
1377 3483
1378 3484
1379 3485
1380 3486
1381 3487
1382 3488
1383 3489
1384 3490
1385 3491
1386 3492
1387 3493
1388 3494
1389 3495
1390 3496
1391 3497
1392 3498
1393 3499
1394 3500
1395 3501
1396 3502
1397 3503
1398 3504
1399 3505
1400 3506
1401 3507
1402 3508
1403 3509
1404 3510
1405 3511
1406 3512
1407 3513
1408 3514
1409 3515
1410 3516
1411 3517
1412 3518
1413 3519
1414 3520
1415 3521
1416 3522
1417 3523
1418 3524
1419 3525
1420 3526
1421 3527
1422 3528
1423 3529
1424 3530
1425 3531
1426 3532
1427 3533
1428 3534
1429 3535
1430 3536
1431 3537
1432 3538
1433 3539
1434 3540
1435 3541
1436 3542
1437 3543
1438 3544
1439 3545
1440 3546
1441 3547
1442 3548
1443 3549
1444 3550
1445 3551
1446 3552
1447 3553
1448 3554
1449 3555
1450 3556
1451 3557
1452 3558
1453 3559
1454 3560
1455 3561
1456 3562
1457 3563
1458 3564
1459 3565
1460 3566
1461 3567
1462 3568
1463 3569
1464 3570
1465 3571
1466 3572
1467 3573
1468 3574
1469 3575
1470 3576
1471 3577
1472 3578
1473 3579
1474 3580
1475 3581
1476 3582
1477 3583
1478 3584
1479 3585
1480 3586
1481 3587
1482 3588
1483 3589
1484 3590
1485 3591
1486 3592
1487 3593
1488 3594
1489 3595
1490 3596
1491 3597
1492 3598
1493 3599
1494 3600
1495 3601
1496 3602
1497 3603
1498 3604
1499 3605
1500 3606
1501 3607
1502 3608
1503 3609
1504 3610
1505 3611
1506 3612
1507 3613
1508 3614
1509 3615
1510 3616
1511 3617
1512 3618
1513 3619
1514 3620
1515 3621
1516 3622
1517 3623
1518 3624
1519 3625
1520 3626
1521 3627
1522 3628
1523 3629
1524 3630
1525 3631
1526 3632
1527 3633
1528 3634
1529 3635
1530 3636
1531 3637
1532 3638
1533 3639
1534 3640
1535 3641
1152 3840
1153 3841
1154 3842
1155 3843
1156 3844
1157 3845
1158 3846
1159 3847
1160 3848
1161 3849
1162 3850
1163 3851
1164 3852
1165 3853
1166 3854
1167 3855
1168 3856
1169 3857
1170 3858
1171 3859
1172 3860
1173 3861
1174 3862
1175 3863
1176 3864
1177 3865
1178 3866
1179 3867
1180 3868
1181 3869
1182 3870
1183 3871
1184 3872
1185 3873
1186 3874
1187 3875
1188 3876
1189 3877
1190 3878
1191 3879
1192 3880
1193 3881
1194 3882
1195 3883
1196 3884
1197 3885
1198 3886
1199 3887
1200 3888
1201 3889
1202 3890
1203 3891
1204 3892
1205 3893
1206 3894
1207 3895
1208 3896
1209 3897
1210 3898
1211 3899
1212 3900
1213 3901
1214 3902
1215 3903
1216 3904
1217 3905
1218 3906
1219 3907
1220 3908
1221 3909
1222 3910
1223 3911
1224 3912
1225 3913
1226 3914
1227 3915
1228 3916
1229 3917
1230 3918
1231 3919
1232 3920
1233 3921
1234 3922
1235 3923
1236 3924
1237 3925
1238 3926
1239 3927
1240 3928
1241 3929
1242 3930
1243 3931
1244 3932
1245 3933
1246 3934
1247 3935
1248 3936
1249 3937
1250 3938
1251 3939
1252 3940
1253 3941
1254 3942
1255 3943
1256 3944
1257 3945
1258 3946
1259 3947
1260 3948
1261 3949
1262 3950
1263 3951
1264 3952
1265 3953
1266 3954
1267 3955
1268 3956
1269 3957
1270 3958
1271 3959
1272 3960
1273 3961
1274 3962
1275 3963
1276 3964
1277 3965
1278 3966
1279 3967
1280 3968
1281 3969
1282 3970
1283 3971
1284 3972
1285 3973
1286 3974
1287 3975
1288 3976
1289 3977
1290 3978
1291 3979
1292 3980
1293 3981
1294 3982
1295 3983
1296 3984
1297 3985
1298 3986
1299 3987
1300 3988
1301 3989
1302 3990
1303 3991
1304 3992
1305 3993
1306 3994
1307 3995
1308 3996
1309 3997
1310 3998
1311 3999
1312 4000
1313 4001
1314 4002
1315 4003
1316 4004
1317 4005
1318 4006
1319 4007
1320 4008
1321 4009
1322 4010
1323 4011
1324 4012
1325 4013
1326 4014
1327 4015
1328 4016
1329 4017
1330 4018
1331 4019
1332 4020
1333 4021
1334 4022
1335 4023
1336 4024
1337 4025
1338 4026
1339 4027
1340 4028
1341 4029
1342 4030
1343 4031
1344 4032
1345 4033
1346 4034
1347 4035
1348 4036
1349 4037
1350 4038
1351 4039
1352 4040
1353 4041
1354 4042
1355 4043
1356 4044
1357 4045
1358 4046
1359 4047
1360 4048
1361 4049
1362 4050
1363 4051
1364 4052
1365 4053
1366 4054
1367 4055
1368 4056
1369 4057
1370 4058
1371 4059
1372 4060
1373 4061
1374 4062
1375 4063
1376 4064
1377 4065
1378 4066
1379 4067
1380 4068
1381 4069
1382 4070
1383 4071
1384 4072
1385 4073
1386 4074
1387 4075
1388 4076
1389 4077
1390 4078
1391 4079
1392 4080
1393 4081
1394 4082
1395 4083
1396 4084
1397 4085
1398 4086
1399 4087
1400 4088
1401 4089
1402 4090
1403 4091
1404 4092
1405 4093
1406 4094
1407 4095
1408 4096
1409 4097
1410 4098
1411 4099
1412 4100
1413 4101
1414 4102
1415 4103
1416 4104
1417 4105
1418 4106
1419 4107
1420 4108
1421 4109
1422 4110
1423 4111
1424 4112
1425 4113
1426 4114
1427 4115
1428 4116
1429 4117
1430 4118
1431 4119
1432 4120
1433 4121
1434 4122
1435 4123
1436 4124
1437 4125
1438 4126
1439 4127
1440 4128
1441 4129
1442 4130
1443 4131
1444 4132
1445 4133
1446 4134
1447 4135
1448 4136
1449 4137
1450 4138
1451 4139
1452 4140
1453 4141
1454 4142
1455 4143
1456 4144
1457 4145
1458 4146
1459 4147
1460 4148
1461 4149
1462 4150
1463 4151
1464 4152
1465 4153
1466 4154
1467 4155
1468 4156
1469 4157
1470 4158
1471 4159
1472 4160
1473 4161
1474 4162
1475 4163
1476 4164
1477 4165
1478 4166
1479 4167
1480 4168
1481 4169
1482 4170
1483 4171
1484 4172
1485 4173
1486 4174
1487 4175
1488 4176
1489 4177
1490 4178
1491 4179
1492 4180
1493 4181
1494 4182
1495 4183
1496 4184
1497 4185
1498 4186
1499 4187
1500 4188
1501 4189
1502 4190
1503 4191
1504 4192
1505 4193
1506 4194
1507 4195
1508 4196
1509 4197
1510 4198
1511 4199
1512 4200
1513 4201
1514 4202
1515 4203
1516 4204
1517 4205
1518 4206
1519 4207
1520 4208
1521 4209
1522 4210
1523 4211
1524 4212
1525 4213
1526 4214
1527 4215
1528 4216
1529 4217
1530 4218
1531 4219
1532 4220
1533 4221
1534 4222
1535 4223
1152 4992
1153 4993
1154 4994
1155 4995
1156 4996
1157 4997
1158 4998
1159 4999
1160 5000
1161 5001
1162 5002
1163 5003
1164 5004
1165 5005
1166 5006
1167 5007
1168 5008
1169 5009
1170 5010
1171 5011
1172 5012
1173 5013
1174 5014
1175 5015
1176 5016
1177 5017
1178 5018
1179 5019
1180 5020
1181 5021
1182 5022
1183 5023
1184 5024
1185 5025
1186 5026
1187 5027
1188 5028
1189 5029
1190 5030
1191 5031
1192 5032
1193 5033
1194 5034
1195 5035
1196 5036
1197 5037
1198 5038
1199 5039
1200 5040
1201 5041
1202 5042
1203 5043
1204 5044
1205 5045
1206 5046
1207 5047
1208 5048
1209 5049
1210 5050
1211 5051
1212 5052
1213 5053
1214 5054
1215 5055
1216 5056
1217 5057
1218 5058
1219 5059
1220 5060
1221 5061
1222 5062
1223 5063
1224 5064
1225 5065
1226 5066
1227 5067
1228 5068
1229 5069
1230 5070
1231 5071
1232 5072
1233 5073
1234 5074
1235 5075
1236 5076
1237 5077
1238 5078
1239 5079
1240 5080
1241 5081
1242 5082
1243 5083
1244 5084
1245 5085
1246 5086
1247 5087
1248 5088
1249 5089
1250 5090
1251 5091
1252 5092
1253 5093
1254 5094
1255 5095
1256 5096
1257 5097
1258 5098
1259 5099
1260 5100
1261 5101
1262 5102
1263 5103
1264 5104
1265 5105
1266 5106
1267 5107
1268 5108
1269 5109
1270 5110
1271 5111
1272 5112
1273 5113
1274 5114
1275 5115
1276 5116
1277 5117
1278 5118
1279 5119
1280 5120
1281 5121
1282 5122
1283 5123
1284 5124
1285 5125
1286 5126
1287 5127
1288 5128
1289 5129
1290 5130
1291 5131
1292 5132
1293 5133
1294 5134
1295 5135
1296 5136
1297 5137
1298 5138
1299 5139
1300 5140
1301 5141
1302 5142
1303 5143
1304 5144
1305 5145
1306 5146
1307 5147
1308 5148
1309 5149
1310 5150
1311 5151
1312 5152
1313 5153
1314 5154
1315 5155
1316 5156
1317 5157
1318 5158
1319 5159
1320 5160
1321 5161
1322 5162
1323 5163
1324 5164
1325 5165
1326 5166
1327 5167
1328 5168
1329 5169
1330 5170
1331 5171
1332 5172
1333 5173
1334 5174
1335 5175
1336 5176
1337 5177
1338 5178
1339 5179
1340 5180
1341 5181
1342 5182
1343 5183
1344 5184
1345 5185
1346 5186
1347 5187
1348 5188
1349 5189
1350 5190
1351 5191
1352 5192
1353 5193
1354 5194
1355 5195
1356 5196
1357 5197
1358 5198
1359 5199
1360 5200
1361 5201
1362 5202
1363 5203
1364 5204
1365 5205
1366 5206
1367 5207
1368 5208
1369 5209
1370 5210
1371 5211
1372 5212
1373 5213
1374 5214
1375 5215
1376 5216
1377 5217
1378 5218
1379 5219
1380 5220
1381 5221
1382 5222
1383 5223
1384 5224
1385 5225
1386 5226
1387 5227
1388 5228
1389 5229
1390 5230
1391 5231
1392 5232
1393 5233
1394 5234
1395 5235
1396 5236
1397 5237
1398 5238
1399 5239
1400 5240
1401 5241
1402 5242
1403 5243
1404 5244
1405 5245
1406 5246
1407 5247
1408 5248
1409 5249
1410 5250
1411 5251
1412 5252
1413 5253
1414 5254
1415 5255
1416 5256
1417 5257
1418 5258
1419 5259
1420 5260
1421 5261
1422 5262
1423 5263
1424 5264
1425 5265
1426 5266
1427 5267
1428 5268
1429 5269
1430 5270
1431 5271
1432 5272
1433 5273
1434 5274
1435 5275
1436 5276
1437 5277
1438 5278
1439 5279
1440 5280
1441 5281
1442 5282
1443 5283
1444 5284
1445 5285
1446 5286
1447 5287
1448 5288
1449 5289
1450 5290
1451 5291
1452 5292
1453 5293
1454 5294
1455 5295
1456 5296
1457 5297
1458 5298
1459 5299
1460 5300
1461 5301
1462 5302
1463 5303
1464 5304
1465 5305
1466 5306
1467 5307
1468 5308
1469 5309
1470 5310
1471 5311
1472 5312
1473 5313
1474 5314
1475 5315
1476 5316
1477 5317
1478 5318
1479 5319
1480 5320
1481 5321
1482 5322
1483 5323
1484 5324
1485 5325
1486 5326
1487 5327
1488 5328
1489 5329
1490 5330
1491 5331
1492 5332
1493 5333
1494 5334
1495 5335
1496 5336
1497 5337
1498 5338
1499 5339
1500 5340
1501 5341
1502 5342
1503 5343
1504 5344
1505 5345
1506 5346
1507 5347
1508 5348
1509 5349
1510 5350
1511 5351
1512 5352
1513 5353
1514 5354
1515 5355
1516 5356
1517 5357
1518 5358
1519 5359
1520 5360
1521 5361
1522 5362
1523 5363
1524 5364
1525 5365
1526 5366
1527 5367
1528 5368
1529 5369
1530 5370
1531 5371
1532 5372
1533 5373
1534 5374
1535 5375
1536 72
1537 73
1538 74
1539 75
1540 76
1541 77
1542 78
1543 79
1544 80
1545 81
1546 82
1547 83
1548 84
1549 85
1550 86
1551 87
1552 88
1553 89
1554 90
1555 91
1556 92
1557 93
1558 94
1559 95
1560 96
1561 97
1562 98
1563 99
1564 100
1565 101
1566 102
1567 103
1568 104
1569 105
1570 106
1571 107
1572 108
1573 109
1574 110
1575 111
1576 112
1577 113
1578 114
1579 115
1580 116
1581 117
1582 118
1583 119
1584 120
1585 121
1586 122
1587 123
1588 124
1589 125
1590 126
1591 127
1592 128
1593 129
1594 130
1595 131
1596 132
1597 133
1598 134
1599 135
1600 136
1601 137
1602 138
1603 139
1604 140
1605 141
1606 142
1607 143
1608 144
1609 145
1610 146
1611 147
1612 148
1613 149
1614 150
1615 151
1616 152
1617 153
1618 154
1619 155
1620 156
1621 157
1622 158
1623 159
1624 160
1625 161
1626 162
1627 163
1628 164
1629 165
1630 166
1631 167
1632 168
1633 169
1634 170
1635 171
1636 172
1637 173
1638 174
1639 175
1640 176
1641 177
1642 178
1643 179
1644 180
1645 181
1646 182
1647 183
1648 184
1649 185
1650 186
1651 187
1652 188
1653 189
1654 190
1655 191
1656 192
1657 193
1658 194
1659 195
1660 196
1661 197
1662 198
1663 199
1664 200
1665 201
1666 202
1667 203
1668 204
1669 205
1670 206
1671 207
1672 208
1673 209
1674 210
1675 211
1676 212
1677 213
1678 214
1679 215
1680 216
1681 217
1682 218
1683 219
1684 220
1685 221
1686 222
1687 223
1688 224
1689 225
1690 226
1691 227
1692 228
1693 229
1694 230
1695 231
1696 232
1697 233
1698 234
1699 235
1700 236
1701 237
1702 238
1703 239
1704 240
1705 241
1706 242
1707 243
1708 244
1709 245
1710 246
1711 247
1712 248
1713 249
1714 250
1715 251
1716 252
1717 253
1718 254
1719 255
1720 256
1721 257
1722 258
1723 259
1724 260
1725 261
1726 262
1727 263
1728 264
1729 265
1730 266
1731 267
1732 268
1733 269
1734 270
1735 271
1736 272
1737 273
1738 274
1739 275
1740 276
1741 277
1742 278
1743 279
1744 280
1745 281
1746 282
1747 283
1748 284
1749 285
1750 286
1751 287
1752 288
1753 289
1754 290
1755 291
1756 292
1757 293
1758 294
1759 295
1760 296
1761 297
1762 298
1763 299
1764 300
1765 301
1766 302
1767 303
1768 304
1769 305
1770 306
1771 307
1772 308
1773 309
1774 310
1775 311
1776 312
1777 313
1778 314
1779 315
1780 316
1781 317
1782 318
1783 319
1784 320
1785 321
1786 322
1787 323
1788 324
1789 325
1790 326
1791 327
1792 328
1793 329
1794 330
1795 331
1796 332
1797 333
1798 334
1799 335
1800 336
1801 337
1802 338
1803 339
1804 340
1805 341
1806 342
1807 343
1808 344
1809 345
1810 346
1811 347
1812 348
1813 349
1814 350
1815 351
1816 352
1817 353
1818 354
1819 355
1820 356
1821 357
1822 358
1823 359
1824 360
1825 361
1826 362
1827 363
1828 364
1829 365
1830 366
1831 367
1832 368
1833 369
1834 370
1835 371
1836 372
1837 373
1838 374
1839 375
1840 376
1841 377
1842 378
1843 379
1844 380
1845 381
1846 382
1847 383
1848 0
1849 1
1850 2
1851 3
1852 4
1853 5
1854 6
1855 7
1856 8
1857 9
1858 10
1859 11
1860 12
1861 13
1862 14
1863 15
1864 16
1865 17
1866 18
1867 19
1868 20
1869 21
1870 22
1871 23
1872 24
1873 25
1874 26
1875 27
1876 28
1877 29
1878 30
1879 31
1880 32
1881 33
1882 34
1883 35
1884 36
1885 37
1886 38
1887 39
1888 40
1889 41
1890 42
1891 43
1892 44
1893 45
1894 46
1895 47
1896 48
1897 49
1898 50
1899 51
1900 52
1901 53
1902 54
1903 55
1904 56
1905 57
1906 58
1907 59
1908 60
1909 61
1910 62
1911 63
1912 64
1913 65
1914 66
1915 67
1916 68
1917 69
1918 70
1919 71
1536 458
1537 459
1538 460
1539 461
1540 462
1541 463
1542 464
1543 465
1544 466
1545 467
1546 468
1547 469
1548 470
1549 471
1550 472
1551 473
1552 474
1553 475
1554 476
1555 477
1556 478
1557 479
1558 480
1559 481
1560 482
1561 483
1562 484
1563 485
1564 486
1565 487
1566 488
1567 489
1568 490
1569 491
1570 492
1571 493
1572 494
1573 495
1574 496
1575 497
1576 498
1577 499
1578 500
1579 501
1580 502
1581 503
1582 504
1583 505
1584 506
1585 507
1586 508
1587 509
1588 510
1589 511
1590 512
1591 513
1592 514
1593 515
1594 516
1595 517
1596 518
1597 519
1598 520
1599 521
1600 522
1601 523
1602 524
1603 525
1604 526
1605 527
1606 528
1607 529
1608 530
1609 531
1610 532
1611 533
1612 534
1613 535
1614 536
1615 537
1616 538
1617 539
1618 540
1619 541
1620 542
1621 543
1622 544
1623 545
1624 546
1625 547
1626 548
1627 549
1628 550
1629 551
1630 552
1631 553
1632 554
1633 555
1634 556
1635 557
1636 558
1637 559
1638 560
1639 561
1640 562
1641 563
1642 564
1643 565
1644 566
1645 567
1646 568
1647 569
1648 570
1649 571
1650 572
1651 573
1652 574
1653 575
1654 576
1655 577
1656 578
1657 579
1658 580
1659 581
1660 582
1661 583
1662 584
1663 585
1664 586
1665 587
1666 588
1667 589
1668 590
1669 591
1670 592
1671 593
1672 594
1673 595
1674 596
1675 597
1676 598
1677 599
1678 600
1679 601
1680 602
1681 603
1682 604
1683 605
1684 606
1685 607
1686 608
1687 609
1688 610
1689 611
1690 612
1691 613
1692 614
1693 615
1694 616
1695 617
1696 618
1697 619
1698 620
1699 621
1700 622
1701 623
1702 624
1703 625
1704 626
1705 627
1706 628
1707 629
1708 630
1709 631
1710 632
1711 633
1712 634
1713 635
1714 636
1715 637
1716 638
1717 639
1718 640
1719 641
1720 642
1721 643
1722 644
1723 645
1724 646
1725 647
1726 648
1727 649
1728 650
1729 651
1730 652
1731 653
1732 654
1733 655
1734 656
1735 657
1736 658
1737 659
1738 660
1739 661
1740 662
1741 663
1742 664
1743 665
1744 666
1745 667
1746 668
1747 669
1748 670
1749 671
1750 672
1751 673
1752 674
1753 675
1754 676
1755 677
1756 678
1757 679
1758 680
1759 681
1760 682
1761 683
1762 684
1763 685
1764 686
1765 687
1766 688
1767 689
1768 690
1769 691
1770 692
1771 693
1772 694
1773 695
1774 696
1775 697
1776 698
1777 699
1778 700
1779 701
1780 702
1781 703
1782 704
1783 705
1784 706
1785 707
1786 708
1787 709
1788 710
1789 711
1790 712
1791 713
1792 714
1793 715
1794 716
1795 717
1796 718
1797 719
1798 720
1799 721
1800 722
1801 723
1802 724
1803 725
1804 726
1805 727
1806 728
1807 729
1808 730
1809 731
1810 732
1811 733
1812 734
1813 735
1814 736
1815 737
1816 738
1817 739
1818 740
1819 741
1820 742
1821 743
1822 744
1823 745
1824 746
1825 747
1826 748
1827 749
1828 750
1829 751
1830 752
1831 753
1832 754
1833 755
1834 756
1835 757
1836 758
1837 759
1838 760
1839 761
1840 762
1841 763
1842 764
1843 765
1844 766
1845 767
1846 384
1847 385
1848 386
1849 387
1850 388
1851 389
1852 390
1853 391
1854 392
1855 393
1856 394
1857 395
1858 396
1859 397
1860 398
1861 399
1862 400
1863 401
1864 402
1865 403
1866 404
1867 405
1868 406
1869 407
1870 408
1871 409
1872 410
1873 411
1874 412
1875 413
1876 414
1877 415
1878 416
1879 417
1880 418
1881 419
1882 420
1883 421
1884 422
1885 423
1886 424
1887 425
1888 426
1889 427
1890 428
1891 429
1892 430
1893 431
1894 432
1895 433
1896 434
1897 435
1898 436
1899 437
1900 438
1901 439
1902 440
1903 441
1904 442
1905 443
1906 444
1907 445
1908 446
1909 447
1910 448
1911 449
1912 450
1913 451
1914 452
1915 453
1916 454
1917 455
1918 456
1919 457
1536 4253
1537 4254
1538 4255
1539 4256
1540 4257
1541 4258
1542 4259
1543 4260
1544 4261
1545 4262
1546 4263
1547 4264
1548 4265
1549 4266
1550 4267
1551 4268
1552 4269
1553 4270
1554 4271
1555 4272
1556 4273
1557 4274
1558 4275
1559 4276
1560 4277
1561 4278
1562 4279
1563 4280
1564 4281
1565 4282
1566 4283
1567 4284
1568 4285
1569 4286
1570 4287
1571 4288
1572 4289
1573 4290
1574 4291
1575 4292
1576 4293
1577 4294
1578 4295
1579 4296
1580 4297
1581 4298
1582 4299
1583 4300
1584 4301
1585 4302
1586 4303
1587 4304
1588 4305
1589 4306
1590 4307
1591 4308
1592 4309
1593 4310
1594 4311
1595 4312
1596 4313
1597 4314
1598 4315
1599 4316
1600 4317
1601 4318
1602 4319
1603 4320
1604 4321
1605 4322
1606 4323
1607 4324
1608 4325
1609 4326
1610 4327
1611 4328
1612 4329
1613 4330
1614 4331
1615 4332
1616 4333
1617 4334
1618 4335
1619 4336
1620 4337
1621 4338
1622 4339
1623 4340
1624 4341
1625 4342
1626 4343
1627 4344
1628 4345
1629 4346
1630 4347
1631 4348
1632 4349
1633 4350
1634 4351
1635 4352
1636 4353
1637 4354
1638 4355
1639 4356
1640 4357
1641 4358
1642 4359
1643 4360
1644 4361
1645 4362
1646 4363
1647 4364
1648 4365
1649 4366
1650 4367
1651 4368
1652 4369
1653 4370
1654 4371
1655 4372
1656 4373
1657 4374
1658 4375
1659 4376
1660 4377
1661 4378
1662 4379
1663 4380
1664 4381
1665 4382
1666 4383
1667 4384
1668 4385
1669 4386
1670 4387
1671 4388
1672 4389
1673 4390
1674 4391
1675 4392
1676 4393
1677 4394
1678 4395
1679 4396
1680 4397
1681 4398
1682 4399
1683 4400
1684 4401
1685 4402
1686 4403
1687 4404
1688 4405
1689 4406
1690 4407
1691 4408
1692 4409
1693 4410
1694 4411
1695 4412
1696 4413
1697 4414
1698 4415
1699 4416
1700 4417
1701 4418
1702 4419
1703 4420
1704 4421
1705 4422
1706 4423
1707 4424
1708 4425
1709 4426
1710 4427
1711 4428
1712 4429
1713 4430
1714 4431
1715 4432
1716 4433
1717 4434
1718 4435
1719 4436
1720 4437
1721 4438
1722 4439
1723 4440
1724 4441
1725 4442
1726 4443
1727 4444
1728 4445
1729 4446
1730 4447
1731 4448
1732 4449
1733 4450
1734 4451
1735 4452
1736 4453
1737 4454
1738 4455
1739 4456
1740 4457
1741 4458
1742 4459
1743 4460
1744 4461
1745 4462
1746 4463
1747 4464
1748 4465
1749 4466
1750 4467
1751 4468
1752 4469
1753 4470
1754 4471
1755 4472
1756 4473
1757 4474
1758 4475
1759 4476
1760 4477
1761 4478
1762 4479
1763 4480
1764 4481
1765 4482
1766 4483
1767 4484
1768 4485
1769 4486
1770 4487
1771 4488
1772 4489
1773 4490
1774 4491
1775 4492
1776 4493
1777 4494
1778 4495
1779 4496
1780 4497
1781 4498
1782 4499
1783 4500
1784 4501
1785 4502
1786 4503
1787 4504
1788 4505
1789 4506
1790 4507
1791 4508
1792 4509
1793 4510
1794 4511
1795 4512
1796 4513
1797 4514
1798 4515
1799 4516
1800 4517
1801 4518
1802 4519
1803 4520
1804 4521
1805 4522
1806 4523
1807 4524
1808 4525
1809 4526
1810 4527
1811 4528
1812 4529
1813 4530
1814 4531
1815 4532
1816 4533
1817 4534
1818 4535
1819 4536
1820 4537
1821 4538
1822 4539
1823 4540
1824 4541
1825 4542
1826 4543
1827 4544
1828 4545
1829 4546
1830 4547
1831 4548
1832 4549
1833 4550
1834 4551
1835 4552
1836 4553
1837 4554
1838 4555
1839 4556
1840 4557
1841 4558
1842 4559
1843 4560
1844 4561
1845 4562
1846 4563
1847 4564
1848 4565
1849 4566
1850 4567
1851 4568
1852 4569
1853 4570
1854 4571
1855 4572
1856 4573
1857 4574
1858 4575
1859 4576
1860 4577
1861 4578
1862 4579
1863 4580
1864 4581
1865 4582
1866 4583
1867 4584
1868 4585
1869 4586
1870 4587
1871 4588
1872 4589
1873 4590
1874 4591
1875 4592
1876 4593
1877 4594
1878 4595
1879 4596
1880 4597
1881 4598
1882 4599
1883 4600
1884 4601
1885 4602
1886 4603
1887 4604
1888 4605
1889 4606
1890 4607
1891 4224
1892 4225
1893 4226
1894 4227
1895 4228
1896 4229
1897 4230
1898 4231
1899 4232
1900 4233
1901 4234
1902 4235
1903 4236
1904 4237
1905 4238
1906 4239
1907 4240
1908 4241
1909 4242
1910 4243
1911 4244
1912 4245
1913 4246
1914 4247
1915 4248
1916 4249
1917 4250
1918 4251
1919 4252
1536 5376
1537 5377
1538 5378
1539 5379
1540 5380
1541 5381
1542 5382
1543 5383
1544 5384
1545 5385
1546 5386
1547 5387
1548 5388
1549 5389
1550 5390
1551 5391
1552 5392
1553 5393
1554 5394
1555 5395
1556 5396
1557 5397
1558 5398
1559 5399
1560 5400
1561 5401
1562 5402
1563 5403
1564 5404
1565 5405
1566 5406
1567 5407
1568 5408
1569 5409
1570 5410
1571 5411
1572 5412
1573 5413
1574 5414
1575 5415
1576 5416
1577 5417
1578 5418
1579 5419
1580 5420
1581 5421
1582 5422
1583 5423
1584 5424
1585 5425
1586 5426
1587 5427
1588 5428
1589 5429
1590 5430
1591 5431
1592 5432
1593 5433
1594 5434
1595 5435
1596 5436
1597 5437
1598 5438
1599 5439
1600 5440
1601 5441
1602 5442
1603 5443
1604 5444
1605 5445
1606 5446
1607 5447
1608 5448
1609 5449
1610 5450
1611 5451
1612 5452
1613 5453
1614 5454
1615 5455
1616 5456
1617 5457
1618 5458
1619 5459
1620 5460
1621 5461
1622 5462
1623 5463
1624 5464
1625 5465
1626 5466
1627 5467
1628 5468
1629 5469
1630 5470
1631 5471
1632 5472
1633 5473
1634 5474
1635 5475
1636 5476
1637 5477
1638 5478
1639 5479
1640 5480
1641 5481
1642 5482
1643 5483
1644 5484
1645 5485
1646 5486
1647 5487
1648 5488
1649 5489
1650 5490
1651 5491
1652 5492
1653 5493
1654 5494
1655 5495
1656 5496
1657 5497
1658 5498
1659 5499
1660 5500
1661 5501
1662 5502
1663 5503
1664 5504
1665 5505
1666 5506
1667 5507
1668 5508
1669 5509
1670 5510
1671 5511
1672 5512
1673 5513
1674 5514
1675 5515
1676 5516
1677 5517
1678 5518
1679 5519
1680 5520
1681 5521
1682 5522
1683 5523
1684 5524
1685 5525
1686 5526
1687 5527
1688 5528
1689 5529
1690 5530
1691 5531
1692 5532
1693 5533
1694 5534
1695 5535
1696 5536
1697 5537
1698 5538
1699 5539
1700 5540
1701 5541
1702 5542
1703 5543
1704 5544
1705 5545
1706 5546
1707 5547
1708 5548
1709 5549
1710 5550
1711 5551
1712 5552
1713 5553
1714 5554
1715 5555
1716 5556
1717 5557
1718 5558
1719 5559
1720 5560
1721 5561
1722 5562
1723 5563
1724 5564
1725 5565
1726 5566
1727 5567
1728 5568
1729 5569
1730 5570
1731 5571
1732 5572
1733 5573
1734 5574
1735 5575
1736 5576
1737 5577
1738 5578
1739 5579
1740 5580
1741 5581
1742 5582
1743 5583
1744 5584
1745 5585
1746 5586
1747 5587
1748 5588
1749 5589
1750 5590
1751 5591
1752 5592
1753 5593
1754 5594
1755 5595
1756 5596
1757 5597
1758 5598
1759 5599
1760 5600
1761 5601
1762 5602
1763 5603
1764 5604
1765 5605
1766 5606
1767 5607
1768 5608
1769 5609
1770 5610
1771 5611
1772 5612
1773 5613
1774 5614
1775 5615
1776 5616
1777 5617
1778 5618
1779 5619
1780 5620
1781 5621
1782 5622
1783 5623
1784 5624
1785 5625
1786 5626
1787 5627
1788 5628
1789 5629
1790 5630
1791 5631
1792 5632
1793 5633
1794 5634
1795 5635
1796 5636
1797 5637
1798 5638
1799 5639
1800 5640
1801 5641
1802 5642
1803 5643
1804 5644
1805 5645
1806 5646
1807 5647
1808 5648
1809 5649
1810 5650
1811 5651
1812 5652
1813 5653
1814 5654
1815 5655
1816 5656
1817 5657
1818 5658
1819 5659
1820 5660
1821 5661
1822 5662
1823 5663
1824 5664
1825 5665
1826 5666
1827 5667
1828 5668
1829 5669
1830 5670
1831 5671
1832 5672
1833 5673
1834 5674
1835 5675
1836 5676
1837 5677
1838 5678
1839 5679
1840 5680
1841 5681
1842 5682
1843 5683
1844 5684
1845 5685
1846 5686
1847 5687
1848 5688
1849 5689
1850 5690
1851 5691
1852 5692
1853 5693
1854 5694
1855 5695
1856 5696
1857 5697
1858 5698
1859 5699
1860 5700
1861 5701
1862 5702
1863 5703
1864 5704
1865 5705
1866 5706
1867 5707
1868 5708
1869 5709
1870 5710
1871 5711
1872 5712
1873 5713
1874 5714
1875 5715
1876 5716
1877 5717
1878 5718
1879 5719
1880 5720
1881 5721
1882 5722
1883 5723
1884 5724
1885 5725
1886 5726
1887 5727
1888 5728
1889 5729
1890 5730
1891 5731
1892 5732
1893 5733
1894 5734
1895 5735
1896 5736
1897 5737
1898 5738
1899 5739
1900 5740
1901 5741
1902 5742
1903 5743
1904 5744
1905 5745
1906 5746
1907 5747
1908 5748
1909 5749
1910 5750
1911 5751
1912 5752
1913 5753
1914 5754
1915 5755
1916 5756
1917 5757
1918 5758
1919 5759
1920 10
1921 11
1922 12
1923 13
1924 14
1925 15
1926 16
1927 17
1928 18
1929 19
1930 20
1931 21
1932 22
1933 23
1934 24
1935 25
1936 26
1937 27
1938 28
1939 29
1940 30
1941 31
1942 32
1943 33
1944 34
1945 35
1946 36
1947 37
1948 38
1949 39
1950 40
1951 41
1952 42
1953 43
1954 44
1955 45
1956 46
1957 47
1958 48
1959 49
1960 50
1961 51
1962 52
1963 53
1964 54
1965 55
1966 56
1967 57
1968 58
1969 59
1970 60
1971 61
1972 62
1973 63
1974 64
1975 65
1976 66
1977 67
1978 68
1979 69
1980 70
1981 71
1982 72
1983 73
1984 74
1985 75
1986 76
1987 77
1988 78
1989 79
1990 80
1991 81
1992 82
1993 83
1994 84
1995 85
1996 86
1997 87
1998 88
1999 89
2000 90
2001 91
2002 92
2003 93
2004 94
2005 95
2006 96
2007 97
2008 98
2009 99
2010 100
2011 101
2012 102
2013 103
2014 104
2015 105
2016 106
2017 107
2018 108
2019 109
2020 110
2021 111
2022 112
2023 113
2024 114
2025 115
2026 116
2027 117
2028 118
2029 119
2030 120
2031 121
2032 122
2033 123
2034 124
2035 125
2036 126
2037 127
2038 128
2039 129
2040 130
2041 131
2042 132
2043 133
2044 134
2045 135
2046 136
2047 137
2048 138
2049 139
2050 140
2051 141
2052 142
2053 143
2054 144
2055 145
2056 146
2057 147
2058 148
2059 149
2060 150
2061 151
2062 152
2063 153
2064 154
2065 155
2066 156
2067 157
2068 158
2069 159
2070 160
2071 161
2072 162
2073 163
2074 164
2075 165
2076 166
2077 167
2078 168
2079 169
2080 170
2081 171
2082 172
2083 173
2084 174
2085 175
2086 176
2087 177
2088 178
2089 179
2090 180
2091 181
2092 182
2093 183
2094 184
2095 185
2096 186
2097 187
2098 188
2099 189
2100 190
2101 191
2102 192
2103 193
2104 194
2105 195
2106 196
2107 197
2108 198
2109 199
2110 200
2111 201
2112 202
2113 203
2114 204
2115 205
2116 206
2117 207
2118 208
2119 209
2120 210
2121 211
2122 212
2123 213
2124 214
2125 215
2126 216
2127 217
2128 218
2129 219
2130 220
2131 221
2132 222
2133 223
2134 224
2135 225
2136 226
2137 227
2138 228
2139 229
2140 230
2141 231
2142 232
2143 233
2144 234
2145 235
2146 236
2147 237
2148 238
2149 239
2150 240
2151 241
2152 242
2153 243
2154 244
2155 245
2156 246
2157 247
2158 248
2159 249
2160 250
2161 251
2162 252
2163 253
2164 254
2165 255
2166 256
2167 257
2168 258
2169 259
2170 260
2171 261
2172 262
2173 263
2174 264
2175 265
2176 266
2177 267
2178 268
2179 269
2180 270
2181 271
2182 272
2183 273
2184 274
2185 275
2186 276
2187 277
2188 278
2189 279
2190 280
2191 281
2192 282
2193 283
2194 284
2195 285
2196 286
2197 287
2198 288
2199 289
2200 290
2201 291
2202 292
2203 293
2204 294
2205 295
2206 296
2207 297
2208 298
2209 299
2210 300
2211 301
2212 302
2213 303
2214 304
2215 305
2216 306
2217 307
2218 308
2219 309
2220 310
2221 311
2222 312
2223 313
2224 314
2225 315
2226 316
2227 317
2228 318
2229 319
2230 320
2231 321
2232 322
2233 323
2234 324
2235 325
2236 326
2237 327
2238 328
2239 329
2240 330
2241 331
2242 332
2243 333
2244 334
2245 335
2246 336
2247 337
2248 338
2249 339
2250 340
2251 341
2252 342
2253 343
2254 344
2255 345
2256 346
2257 347
2258 348
2259 349
2260 350
2261 351
2262 352
2263 353
2264 354
2265 355
2266 356
2267 357
2268 358
2269 359
2270 360
2271 361
2272 362
2273 363
2274 364
2275 365
2276 366
2277 367
2278 368
2279 369
2280 370
2281 371
2282 372
2283 373
2284 374
2285 375
2286 376
2287 377
2288 378
2289 379
2290 380
2291 381
2292 382
2293 383
2294 0
2295 1
2296 2
2297 3
2298 4
2299 5
2300 6
2301 7
2302 8
2303 9
1920 428
1921 429
1922 430
1923 431
1924 432
1925 433
1926 434
1927 435
1928 436
1929 437
1930 438
1931 439
1932 440
1933 441
1934 442
1935 443
1936 444
1937 445
1938 446
1939 447
1940 448
1941 449
1942 450
1943 451
1944 452
1945 453
1946 454
1947 455
1948 456
1949 457
1950 458
1951 459
1952 460
1953 461
1954 462
1955 463
1956 464
1957 465
1958 466
1959 467
1960 468
1961 469
1962 470
1963 471
1964 472
1965 473
1966 474
1967 475
1968 476
1969 477
1970 478
1971 479
1972 480
1973 481
1974 482
1975 483
1976 484
1977 485
1978 486
1979 487
1980 488
1981 489
1982 490
1983 491
1984 492
1985 493
1986 494
1987 495
1988 496
1989 497
1990 498
1991 499
1992 500
1993 501
1994 502
1995 503
1996 504
1997 505
1998 506
1999 507
2000 508
2001 509
2002 510
2003 511
2004 512
2005 513
2006 514
2007 515
2008 516
2009 517
2010 518
2011 519
2012 520
2013 521
2014 522
2015 523
2016 524
2017 525
2018 526
2019 527
2020 528
2021 529
2022 530
2023 531
2024 532
2025 533
2026 534
2027 535
2028 536
2029 537
2030 538
2031 539
2032 540
2033 541
2034 542
2035 543
2036 544
2037 545
2038 546
2039 547
2040 548
2041 549
2042 550
2043 551
2044 552
2045 553
2046 554
2047 555
2048 556
2049 557
2050 558
2051 559
2052 560
2053 561
2054 562
2055 563
2056 564
2057 565
2058 566
2059 567
2060 568
2061 569
2062 570
2063 571
2064 572
2065 573
2066 574
2067 575
2068 576
2069 577
2070 578
2071 579
2072 580
2073 581
2074 582
2075 583
2076 584
2077 585
2078 586
2079 587
2080 588
2081 589
2082 590
2083 591
2084 592
2085 593
2086 594
2087 595
2088 596
2089 597
2090 598
2091 599
2092 600
2093 601
2094 602
2095 603
2096 604
2097 605
2098 606
2099 607
2100 608
2101 609
2102 610
2103 611
2104 612
2105 613
2106 614
2107 615
2108 616
2109 617
2110 618
2111 619
2112 620
2113 621
2114 622
2115 623
2116 624
2117 625
2118 626
2119 627
2120 628
2121 629
2122 630
2123 631
2124 632
2125 633
2126 634
2127 635
2128 636
2129 637
2130 638
2131 639
2132 640
2133 641
2134 642
2135 643
2136 644
2137 645
2138 646
2139 647
2140 648
2141 649
2142 650
2143 651
2144 652
2145 653
2146 654
2147 655
2148 656
2149 657
2150 658
2151 659
2152 660
2153 661
2154 662
2155 663
2156 664
2157 665
2158 666
2159 667
2160 668
2161 669
2162 670
2163 671
2164 672
2165 673
2166 674
2167 675
2168 676
2169 677
2170 678
2171 679
2172 680
2173 681
2174 682
2175 683
2176 684
2177 685
2178 686
2179 687
2180 688
2181 689
2182 690
2183 691
2184 692
2185 693
2186 694
2187 695
2188 696
2189 697
2190 698
2191 699
2192 700
2193 701
2194 702
2195 703
2196 704
2197 705
2198 706
2199 707
2200 708
2201 709
2202 710
2203 711
2204 712
2205 713
2206 714
2207 715
2208 716
2209 717
2210 718
2211 719
2212 720
2213 721
2214 722
2215 723
2216 724
2217 725
2218 726
2219 727
2220 728
2221 729
2222 730
2223 731
2224 732
2225 733
2226 734
2227 735
2228 736
2229 737
2230 738
2231 739
2232 740
2233 741
2234 742
2235 743
2236 744
2237 745
2238 746
2239 747
2240 748
2241 749
2242 750
2243 751
2244 752
2245 753
2246 754
2247 755
2248 756
2249 757
2250 758
2251 759
2252 760
2253 761
2254 762
2255 763
2256 764
2257 765
2258 766
2259 767
2260 384
2261 385
2262 386
2263 387
2264 388
2265 389
2266 390
2267 391
2268 392
2269 393
2270 394
2271 395
2272 396
2273 397
2274 398
2275 399
2276 400
2277 401
2278 402
2279 403
2280 404
2281 405
2282 406
2283 407
2284 408
2285 409
2286 410
2287 411
2288 412
2289 413
2290 414
2291 415
2292 416
2293 417
2294 418
2295 419
2296 420
2297 421
2298 422
2299 423
2300 424
2301 425
2302 426
2303 427
1920 2041
1921 2042
1922 2043
1923 2044
1924 2045
1925 2046
1926 2047
1927 2048
1928 2049
1929 2050
1930 2051
1931 2052
1932 2053
1933 2054
1934 2055
1935 2056
1936 2057
1937 2058
1938 2059
1939 2060
1940 2061
1941 2062
1942 2063
1943 2064
1944 2065
1945 2066
1946 2067
1947 2068
1948 2069
1949 2070
1950 2071
1951 2072
1952 2073
1953 2074
1954 2075
1955 2076
1956 2077
1957 2078
1958 2079
1959 2080
1960 2081
1961 2082
1962 2083
1963 2084
1964 2085
1965 2086
1966 2087
1967 2088
1968 2089
1969 2090
1970 2091
1971 2092
1972 2093
1973 2094
1974 2095
1975 2096
1976 2097
1977 2098
1978 2099
1979 2100
1980 2101
1981 2102
1982 2103
1983 2104
1984 2105
1985 2106
1986 2107
1987 2108
1988 2109
1989 2110
1990 2111
1991 2112
1992 2113
1993 2114
1994 2115
1995 2116
1996 2117
1997 2118
1998 2119
1999 2120
2000 2121
2001 2122
2002 2123
2003 2124
2004 2125
2005 2126
2006 2127
2007 2128
2008 2129
2009 2130
2010 2131
2011 2132
2012 2133
2013 2134
2014 2135
2015 2136
2016 2137
2017 2138
2018 2139
2019 2140
2020 2141
2021 2142
2022 2143
2023 2144
2024 2145
2025 2146
2026 2147
2027 2148
2028 2149
2029 2150
2030 2151
2031 2152
2032 2153
2033 2154
2034 2155
2035 2156
2036 2157
2037 2158
2038 2159
2039 2160
2040 2161
2041 2162
2042 2163
2043 2164
2044 2165
2045 2166
2046 2167
2047 2168
2048 2169
2049 2170
2050 2171
2051 2172
2052 2173
2053 2174
2054 2175
2055 2176
2056 2177
2057 2178
2058 2179
2059 2180
2060 2181
2061 2182
2062 2183
2063 2184
2064 2185
2065 2186
2066 2187
2067 2188
2068 2189
2069 2190
2070 2191
2071 2192
2072 2193
2073 2194
2074 2195
2075 2196
2076 2197
2077 2198
2078 2199
2079 2200
2080 2201
2081 2202
2082 2203
2083 2204
2084 2205
2085 2206
2086 2207
2087 2208
2088 2209
2089 2210
2090 2211
2091 2212
2092 2213
2093 2214
2094 2215
2095 2216
2096 2217
2097 2218
2098 2219
2099 2220
2100 2221
2101 2222
2102 2223
2103 2224
2104 2225
2105 2226
2106 2227
2107 2228
2108 2229
2109 2230
2110 2231
2111 2232
2112 2233
2113 2234
2114 2235
2115 2236
2116 2237
2117 2238
2118 2239
2119 2240
2120 2241
2121 2242
2122 2243
2123 2244
2124 2245
2125 2246
2126 2247
2127 2248
2128 2249
2129 2250
2130 2251
2131 2252
2132 2253
2133 2254
2134 2255
2135 2256
2136 2257
2137 2258
2138 2259
2139 2260
2140 2261
2141 2262
2142 2263
2143 2264
2144 2265
2145 2266
2146 2267
2147 2268
2148 2269
2149 2270
2150 2271
2151 2272
2152 2273
2153 2274
2154 2275
2155 2276
2156 2277
2157 2278
2158 2279
2159 2280
2160 2281
2161 2282
2162 2283
2163 2284
2164 2285
2165 2286
2166 2287
2167 2288
2168 2289
2169 2290
2170 2291
2171 2292
2172 2293
2173 2294
2174 2295
2175 2296
2176 2297
2177 2298
2178 2299
2179 2300
2180 2301
2181 2302
2182 2303
2183 1920
2184 1921
2185 1922
2186 1923
2187 1924
2188 1925
2189 1926
2190 1927
2191 1928
2192 1929
2193 1930
2194 1931
2195 1932
2196 1933
2197 1934
2198 1935
2199 1936
2200 1937
2201 1938
2202 1939
2203 1940
2204 1941
2205 1942
2206 1943
2207 1944
2208 1945
2209 1946
2210 1947
2211 1948
2212 1949
2213 1950
2214 1951
2215 1952
2216 1953
2217 1954
2218 1955
2219 1956
2220 1957
2221 1958
2222 1959
2223 1960
2224 1961
2225 1962
2226 1963
2227 1964
2228 1965
2229 1966
2230 1967
2231 1968
2232 1969
2233 1970
2234 1971
2235 1972
2236 1973
2237 1974
2238 1975
2239 1976
2240 1977
2241 1978
2242 1979
2243 1980
2244 1981
2245 1982
2246 1983
2247 1984
2248 1985
2249 1986
2250 1987
2251 1988
2252 1989
2253 1990
2254 1991
2255 1992
2256 1993
2257 1994
2258 1995
2259 1996
2260 1997
2261 1998
2262 1999
2263 2000
2264 2001
2265 2002
2266 2003
2267 2004
2268 2005
2269 2006
2270 2007
2271 2008
2272 2009
2273 2010
2274 2011
2275 2012
2276 2013
2277 2014
2278 2015
2279 2016
2280 2017
2281 2018
2282 2019
2283 2020
2284 2021
2285 2022
2286 2023
2287 2024
2288 2025
2289 2026
2290 2027
2291 2028
2292 2029
2293 2030
2294 2031
2295 2032
2296 2033
2297 2034
2298 2035
2299 2036
2300 2037
2301 2038
2302 2039
2303 2040
1920 2768
1921 2769
1922 2770
1923 2771
1924 2772
1925 2773
1926 2774
1927 2775
1928 2776
1929 2777
1930 2778
1931 2779
1932 2780
1933 2781
1934 2782
1935 2783
1936 2784
1937 2785
1938 2786
1939 2787
1940 2788
1941 2789
1942 2790
1943 2791
1944 2792
1945 2793
1946 2794
1947 2795
1948 2796
1949 2797
1950 2798
1951 2799
1952 2800
1953 2801
1954 2802
1955 2803
1956 2804
1957 2805
1958 2806
1959 2807
1960 2808
1961 2809
1962 2810
1963 2811
1964 2812
1965 2813
1966 2814
1967 2815
1968 2816
1969 2817
1970 2818
1971 2819
1972 2820
1973 2821
1974 2822
1975 2823
1976 2824
1977 2825
1978 2826
1979 2827
1980 2828
1981 2829
1982 2830
1983 2831
1984 2832
1985 2833
1986 2834
1987 2835
1988 2836
1989 2837
1990 2838
1991 2839
1992 2840
1993 2841
1994 2842
1995 2843
1996 2844
1997 2845
1998 2846
1999 2847
2000 2848
2001 2849
2002 2850
2003 2851
2004 2852
2005 2853
2006 2854
2007 2855
2008 2856
2009 2857
2010 2858
2011 2859
2012 2860
2013 2861
2014 2862
2015 2863
2016 2864
2017 2865
2018 2866
2019 2867
2020 2868
2021 2869
2022 2870
2023 2871
2024 2872
2025 2873
2026 2874
2027 2875
2028 2876
2029 2877
2030 2878
2031 2879
2032 2880
2033 2881
2034 2882
2035 2883
2036 2884
2037 2885
2038 2886
2039 2887
2040 2888
2041 2889
2042 2890
2043 2891
2044 2892
2045 2893
2046 2894
2047 2895
2048 2896
2049 2897
2050 2898
2051 2899
2052 2900
2053 2901
2054 2902
2055 2903
2056 2904
2057 2905
2058 2906
2059 2907
2060 2908
2061 2909
2062 2910
2063 2911
2064 2912
2065 2913
2066 2914
2067 2915
2068 2916
2069 2917
2070 2918
2071 2919
2072 2920
2073 2921
2074 2922
2075 2923
2076 2924
2077 2925
2078 2926
2079 2927
2080 2928
2081 2929
2082 2930
2083 2931
2084 2932
2085 2933
2086 2934
2087 2935
2088 2936
2089 2937
2090 2938
2091 2939
2092 2940
2093 2941
2094 2942
2095 2943
2096 2944
2097 2945
2098 2946
2099 2947
2100 2948
2101 2949
2102 2950
2103 2951
2104 2952
2105 2953
2106 2954
2107 2955
2108 2956
2109 2957
2110 2958
2111 2959
2112 2960
2113 2961
2114 2962
2115 2963
2116 2964
2117 2965
2118 2966
2119 2967
2120 2968
2121 2969
2122 2970
2123 2971
2124 2972
2125 2973
2126 2974
2127 2975
2128 2976
2129 2977
2130 2978
2131 2979
2132 2980
2133 2981
2134 2982
2135 2983
2136 2984
2137 2985
2138 2986
2139 2987
2140 2988
2141 2989
2142 2990
2143 2991
2144 2992
2145 2993
2146 2994
2147 2995
2148 2996
2149 2997
2150 2998
2151 2999
2152 3000
2153 3001
2154 3002
2155 3003
2156 3004
2157 3005
2158 3006
2159 3007
2160 3008
2161 3009
2162 3010
2163 3011
2164 3012
2165 3013
2166 3014
2167 3015
2168 3016
2169 3017
2170 3018
2171 3019
2172 3020
2173 3021
2174 3022
2175 3023
2176 3024
2177 3025
2178 3026
2179 3027
2180 3028
2181 3029
2182 3030
2183 3031
2184 3032
2185 3033
2186 3034
2187 3035
2188 3036
2189 3037
2190 3038
2191 3039
2192 3040
2193 3041
2194 3042
2195 3043
2196 3044
2197 3045
2198 3046
2199 3047
2200 3048
2201 3049
2202 3050
2203 3051
2204 3052
2205 3053
2206 3054
2207 3055
2208 3056
2209 3057
2210 3058
2211 3059
2212 3060
2213 3061
2214 3062
2215 3063
2216 3064
2217 3065
2218 3066
2219 3067
2220 3068
2221 3069
2222 3070
2223 3071
2224 2688
2225 2689
2226 2690
2227 2691
2228 2692
2229 2693
2230 2694
2231 2695
2232 2696
2233 2697
2234 2698
2235 2699
2236 2700
2237 2701
2238 2702
2239 2703
2240 2704
2241 2705
2242 2706
2243 2707
2244 2708
2245 2709
2246 2710
2247 2711
2248 2712
2249 2713
2250 2714
2251 2715
2252 2716
2253 2717
2254 2718
2255 2719
2256 2720
2257 2721
2258 2722
2259 2723
2260 2724
2261 2725
2262 2726
2263 2727
2264 2728
2265 2729
2266 2730
2267 2731
2268 2732
2269 2733
2270 2734
2271 2735
2272 2736
2273 2737
2274 2738
2275 2739
2276 2740
2277 2741
2278 2742
2279 2743
2280 2744
2281 2745
2282 2746
2283 2747
2284 2748
2285 2749
2286 2750
2287 2751
2288 2752
2289 2753
2290 2754
2291 2755
2292 2756
2293 2757
2294 2758
2295 2759
2296 2760
2297 2761
2298 2762
2299 2763
2300 2764
2301 2765
2302 2766
2303 2767
1920 4272
1921 4273
1922 4274
1923 4275
1924 4276
1925 4277
1926 4278
1927 4279
1928 4280
1929 4281
1930 4282
1931 4283
1932 4284
1933 4285
1934 4286
1935 4287
1936 4288
1937 4289
1938 4290
1939 4291
1940 4292
1941 4293
1942 4294
1943 4295
1944 4296
1945 4297
1946 4298
1947 4299
1948 4300
1949 4301
1950 4302
1951 4303
1952 4304
1953 4305
1954 4306
1955 4307
1956 4308
1957 4309
1958 4310
1959 4311
1960 4312
1961 4313
1962 4314
1963 4315
1964 4316
1965 4317
1966 4318
1967 4319
1968 4320
1969 4321
1970 4322
1971 4323
1972 4324
1973 4325
1974 4326
1975 4327
1976 4328
1977 4329
1978 4330
1979 4331
1980 4332
1981 4333
1982 4334
1983 4335
1984 4336
1985 4337
1986 4338
1987 4339
1988 4340
1989 4341
1990 4342
1991 4343
1992 4344
1993 4345
1994 4346
1995 4347
1996 4348
1997 4349
1998 4350
1999 4351
2000 4352
2001 4353
2002 4354
2003 4355
2004 4356
2005 4357
2006 4358
2007 4359
2008 4360
2009 4361
2010 4362
2011 4363
2012 4364
2013 4365
2014 4366
2015 4367
2016 4368
2017 4369
2018 4370
2019 4371
2020 4372
2021 4373
2022 4374
2023 4375
2024 4376
2025 4377
2026 4378
2027 4379
2028 4380
2029 4381
2030 4382
2031 4383
2032 4384
2033 4385
2034 4386
2035 4387
2036 4388
2037 4389
2038 4390
2039 4391
2040 4392
2041 4393
2042 4394
2043 4395
2044 4396
2045 4397
2046 4398
2047 4399
2048 4400
2049 4401
2050 4402
2051 4403
2052 4404
2053 4405
2054 4406
2055 4407
2056 4408
2057 4409
2058 4410
2059 4411
2060 4412
2061 4413
2062 4414
2063 4415
2064 4416
2065 4417
2066 4418
2067 4419
2068 4420
2069 4421
2070 4422
2071 4423
2072 4424
2073 4425
2074 4426
2075 4427
2076 4428
2077 4429
2078 4430
2079 4431
2080 4432
2081 4433
2082 4434
2083 4435
2084 4436
2085 4437
2086 4438
2087 4439
2088 4440
2089 4441
2090 4442
2091 4443
2092 4444
2093 4445
2094 4446
2095 4447
2096 4448
2097 4449
2098 4450
2099 4451
2100 4452
2101 4453
2102 4454
2103 4455
2104 4456
2105 4457
2106 4458
2107 4459
2108 4460
2109 4461
2110 4462
2111 4463
2112 4464
2113 4465
2114 4466
2115 4467
2116 4468
2117 4469
2118 4470
2119 4471
2120 4472
2121 4473
2122 4474
2123 4475
2124 4476
2125 4477
2126 4478
2127 4479
2128 4480
2129 4481
2130 4482
2131 4483
2132 4484
2133 4485
2134 4486
2135 4487
2136 4488
2137 4489
2138 4490
2139 4491
2140 4492
2141 4493
2142 4494
2143 4495
2144 4496
2145 4497
2146 4498
2147 4499
2148 4500
2149 4501
2150 4502
2151 4503
2152 4504
2153 4505
2154 4506
2155 4507
2156 4508
2157 4509
2158 4510
2159 4511
2160 4512
2161 4513
2162 4514
2163 4515
2164 4516
2165 4517
2166 4518
2167 4519
2168 4520
2169 4521
2170 4522
2171 4523
2172 4524
2173 4525
2174 4526
2175 4527
2176 4528
2177 4529
2178 4530
2179 4531
2180 4532
2181 4533
2182 4534
2183 4535
2184 4536
2185 4537
2186 4538
2187 4539
2188 4540
2189 4541
2190 4542
2191 4543
2192 4544
2193 4545
2194 4546
2195 4547
2196 4548
2197 4549
2198 4550
2199 4551
2200 4552
2201 4553
2202 4554
2203 4555
2204 4556
2205 4557
2206 4558
2207 4559
2208 4560
2209 4561
2210 4562
2211 4563
2212 4564
2213 4565
2214 4566
2215 4567
2216 4568
2217 4569
2218 4570
2219 4571
2220 4572
2221 4573
2222 4574
2223 4575
2224 4576
2225 4577
2226 4578
2227 4579
2228 4580
2229 4581
2230 4582
2231 4583
2232 4584
2233 4585
2234 4586
2235 4587
2236 4588
2237 4589
2238 4590
2239 4591
2240 4592
2241 4593
2242 4594
2243 4595
2244 4596
2245 4597
2246 4598
2247 4599
2248 4600
2249 4601
2250 4602
2251 4603
2252 4604
2253 4605
2254 4606
2255 4607
2256 4224
2257 4225
2258 4226
2259 4227
2260 4228
2261 4229
2262 4230
2263 4231
2264 4232
2265 4233
2266 4234
2267 4235
2268 4236
2269 4237
2270 4238
2271 4239
2272 4240
2273 4241
2274 4242
2275 4243
2276 4244
2277 4245
2278 4246
2279 4247
2280 4248
2281 4249
2282 4250
2283 4251
2284 4252
2285 4253
2286 4254
2287 4255
2288 4256
2289 4257
2290 4258
2291 4259
2292 4260
2293 4261
2294 4262
2295 4263
2296 4264
2297 4265
2298 4266
2299 4267
2300 4268
2301 4269
2302 4270
2303 4271
1920 5760
1921 5761
1922 5762
1923 5763
1924 5764
1925 5765
1926 5766
1927 5767
1928 5768
1929 5769
1930 5770
1931 5771
1932 5772
1933 5773
1934 5774
1935 5775
1936 5776
1937 5777
1938 5778
1939 5779
1940 5780
1941 5781
1942 5782
1943 5783
1944 5784
1945 5785
1946 5786
1947 5787
1948 5788
1949 5789
1950 5790
1951 5791
1952 5792
1953 5793
1954 5794
1955 5795
1956 5796
1957 5797
1958 5798
1959 5799
1960 5800
1961 5801
1962 5802
1963 5803
1964 5804
1965 5805
1966 5806
1967 5807
1968 5808
1969 5809
1970 5810
1971 5811
1972 5812
1973 5813
1974 5814
1975 5815
1976 5816
1977 5817
1978 5818
1979 5819
1980 5820
1981 5821
1982 5822
1983 5823
1984 5824
1985 5825
1986 5826
1987 5827
1988 5828
1989 5829
1990 5830
1991 5831
1992 5832
1993 5833
1994 5834
1995 5835
1996 5836
1997 5837
1998 5838
1999 5839
2000 5840
2001 5841
2002 5842
2003 5843
2004 5844
2005 5845
2006 5846
2007 5847
2008 5848
2009 5849
2010 5850
2011 5851
2012 5852
2013 5853
2014 5854
2015 5855
2016 5856
2017 5857
2018 5858
2019 5859
2020 5860
2021 5861
2022 5862
2023 5863
2024 5864
2025 5865
2026 5866
2027 5867
2028 5868
2029 5869
2030 5870
2031 5871
2032 5872
2033 5873
2034 5874
2035 5875
2036 5876
2037 5877
2038 5878
2039 5879
2040 5880
2041 5881
2042 5882
2043 5883
2044 5884
2045 5885
2046 5886
2047 5887
2048 5888
2049 5889
2050 5890
2051 5891
2052 5892
2053 5893
2054 5894
2055 5895
2056 5896
2057 5897
2058 5898
2059 5899
2060 5900
2061 5901
2062 5902
2063 5903
2064 5904
2065 5905
2066 5906
2067 5907
2068 5908
2069 5909
2070 5910
2071 5911
2072 5912
2073 5913
2074 5914
2075 5915
2076 5916
2077 5917
2078 5918
2079 5919
2080 5920
2081 5921
2082 5922
2083 5923
2084 5924
2085 5925
2086 5926
2087 5927
2088 5928
2089 5929
2090 5930
2091 5931
2092 5932
2093 5933
2094 5934
2095 5935
2096 5936
2097 5937
2098 5938
2099 5939
2100 5940
2101 5941
2102 5942
2103 5943
2104 5944
2105 5945
2106 5946
2107 5947
2108 5948
2109 5949
2110 5950
2111 5951
2112 5952
2113 5953
2114 5954
2115 5955
2116 5956
2117 5957
2118 5958
2119 5959
2120 5960
2121 5961
2122 5962
2123 5963
2124 5964
2125 5965
2126 5966
2127 5967
2128 5968
2129 5969
2130 5970
2131 5971
2132 5972
2133 5973
2134 5974
2135 5975
2136 5976
2137 5977
2138 5978
2139 5979
2140 5980
2141 5981
2142 5982
2143 5983
2144 5984
2145 5985
2146 5986
2147 5987
2148 5988
2149 5989
2150 5990
2151 5991
2152 5992
2153 5993
2154 5994
2155 5995
2156 5996
2157 5997
2158 5998
2159 5999
2160 6000
2161 6001
2162 6002
2163 6003
2164 6004
2165 6005
2166 6006
2167 6007
2168 6008
2169 6009
2170 6010
2171 6011
2172 6012
2173 6013
2174 6014
2175 6015
2176 6016
2177 6017
2178 6018
2179 6019
2180 6020
2181 6021
2182 6022
2183 6023
2184 6024
2185 6025
2186 6026
2187 6027
2188 6028
2189 6029
2190 6030
2191 6031
2192 6032
2193 6033
2194 6034
2195 6035
2196 6036
2197 6037
2198 6038
2199 6039
2200 6040
2201 6041
2202 6042
2203 6043
2204 6044
2205 6045
2206 6046
2207 6047
2208 6048
2209 6049
2210 6050
2211 6051
2212 6052
2213 6053
2214 6054
2215 6055
2216 6056
2217 6057
2218 6058
2219 6059
2220 6060
2221 6061
2222 6062
2223 6063
2224 6064
2225 6065
2226 6066
2227 6067
2228 6068
2229 6069
2230 6070
2231 6071
2232 6072
2233 6073
2234 6074
2235 6075
2236 6076
2237 6077
2238 6078
2239 6079
2240 6080
2241 6081
2242 6082
2243 6083
2244 6084
2245 6085
2246 6086
2247 6087
2248 6088
2249 6089
2250 6090
2251 6091
2252 6092
2253 6093
2254 6094
2255 6095
2256 6096
2257 6097
2258 6098
2259 6099
2260 6100
2261 6101
2262 6102
2263 6103
2264 6104
2265 6105
2266 6106
2267 6107
2268 6108
2269 6109
2270 6110
2271 6111
2272 6112
2273 6113
2274 6114
2275 6115
2276 6116
2277 6117
2278 6118
2279 6119
2280 6120
2281 6121
2282 6122
2283 6123
2284 6124
2285 6125
2286 6126
2287 6127
2288 6128
2289 6129
2290 6130
2291 6131
2292 6132
2293 6133
2294 6134
2295 6135
2296 6136
2297 6137
2298 6138
2299 6139
2300 6140
2301 6141
2302 6142
2303 6143
2304 129
2305 130
2306 131
2307 132
2308 133
2309 134
2310 135
2311 136
2312 137
2313 138
2314 139
2315 140
2316 141
2317 142
2318 143
2319 144
2320 145
2321 146
2322 147
2323 148
2324 149
2325 150
2326 151
2327 152
2328 153
2329 154
2330 155
2331 156
2332 157
2333 158
2334 159
2335 160
2336 161
2337 162
2338 163
2339 164
2340 165
2341 166
2342 167
2343 168
2344 169
2345 170
2346 171
2347 172
2348 173
2349 174
2350 175
2351 176
2352 177
2353 178
2354 179
2355 180
2356 181
2357 182
2358 183
2359 184
2360 185
2361 186
2362 187
2363 188
2364 189
2365 190
2366 191
2367 192
2368 193
2369 194
2370 195
2371 196
2372 197
2373 198
2374 199
2375 200
2376 201
2377 202
2378 203
2379 204
2380 205
2381 206
2382 207
2383 208
2384 209
2385 210
2386 211
2387 212
2388 213
2389 214
2390 215
2391 216
2392 217
2393 218
2394 219
2395 220
2396 221
2397 222
2398 223
2399 224
2400 225
2401 226
2402 227
2403 228
2404 229
2405 230
2406 231
2407 232
2408 233
2409 234
2410 235
2411 236
2412 237
2413 238
2414 239
2415 240
2416 241
2417 242
2418 243
2419 244
2420 245
2421 246
2422 247
2423 248
2424 249
2425 250
2426 251
2427 252
2428 253
2429 254
2430 255
2431 256
2432 257
2433 258
2434 259
2435 260
2436 261
2437 262
2438 263
2439 264
2440 265
2441 266
2442 267
2443 268
2444 269
2445 270
2446 271
2447 272
2448 273
2449 274
2450 275
2451 276
2452 277
2453 278
2454 279
2455 280
2456 281
2457 282
2458 283
2459 284
2460 285
2461 286
2462 287
2463 288
2464 289
2465 290
2466 291
2467 292
2468 293
2469 294
2470 295
2471 296
2472 297
2473 298
2474 299
2475 300
2476 301
2477 302
2478 303
2479 304
2480 305
2481 306
2482 307
2483 308
2484 309
2485 310
2486 311
2487 312
2488 313
2489 314
2490 315
2491 316
2492 317
2493 318
2494 319
2495 320
2496 321
2497 322
2498 323
2499 324
2500 325
2501 326
2502 327
2503 328
2504 329
2505 330
2506 331
2507 332
2508 333
2509 334
2510 335
2511 336
2512 337
2513 338
2514 339
2515 340
2516 341
2517 342
2518 343
2519 344
2520 345
2521 346
2522 347
2523 348
2524 349
2525 350
2526 351
2527 352
2528 353
2529 354
2530 355
2531 356
2532 357
2533 358
2534 359
2535 360
2536 361
2537 362
2538 363
2539 364
2540 365
2541 366
2542 367
2543 368
2544 369
2545 370
2546 371
2547 372
2548 373
2549 374
2550 375
2551 376
2552 377
2553 378
2554 379
2555 380
2556 381
2557 382
2558 383
2559 0
2560 1
2561 2
2562 3
2563 4
2564 5
2565 6
2566 7
2567 8
2568 9
2569 10
2570 11
2571 12
2572 13
2573 14
2574 15
2575 16
2576 17
2577 18
2578 19
2579 20
2580 21
2581 22
2582 23
2583 24
2584 25
2585 26
2586 27
2587 28
2588 29
2589 30
2590 31
2591 32
2592 33
2593 34
2594 35
2595 36
2596 37
2597 38
2598 39
2599 40
2600 41
2601 42
2602 43
2603 44
2604 45
2605 46
2606 47
2607 48
2608 49
2609 50
2610 51
2611 52
2612 53
2613 54
2614 55
2615 56
2616 57
2617 58
2618 59
2619 60
2620 61
2621 62
2622 63
2623 64
2624 65
2625 66
2626 67
2627 68
2628 69
2629 70
2630 71
2631 72
2632 73
2633 74
2634 75
2635 76
2636 77
2637 78
2638 79
2639 80
2640 81
2641 82
2642 83
2643 84
2644 85
2645 86
2646 87
2647 88
2648 89
2649 90
2650 91
2651 92
2652 93
2653 94
2654 95
2655 96
2656 97
2657 98
2658 99
2659 100
2660 101
2661 102
2662 103
2663 104
2664 105
2665 106
2666 107
2667 108
2668 109
2669 110
2670 111
2671 112
2672 113
2673 114
2674 115
2675 116
2676 117
2677 118
2678 119
2679 120
2680 121
2681 122
2682 123
2683 124
2684 125
2685 126
2686 127
2687 128
2304 2012
2305 2013
2306 2014
2307 2015
2308 2016
2309 2017
2310 2018
2311 2019
2312 2020
2313 2021
2314 2022
2315 2023
2316 2024
2317 2025
2318 2026
2319 2027
2320 2028
2321 2029
2322 2030
2323 2031
2324 2032
2325 2033
2326 2034
2327 2035
2328 2036
2329 2037
2330 2038
2331 2039
2332 2040
2333 2041
2334 2042
2335 2043
2336 2044
2337 2045
2338 2046
2339 2047
2340 2048
2341 2049
2342 2050
2343 2051
2344 2052
2345 2053
2346 2054
2347 2055
2348 2056
2349 2057
2350 2058
2351 2059
2352 2060
2353 2061
2354 2062
2355 2063
2356 2064
2357 2065
2358 2066
2359 2067
2360 2068
2361 2069
2362 2070
2363 2071
2364 2072
2365 2073
2366 2074
2367 2075
2368 2076
2369 2077
2370 2078
2371 2079
2372 2080
2373 2081
2374 2082
2375 2083
2376 2084
2377 2085
2378 2086
2379 2087
2380 2088
2381 2089
2382 2090
2383 2091
2384 2092
2385 2093
2386 2094
2387 2095
2388 2096
2389 2097
2390 2098
2391 2099
2392 2100
2393 2101
2394 2102
2395 2103
2396 2104
2397 2105
2398 2106
2399 2107
2400 2108
2401 2109
2402 2110
2403 2111
2404 2112
2405 2113
2406 2114
2407 2115
2408 2116
2409 2117
2410 2118
2411 2119
2412 2120
2413 2121
2414 2122
2415 2123
2416 2124
2417 2125
2418 2126
2419 2127
2420 2128
2421 2129
2422 2130
2423 2131
2424 2132
2425 2133
2426 2134
2427 2135
2428 2136
2429 2137
2430 2138
2431 2139
2432 2140
2433 2141
2434 2142
2435 2143
2436 2144
2437 2145
2438 2146
2439 2147
2440 2148
2441 2149
2442 2150
2443 2151
2444 2152
2445 2153
2446 2154
2447 2155
2448 2156
2449 2157
2450 2158
2451 2159
2452 2160
2453 2161
2454 2162
2455 2163
2456 2164
2457 2165
2458 2166
2459 2167
2460 2168
2461 2169
2462 2170
2463 2171
2464 2172
2465 2173
2466 2174
2467 2175
2468 2176
2469 2177
2470 2178
2471 2179
2472 2180
2473 2181
2474 2182
2475 2183
2476 2184
2477 2185
2478 2186
2479 2187
2480 2188
2481 2189
2482 2190
2483 2191
2484 2192
2485 2193
2486 2194
2487 2195
2488 2196
2489 2197
2490 2198
2491 2199
2492 2200
2493 2201
2494 2202
2495 2203
2496 2204
2497 2205
2498 2206
2499 2207
2500 2208
2501 2209
2502 2210
2503 2211
2504 2212
2505 2213
2506 2214
2507 2215
2508 2216
2509 2217
2510 2218
2511 2219
2512 2220
2513 2221
2514 2222
2515 2223
2516 2224
2517 2225
2518 2226
2519 2227
2520 2228
2521 2229
2522 2230
2523 2231
2524 2232
2525 2233
2526 2234
2527 2235
2528 2236
2529 2237
2530 2238
2531 2239
2532 2240
2533 2241
2534 2242
2535 2243
2536 2244
2537 2245
2538 2246
2539 2247
2540 2248
2541 2249
2542 2250
2543 2251
2544 2252
2545 2253
2546 2254
2547 2255
2548 2256
2549 2257
2550 2258
2551 2259
2552 2260
2553 2261
2554 2262
2555 2263
2556 2264
2557 2265
2558 2266
2559 2267
2560 2268
2561 2269
2562 2270
2563 2271
2564 2272
2565 2273
2566 2274
2567 2275
2568 2276
2569 2277
2570 2278
2571 2279
2572 2280
2573 2281
2574 2282
2575 2283
2576 2284
2577 2285
2578 2286
2579 2287
2580 2288
2581 2289
2582 2290
2583 2291
2584 2292
2585 2293
2586 2294
2587 2295
2588 2296
2589 2297
2590 2298
2591 2299
2592 2300
2593 2301
2594 2302
2595 2303
2596 1920
2597 1921
2598 1922
2599 1923
2600 1924
2601 1925
2602 1926
2603 1927
2604 1928
2605 1929
2606 1930
2607 1931
2608 1932
2609 1933
2610 1934
2611 1935
2612 1936
2613 1937
2614 1938
2615 1939
2616 1940
2617 1941
2618 1942
2619 1943
2620 1944
2621 1945
2622 1946
2623 1947
2624 1948
2625 1949
2626 1950
2627 1951
2628 1952
2629 1953
2630 1954
2631 1955
2632 1956
2633 1957
2634 1958
2635 1959
2636 1960
2637 1961
2638 1962
2639 1963
2640 1964
2641 1965
2642 1966
2643 1967
2644 1968
2645 1969
2646 1970
2647 1971
2648 1972
2649 1973
2650 1974
2651 1975
2652 1976
2653 1977
2654 1978
2655 1979
2656 1980
2657 1981
2658 1982
2659 1983
2660 1984
2661 1985
2662 1986
2663 1987
2664 1988
2665 1989
2666 1990
2667 1991
2668 1992
2669 1993
2670 1994
2671 1995
2672 1996
2673 1997
2674 1998
2675 1999
2676 2000
2677 2001
2678 2002
2679 2003
2680 2004
2681 2005
2682 2006
2683 2007
2684 2008
2685 2009
2686 2010
2687 2011
2304 2788
2305 2789
2306 2790
2307 2791
2308 2792
2309 2793
2310 2794
2311 2795
2312 2796
2313 2797
2314 2798
2315 2799
2316 2800
2317 2801
2318 2802
2319 2803
2320 2804
2321 2805
2322 2806
2323 2807
2324 2808
2325 2809
2326 2810
2327 2811
2328 2812
2329 2813
2330 2814
2331 2815
2332 2816
2333 2817
2334 2818
2335 2819
2336 2820
2337 2821
2338 2822
2339 2823
2340 2824
2341 2825
2342 2826
2343 2827
2344 2828
2345 2829
2346 2830
2347 2831
2348 2832
2349 2833
2350 2834
2351 2835
2352 2836
2353 2837
2354 2838
2355 2839
2356 2840
2357 2841
2358 2842
2359 2843
2360 2844
2361 2845
2362 2846
2363 2847
2364 2848
2365 2849
2366 2850
2367 2851
2368 2852
2369 2853
2370 2854
2371 2855
2372 2856
2373 2857
2374 2858
2375 2859
2376 2860
2377 2861
2378 2862
2379 2863
2380 2864
2381 2865
2382 2866
2383 2867
2384 2868
2385 2869
2386 2870
2387 2871
2388 2872
2389 2873
2390 2874
2391 2875
2392 2876
2393 2877
2394 2878
2395 2879
2396 2880
2397 2881
2398 2882
2399 2883
2400 2884
2401 2885
2402 2886
2403 2887
2404 2888
2405 2889
2406 2890
2407 2891
2408 2892
2409 2893
2410 2894
2411 2895
2412 2896
2413 2897
2414 2898
2415 2899
2416 2900
2417 2901
2418 2902
2419 2903
2420 2904
2421 2905
2422 2906
2423 2907
2424 2908
2425 2909
2426 2910
2427 2911
2428 2912
2429 2913
2430 2914
2431 2915
2432 2916
2433 2917
2434 2918
2435 2919
2436 2920
2437 2921
2438 2922
2439 2923
2440 2924
2441 2925
2442 2926
2443 2927
2444 2928
2445 2929
2446 2930
2447 2931
2448 2932
2449 2933
2450 2934
2451 2935
2452 2936
2453 2937
2454 2938
2455 2939
2456 2940
2457 2941
2458 2942
2459 2943
2460 2944
2461 2945
2462 2946
2463 2947
2464 2948
2465 2949
2466 2950
2467 2951
2468 2952
2469 2953
2470 2954
2471 2955
2472 2956
2473 2957
2474 2958
2475 2959
2476 2960
2477 2961
2478 2962
2479 2963
2480 2964
2481 2965
2482 2966
2483 2967
2484 2968
2485 2969
2486 2970
2487 2971
2488 2972
2489 2973
2490 2974
2491 2975
2492 2976
2493 2977
2494 2978
2495 2979
2496 2980
2497 2981
2498 2982
2499 2983
2500 2984
2501 2985
2502 2986
2503 2987
2504 2988
2505 2989
2506 2990
2507 2991
2508 2992
2509 2993
2510 2994
2511 2995
2512 2996
2513 2997
2514 2998
2515 2999
2516 3000
2517 3001
2518 3002
2519 3003
2520 3004
2521 3005
2522 3006
2523 3007
2524 3008
2525 3009
2526 3010
2527 3011
2528 3012
2529 3013
2530 3014
2531 3015
2532 3016
2533 3017
2534 3018
2535 3019
2536 3020
2537 3021
2538 3022
2539 3023
2540 3024
2541 3025
2542 3026
2543 3027
2544 3028
2545 3029
2546 3030
2547 3031
2548 3032
2549 3033
2550 3034
2551 3035
2552 3036
2553 3037
2554 3038
2555 3039
2556 3040
2557 3041
2558 3042
2559 3043
2560 3044
2561 3045
2562 3046
2563 3047
2564 3048
2565 3049
2566 3050
2567 3051
2568 3052
2569 3053
2570 3054
2571 3055
2572 3056
2573 3057
2574 3058
2575 3059
2576 3060
2577 3061
2578 3062
2579 3063
2580 3064
2581 3065
2582 3066
2583 3067
2584 3068
2585 3069
2586 3070
2587 3071
2588 2688
2589 2689
2590 2690
2591 2691
2592 2692
2593 2693
2594 2694
2595 2695
2596 2696
2597 2697
2598 2698
2599 2699
2600 2700
2601 2701
2602 2702
2603 2703
2604 2704
2605 2705
2606 2706
2607 2707
2608 2708
2609 2709
2610 2710
2611 2711
2612 2712
2613 2713
2614 2714
2615 2715
2616 2716
2617 2717
2618 2718
2619 2719
2620 2720
2621 2721
2622 2722
2623 2723
2624 2724
2625 2725
2626 2726
2627 2727
2628 2728
2629 2729
2630 2730
2631 2731
2632 2732
2633 2733
2634 2734
2635 2735
2636 2736
2637 2737
2638 2738
2639 2739
2640 2740
2641 2741
2642 2742
2643 2743
2644 2744
2645 2745
2646 2746
2647 2747
2648 2748
2649 2749
2650 2750
2651 2751
2652 2752
2653 2753
2654 2754
2655 2755
2656 2756
2657 2757
2658 2758
2659 2759
2660 2760
2661 2761
2662 2762
2663 2763
2664 2764
2665 2765
2666 2766
2667 2767
2668 2768
2669 2769
2670 2770
2671 2771
2672 2772
2673 2773
2674 2774
2675 2775
2676 2776
2677 2777
2678 2778
2679 2779
2680 2780
2681 2781
2682 2782
2683 2783
2684 2784
2685 2785
2686 2786
2687 2787
2304 3505
2305 3506
2306 3507
2307 3508
2308 3509
2309 3510
2310 3511
2311 3512
2312 3513
2313 3514
2314 3515
2315 3516
2316 3517
2317 3518
2318 3519
2319 3520
2320 3521
2321 3522
2322 3523
2323 3524
2324 3525
2325 3526
2326 3527
2327 3528
2328 3529
2329 3530
2330 3531
2331 3532
2332 3533
2333 3534
2334 3535
2335 3536
2336 3537
2337 3538
2338 3539
2339 3540
2340 3541
2341 3542
2342 3543
2343 3544
2344 3545
2345 3546
2346 3547
2347 3548
2348 3549
2349 3550
2350 3551
2351 3552
2352 3553
2353 3554
2354 3555
2355 3556
2356 3557
2357 3558
2358 3559
2359 3560
2360 3561
2361 3562
2362 3563
2363 3564
2364 3565
2365 3566
2366 3567
2367 3568
2368 3569
2369 3570
2370 3571
2371 3572
2372 3573
2373 3574
2374 3575
2375 3576
2376 3577
2377 3578
2378 3579
2379 3580
2380 3581
2381 3582
2382 3583
2383 3584
2384 3585
2385 3586
2386 3587
2387 3588
2388 3589
2389 3590
2390 3591
2391 3592
2392 3593
2393 3594
2394 3595
2395 3596
2396 3597
2397 3598
2398 3599
2399 3600
2400 3601
2401 3602
2402 3603
2403 3604
2404 3605
2405 3606
2406 3607
2407 3608
2408 3609
2409 3610
2410 3611
2411 3612
2412 3613
2413 3614
2414 3615
2415 3616
2416 3617
2417 3618
2418 3619
2419 3620
2420 3621
2421 3622
2422 3623
2423 3624
2424 3625
2425 3626
2426 3627
2427 3628
2428 3629
2429 3630
2430 3631
2431 3632
2432 3633
2433 3634
2434 3635
2435 3636
2436 3637
2437 3638
2438 3639
2439 3640
2440 3641
2441 3642
2442 3643
2443 3644
2444 3645
2445 3646
2446 3647
2447 3648
2448 3649
2449 3650
2450 3651
2451 3652
2452 3653
2453 3654
2454 3655
2455 3656
2456 3657
2457 3658
2458 3659
2459 3660
2460 3661
2461 3662
2462 3663
2463 3664
2464 3665
2465 3666
2466 3667
2467 3668
2468 3669
2469 3670
2470 3671
2471 3672
2472 3673
2473 3674
2474 3675
2475 3676
2476 3677
2477 3678
2478 3679
2479 3680
2480 3681
2481 3682
2482 3683
2483 3684
2484 3685
2485 3686
2486 3687
2487 3688
2488 3689
2489 3690
2490 3691
2491 3692
2492 3693
2493 3694
2494 3695
2495 3696
2496 3697
2497 3698
2498 3699
2499 3700
2500 3701
2501 3702
2502 3703
2503 3704
2504 3705
2505 3706
2506 3707
2507 3708
2508 3709
2509 3710
2510 3711
2511 3712
2512 3713
2513 3714
2514 3715
2515 3716
2516 3717
2517 3718
2518 3719
2519 3720
2520 3721
2521 3722
2522 3723
2523 3724
2524 3725
2525 3726
2526 3727
2527 3728
2528 3729
2529 3730
2530 3731
2531 3732
2532 3733
2533 3734
2534 3735
2535 3736
2536 3737
2537 3738
2538 3739
2539 3740
2540 3741
2541 3742
2542 3743
2543 3744
2544 3745
2545 3746
2546 3747
2547 3748
2548 3749
2549 3750
2550 3751
2551 3752
2552 3753
2553 3754
2554 3755
2555 3756
2556 3757
2557 3758
2558 3759
2559 3760
2560 3761
2561 3762
2562 3763
2563 3764
2564 3765
2565 3766
2566 3767
2567 3768
2568 3769
2569 3770
2570 3771
2571 3772
2572 3773
2573 3774
2574 3775
2575 3776
2576 3777
2577 3778
2578 3779
2579 3780
2580 3781
2581 3782
2582 3783
2583 3784
2584 3785
2585 3786
2586 3787
2587 3788
2588 3789
2589 3790
2590 3791
2591 3792
2592 3793
2593 3794
2594 3795
2595 3796
2596 3797
2597 3798
2598 3799
2599 3800
2600 3801
2601 3802
2602 3803
2603 3804
2604 3805
2605 3806
2606 3807
2607 3808
2608 3809
2609 3810
2610 3811
2611 3812
2612 3813
2613 3814
2614 3815
2615 3816
2616 3817
2617 3818
2618 3819
2619 3820
2620 3821
2621 3822
2622 3823
2623 3824
2624 3825
2625 3826
2626 3827
2627 3828
2628 3829
2629 3830
2630 3831
2631 3832
2632 3833
2633 3834
2634 3835
2635 3836
2636 3837
2637 3838
2638 3839
2639 3456
2640 3457
2641 3458
2642 3459
2643 3460
2644 3461
2645 3462
2646 3463
2647 3464
2648 3465
2649 3466
2650 3467
2651 3468
2652 3469
2653 3470
2654 3471
2655 3472
2656 3473
2657 3474
2658 3475
2659 3476
2660 3477
2661 3478
2662 3479
2663 3480
2664 3481
2665 3482
2666 3483
2667 3484
2668 3485
2669 3486
2670 3487
2671 3488
2672 3489
2673 3490
2674 3491
2675 3492
2676 3493
2677 3494
2678 3495
2679 3496
2680 3497
2681 3498
2682 3499
2683 3500
2684 3501
2685 3502
2686 3503
2687 3504
2304 4408
2305 4409
2306 4410
2307 4411
2308 4412
2309 4413
2310 4414
2311 4415
2312 4416
2313 4417
2314 4418
2315 4419
2316 4420
2317 4421
2318 4422
2319 4423
2320 4424
2321 4425
2322 4426
2323 4427
2324 4428
2325 4429
2326 4430
2327 4431
2328 4432
2329 4433
2330 4434
2331 4435
2332 4436
2333 4437
2334 4438
2335 4439
2336 4440
2337 4441
2338 4442
2339 4443
2340 4444
2341 4445
2342 4446
2343 4447
2344 4448
2345 4449
2346 4450
2347 4451
2348 4452
2349 4453
2350 4454
2351 4455
2352 4456
2353 4457
2354 4458
2355 4459
2356 4460
2357 4461
2358 4462
2359 4463
2360 4464
2361 4465
2362 4466
2363 4467
2364 4468
2365 4469
2366 4470
2367 4471
2368 4472
2369 4473
2370 4474
2371 4475
2372 4476
2373 4477
2374 4478
2375 4479
2376 4480
2377 4481
2378 4482
2379 4483
2380 4484
2381 4485
2382 4486
2383 4487
2384 4488
2385 4489
2386 4490
2387 4491
2388 4492
2389 4493
2390 4494
2391 4495
2392 4496
2393 4497
2394 4498
2395 4499
2396 4500
2397 4501
2398 4502
2399 4503
2400 4504
2401 4505
2402 4506
2403 4507
2404 4508
2405 4509
2406 4510
2407 4511
2408 4512
2409 4513
2410 4514
2411 4515
2412 4516
2413 4517
2414 4518
2415 4519
2416 4520
2417 4521
2418 4522
2419 4523
2420 4524
2421 4525
2422 4526
2423 4527
2424 4528
2425 4529
2426 4530
2427 4531
2428 4532
2429 4533
2430 4534
2431 4535
2432 4536
2433 4537
2434 4538
2435 4539
2436 4540
2437 4541
2438 4542
2439 4543
2440 4544
2441 4545
2442 4546
2443 4547
2444 4548
2445 4549
2446 4550
2447 4551
2448 4552
2449 4553
2450 4554
2451 4555
2452 4556
2453 4557
2454 4558
2455 4559
2456 4560
2457 4561
2458 4562
2459 4563
2460 4564
2461 4565
2462 4566
2463 4567
2464 4568
2465 4569
2466 4570
2467 4571
2468 4572
2469 4573
2470 4574
2471 4575
2472 4576
2473 4577
2474 4578
2475 4579
2476 4580
2477 4581
2478 4582
2479 4583
2480 4584
2481 4585
2482 4586
2483 4587
2484 4588
2485 4589
2486 4590
2487 4591
2488 4592
2489 4593
2490 4594
2491 4595
2492 4596
2493 4597
2494 4598
2495 4599
2496 4600
2497 4601
2498 4602
2499 4603
2500 4604
2501 4605
2502 4606
2503 4607
2504 4224
2505 4225
2506 4226
2507 4227
2508 4228
2509 4229
2510 4230
2511 4231
2512 4232
2513 4233
2514 4234
2515 4235
2516 4236
2517 4237
2518 4238
2519 4239
2520 4240
2521 4241
2522 4242
2523 4243
2524 4244
2525 4245
2526 4246
2527 4247
2528 4248
2529 4249
2530 4250
2531 4251
2532 4252
2533 4253
2534 4254
2535 4255
2536 4256
2537 4257
2538 4258
2539 4259
2540 4260
2541 4261
2542 4262
2543 4263
2544 4264
2545 4265
2546 4266
2547 4267
2548 4268
2549 4269
2550 4270
2551 4271
2552 4272
2553 4273
2554 4274
2555 4275
2556 4276
2557 4277
2558 4278
2559 4279
2560 4280
2561 4281
2562 4282
2563 4283
2564 4284
2565 4285
2566 4286
2567 4287
2568 4288
2569 4289
2570 4290
2571 4291
2572 4292
2573 4293
2574 4294
2575 4295
2576 4296
2577 4297
2578 4298
2579 4299
2580 4300
2581 4301
2582 4302
2583 4303
2584 4304
2585 4305
2586 4306
2587 4307
2588 4308
2589 4309
2590 4310
2591 4311
2592 4312
2593 4313
2594 4314
2595 4315
2596 4316
2597 4317
2598 4318
2599 4319
2600 4320
2601 4321
2602 4322
2603 4323
2604 4324
2605 4325
2606 4326
2607 4327
2608 4328
2609 4329
2610 4330
2611 4331
2612 4332
2613 4333
2614 4334
2615 4335
2616 4336
2617 4337
2618 4338
2619 4339
2620 4340
2621 4341
2622 4342
2623 4343
2624 4344
2625 4345
2626 4346
2627 4347
2628 4348
2629 4349
2630 4350
2631 4351
2632 4352
2633 4353
2634 4354
2635 4355
2636 4356
2637 4357
2638 4358
2639 4359
2640 4360
2641 4361
2642 4362
2643 4363
2644 4364
2645 4365
2646 4366
2647 4367
2648 4368
2649 4369
2650 4370
2651 4371
2652 4372
2653 4373
2654 4374
2655 4375
2656 4376
2657 4377
2658 4378
2659 4379
2660 4380
2661 4381
2662 4382
2663 4383
2664 4384
2665 4385
2666 4386
2667 4387
2668 4388
2669 4389
2670 4390
2671 4391
2672 4392
2673 4393
2674 4394
2675 4395
2676 4396
2677 4397
2678 4398
2679 4399
2680 4400
2681 4401
2682 4402
2683 4403
2684 4404
2685 4405
2686 4406
2687 4407
2304 6144
2305 6145
2306 6146
2307 6147
2308 6148
2309 6149
2310 6150
2311 6151
2312 6152
2313 6153
2314 6154
2315 6155
2316 6156
2317 6157
2318 6158
2319 6159
2320 6160
2321 6161
2322 6162
2323 6163
2324 6164
2325 6165
2326 6166
2327 6167
2328 6168
2329 6169
2330 6170
2331 6171
2332 6172
2333 6173
2334 6174
2335 6175
2336 6176
2337 6177
2338 6178
2339 6179
2340 6180
2341 6181
2342 6182
2343 6183
2344 6184
2345 6185
2346 6186
2347 6187
2348 6188
2349 6189
2350 6190
2351 6191
2352 6192
2353 6193
2354 6194
2355 6195
2356 6196
2357 6197
2358 6198
2359 6199
2360 6200
2361 6201
2362 6202
2363 6203
2364 6204
2365 6205
2366 6206
2367 6207
2368 6208
2369 6209
2370 6210
2371 6211
2372 6212
2373 6213
2374 6214
2375 6215
2376 6216
2377 6217
2378 6218
2379 6219
2380 6220
2381 6221
2382 6222
2383 6223
2384 6224
2385 6225
2386 6226
2387 6227
2388 6228
2389 6229
2390 6230
2391 6231
2392 6232
2393 6233
2394 6234
2395 6235
2396 6236
2397 6237
2398 6238
2399 6239
2400 6240
2401 6241
2402 6242
2403 6243
2404 6244
2405 6245
2406 6246
2407 6247
2408 6248
2409 6249
2410 6250
2411 6251
2412 6252
2413 6253
2414 6254
2415 6255
2416 6256
2417 6257
2418 6258
2419 6259
2420 6260
2421 6261
2422 6262
2423 6263
2424 6264
2425 6265
2426 6266
2427 6267
2428 6268
2429 6269
2430 6270
2431 6271
2432 6272
2433 6273
2434 6274
2435 6275
2436 6276
2437 6277
2438 6278
2439 6279
2440 6280
2441 6281
2442 6282
2443 6283
2444 6284
2445 6285
2446 6286
2447 6287
2448 6288
2449 6289
2450 6290
2451 6291
2452 6292
2453 6293
2454 6294
2455 6295
2456 6296
2457 6297
2458 6298
2459 6299
2460 6300
2461 6301
2462 6302
2463 6303
2464 6304
2465 6305
2466 6306
2467 6307
2468 6308
2469 6309
2470 6310
2471 6311
2472 6312
2473 6313
2474 6314
2475 6315
2476 6316
2477 6317
2478 6318
2479 6319
2480 6320
2481 6321
2482 6322
2483 6323
2484 6324
2485 6325
2486 6326
2487 6327
2488 6328
2489 6329
2490 6330
2491 6331
2492 6332
2493 6333
2494 6334
2495 6335
2496 6336
2497 6337
2498 6338
2499 6339
2500 6340
2501 6341
2502 6342
2503 6343
2504 6344
2505 6345
2506 6346
2507 6347
2508 6348
2509 6349
2510 6350
2511 6351
2512 6352
2513 6353
2514 6354
2515 6355
2516 6356
2517 6357
2518 6358
2519 6359
2520 6360
2521 6361
2522 6362
2523 6363
2524 6364
2525 6365
2526 6366
2527 6367
2528 6368
2529 6369
2530 6370
2531 6371
2532 6372
2533 6373
2534 6374
2535 6375
2536 6376
2537 6377
2538 6378
2539 6379
2540 6380
2541 6381
2542 6382
2543 6383
2544 6384
2545 6385
2546 6386
2547 6387
2548 6388
2549 6389
2550 6390
2551 6391
2552 6392
2553 6393
2554 6394
2555 6395
2556 6396
2557 6397
2558 6398
2559 6399
2560 6400
2561 6401
2562 6402
2563 6403
2564 6404
2565 6405
2566 6406
2567 6407
2568 6408
2569 6409
2570 6410
2571 6411
2572 6412
2573 6413
2574 6414
2575 6415
2576 6416
2577 6417
2578 6418
2579 6419
2580 6420
2581 6421
2582 6422
2583 6423
2584 6424
2585 6425
2586 6426
2587 6427
2588 6428
2589 6429
2590 6430
2591 6431
2592 6432
2593 6433
2594 6434
2595 6435
2596 6436
2597 6437
2598 6438
2599 6439
2600 6440
2601 6441
2602 6442
2603 6443
2604 6444
2605 6445
2606 6446
2607 6447
2608 6448
2609 6449
2610 6450
2611 6451
2612 6452
2613 6453
2614 6454
2615 6455
2616 6456
2617 6457
2618 6458
2619 6459
2620 6460
2621 6461
2622 6462
2623 6463
2624 6464
2625 6465
2626 6466
2627 6467
2628 6468
2629 6469
2630 6470
2631 6471
2632 6472
2633 6473
2634 6474
2635 6475
2636 6476
2637 6477
2638 6478
2639 6479
2640 6480
2641 6481
2642 6482
2643 6483
2644 6484
2645 6485
2646 6486
2647 6487
2648 6488
2649 6489
2650 6490
2651 6491
2652 6492
2653 6493
2654 6494
2655 6495
2656 6496
2657 6497
2658 6498
2659 6499
2660 6500
2661 6501
2662 6502
2663 6503
2664 6504
2665 6505
2666 6506
2667 6507
2668 6508
2669 6509
2670 6510
2671 6511
2672 6512
2673 6513
2674 6514
2675 6515
2676 6516
2677 6517
2678 6518
2679 6519
2680 6520
2681 6521
2682 6522
2683 6523
2684 6524
2685 6525
2686 6526
2687 6527
2688 464
2689 465
2690 466
2691 467
2692 468
2693 469
2694 470
2695 471
2696 472
2697 473
2698 474
2699 475
2700 476
2701 477
2702 478
2703 479
2704 480
2705 481
2706 482
2707 483
2708 484
2709 485
2710 486
2711 487
2712 488
2713 489
2714 490
2715 491
2716 492
2717 493
2718 494
2719 495
2720 496
2721 497
2722 498
2723 499
2724 500
2725 501
2726 502
2727 503
2728 504
2729 505
2730 506
2731 507
2732 508
2733 509
2734 510
2735 511
2736 512
2737 513
2738 514
2739 515
2740 516
2741 517
2742 518
2743 519
2744 520
2745 521
2746 522
2747 523
2748 524
2749 525
2750 526
2751 527
2752 528
2753 529
2754 530
2755 531
2756 532
2757 533
2758 534
2759 535
2760 536
2761 537
2762 538
2763 539
2764 540
2765 541
2766 542
2767 543
2768 544
2769 545
2770 546
2771 547
2772 548
2773 549
2774 550
2775 551
2776 552
2777 553
2778 554
2779 555
2780 556
2781 557
2782 558
2783 559
2784 560
2785 561
2786 562
2787 563
2788 564
2789 565
2790 566
2791 567
2792 568
2793 569
2794 570
2795 571
2796 572
2797 573
2798 574
2799 575
2800 576
2801 577
2802 578
2803 579
2804 580
2805 581
2806 582
2807 583
2808 584
2809 585
2810 586
2811 587
2812 588
2813 589
2814 590
2815 591
2816 592
2817 593
2818 594
2819 595
2820 596
2821 597
2822 598
2823 599
2824 600
2825 601
2826 602
2827 603
2828 604
2829 605
2830 606
2831 607
2832 608
2833 609
2834 610
2835 611
2836 612
2837 613
2838 614
2839 615
2840 616
2841 617
2842 618
2843 619
2844 620
2845 621
2846 622
2847 623
2848 624
2849 625
2850 626
2851 627
2852 628
2853 629
2854 630
2855 631
2856 632
2857 633
2858 634
2859 635
2860 636
2861 637
2862 638
2863 639
2864 640
2865 641
2866 642
2867 643
2868 644
2869 645
2870 646
2871 647
2872 648
2873 649
2874 650
2875 651
2876 652
2877 653
2878 654
2879 655
2880 656
2881 657
2882 658
2883 659
2884 660
2885 661
2886 662
2887 663
2888 664
2889 665
2890 666
2891 667
2892 668
2893 669
2894 670
2895 671
2896 672
2897 673
2898 674
2899 675
2900 676
2901 677
2902 678
2903 679
2904 680
2905 681
2906 682
2907 683
2908 684
2909 685
2910 686
2911 687
2912 688
2913 689
2914 690
2915 691
2916 692
2917 693
2918 694
2919 695
2920 696
2921 697
2922 698
2923 699
2924 700
2925 701
2926 702
2927 703
2928 704
2929 705
2930 706
2931 707
2932 708
2933 709
2934 710
2935 711
2936 712
2937 713
2938 714
2939 715
2940 716
2941 717
2942 718
2943 719
2944 720
2945 721
2946 722
2947 723
2948 724
2949 725
2950 726
2951 727
2952 728
2953 729
2954 730
2955 731
2956 732
2957 733
2958 734
2959 735
2960 736
2961 737
2962 738
2963 739
2964 740
2965 741
2966 742
2967 743
2968 744
2969 745
2970 746
2971 747
2972 748
2973 749
2974 750
2975 751
2976 752
2977 753
2978 754
2979 755
2980 756
2981 757
2982 758
2983 759
2984 760
2985 761
2986 762
2987 763
2988 764
2989 765
2990 766
2991 767
2992 384
2993 385
2994 386
2995 387
2996 388
2997 389
2998 390
2999 391
3000 392
3001 393
3002 394
3003 395
3004 396
3005 397
3006 398
3007 399
3008 400
3009 401
3010 402
3011 403
3012 404
3013 405
3014 406
3015 407
3016 408
3017 409
3018 410
3019 411
3020 412
3021 413
3022 414
3023 415
3024 416
3025 417
3026 418
3027 419
3028 420
3029 421
3030 422
3031 423
3032 424
3033 425
3034 426
3035 427
3036 428
3037 429
3038 430
3039 431
3040 432
3041 433
3042 434
3043 435
3044 436
3045 437
3046 438
3047 439
3048 440
3049 441
3050 442
3051 443
3052 444
3053 445
3054 446
3055 447
3056 448
3057 449
3058 450
3059 451
3060 452
3061 453
3062 454
3063 455
3064 456
3065 457
3066 458
3067 459
3068 460
3069 461
3070 462
3071 463
2688 2106
2689 2107
2690 2108
2691 2109
2692 2110
2693 2111
2694 2112
2695 2113
2696 2114
2697 2115
2698 2116
2699 2117
2700 2118
2701 2119
2702 2120
2703 2121
2704 2122
2705 2123
2706 2124
2707 2125
2708 2126
2709 2127
2710 2128
2711 2129
2712 2130
2713 2131
2714 2132
2715 2133
2716 2134
2717 2135
2718 2136
2719 2137
2720 2138
2721 2139
2722 2140
2723 2141
2724 2142
2725 2143
2726 2144
2727 2145
2728 2146
2729 2147
2730 2148
2731 2149
2732 2150
2733 2151
2734 2152
2735 2153
2736 2154
2737 2155
2738 2156
2739 2157
2740 2158
2741 2159
2742 2160
2743 2161
2744 2162
2745 2163
2746 2164
2747 2165
2748 2166
2749 2167
2750 2168
2751 2169
2752 2170
2753 2171
2754 2172
2755 2173
2756 2174
2757 2175
2758 2176
2759 2177
2760 2178
2761 2179
2762 2180
2763 2181
2764 2182
2765 2183
2766 2184
2767 2185
2768 2186
2769 2187
2770 2188
2771 2189
2772 2190
2773 2191
2774 2192
2775 2193
2776 2194
2777 2195
2778 2196
2779 2197
2780 2198
2781 2199
2782 2200
2783 2201
2784 2202
2785 2203
2786 2204
2787 2205
2788 2206
2789 2207
2790 2208
2791 2209
2792 2210
2793 2211
2794 2212
2795 2213
2796 2214
2797 2215
2798 2216
2799 2217
2800 2218
2801 2219
2802 2220
2803 2221
2804 2222
2805 2223
2806 2224
2807 2225
2808 2226
2809 2227
2810 2228
2811 2229
2812 2230
2813 2231
2814 2232
2815 2233
2816 2234
2817 2235
2818 2236
2819 2237
2820 2238
2821 2239
2822 2240
2823 2241
2824 2242
2825 2243
2826 2244
2827 2245
2828 2246
2829 2247
2830 2248
2831 2249
2832 2250
2833 2251
2834 2252
2835 2253
2836 2254
2837 2255
2838 2256
2839 2257
2840 2258
2841 2259
2842 2260
2843 2261
2844 2262
2845 2263
2846 2264
2847 2265
2848 2266
2849 2267
2850 2268
2851 2269
2852 2270
2853 2271
2854 2272
2855 2273
2856 2274
2857 2275
2858 2276
2859 2277
2860 2278
2861 2279
2862 2280
2863 2281
2864 2282
2865 2283
2866 2284
2867 2285
2868 2286
2869 2287
2870 2288
2871 2289
2872 2290
2873 2291
2874 2292
2875 2293
2876 2294
2877 2295
2878 2296
2879 2297
2880 2298
2881 2299
2882 2300
2883 2301
2884 2302
2885 2303
2886 1920
2887 1921
2888 1922
2889 1923
2890 1924
2891 1925
2892 1926
2893 1927
2894 1928
2895 1929
2896 1930
2897 1931
2898 1932
2899 1933
2900 1934
2901 1935
2902 1936
2903 1937
2904 1938
2905 1939
2906 1940
2907 1941
2908 1942
2909 1943
2910 1944
2911 1945
2912 1946
2913 1947
2914 1948
2915 1949
2916 1950
2917 1951
2918 1952
2919 1953
2920 1954
2921 1955
2922 1956
2923 1957
2924 1958
2925 1959
2926 1960
2927 1961
2928 1962
2929 1963
2930 1964
2931 1965
2932 1966
2933 1967
2934 1968
2935 1969
2936 1970
2937 1971
2938 1972
2939 1973
2940 1974
2941 1975
2942 1976
2943 1977
2944 1978
2945 1979
2946 1980
2947 1981
2948 1982
2949 1983
2950 1984
2951 1985
2952 1986
2953 1987
2954 1988
2955 1989
2956 1990
2957 1991
2958 1992
2959 1993
2960 1994
2961 1995
2962 1996
2963 1997
2964 1998
2965 1999
2966 2000
2967 2001
2968 2002
2969 2003
2970 2004
2971 2005
2972 2006
2973 2007
2974 2008
2975 2009
2976 2010
2977 2011
2978 2012
2979 2013
2980 2014
2981 2015
2982 2016
2983 2017
2984 2018
2985 2019
2986 2020
2987 2021
2988 2022
2989 2023
2990 2024
2991 2025
2992 2026
2993 2027
2994 2028
2995 2029
2996 2030
2997 2031
2998 2032
2999 2033
3000 2034
3001 2035
3002 2036
3003 2037
3004 2038
3005 2039
3006 2040
3007 2041
3008 2042
3009 2043
3010 2044
3011 2045
3012 2046
3013 2047
3014 2048
3015 2049
3016 2050
3017 2051
3018 2052
3019 2053
3020 2054
3021 2055
3022 2056
3023 2057
3024 2058
3025 2059
3026 2060
3027 2061
3028 2062
3029 2063
3030 2064
3031 2065
3032 2066
3033 2067
3034 2068
3035 2069
3036 2070
3037 2071
3038 2072
3039 2073
3040 2074
3041 2075
3042 2076
3043 2077
3044 2078
3045 2079
3046 2080
3047 2081
3048 2082
3049 2083
3050 2084
3051 2085
3052 2086
3053 2087
3054 2088
3055 2089
3056 2090
3057 2091
3058 2092
3059 2093
3060 2094
3061 2095
3062 2096
3063 2097
3064 2098
3065 2099
3066 2100
3067 2101
3068 2102
3069 2103
3070 2104
3071 2105
2688 2704
2689 2705
2690 2706
2691 2707
2692 2708
2693 2709
2694 2710
2695 2711
2696 2712
2697 2713
2698 2714
2699 2715
2700 2716
2701 2717
2702 2718
2703 2719
2704 2720
2705 2721
2706 2722
2707 2723
2708 2724
2709 2725
2710 2726
2711 2727
2712 2728
2713 2729
2714 2730
2715 2731
2716 2732
2717 2733
2718 2734
2719 2735
2720 2736
2721 2737
2722 2738
2723 2739
2724 2740
2725 2741
2726 2742
2727 2743
2728 2744
2729 2745
2730 2746
2731 2747
2732 2748
2733 2749
2734 2750
2735 2751
2736 2752
2737 2753
2738 2754
2739 2755
2740 2756
2741 2757
2742 2758
2743 2759
2744 2760
2745 2761
2746 2762
2747 2763
2748 2764
2749 2765
2750 2766
2751 2767
2752 2768
2753 2769
2754 2770
2755 2771
2756 2772
2757 2773
2758 2774
2759 2775
2760 2776
2761 2777
2762 2778
2763 2779
2764 2780
2765 2781
2766 2782
2767 2783
2768 2784
2769 2785
2770 2786
2771 2787
2772 2788
2773 2789
2774 2790
2775 2791
2776 2792
2777 2793
2778 2794
2779 2795
2780 2796
2781 2797
2782 2798
2783 2799
2784 2800
2785 2801
2786 2802
2787 2803
2788 2804
2789 2805
2790 2806
2791 2807
2792 2808
2793 2809
2794 2810
2795 2811
2796 2812
2797 2813
2798 2814
2799 2815
2800 2816
2801 2817
2802 2818
2803 2819
2804 2820
2805 2821
2806 2822
2807 2823
2808 2824
2809 2825
2810 2826
2811 2827
2812 2828
2813 2829
2814 2830
2815 2831
2816 2832
2817 2833
2818 2834
2819 2835
2820 2836
2821 2837
2822 2838
2823 2839
2824 2840
2825 2841
2826 2842
2827 2843
2828 2844
2829 2845
2830 2846
2831 2847
2832 2848
2833 2849
2834 2850
2835 2851
2836 2852
2837 2853
2838 2854
2839 2855
2840 2856
2841 2857
2842 2858
2843 2859
2844 2860
2845 2861
2846 2862
2847 2863
2848 2864
2849 2865
2850 2866
2851 2867
2852 2868
2853 2869
2854 2870
2855 2871
2856 2872
2857 2873
2858 2874
2859 2875
2860 2876
2861 2877
2862 2878
2863 2879
2864 2880
2865 2881
2866 2882
2867 2883
2868 2884
2869 2885
2870 2886
2871 2887
2872 2888
2873 2889
2874 2890
2875 2891
2876 2892
2877 2893
2878 2894
2879 2895
2880 2896
2881 2897
2882 2898
2883 2899
2884 2900
2885 2901
2886 2902
2887 2903
2888 2904
2889 2905
2890 2906
2891 2907
2892 2908
2893 2909
2894 2910
2895 2911
2896 2912
2897 2913
2898 2914
2899 2915
2900 2916
2901 2917
2902 2918
2903 2919
2904 2920
2905 2921
2906 2922
2907 2923
2908 2924
2909 2925
2910 2926
2911 2927
2912 2928
2913 2929
2914 2930
2915 2931
2916 2932
2917 2933
2918 2934
2919 2935
2920 2936
2921 2937
2922 2938
2923 2939
2924 2940
2925 2941
2926 2942
2927 2943
2928 2944
2929 2945
2930 2946
2931 2947
2932 2948
2933 2949
2934 2950
2935 2951
2936 2952
2937 2953
2938 2954
2939 2955
2940 2956
2941 2957
2942 2958
2943 2959
2944 2960
2945 2961
2946 2962
2947 2963
2948 2964
2949 2965
2950 2966
2951 2967
2952 2968
2953 2969
2954 2970
2955 2971
2956 2972
2957 2973
2958 2974
2959 2975
2960 2976
2961 2977
2962 2978
2963 2979
2964 2980
2965 2981
2966 2982
2967 2983
2968 2984
2969 2985
2970 2986
2971 2987
2972 2988
2973 2989
2974 2990
2975 2991
2976 2992
2977 2993
2978 2994
2979 2995
2980 2996
2981 2997
2982 2998
2983 2999
2984 3000
2985 3001
2986 3002
2987 3003
2988 3004
2989 3005
2990 3006
2991 3007
2992 3008
2993 3009
2994 3010
2995 3011
2996 3012
2997 3013
2998 3014
2999 3015
3000 3016
3001 3017
3002 3018
3003 3019
3004 3020
3005 3021
3006 3022
3007 3023
3008 3024
3009 3025
3010 3026
3011 3027
3012 3028
3013 3029
3014 3030
3015 3031
3016 3032
3017 3033
3018 3034
3019 3035
3020 3036
3021 3037
3022 3038
3023 3039
3024 3040
3025 3041
3026 3042
3027 3043
3028 3044
3029 3045
3030 3046
3031 3047
3032 3048
3033 3049
3034 3050
3035 3051
3036 3052
3037 3053
3038 3054
3039 3055
3040 3056
3041 3057
3042 3058
3043 3059
3044 3060
3045 3061
3046 3062
3047 3063
3048 3064
3049 3065
3050 3066
3051 3067
3052 3068
3053 3069
3054 3070
3055 3071
3056 2688
3057 2689
3058 2690
3059 2691
3060 2692
3061 2693
3062 2694
3063 2695
3064 2696
3065 2697
3066 2698
3067 2699
3068 2700
3069 2701
3070 2702
3071 2703
2688 4326
2689 4327
2690 4328
2691 4329
2692 4330
2693 4331
2694 4332
2695 4333
2696 4334
2697 4335
2698 4336
2699 4337
2700 4338
2701 4339
2702 4340
2703 4341
2704 4342
2705 4343
2706 4344
2707 4345
2708 4346
2709 4347
2710 4348
2711 4349
2712 4350
2713 4351
2714 4352
2715 4353
2716 4354
2717 4355
2718 4356
2719 4357
2720 4358
2721 4359
2722 4360
2723 4361
2724 4362
2725 4363
2726 4364
2727 4365
2728 4366
2729 4367
2730 4368
2731 4369
2732 4370
2733 4371
2734 4372
2735 4373
2736 4374
2737 4375
2738 4376
2739 4377
2740 4378
2741 4379
2742 4380
2743 4381
2744 4382
2745 4383
2746 4384
2747 4385
2748 4386
2749 4387
2750 4388
2751 4389
2752 4390
2753 4391
2754 4392
2755 4393
2756 4394
2757 4395
2758 4396
2759 4397
2760 4398
2761 4399
2762 4400
2763 4401
2764 4402
2765 4403
2766 4404
2767 4405
2768 4406
2769 4407
2770 4408
2771 4409
2772 4410
2773 4411
2774 4412
2775 4413
2776 4414
2777 4415
2778 4416
2779 4417
2780 4418
2781 4419
2782 4420
2783 4421
2784 4422
2785 4423
2786 4424
2787 4425
2788 4426
2789 4427
2790 4428
2791 4429
2792 4430
2793 4431
2794 4432
2795 4433
2796 4434
2797 4435
2798 4436
2799 4437
2800 4438
2801 4439
2802 4440
2803 4441
2804 4442
2805 4443
2806 4444
2807 4445
2808 4446
2809 4447
2810 4448
2811 4449
2812 4450
2813 4451
2814 4452
2815 4453
2816 4454
2817 4455
2818 4456
2819 4457
2820 4458
2821 4459
2822 4460
2823 4461
2824 4462
2825 4463
2826 4464
2827 4465
2828 4466
2829 4467
2830 4468
2831 4469
2832 4470
2833 4471
2834 4472
2835 4473
2836 4474
2837 4475
2838 4476
2839 4477
2840 4478
2841 4479
2842 4480
2843 4481
2844 4482
2845 4483
2846 4484
2847 4485
2848 4486
2849 4487
2850 4488
2851 4489
2852 4490
2853 4491
2854 4492
2855 4493
2856 4494
2857 4495
2858 4496
2859 4497
2860 4498
2861 4499
2862 4500
2863 4501
2864 4502
2865 4503
2866 4504
2867 4505
2868 4506
2869 4507
2870 4508
2871 4509
2872 4510
2873 4511
2874 4512
2875 4513
2876 4514
2877 4515
2878 4516
2879 4517
2880 4518
2881 4519
2882 4520
2883 4521
2884 4522
2885 4523
2886 4524
2887 4525
2888 4526
2889 4527
2890 4528
2891 4529
2892 4530
2893 4531
2894 4532
2895 4533
2896 4534
2897 4535
2898 4536
2899 4537
2900 4538
2901 4539
2902 4540
2903 4541
2904 4542
2905 4543
2906 4544
2907 4545
2908 4546
2909 4547
2910 4548
2911 4549
2912 4550
2913 4551
2914 4552
2915 4553
2916 4554
2917 4555
2918 4556
2919 4557
2920 4558
2921 4559
2922 4560
2923 4561
2924 4562
2925 4563
2926 4564
2927 4565
2928 4566
2929 4567
2930 4568
2931 4569
2932 4570
2933 4571
2934 4572
2935 4573
2936 4574
2937 4575
2938 4576
2939 4577
2940 4578
2941 4579
2942 4580
2943 4581
2944 4582
2945 4583
2946 4584
2947 4585
2948 4586
2949 4587
2950 4588
2951 4589
2952 4590
2953 4591
2954 4592
2955 4593
2956 4594
2957 4595
2958 4596
2959 4597
2960 4598
2961 4599
2962 4600
2963 4601
2964 4602
2965 4603
2966 4604
2967 4605
2968 4606
2969 4607
2970 4224
2971 4225
2972 4226
2973 4227
2974 4228
2975 4229
2976 4230
2977 4231
2978 4232
2979 4233
2980 4234
2981 4235
2982 4236
2983 4237
2984 4238
2985 4239
2986 4240
2987 4241
2988 4242
2989 4243
2990 4244
2991 4245
2992 4246
2993 4247
2994 4248
2995 4249
2996 4250
2997 4251
2998 4252
2999 4253
3000 4254
3001 4255
3002 4256
3003 4257
3004 4258
3005 4259
3006 4260
3007 4261
3008 4262
3009 4263
3010 4264
3011 4265
3012 4266
3013 4267
3014 4268
3015 4269
3016 4270
3017 4271
3018 4272
3019 4273
3020 4274
3021 4275
3022 4276
3023 4277
3024 4278
3025 4279
3026 4280
3027 4281
3028 4282
3029 4283
3030 4284
3031 4285
3032 4286
3033 4287
3034 4288
3035 4289
3036 4290
3037 4291
3038 4292
3039 4293
3040 4294
3041 4295
3042 4296
3043 4297
3044 4298
3045 4299
3046 4300
3047 4301
3048 4302
3049 4303
3050 4304
3051 4305
3052 4306
3053 4307
3054 4308
3055 4309
3056 4310
3057 4311
3058 4312
3059 4313
3060 4314
3061 4315
3062 4316
3063 4317
3064 4318
3065 4319
3066 4320
3067 4321
3068 4322
3069 4323
3070 4324
3071 4325
2688 5135
2689 5136
2690 5137
2691 5138
2692 5139
2693 5140
2694 5141
2695 5142
2696 5143
2697 5144
2698 5145
2699 5146
2700 5147
2701 5148
2702 5149
2703 5150
2704 5151
2705 5152
2706 5153
2707 5154
2708 5155
2709 5156
2710 5157
2711 5158
2712 5159
2713 5160
2714 5161
2715 5162
2716 5163
2717 5164
2718 5165
2719 5166
2720 5167
2721 5168
2722 5169
2723 5170
2724 5171
2725 5172
2726 5173
2727 5174
2728 5175
2729 5176
2730 5177
2731 5178
2732 5179
2733 5180
2734 5181
2735 5182
2736 5183
2737 5184
2738 5185
2739 5186
2740 5187
2741 5188
2742 5189
2743 5190
2744 5191
2745 5192
2746 5193
2747 5194
2748 5195
2749 5196
2750 5197
2751 5198
2752 5199
2753 5200
2754 5201
2755 5202
2756 5203
2757 5204
2758 5205
2759 5206
2760 5207
2761 5208
2762 5209
2763 5210
2764 5211
2765 5212
2766 5213
2767 5214
2768 5215
2769 5216
2770 5217
2771 5218
2772 5219
2773 5220
2774 5221
2775 5222
2776 5223
2777 5224
2778 5225
2779 5226
2780 5227
2781 5228
2782 5229
2783 5230
2784 5231
2785 5232
2786 5233
2787 5234
2788 5235
2789 5236
2790 5237
2791 5238
2792 5239
2793 5240
2794 5241
2795 5242
2796 5243
2797 5244
2798 5245
2799 5246
2800 5247
2801 5248
2802 5249
2803 5250
2804 5251
2805 5252
2806 5253
2807 5254
2808 5255
2809 5256
2810 5257
2811 5258
2812 5259
2813 5260
2814 5261
2815 5262
2816 5263
2817 5264
2818 5265
2819 5266
2820 5267
2821 5268
2822 5269
2823 5270
2824 5271
2825 5272
2826 5273
2827 5274
2828 5275
2829 5276
2830 5277
2831 5278
2832 5279
2833 5280
2834 5281
2835 5282
2836 5283
2837 5284
2838 5285
2839 5286
2840 5287
2841 5288
2842 5289
2843 5290
2844 5291
2845 5292
2846 5293
2847 5294
2848 5295
2849 5296
2850 5297
2851 5298
2852 5299
2853 5300
2854 5301
2855 5302
2856 5303
2857 5304
2858 5305
2859 5306
2860 5307
2861 5308
2862 5309
2863 5310
2864 5311
2865 5312
2866 5313
2867 5314
2868 5315
2869 5316
2870 5317
2871 5318
2872 5319
2873 5320
2874 5321
2875 5322
2876 5323
2877 5324
2878 5325
2879 5326
2880 5327
2881 5328
2882 5329
2883 5330
2884 5331
2885 5332
2886 5333
2887 5334
2888 5335
2889 5336
2890 5337
2891 5338
2892 5339
2893 5340
2894 5341
2895 5342
2896 5343
2897 5344
2898 5345
2899 5346
2900 5347
2901 5348
2902 5349
2903 5350
2904 5351
2905 5352
2906 5353
2907 5354
2908 5355
2909 5356
2910 5357
2911 5358
2912 5359
2913 5360
2914 5361
2915 5362
2916 5363
2917 5364
2918 5365
2919 5366
2920 5367
2921 5368
2922 5369
2923 5370
2924 5371
2925 5372
2926 5373
2927 5374
2928 5375
2929 4992
2930 4993
2931 4994
2932 4995
2933 4996
2934 4997
2935 4998
2936 4999
2937 5000
2938 5001
2939 5002
2940 5003
2941 5004
2942 5005
2943 5006
2944 5007
2945 5008
2946 5009
2947 5010
2948 5011
2949 5012
2950 5013
2951 5014
2952 5015
2953 5016
2954 5017
2955 5018
2956 5019
2957 5020
2958 5021
2959 5022
2960 5023
2961 5024
2962 5025
2963 5026
2964 5027
2965 5028
2966 5029
2967 5030
2968 5031
2969 5032
2970 5033
2971 5034
2972 5035
2973 5036
2974 5037
2975 5038
2976 5039
2977 5040
2978 5041
2979 5042
2980 5043
2981 5044
2982 5045
2983 5046
2984 5047
2985 5048
2986 5049
2987 5050
2988 5051
2989 5052
2990 5053
2991 5054
2992 5055
2993 5056
2994 5057
2995 5058
2996 5059
2997 5060
2998 5061
2999 5062
3000 5063
3001 5064
3002 5065
3003 5066
3004 5067
3005 5068
3006 5069
3007 5070
3008 5071
3009 5072
3010 5073
3011 5074
3012 5075
3013 5076
3014 5077
3015 5078
3016 5079
3017 5080
3018 5081
3019 5082
3020 5083
3021 5084
3022 5085
3023 5086
3024 5087
3025 5088
3026 5089
3027 5090
3028 5091
3029 5092
3030 5093
3031 5094
3032 5095
3033 5096
3034 5097
3035 5098
3036 5099
3037 5100
3038 5101
3039 5102
3040 5103
3041 5104
3042 5105
3043 5106
3044 5107
3045 5108
3046 5109
3047 5110
3048 5111
3049 5112
3050 5113
3051 5114
3052 5115
3053 5116
3054 5117
3055 5118
3056 5119
3057 5120
3058 5121
3059 5122
3060 5123
3061 5124
3062 5125
3063 5126
3064 5127
3065 5128
3066 5129
3067 5130
3068 5131
3069 5132
3070 5133
3071 5134
2688 6528
2689 6529
2690 6530
2691 6531
2692 6532
2693 6533
2694 6534
2695 6535
2696 6536
2697 6537
2698 6538
2699 6539
2700 6540
2701 6541
2702 6542
2703 6543
2704 6544
2705 6545
2706 6546
2707 6547
2708 6548
2709 6549
2710 6550
2711 6551
2712 6552
2713 6553
2714 6554
2715 6555
2716 6556
2717 6557
2718 6558
2719 6559
2720 6560
2721 6561
2722 6562
2723 6563
2724 6564
2725 6565
2726 6566
2727 6567
2728 6568
2729 6569
2730 6570
2731 6571
2732 6572
2733 6573
2734 6574
2735 6575
2736 6576
2737 6577
2738 6578
2739 6579
2740 6580
2741 6581
2742 6582
2743 6583
2744 6584
2745 6585
2746 6586
2747 6587
2748 6588
2749 6589
2750 6590
2751 6591
2752 6592
2753 6593
2754 6594
2755 6595
2756 6596
2757 6597
2758 6598
2759 6599
2760 6600
2761 6601
2762 6602
2763 6603
2764 6604
2765 6605
2766 6606
2767 6607
2768 6608
2769 6609
2770 6610
2771 6611
2772 6612
2773 6613
2774 6614
2775 6615
2776 6616
2777 6617
2778 6618
2779 6619
2780 6620
2781 6621
2782 6622
2783 6623
2784 6624
2785 6625
2786 6626
2787 6627
2788 6628
2789 6629
2790 6630
2791 6631
2792 6632
2793 6633
2794 6634
2795 6635
2796 6636
2797 6637
2798 6638
2799 6639
2800 6640
2801 6641
2802 6642
2803 6643
2804 6644
2805 6645
2806 6646
2807 6647
2808 6648
2809 6649
2810 6650
2811 6651
2812 6652
2813 6653
2814 6654
2815 6655
2816 6656
2817 6657
2818 6658
2819 6659
2820 6660
2821 6661
2822 6662
2823 6663
2824 6664
2825 6665
2826 6666
2827 6667
2828 6668
2829 6669
2830 6670
2831 6671
2832 6672
2833 6673
2834 6674
2835 6675
2836 6676
2837 6677
2838 6678
2839 6679
2840 6680
2841 6681
2842 6682
2843 6683
2844 6684
2845 6685
2846 6686
2847 6687
2848 6688
2849 6689
2850 6690
2851 6691
2852 6692
2853 6693
2854 6694
2855 6695
2856 6696
2857 6697
2858 6698
2859 6699
2860 6700
2861 6701
2862 6702
2863 6703
2864 6704
2865 6705
2866 6706
2867 6707
2868 6708
2869 6709
2870 6710
2871 6711
2872 6712
2873 6713
2874 6714
2875 6715
2876 6716
2877 6717
2878 6718
2879 6719
2880 6720
2881 6721
2882 6722
2883 6723
2884 6724
2885 6725
2886 6726
2887 6727
2888 6728
2889 6729
2890 6730
2891 6731
2892 6732
2893 6733
2894 6734
2895 6735
2896 6736
2897 6737
2898 6738
2899 6739
2900 6740
2901 6741
2902 6742
2903 6743
2904 6744
2905 6745
2906 6746
2907 6747
2908 6748
2909 6749
2910 6750
2911 6751
2912 6752
2913 6753
2914 6754
2915 6755
2916 6756
2917 6757
2918 6758
2919 6759
2920 6760
2921 6761
2922 6762
2923 6763
2924 6764
2925 6765
2926 6766
2927 6767
2928 6768
2929 6769
2930 6770
2931 6771
2932 6772
2933 6773
2934 6774
2935 6775
2936 6776
2937 6777
2938 6778
2939 6779
2940 6780
2941 6781
2942 6782
2943 6783
2944 6784
2945 6785
2946 6786
2947 6787
2948 6788
2949 6789
2950 6790
2951 6791
2952 6792
2953 6793
2954 6794
2955 6795
2956 6796
2957 6797
2958 6798
2959 6799
2960 6800
2961 6801
2962 6802
2963 6803
2964 6804
2965 6805
2966 6806
2967 6807
2968 6808
2969 6809
2970 6810
2971 6811
2972 6812
2973 6813
2974 6814
2975 6815
2976 6816
2977 6817
2978 6818
2979 6819
2980 6820
2981 6821
2982 6822
2983 6823
2984 6824
2985 6825
2986 6826
2987 6827
2988 6828
2989 6829
2990 6830
2991 6831
2992 6832
2993 6833
2994 6834
2995 6835
2996 6836
2997 6837
2998 6838
2999 6839
3000 6840
3001 6841
3002 6842
3003 6843
3004 6844
3005 6845
3006 6846
3007 6847
3008 6848
3009 6849
3010 6850
3011 6851
3012 6852
3013 6853
3014 6854
3015 6855
3016 6856
3017 6857
3018 6858
3019 6859
3020 6860
3021 6861
3022 6862
3023 6863
3024 6864
3025 6865
3026 6866
3027 6867
3028 6868
3029 6869
3030 6870
3031 6871
3032 6872
3033 6873
3034 6874
3035 6875
3036 6876
3037 6877
3038 6878
3039 6879
3040 6880
3041 6881
3042 6882
3043 6883
3044 6884
3045 6885
3046 6886
3047 6887
3048 6888
3049 6889
3050 6890
3051 6891
3052 6892
3053 6893
3054 6894
3055 6895
3056 6896
3057 6897
3058 6898
3059 6899
3060 6900
3061 6901
3062 6902
3063 6903
3064 6904
3065 6905
3066 6906
3067 6907
3068 6908
3069 6909
3070 6910
3071 6911
3072 118
3073 119
3074 120
3075 121
3076 122
3077 123
3078 124
3079 125
3080 126
3081 127
3082 128
3083 129
3084 130
3085 131
3086 132
3087 133
3088 134
3089 135
3090 136
3091 137
3092 138
3093 139
3094 140
3095 141
3096 142
3097 143
3098 144
3099 145
3100 146
3101 147
3102 148
3103 149
3104 150
3105 151
3106 152
3107 153
3108 154
3109 155
3110 156
3111 157
3112 158
3113 159
3114 160
3115 161
3116 162
3117 163
3118 164
3119 165
3120 166
3121 167
3122 168
3123 169
3124 170
3125 171
3126 172
3127 173
3128 174
3129 175
3130 176
3131 177
3132 178
3133 179
3134 180
3135 181
3136 182
3137 183
3138 184
3139 185
3140 186
3141 187
3142 188
3143 189
3144 190
3145 191
3146 192
3147 193
3148 194
3149 195
3150 196
3151 197
3152 198
3153 199
3154 200
3155 201
3156 202
3157 203
3158 204
3159 205
3160 206
3161 207
3162 208
3163 209
3164 210
3165 211
3166 212
3167 213
3168 214
3169 215
3170 216
3171 217
3172 218
3173 219
3174 220
3175 221
3176 222
3177 223
3178 224
3179 225
3180 226
3181 227
3182 228
3183 229
3184 230
3185 231
3186 232
3187 233
3188 234
3189 235
3190 236
3191 237
3192 238
3193 239
3194 240
3195 241
3196 242
3197 243
3198 244
3199 245
3200 246
3201 247
3202 248
3203 249
3204 250
3205 251
3206 252
3207 253
3208 254
3209 255
3210 256
3211 257
3212 258
3213 259
3214 260
3215 261
3216 262
3217 263
3218 264
3219 265
3220 266
3221 267
3222 268
3223 269
3224 270
3225 271
3226 272
3227 273
3228 274
3229 275
3230 276
3231 277
3232 278
3233 279
3234 280
3235 281
3236 282
3237 283
3238 284
3239 285
3240 286
3241 287
3242 288
3243 289
3244 290
3245 291
3246 292
3247 293
3248 294
3249 295
3250 296
3251 297
3252 298
3253 299
3254 300
3255 301
3256 302
3257 303
3258 304
3259 305
3260 306
3261 307
3262 308
3263 309
3264 310
3265 311
3266 312
3267 313
3268 314
3269 315
3270 316
3271 317
3272 318
3273 319
3274 320
3275 321
3276 322
3277 323
3278 324
3279 325
3280 326
3281 327
3282 328
3283 329
3284 330
3285 331
3286 332
3287 333
3288 334
3289 335
3290 336
3291 337
3292 338
3293 339
3294 340
3295 341
3296 342
3297 343
3298 344
3299 345
3300 346
3301 347
3302 348
3303 349
3304 350
3305 351
3306 352
3307 353
3308 354
3309 355
3310 356
3311 357
3312 358
3313 359
3314 360
3315 361
3316 362
3317 363
3318 364
3319 365
3320 366
3321 367
3322 368
3323 369
3324 370
3325 371
3326 372
3327 373
3328 374
3329 375
3330 376
3331 377
3332 378
3333 379
3334 380
3335 381
3336 382
3337 383
3338 0
3339 1
3340 2
3341 3
3342 4
3343 5
3344 6
3345 7
3346 8
3347 9
3348 10
3349 11
3350 12
3351 13
3352 14
3353 15
3354 16
3355 17
3356 18
3357 19
3358 20
3359 21
3360 22
3361 23
3362 24
3363 25
3364 26
3365 27
3366 28
3367 29
3368 30
3369 31
3370 32
3371 33
3372 34
3373 35
3374 36
3375 37
3376 38
3377 39
3378 40
3379 41
3380 42
3381 43
3382 44
3383 45
3384 46
3385 47
3386 48
3387 49
3388 50
3389 51
3390 52
3391 53
3392 54
3393 55
3394 56
3395 57
3396 58
3397 59
3398 60
3399 61
3400 62
3401 63
3402 64
3403 65
3404 66
3405 67
3406 68
3407 69
3408 70
3409 71
3410 72
3411 73
3412 74
3413 75
3414 76
3415 77
3416 78
3417 79
3418 80
3419 81
3420 82
3421 83
3422 84
3423 85
3424 86
3425 87
3426 88
3427 89
3428 90
3429 91
3430 92
3431 93
3432 94
3433 95
3434 96
3435 97
3436 98
3437 99
3438 100
3439 101
3440 102
3441 103
3442 104
3443 105
3444 106
3445 107
3446 108
3447 109
3448 110
3449 111
3450 112
3451 113
3452 114
3453 115
3454 116
3455 117
3072 454
3073 455
3074 456
3075 457
3076 458
3077 459
3078 460
3079 461
3080 462
3081 463
3082 464
3083 465
3084 466
3085 467
3086 468
3087 469
3088 470
3089 471
3090 472
3091 473
3092 474
3093 475
3094 476
3095 477
3096 478
3097 479
3098 480
3099 481
3100 482
3101 483
3102 484
3103 485
3104 486
3105 487
3106 488
3107 489
3108 490
3109 491
3110 492
3111 493
3112 494
3113 495
3114 496
3115 497
3116 498
3117 499
3118 500
3119 501
3120 502
3121 503
3122 504
3123 505
3124 506
3125 507
3126 508
3127 509
3128 510
3129 511
3130 512
3131 513
3132 514
3133 515
3134 516
3135 517
3136 518
3137 519
3138 520
3139 521
3140 522
3141 523
3142 524
3143 525
3144 526
3145 527
3146 528
3147 529
3148 530
3149 531
3150 532
3151 533
3152 534
3153 535
3154 536
3155 537
3156 538
3157 539
3158 540
3159 541
3160 542
3161 543
3162 544
3163 545
3164 546
3165 547
3166 548
3167 549
3168 550
3169 551
3170 552
3171 553
3172 554
3173 555
3174 556
3175 557
3176 558
3177 559
3178 560
3179 561
3180 562
3181 563
3182 564
3183 565
3184 566
3185 567
3186 568
3187 569
3188 570
3189 571
3190 572
3191 573
3192 574
3193 575
3194 576
3195 577
3196 578
3197 579
3198 580
3199 581
3200 582
3201 583
3202 584
3203 585
3204 586
3205 587
3206 588
3207 589
3208 590
3209 591
3210 592
3211 593
3212 594
3213 595
3214 596
3215 597
3216 598
3217 599
3218 600
3219 601
3220 602
3221 603
3222 604
3223 605
3224 606
3225 607
3226 608
3227 609
3228 610
3229 611
3230 612
3231 613
3232 614
3233 615
3234 616
3235 617
3236 618
3237 619
3238 620
3239 621
3240 622
3241 623
3242 624
3243 625
3244 626
3245 627
3246 628
3247 629
3248 630
3249 631
3250 632
3251 633
3252 634
3253 635
3254 636
3255 637
3256 638
3257 639
3258 640
3259 641
3260 642
3261 643
3262 644
3263 645
3264 646
3265 647
3266 648
3267 649
3268 650
3269 651
3270 652
3271 653
3272 654
3273 655
3274 656
3275 657
3276 658
3277 659
3278 660
3279 661
3280 662
3281 663
3282 664
3283 665
3284 666
3285 667
3286 668
3287 669
3288 670
3289 671
3290 672
3291 673
3292 674
3293 675
3294 676
3295 677
3296 678
3297 679
3298 680
3299 681
3300 682
3301 683
3302 684
3303 685
3304 686
3305 687
3306 688
3307 689
3308 690
3309 691
3310 692
3311 693
3312 694
3313 695
3314 696
3315 697
3316 698
3317 699
3318 700
3319 701
3320 702
3321 703
3322 704
3323 705
3324 706
3325 707
3326 708
3327 709
3328 710
3329 711
3330 712
3331 713
3332 714
3333 715
3334 716
3335 717
3336 718
3337 719
3338 720
3339 721
3340 722
3341 723
3342 724
3343 725
3344 726
3345 727
3346 728
3347 729
3348 730
3349 731
3350 732
3351 733
3352 734
3353 735
3354 736
3355 737
3356 738
3357 739
3358 740
3359 741
3360 742
3361 743
3362 744
3363 745
3364 746
3365 747
3366 748
3367 749
3368 750
3369 751
3370 752
3371 753
3372 754
3373 755
3374 756
3375 757
3376 758
3377 759
3378 760
3379 761
3380 762
3381 763
3382 764
3383 765
3384 766
3385 767
3386 384
3387 385
3388 386
3389 387
3390 388
3391 389
3392 390
3393 391
3394 392
3395 393
3396 394
3397 395
3398 396
3399 397
3400 398
3401 399
3402 400
3403 401
3404 402
3405 403
3406 404
3407 405
3408 406
3409 407
3410 408
3411 409
3412 410
3413 411
3414 412
3415 413
3416 414
3417 415
3418 416
3419 417
3420 418
3421 419
3422 420
3423 421
3424 422
3425 423
3426 424
3427 425
3428 426
3429 427
3430 428
3431 429
3432 430
3433 431
3434 432
3435 433
3436 434
3437 435
3438 436
3439 437
3440 438
3441 439
3442 440
3443 441
3444 442
3445 443
3446 444
3447 445
3448 446
3449 447
3450 448
3451 449
3452 450
3453 451
3454 452
3455 453
3072 4760
3073 4761
3074 4762
3075 4763
3076 4764
3077 4765
3078 4766
3079 4767
3080 4768
3081 4769
3082 4770
3083 4771
3084 4772
3085 4773
3086 4774
3087 4775
3088 4776
3089 4777
3090 4778
3091 4779
3092 4780
3093 4781
3094 4782
3095 4783
3096 4784
3097 4785
3098 4786
3099 4787
3100 4788
3101 4789
3102 4790
3103 4791
3104 4792
3105 4793
3106 4794
3107 4795
3108 4796
3109 4797
3110 4798
3111 4799
3112 4800
3113 4801
3114 4802
3115 4803
3116 4804
3117 4805
3118 4806
3119 4807
3120 4808
3121 4809
3122 4810
3123 4811
3124 4812
3125 4813
3126 4814
3127 4815
3128 4816
3129 4817
3130 4818
3131 4819
3132 4820
3133 4821
3134 4822
3135 4823
3136 4824
3137 4825
3138 4826
3139 4827
3140 4828
3141 4829
3142 4830
3143 4831
3144 4832
3145 4833
3146 4834
3147 4835
3148 4836
3149 4837
3150 4838
3151 4839
3152 4840
3153 4841
3154 4842
3155 4843
3156 4844
3157 4845
3158 4846
3159 4847
3160 4848
3161 4849
3162 4850
3163 4851
3164 4852
3165 4853
3166 4854
3167 4855
3168 4856
3169 4857
3170 4858
3171 4859
3172 4860
3173 4861
3174 4862
3175 4863
3176 4864
3177 4865
3178 4866
3179 4867
3180 4868
3181 4869
3182 4870
3183 4871
3184 4872
3185 4873
3186 4874
3187 4875
3188 4876
3189 4877
3190 4878
3191 4879
3192 4880
3193 4881
3194 4882
3195 4883
3196 4884
3197 4885
3198 4886
3199 4887
3200 4888
3201 4889
3202 4890
3203 4891
3204 4892
3205 4893
3206 4894
3207 4895
3208 4896
3209 4897
3210 4898
3211 4899
3212 4900
3213 4901
3214 4902
3215 4903
3216 4904
3217 4905
3218 4906
3219 4907
3220 4908
3221 4909
3222 4910
3223 4911
3224 4912
3225 4913
3226 4914
3227 4915
3228 4916
3229 4917
3230 4918
3231 4919
3232 4920
3233 4921
3234 4922
3235 4923
3236 4924
3237 4925
3238 4926
3239 4927
3240 4928
3241 4929
3242 4930
3243 4931
3244 4932
3245 4933
3246 4934
3247 4935
3248 4936
3249 4937
3250 4938
3251 4939
3252 4940
3253 4941
3254 4942
3255 4943
3256 4944
3257 4945
3258 4946
3259 4947
3260 4948
3261 4949
3262 4950
3263 4951
3264 4952
3265 4953
3266 4954
3267 4955
3268 4956
3269 4957
3270 4958
3271 4959
3272 4960
3273 4961
3274 4962
3275 4963
3276 4964
3277 4965
3278 4966
3279 4967
3280 4968
3281 4969
3282 4970
3283 4971
3284 4972
3285 4973
3286 4974
3287 4975
3288 4976
3289 4977
3290 4978
3291 4979
3292 4980
3293 4981
3294 4982
3295 4983
3296 4984
3297 4985
3298 4986
3299 4987
3300 4988
3301 4989
3302 4990
3303 4991
3304 4608
3305 4609
3306 4610
3307 4611
3308 4612
3309 4613
3310 4614
3311 4615
3312 4616
3313 4617
3314 4618
3315 4619
3316 4620
3317 4621
3318 4622
3319 4623
3320 4624
3321 4625
3322 4626
3323 4627
3324 4628
3325 4629
3326 4630
3327 4631
3328 4632
3329 4633
3330 4634
3331 4635
3332 4636
3333 4637
3334 4638
3335 4639
3336 4640
3337 4641
3338 4642
3339 4643
3340 4644
3341 4645
3342 4646
3343 4647
3344 4648
3345 4649
3346 4650
3347 4651
3348 4652
3349 4653
3350 4654
3351 4655
3352 4656
3353 4657
3354 4658
3355 4659
3356 4660
3357 4661
3358 4662
3359 4663
3360 4664
3361 4665
3362 4666
3363 4667
3364 4668
3365 4669
3366 4670
3367 4671
3368 4672
3369 4673
3370 4674
3371 4675
3372 4676
3373 4677
3374 4678
3375 4679
3376 4680
3377 4681
3378 4682
3379 4683
3380 4684
3381 4685
3382 4686
3383 4687
3384 4688
3385 4689
3386 4690
3387 4691
3388 4692
3389 4693
3390 4694
3391 4695
3392 4696
3393 4697
3394 4698
3395 4699
3396 4700
3397 4701
3398 4702
3399 4703
3400 4704
3401 4705
3402 4706
3403 4707
3404 4708
3405 4709
3406 4710
3407 4711
3408 4712
3409 4713
3410 4714
3411 4715
3412 4716
3413 4717
3414 4718
3415 4719
3416 4720
3417 4721
3418 4722
3419 4723
3420 4724
3421 4725
3422 4726
3423 4727
3424 4728
3425 4729
3426 4730
3427 4731
3428 4732
3429 4733
3430 4734
3431 4735
3432 4736
3433 4737
3434 4738
3435 4739
3436 4740
3437 4741
3438 4742
3439 4743
3440 4744
3441 4745
3442 4746
3443 4747
3444 4748
3445 4749
3446 4750
3447 4751
3448 4752
3449 4753
3450 4754
3451 4755
3452 4756
3453 4757
3454 4758
3455 4759
3072 6912
3073 6913
3074 6914
3075 6915
3076 6916
3077 6917
3078 6918
3079 6919
3080 6920
3081 6921
3082 6922
3083 6923
3084 6924
3085 6925
3086 6926
3087 6927
3088 6928
3089 6929
3090 6930
3091 6931
3092 6932
3093 6933
3094 6934
3095 6935
3096 6936
3097 6937
3098 6938
3099 6939
3100 6940
3101 6941
3102 6942
3103 6943
3104 6944
3105 6945
3106 6946
3107 6947
3108 6948
3109 6949
3110 6950
3111 6951
3112 6952
3113 6953
3114 6954
3115 6955
3116 6956
3117 6957
3118 6958
3119 6959
3120 6960
3121 6961
3122 6962
3123 6963
3124 6964
3125 6965
3126 6966
3127 6967
3128 6968
3129 6969
3130 6970
3131 6971
3132 6972
3133 6973
3134 6974
3135 6975
3136 6976
3137 6977
3138 6978
3139 6979
3140 6980
3141 6981
3142 6982
3143 6983
3144 6984
3145 6985
3146 6986
3147 6987
3148 6988
3149 6989
3150 6990
3151 6991
3152 6992
3153 6993
3154 6994
3155 6995
3156 6996
3157 6997
3158 6998
3159 6999
3160 7000
3161 7001
3162 7002
3163 7003
3164 7004
3165 7005
3166 7006
3167 7007
3168 7008
3169 7009
3170 7010
3171 7011
3172 7012
3173 7013
3174 7014
3175 7015
3176 7016
3177 7017
3178 7018
3179 7019
3180 7020
3181 7021
3182 7022
3183 7023
3184 7024
3185 7025
3186 7026
3187 7027
3188 7028
3189 7029
3190 7030
3191 7031
3192 7032
3193 7033
3194 7034
3195 7035
3196 7036
3197 7037
3198 7038
3199 7039
3200 7040
3201 7041
3202 7042
3203 7043
3204 7044
3205 7045
3206 7046
3207 7047
3208 7048
3209 7049
3210 7050
3211 7051
3212 7052
3213 7053
3214 7054
3215 7055
3216 7056
3217 7057
3218 7058
3219 7059
3220 7060
3221 7061
3222 7062
3223 7063
3224 7064
3225 7065
3226 7066
3227 7067
3228 7068
3229 7069
3230 7070
3231 7071
3232 7072
3233 7073
3234 7074
3235 7075
3236 7076
3237 7077
3238 7078
3239 7079
3240 7080
3241 7081
3242 7082
3243 7083
3244 7084
3245 7085
3246 7086
3247 7087
3248 7088
3249 7089
3250 7090
3251 7091
3252 7092
3253 7093
3254 7094
3255 7095
3256 7096
3257 7097
3258 7098
3259 7099
3260 7100
3261 7101
3262 7102
3263 7103
3264 7104
3265 7105
3266 7106
3267 7107
3268 7108
3269 7109
3270 7110
3271 7111
3272 7112
3273 7113
3274 7114
3275 7115
3276 7116
3277 7117
3278 7118
3279 7119
3280 7120
3281 7121
3282 7122
3283 7123
3284 7124
3285 7125
3286 7126
3287 7127
3288 7128
3289 7129
3290 7130
3291 7131
3292 7132
3293 7133
3294 7134
3295 7135
3296 7136
3297 7137
3298 7138
3299 7139
3300 7140
3301 7141
3302 7142
3303 7143
3304 7144
3305 7145
3306 7146
3307 7147
3308 7148
3309 7149
3310 7150
3311 7151
3312 7152
3313 7153
3314 7154
3315 7155
3316 7156
3317 7157
3318 7158
3319 7159
3320 7160
3321 7161
3322 7162
3323 7163
3324 7164
3325 7165
3326 7166
3327 7167
3328 7168
3329 7169
3330 7170
3331 7171
3332 7172
3333 7173
3334 7174
3335 7175
3336 7176
3337 7177
3338 7178
3339 7179
3340 7180
3341 7181
3342 7182
3343 7183
3344 7184
3345 7185
3346 7186
3347 7187
3348 7188
3349 7189
3350 7190
3351 7191
3352 7192
3353 7193
3354 7194
3355 7195
3356 7196
3357 7197
3358 7198
3359 7199
3360 7200
3361 7201
3362 7202
3363 7203
3364 7204
3365 7205
3366 7206
3367 7207
3368 7208
3369 7209
3370 7210
3371 7211
3372 7212
3373 7213
3374 7214
3375 7215
3376 7216
3377 7217
3378 7218
3379 7219
3380 7220
3381 7221
3382 7222
3383 7223
3384 7224
3385 7225
3386 7226
3387 7227
3388 7228
3389 7229
3390 7230
3391 7231
3392 7232
3393 7233
3394 7234
3395 7235
3396 7236
3397 7237
3398 7238
3399 7239
3400 7240
3401 7241
3402 7242
3403 7243
3404 7244
3405 7245
3406 7246
3407 7247
3408 7248
3409 7249
3410 7250
3411 7251
3412 7252
3413 7253
3414 7254
3415 7255
3416 7256
3417 7257
3418 7258
3419 7259
3420 7260
3421 7261
3422 7262
3423 7263
3424 7264
3425 7265
3426 7266
3427 7267
3428 7268
3429 7269
3430 7270
3431 7271
3432 7272
3433 7273
3434 7274
3435 7275
3436 7276
3437 7277
3438 7278
3439 7279
3440 7280
3441 7281
3442 7282
3443 7283
3444 7284
3445 7285
3446 7286
3447 7287
3448 7288
3449 7289
3450 7290
3451 7291
3452 7292
3453 7293
3454 7294
3455 7295
3456 412
3457 413
3458 414
3459 415
3460 416
3461 417
3462 418
3463 419
3464 420
3465 421
3466 422
3467 423
3468 424
3469 425
3470 426
3471 427
3472 428
3473 429
3474 430
3475 431
3476 432
3477 433
3478 434
3479 435
3480 436
3481 437
3482 438
3483 439
3484 440
3485 441
3486 442
3487 443
3488 444
3489 445
3490 446
3491 447
3492 448
3493 449
3494 450
3495 451
3496 452
3497 453
3498 454
3499 455
3500 456
3501 457
3502 458
3503 459
3504 460
3505 461
3506 462
3507 463
3508 464
3509 465
3510 466
3511 467
3512 468
3513 469
3514 470
3515 471
3516 472
3517 473
3518 474
3519 475
3520 476
3521 477
3522 478
3523 479
3524 480
3525 481
3526 482
3527 483
3528 484
3529 485
3530 486
3531 487
3532 488
3533 489
3534 490
3535 491
3536 492
3537 493
3538 494
3539 495
3540 496
3541 497
3542 498
3543 499
3544 500
3545 501
3546 502
3547 503
3548 504
3549 505
3550 506
3551 507
3552 508
3553 509
3554 510
3555 511
3556 512
3557 513
3558 514
3559 515
3560 516
3561 517
3562 518
3563 519
3564 520
3565 521
3566 522
3567 523
3568 524
3569 525
3570 526
3571 527
3572 528
3573 529
3574 530
3575 531
3576 532
3577 533
3578 534
3579 535
3580 536
3581 537
3582 538
3583 539
3584 540
3585 541
3586 542
3587 543
3588 544
3589 545
3590 546
3591 547
3592 548
3593 549
3594 550
3595 551
3596 552
3597 553
3598 554
3599 555
3600 556
3601 557
3602 558
3603 559
3604 560
3605 561
3606 562
3607 563
3608 564
3609 565
3610 566
3611 567
3612 568
3613 569
3614 570
3615 571
3616 572
3617 573
3618 574
3619 575
3620 576
3621 577
3622 578
3623 579
3624 580
3625 581
3626 582
3627 583
3628 584
3629 585
3630 586
3631 587
3632 588
3633 589
3634 590
3635 591
3636 592
3637 593
3638 594
3639 595
3640 596
3641 597
3642 598
3643 599
3644 600
3645 601
3646 602
3647 603
3648 604
3649 605
3650 606
3651 607
3652 608
3653 609
3654 610
3655 611
3656 612
3657 613
3658 614
3659 615
3660 616
3661 617
3662 618
3663 619
3664 620
3665 621
3666 622
3667 623
3668 624
3669 625
3670 626
3671 627
3672 628
3673 629
3674 630
3675 631
3676 632
3677 633
3678 634
3679 635
3680 636
3681 637
3682 638
3683 639
3684 640
3685 641
3686 642
3687 643
3688 644
3689 645
3690 646
3691 647
3692 648
3693 649
3694 650
3695 651
3696 652
3697 653
3698 654
3699 655
3700 656
3701 657
3702 658
3703 659
3704 660
3705 661
3706 662
3707 663
3708 664
3709 665
3710 666
3711 667
3712 668
3713 669
3714 670
3715 671
3716 672
3717 673
3718 674
3719 675
3720 676
3721 677
3722 678
3723 679
3724 680
3725 681
3726 682
3727 683
3728 684
3729 685
3730 686
3731 687
3732 688
3733 689
3734 690
3735 691
3736 692
3737 693
3738 694
3739 695
3740 696
3741 697
3742 698
3743 699
3744 700
3745 701
3746 702
3747 703
3748 704
3749 705
3750 706
3751 707
3752 708
3753 709
3754 710
3755 711
3756 712
3757 713
3758 714
3759 715
3760 716
3761 717
3762 718
3763 719
3764 720
3765 721
3766 722
3767 723
3768 724
3769 725
3770 726
3771 727
3772 728
3773 729
3774 730
3775 731
3776 732
3777 733
3778 734
3779 735
3780 736
3781 737
3782 738
3783 739
3784 740
3785 741
3786 742
3787 743
3788 744
3789 745
3790 746
3791 747
3792 748
3793 749
3794 750
3795 751
3796 752
3797 753
3798 754
3799 755
3800 756
3801 757
3802 758
3803 759
3804 760
3805 761
3806 762
3807 763
3808 764
3809 765
3810 766
3811 767
3812 384
3813 385
3814 386
3815 387
3816 388
3817 389
3818 390
3819 391
3820 392
3821 393
3822 394
3823 395
3824 396
3825 397
3826 398
3827 399
3828 400
3829 401
3830 402
3831 403
3832 404
3833 405
3834 406
3835 407
3836 408
3837 409
3838 410
3839 411
3456 3204
3457 3205
3458 3206
3459 3207
3460 3208
3461 3209
3462 3210
3463 3211
3464 3212
3465 3213
3466 3214
3467 3215
3468 3216
3469 3217
3470 3218
3471 3219
3472 3220
3473 3221
3474 3222
3475 3223
3476 3224
3477 3225
3478 3226
3479 3227
3480 3228
3481 3229
3482 3230
3483 3231
3484 3232
3485 3233
3486 3234
3487 3235
3488 3236
3489 3237
3490 3238
3491 3239
3492 3240
3493 3241
3494 3242
3495 3243
3496 3244
3497 3245
3498 3246
3499 3247
3500 3248
3501 3249
3502 3250
3503 3251
3504 3252
3505 3253
3506 3254
3507 3255
3508 3256
3509 3257
3510 3258
3511 3259
3512 3260
3513 3261
3514 3262
3515 3263
3516 3264
3517 3265
3518 3266
3519 3267
3520 3268
3521 3269
3522 3270
3523 3271
3524 3272
3525 3273
3526 3274
3527 3275
3528 3276
3529 3277
3530 3278
3531 3279
3532 3280
3533 3281
3534 3282
3535 3283
3536 3284
3537 3285
3538 3286
3539 3287
3540 3288
3541 3289
3542 3290
3543 3291
3544 3292
3545 3293
3546 3294
3547 3295
3548 3296
3549 3297
3550 3298
3551 3299
3552 3300
3553 3301
3554 3302
3555 3303
3556 3304
3557 3305
3558 3306
3559 3307
3560 3308
3561 3309
3562 3310
3563 3311
3564 3312
3565 3313
3566 3314
3567 3315
3568 3316
3569 3317
3570 3318
3571 3319
3572 3320
3573 3321
3574 3322
3575 3323
3576 3324
3577 3325
3578 3326
3579 3327
3580 3328
3581 3329
3582 3330
3583 3331
3584 3332
3585 3333
3586 3334
3587 3335
3588 3336
3589 3337
3590 3338
3591 3339
3592 3340
3593 3341
3594 3342
3595 3343
3596 3344
3597 3345
3598 3346
3599 3347
3600 3348
3601 3349
3602 3350
3603 3351
3604 3352
3605 3353
3606 3354
3607 3355
3608 3356
3609 3357
3610 3358
3611 3359
3612 3360
3613 3361
3614 3362
3615 3363
3616 3364
3617 3365
3618 3366
3619 3367
3620 3368
3621 3369
3622 3370
3623 3371
3624 3372
3625 3373
3626 3374
3627 3375
3628 3376
3629 3377
3630 3378
3631 3379
3632 3380
3633 3381
3634 3382
3635 3383
3636 3384
3637 3385
3638 3386
3639 3387
3640 3388
3641 3389
3642 3390
3643 3391
3644 3392
3645 3393
3646 3394
3647 3395
3648 3396
3649 3397
3650 3398
3651 3399
3652 3400
3653 3401
3654 3402
3655 3403
3656 3404
3657 3405
3658 3406
3659 3407
3660 3408
3661 3409
3662 3410
3663 3411
3664 3412
3665 3413
3666 3414
3667 3415
3668 3416
3669 3417
3670 3418
3671 3419
3672 3420
3673 3421
3674 3422
3675 3423
3676 3424
3677 3425
3678 3426
3679 3427
3680 3428
3681 3429
3682 3430
3683 3431
3684 3432
3685 3433
3686 3434
3687 3435
3688 3436
3689 3437
3690 3438
3691 3439
3692 3440
3693 3441
3694 3442
3695 3443
3696 3444
3697 3445
3698 3446
3699 3447
3700 3448
3701 3449
3702 3450
3703 3451
3704 3452
3705 3453
3706 3454
3707 3455
3708 3072
3709 3073
3710 3074
3711 3075
3712 3076
3713 3077
3714 3078
3715 3079
3716 3080
3717 3081
3718 3082
3719 3083
3720 3084
3721 3085
3722 3086
3723 3087
3724 3088
3725 3089
3726 3090
3727 3091
3728 3092
3729 3093
3730 3094
3731 3095
3732 3096
3733 3097
3734 3098
3735 3099
3736 3100
3737 3101
3738 3102
3739 3103
3740 3104
3741 3105
3742 3106
3743 3107
3744 3108
3745 3109
3746 3110
3747 3111
3748 3112
3749 3113
3750 3114
3751 3115
3752 3116
3753 3117
3754 3118
3755 3119
3756 3120
3757 3121
3758 3122
3759 3123
3760 3124
3761 3125
3762 3126
3763 3127
3764 3128
3765 3129
3766 3130
3767 3131
3768 3132
3769 3133
3770 3134
3771 3135
3772 3136
3773 3137
3774 3138
3775 3139
3776 3140
3777 3141
3778 3142
3779 3143
3780 3144
3781 3145
3782 3146
3783 3147
3784 3148
3785 3149
3786 3150
3787 3151
3788 3152
3789 3153
3790 3154
3791 3155
3792 3156
3793 3157
3794 3158
3795 3159
3796 3160
3797 3161
3798 3162
3799 3163
3800 3164
3801 3165
3802 3166
3803 3167
3804 3168
3805 3169
3806 3170
3807 3171
3808 3172
3809 3173
3810 3174
3811 3175
3812 3176
3813 3177
3814 3178
3815 3179
3816 3180
3817 3181
3818 3182
3819 3183
3820 3184
3821 3185
3822 3186
3823 3187
3824 3188
3825 3189
3826 3190
3827 3191
3828 3192
3829 3193
3830 3194
3831 3195
3832 3196
3833 3197
3834 3198
3835 3199
3836 3200
3837 3201
3838 3202
3839 3203
3456 4025
3457 4026
3458 4027
3459 4028
3460 4029
3461 4030
3462 4031
3463 4032
3464 4033
3465 4034
3466 4035
3467 4036
3468 4037
3469 4038
3470 4039
3471 4040
3472 4041
3473 4042
3474 4043
3475 4044
3476 4045
3477 4046
3478 4047
3479 4048
3480 4049
3481 4050
3482 4051
3483 4052
3484 4053
3485 4054
3486 4055
3487 4056
3488 4057
3489 4058
3490 4059
3491 4060
3492 4061
3493 4062
3494 4063
3495 4064
3496 4065
3497 4066
3498 4067
3499 4068
3500 4069
3501 4070
3502 4071
3503 4072
3504 4073
3505 4074
3506 4075
3507 4076
3508 4077
3509 4078
3510 4079
3511 4080
3512 4081
3513 4082
3514 4083
3515 4084
3516 4085
3517 4086
3518 4087
3519 4088
3520 4089
3521 4090
3522 4091
3523 4092
3524 4093
3525 4094
3526 4095
3527 4096
3528 4097
3529 4098
3530 4099
3531 4100
3532 4101
3533 4102
3534 4103
3535 4104
3536 4105
3537 4106
3538 4107
3539 4108
3540 4109
3541 4110
3542 4111
3543 4112
3544 4113
3545 4114
3546 4115
3547 4116
3548 4117
3549 4118
3550 4119
3551 4120
3552 4121
3553 4122
3554 4123
3555 4124
3556 4125
3557 4126
3558 4127
3559 4128
3560 4129
3561 4130
3562 4131
3563 4132
3564 4133
3565 4134
3566 4135
3567 4136
3568 4137
3569 4138
3570 4139
3571 4140
3572 4141
3573 4142
3574 4143
3575 4144
3576 4145
3577 4146
3578 4147
3579 4148
3580 4149
3581 4150
3582 4151
3583 4152
3584 4153
3585 4154
3586 4155
3587 4156
3588 4157
3589 4158
3590 4159
3591 4160
3592 4161
3593 4162
3594 4163
3595 4164
3596 4165
3597 4166
3598 4167
3599 4168
3600 4169
3601 4170
3602 4171
3603 4172
3604 4173
3605 4174
3606 4175
3607 4176
3608 4177
3609 4178
3610 4179
3611 4180
3612 4181
3613 4182
3614 4183
3615 4184
3616 4185
3617 4186
3618 4187
3619 4188
3620 4189
3621 4190
3622 4191
3623 4192
3624 4193
3625 4194
3626 4195
3627 4196
3628 4197
3629 4198
3630 4199
3631 4200
3632 4201
3633 4202
3634 4203
3635 4204
3636 4205
3637 4206
3638 4207
3639 4208
3640 4209
3641 4210
3642 4211
3643 4212
3644 4213
3645 4214
3646 4215
3647 4216
3648 4217
3649 4218
3650 4219
3651 4220
3652 4221
3653 4222
3654 4223
3655 3840
3656 3841
3657 3842
3658 3843
3659 3844
3660 3845
3661 3846
3662 3847
3663 3848
3664 3849
3665 3850
3666 3851
3667 3852
3668 3853
3669 3854
3670 3855
3671 3856
3672 3857
3673 3858
3674 3859
3675 3860
3676 3861
3677 3862
3678 3863
3679 3864
3680 3865
3681 3866
3682 3867
3683 3868
3684 3869
3685 3870
3686 3871
3687 3872
3688 3873
3689 3874
3690 3875
3691 3876
3692 3877
3693 3878
3694 3879
3695 3880
3696 3881
3697 3882
3698 3883
3699 3884
3700 3885
3701 3886
3702 3887
3703 3888
3704 3889
3705 3890
3706 3891
3707 3892
3708 3893
3709 3894
3710 3895
3711 3896
3712 3897
3713 3898
3714 3899
3715 3900
3716 3901
3717 3902
3718 3903
3719 3904
3720 3905
3721 3906
3722 3907
3723 3908
3724 3909
3725 3910
3726 3911
3727 3912
3728 3913
3729 3914
3730 3915
3731 3916
3732 3917
3733 3918
3734 3919
3735 3920
3736 3921
3737 3922
3738 3923
3739 3924
3740 3925
3741 3926
3742 3927
3743 3928
3744 3929
3745 3930
3746 3931
3747 3932
3748 3933
3749 3934
3750 3935
3751 3936
3752 3937
3753 3938
3754 3939
3755 3940
3756 3941
3757 3942
3758 3943
3759 3944
3760 3945
3761 3946
3762 3947
3763 3948
3764 3949
3765 3950
3766 3951
3767 3952
3768 3953
3769 3954
3770 3955
3771 3956
3772 3957
3773 3958
3774 3959
3775 3960
3776 3961
3777 3962
3778 3963
3779 3964
3780 3965
3781 3966
3782 3967
3783 3968
3784 3969
3785 3970
3786 3971
3787 3972
3788 3973
3789 3974
3790 3975
3791 3976
3792 3977
3793 3978
3794 3979
3795 3980
3796 3981
3797 3982
3798 3983
3799 3984
3800 3985
3801 3986
3802 3987
3803 3988
3804 3989
3805 3990
3806 3991
3807 3992
3808 3993
3809 3994
3810 3995
3811 3996
3812 3997
3813 3998
3814 3999
3815 4000
3816 4001
3817 4002
3818 4003
3819 4004
3820 4005
3821 4006
3822 4007
3823 4008
3824 4009
3825 4010
3826 4011
3827 4012
3828 4013
3829 4014
3830 4015
3831 4016
3832 4017
3833 4018
3834 4019
3835 4020
3836 4021
3837 4022
3838 4023
3839 4024
3456 4402
3457 4403
3458 4404
3459 4405
3460 4406
3461 4407
3462 4408
3463 4409
3464 4410
3465 4411
3466 4412
3467 4413
3468 4414
3469 4415
3470 4416
3471 4417
3472 4418
3473 4419
3474 4420
3475 4421
3476 4422
3477 4423
3478 4424
3479 4425
3480 4426
3481 4427
3482 4428
3483 4429
3484 4430
3485 4431
3486 4432
3487 4433
3488 4434
3489 4435
3490 4436
3491 4437
3492 4438
3493 4439
3494 4440
3495 4441
3496 4442
3497 4443
3498 4444
3499 4445
3500 4446
3501 4447
3502 4448
3503 4449
3504 4450
3505 4451
3506 4452
3507 4453
3508 4454
3509 4455
3510 4456
3511 4457
3512 4458
3513 4459
3514 4460
3515 4461
3516 4462
3517 4463
3518 4464
3519 4465
3520 4466
3521 4467
3522 4468
3523 4469
3524 4470
3525 4471
3526 4472
3527 4473
3528 4474
3529 4475
3530 4476
3531 4477
3532 4478
3533 4479
3534 4480
3535 4481
3536 4482
3537 4483
3538 4484
3539 4485
3540 4486
3541 4487
3542 4488
3543 4489
3544 4490
3545 4491
3546 4492
3547 4493
3548 4494
3549 4495
3550 4496
3551 4497
3552 4498
3553 4499
3554 4500
3555 4501
3556 4502
3557 4503
3558 4504
3559 4505
3560 4506
3561 4507
3562 4508
3563 4509
3564 4510
3565 4511
3566 4512
3567 4513
3568 4514
3569 4515
3570 4516
3571 4517
3572 4518
3573 4519
3574 4520
3575 4521
3576 4522
3577 4523
3578 4524
3579 4525
3580 4526
3581 4527
3582 4528
3583 4529
3584 4530
3585 4531
3586 4532
3587 4533
3588 4534
3589 4535
3590 4536
3591 4537
3592 4538
3593 4539
3594 4540
3595 4541
3596 4542
3597 4543
3598 4544
3599 4545
3600 4546
3601 4547
3602 4548
3603 4549
3604 4550
3605 4551
3606 4552
3607 4553
3608 4554
3609 4555
3610 4556
3611 4557
3612 4558
3613 4559
3614 4560
3615 4561
3616 4562
3617 4563
3618 4564
3619 4565
3620 4566
3621 4567
3622 4568
3623 4569
3624 4570
3625 4571
3626 4572
3627 4573
3628 4574
3629 4575
3630 4576
3631 4577
3632 4578
3633 4579
3634 4580
3635 4581
3636 4582
3637 4583
3638 4584
3639 4585
3640 4586
3641 4587
3642 4588
3643 4589
3644 4590
3645 4591
3646 4592
3647 4593
3648 4594
3649 4595
3650 4596
3651 4597
3652 4598
3653 4599
3654 4600
3655 4601
3656 4602
3657 4603
3658 4604
3659 4605
3660 4606
3661 4607
3662 4224
3663 4225
3664 4226
3665 4227
3666 4228
3667 4229
3668 4230
3669 4231
3670 4232
3671 4233
3672 4234
3673 4235
3674 4236
3675 4237
3676 4238
3677 4239
3678 4240
3679 4241
3680 4242
3681 4243
3682 4244
3683 4245
3684 4246
3685 4247
3686 4248
3687 4249
3688 4250
3689 4251
3690 4252
3691 4253
3692 4254
3693 4255
3694 4256
3695 4257
3696 4258
3697 4259
3698 4260
3699 4261
3700 4262
3701 4263
3702 4264
3703 4265
3704 4266
3705 4267
3706 4268
3707 4269
3708 4270
3709 4271
3710 4272
3711 4273
3712 4274
3713 4275
3714 4276
3715 4277
3716 4278
3717 4279
3718 4280
3719 4281
3720 4282
3721 4283
3722 4284
3723 4285
3724 4286
3725 4287
3726 4288
3727 4289
3728 4290
3729 4291
3730 4292
3731 4293
3732 4294
3733 4295
3734 4296
3735 4297
3736 4298
3737 4299
3738 4300
3739 4301
3740 4302
3741 4303
3742 4304
3743 4305
3744 4306
3745 4307
3746 4308
3747 4309
3748 4310
3749 4311
3750 4312
3751 4313
3752 4314
3753 4315
3754 4316
3755 4317
3756 4318
3757 4319
3758 4320
3759 4321
3760 4322
3761 4323
3762 4324
3763 4325
3764 4326
3765 4327
3766 4328
3767 4329
3768 4330
3769 4331
3770 4332
3771 4333
3772 4334
3773 4335
3774 4336
3775 4337
3776 4338
3777 4339
3778 4340
3779 4341
3780 4342
3781 4343
3782 4344
3783 4345
3784 4346
3785 4347
3786 4348
3787 4349
3788 4350
3789 4351
3790 4352
3791 4353
3792 4354
3793 4355
3794 4356
3795 4357
3796 4358
3797 4359
3798 4360
3799 4361
3800 4362
3801 4363
3802 4364
3803 4365
3804 4366
3805 4367
3806 4368
3807 4369
3808 4370
3809 4371
3810 4372
3811 4373
3812 4374
3813 4375
3814 4376
3815 4377
3816 4378
3817 4379
3818 4380
3819 4381
3820 4382
3821 4383
3822 4384
3823 4385
3824 4386
3825 4387
3826 4388
3827 4389
3828 4390
3829 4391
3830 4392
3831 4393
3832 4394
3833 4395
3834 4396
3835 4397
3836 4398
3837 4399
3838 4400
3839 4401
3456 7296
3457 7297
3458 7298
3459 7299
3460 7300
3461 7301
3462 7302
3463 7303
3464 7304
3465 7305
3466 7306
3467 7307
3468 7308
3469 7309
3470 7310
3471 7311
3472 7312
3473 7313
3474 7314
3475 7315
3476 7316
3477 7317
3478 7318
3479 7319
3480 7320
3481 7321
3482 7322
3483 7323
3484 7324
3485 7325
3486 7326
3487 7327
3488 7328
3489 7329
3490 7330
3491 7331
3492 7332
3493 7333
3494 7334
3495 7335
3496 7336
3497 7337
3498 7338
3499 7339
3500 7340
3501 7341
3502 7342
3503 7343
3504 7344
3505 7345
3506 7346
3507 7347
3508 7348
3509 7349
3510 7350
3511 7351
3512 7352
3513 7353
3514 7354
3515 7355
3516 7356
3517 7357
3518 7358
3519 7359
3520 7360
3521 7361
3522 7362
3523 7363
3524 7364
3525 7365
3526 7366
3527 7367
3528 7368
3529 7369
3530 7370
3531 7371
3532 7372
3533 7373
3534 7374
3535 7375
3536 7376
3537 7377
3538 7378
3539 7379
3540 7380
3541 7381
3542 7382
3543 7383
3544 7384
3545 7385
3546 7386
3547 7387
3548 7388
3549 7389
3550 7390
3551 7391
3552 7392
3553 7393
3554 7394
3555 7395
3556 7396
3557 7397
3558 7398
3559 7399
3560 7400
3561 7401
3562 7402
3563 7403
3564 7404
3565 7405
3566 7406
3567 7407
3568 7408
3569 7409
3570 7410
3571 7411
3572 7412
3573 7413
3574 7414
3575 7415
3576 7416
3577 7417
3578 7418
3579 7419
3580 7420
3581 7421
3582 7422
3583 7423
3584 7424
3585 7425
3586 7426
3587 7427
3588 7428
3589 7429
3590 7430
3591 7431
3592 7432
3593 7433
3594 7434
3595 7435
3596 7436
3597 7437
3598 7438
3599 7439
3600 7440
3601 7441
3602 7442
3603 7443
3604 7444
3605 7445
3606 7446
3607 7447
3608 7448
3609 7449
3610 7450
3611 7451
3612 7452
3613 7453
3614 7454
3615 7455
3616 7456
3617 7457
3618 7458
3619 7459
3620 7460
3621 7461
3622 7462
3623 7463
3624 7464
3625 7465
3626 7466
3627 7467
3628 7468
3629 7469
3630 7470
3631 7471
3632 7472
3633 7473
3634 7474
3635 7475
3636 7476
3637 7477
3638 7478
3639 7479
3640 7480
3641 7481
3642 7482
3643 7483
3644 7484
3645 7485
3646 7486
3647 7487
3648 7488
3649 7489
3650 7490
3651 7491
3652 7492
3653 7493
3654 7494
3655 7495
3656 7496
3657 7497
3658 7498
3659 7499
3660 7500
3661 7501
3662 7502
3663 7503
3664 7504
3665 7505
3666 7506
3667 7507
3668 7508
3669 7509
3670 7510
3671 7511
3672 7512
3673 7513
3674 7514
3675 7515
3676 7516
3677 7517
3678 7518
3679 7519
3680 7520
3681 7521
3682 7522
3683 7523
3684 7524
3685 7525
3686 7526
3687 7527
3688 7528
3689 7529
3690 7530
3691 7531
3692 7532
3693 7533
3694 7534
3695 7535
3696 7536
3697 7537
3698 7538
3699 7539
3700 7540
3701 7541
3702 7542
3703 7543
3704 7544
3705 7545
3706 7546
3707 7547
3708 7548
3709 7549
3710 7550
3711 7551
3712 7552
3713 7553
3714 7554
3715 7555
3716 7556
3717 7557
3718 7558
3719 7559
3720 7560
3721 7561
3722 7562
3723 7563
3724 7564
3725 7565
3726 7566
3727 7567
3728 7568
3729 7569
3730 7570
3731 7571
3732 7572
3733 7573
3734 7574
3735 7575
3736 7576
3737 7577
3738 7578
3739 7579
3740 7580
3741 7581
3742 7582
3743 7583
3744 7584
3745 7585
3746 7586
3747 7587
3748 7588
3749 7589
3750 7590
3751 7591
3752 7592
3753 7593
3754 7594
3755 7595
3756 7596
3757 7597
3758 7598
3759 7599
3760 7600
3761 7601
3762 7602
3763 7603
3764 7604
3765 7605
3766 7606
3767 7607
3768 7608
3769 7609
3770 7610
3771 7611
3772 7612
3773 7613
3774 7614
3775 7615
3776 7616
3777 7617
3778 7618
3779 7619
3780 7620
3781 7621
3782 7622
3783 7623
3784 7624
3785 7625
3786 7626
3787 7627
3788 7628
3789 7629
3790 7630
3791 7631
3792 7632
3793 7633
3794 7634
3795 7635
3796 7636
3797 7637
3798 7638
3799 7639
3800 7640
3801 7641
3802 7642
3803 7643
3804 7644
3805 7645
3806 7646
3807 7647
3808 7648
3809 7649
3810 7650
3811 7651
3812 7652
3813 7653
3814 7654
3815 7655
3816 7656
3817 7657
3818 7658
3819 7659
3820 7660
3821 7661
3822 7662
3823 7663
3824 7664
3825 7665
3826 7666
3827 7667
3828 7668
3829 7669
3830 7670
3831 7671
3832 7672
3833 7673
3834 7674
3835 7675
3836 7676
3837 7677
3838 7678
3839 7679
3840 59
3841 60
3842 61
3843 62
3844 63
3845 64
3846 65
3847 66
3848 67
3849 68
3850 69
3851 70
3852 71
3853 72
3854 73
3855 74
3856 75
3857 76
3858 77
3859 78
3860 79
3861 80
3862 81
3863 82
3864 83
3865 84
3866 85
3867 86
3868 87
3869 88
3870 89
3871 90
3872 91
3873 92
3874 93
3875 94
3876 95
3877 96
3878 97
3879 98
3880 99
3881 100
3882 101
3883 102
3884 103
3885 104
3886 105
3887 106
3888 107
3889 108
3890 109
3891 110
3892 111
3893 112
3894 113
3895 114
3896 115
3897 116
3898 117
3899 118
3900 119
3901 120
3902 121
3903 122
3904 123
3905 124
3906 125
3907 126
3908 127
3909 128
3910 129
3911 130
3912 131
3913 132
3914 133
3915 134
3916 135
3917 136
3918 137
3919 138
3920 139
3921 140
3922 141
3923 142
3924 143
3925 144
3926 145
3927 146
3928 147
3929 148
3930 149
3931 150
3932 151
3933 152
3934 153
3935 154
3936 155
3937 156
3938 157
3939 158
3940 159
3941 160
3942 161
3943 162
3944 163
3945 164
3946 165
3947 166
3948 167
3949 168
3950 169
3951 170
3952 171
3953 172
3954 173
3955 174
3956 175
3957 176
3958 177
3959 178
3960 179
3961 180
3962 181
3963 182
3964 183
3965 184
3966 185
3967 186
3968 187
3969 188
3970 189
3971 190
3972 191
3973 192
3974 193
3975 194
3976 195
3977 196
3978 197
3979 198
3980 199
3981 200
3982 201
3983 202
3984 203
3985 204
3986 205
3987 206
3988 207
3989 208
3990 209
3991 210
3992 211
3993 212
3994 213
3995 214
3996 215
3997 216
3998 217
3999 218
4000 219
4001 220
4002 221
4003 222
4004 223
4005 224
4006 225
4007 226
4008 227
4009 228
4010 229
4011 230
4012 231
4013 232
4014 233
4015 234
4016 235
4017 236
4018 237
4019 238
4020 239
4021 240
4022 241
4023 242
4024 243
4025 244
4026 245
4027 246
4028 247
4029 248
4030 249
4031 250
4032 251
4033 252
4034 253
4035 254
4036 255
4037 256
4038 257
4039 258
4040 259
4041 260
4042 261
4043 262
4044 263
4045 264
4046 265
4047 266
4048 267
4049 268
4050 269
4051 270
4052 271
4053 272
4054 273
4055 274
4056 275
4057 276
4058 277
4059 278
4060 279
4061 280
4062 281
4063 282
4064 283
4065 284
4066 285
4067 286
4068 287
4069 288
4070 289
4071 290
4072 291
4073 292
4074 293
4075 294
4076 295
4077 296
4078 297
4079 298
4080 299
4081 300
4082 301
4083 302
4084 303
4085 304
4086 305
4087 306
4088 307
4089 308
4090 309
4091 310
4092 311
4093 312
4094 313
4095 314
4096 315
4097 316
4098 317
4099 318
4100 319
4101 320
4102 321
4103 322
4104 323
4105 324
4106 325
4107 326
4108 327
4109 328
4110 329
4111 330
4112 331
4113 332
4114 333
4115 334
4116 335
4117 336
4118 337
4119 338
4120 339
4121 340
4122 341
4123 342
4124 343
4125 344
4126 345
4127 346
4128 347
4129 348
4130 349
4131 350
4132 351
4133 352
4134 353
4135 354
4136 355
4137 356
4138 357
4139 358
4140 359
4141 360
4142 361
4143 362
4144 363
4145 364
4146 365
4147 366
4148 367
4149 368
4150 369
4151 370
4152 371
4153 372
4154 373
4155 374
4156 375
4157 376
4158 377
4159 378
4160 379
4161 380
4162 381
4163 382
4164 383
4165 0
4166 1
4167 2
4168 3
4169 4
4170 5
4171 6
4172 7
4173 8
4174 9
4175 10
4176 11
4177 12
4178 13
4179 14
4180 15
4181 16
4182 17
4183 18
4184 19
4185 20
4186 21
4187 22
4188 23
4189 24
4190 25
4191 26
4192 27
4193 28
4194 29
4195 30
4196 31
4197 32
4198 33
4199 34
4200 35
4201 36
4202 37
4203 38
4204 39
4205 40
4206 41
4207 42
4208 43
4209 44
4210 45
4211 46
4212 47
4213 48
4214 49
4215 50
4216 51
4217 52
4218 53
4219 54
4220 55
4221 56
4222 57
4223 58
3840 488
3841 489
3842 490
3843 491
3844 492
3845 493
3846 494
3847 495
3848 496
3849 497
3850 498
3851 499
3852 500
3853 501
3854 502
3855 503
3856 504
3857 505
3858 506
3859 507
3860 508
3861 509
3862 510
3863 511
3864 512
3865 513
3866 514
3867 515
3868 516
3869 517
3870 518
3871 519
3872 520
3873 521
3874 522
3875 523
3876 524
3877 525
3878 526
3879 527
3880 528
3881 529
3882 530
3883 531
3884 532
3885 533
3886 534
3887 535
3888 536
3889 537
3890 538
3891 539
3892 540
3893 541
3894 542
3895 543
3896 544
3897 545
3898 546
3899 547
3900 548
3901 549
3902 550
3903 551
3904 552
3905 553
3906 554
3907 555
3908 556
3909 557
3910 558
3911 559
3912 560
3913 561
3914 562
3915 563
3916 564
3917 565
3918 566
3919 567
3920 568
3921 569
3922 570
3923 571
3924 572
3925 573
3926 574
3927 575
3928 576
3929 577
3930 578
3931 579
3932 580
3933 581
3934 582
3935 583
3936 584
3937 585
3938 586
3939 587
3940 588
3941 589
3942 590
3943 591
3944 592
3945 593
3946 594
3947 595
3948 596
3949 597
3950 598
3951 599
3952 600
3953 601
3954 602
3955 603
3956 604
3957 605
3958 606
3959 607
3960 608
3961 609
3962 610
3963 611
3964 612
3965 613
3966 614
3967 615
3968 616
3969 617
3970 618
3971 619
3972 620
3973 621
3974 622
3975 623
3976 624
3977 625
3978 626
3979 627
3980 628
3981 629
3982 630
3983 631
3984 632
3985 633
3986 634
3987 635
3988 636
3989 637
3990 638
3991 639
3992 640
3993 641
3994 642
3995 643
3996 644
3997 645
3998 646
3999 647
4000 648
4001 649
4002 650
4003 651
4004 652
4005 653
4006 654
4007 655
4008 656
4009 657
4010 658
4011 659
4012 660
4013 661
4014 662
4015 663
4016 664
4017 665
4018 666
4019 667
4020 668
4021 669
4022 670
4023 671
4024 672
4025 673
4026 674
4027 675
4028 676
4029 677
4030 678
4031 679
4032 680
4033 681
4034 682
4035 683
4036 684
4037 685
4038 686
4039 687
4040 688
4041 689
4042 690
4043 691
4044 692
4045 693
4046 694
4047 695
4048 696
4049 697
4050 698
4051 699
4052 700
4053 701
4054 702
4055 703
4056 704
4057 705
4058 706
4059 707
4060 708
4061 709
4062 710
4063 711
4064 712
4065 713
4066 714
4067 715
4068 716
4069 717
4070 718
4071 719
4072 720
4073 721
4074 722
4075 723
4076 724
4077 725
4078 726
4079 727
4080 728
4081 729
4082 730
4083 731
4084 732
4085 733
4086 734
4087 735
4088 736
4089 737
4090 738
4091 739
4092 740
4093 741
4094 742
4095 743
4096 744
4097 745
4098 746
4099 747
4100 748
4101 749
4102 750
4103 751
4104 752
4105 753
4106 754
4107 755
4108 756
4109 757
4110 758
4111 759
4112 760
4113 761
4114 762
4115 763
4116 764
4117 765
4118 766
4119 767
4120 384
4121 385
4122 386
4123 387
4124 388
4125 389
4126 390
4127 391
4128 392
4129 393
4130 394
4131 395
4132 396
4133 397
4134 398
4135 399
4136 400
4137 401
4138 402
4139 403
4140 404
4141 405
4142 406
4143 407
4144 408
4145 409
4146 410
4147 411
4148 412
4149 413
4150 414
4151 415
4152 416
4153 417
4154 418
4155 419
4156 420
4157 421
4158 422
4159 423
4160 424
4161 425
4162 426
4163 427
4164 428
4165 429
4166 430
4167 431
4168 432
4169 433
4170 434
4171 435
4172 436
4173 437
4174 438
4175 439
4176 440
4177 441
4178 442
4179 443
4180 444
4181 445
4182 446
4183 447
4184 448
4185 449
4186 450
4187 451
4188 452
4189 453
4190 454
4191 455
4192 456
4193 457
4194 458
4195 459
4196 460
4197 461
4198 462
4199 463
4200 464
4201 465
4202 466
4203 467
4204 468
4205 469
4206 470
4207 471
4208 472
4209 473
4210 474
4211 475
4212 476
4213 477
4214 478
4215 479
4216 480
4217 481
4218 482
4219 483
4220 484
4221 485
4222 486
4223 487
3840 2326
3841 2327
3842 2328
3843 2329
3844 2330
3845 2331
3846 2332
3847 2333
3848 2334
3849 2335
3850 2336
3851 2337
3852 2338
3853 2339
3854 2340
3855 2341
3856 2342
3857 2343
3858 2344
3859 2345
3860 2346
3861 2347
3862 2348
3863 2349
3864 2350
3865 2351
3866 2352
3867 2353
3868 2354
3869 2355
3870 2356
3871 2357
3872 2358
3873 2359
3874 2360
3875 2361
3876 2362
3877 2363
3878 2364
3879 2365
3880 2366
3881 2367
3882 2368
3883 2369
3884 2370
3885 2371
3886 2372
3887 2373
3888 2374
3889 2375
3890 2376
3891 2377
3892 2378
3893 2379
3894 2380
3895 2381
3896 2382
3897 2383
3898 2384
3899 2385
3900 2386
3901 2387
3902 2388
3903 2389
3904 2390
3905 2391
3906 2392
3907 2393
3908 2394
3909 2395
3910 2396
3911 2397
3912 2398
3913 2399
3914 2400
3915 2401
3916 2402
3917 2403
3918 2404
3919 2405
3920 2406
3921 2407
3922 2408
3923 2409
3924 2410
3925 2411
3926 2412
3927 2413
3928 2414
3929 2415
3930 2416
3931 2417
3932 2418
3933 2419
3934 2420
3935 2421
3936 2422
3937 2423
3938 2424
3939 2425
3940 2426
3941 2427
3942 2428
3943 2429
3944 2430
3945 2431
3946 2432
3947 2433
3948 2434
3949 2435
3950 2436
3951 2437
3952 2438
3953 2439
3954 2440
3955 2441
3956 2442
3957 2443
3958 2444
3959 2445
3960 2446
3961 2447
3962 2448
3963 2449
3964 2450
3965 2451
3966 2452
3967 2453
3968 2454
3969 2455
3970 2456
3971 2457
3972 2458
3973 2459
3974 2460
3975 2461
3976 2462
3977 2463
3978 2464
3979 2465
3980 2466
3981 2467
3982 2468
3983 2469
3984 2470
3985 2471
3986 2472
3987 2473
3988 2474
3989 2475
3990 2476
3991 2477
3992 2478
3993 2479
3994 2480
3995 2481
3996 2482
3997 2483
3998 2484
3999 2485
4000 2486
4001 2487
4002 2488
4003 2489
4004 2490
4005 2491
4006 2492
4007 2493
4008 2494
4009 2495
4010 2496
4011 2497
4012 2498
4013 2499
4014 2500
4015 2501
4016 2502
4017 2503
4018 2504
4019 2505
4020 2506
4021 2507
4022 2508
4023 2509
4024 2510
4025 2511
4026 2512
4027 2513
4028 2514
4029 2515
4030 2516
4031 2517
4032 2518
4033 2519
4034 2520
4035 2521
4036 2522
4037 2523
4038 2524
4039 2525
4040 2526
4041 2527
4042 2528
4043 2529
4044 2530
4045 2531
4046 2532
4047 2533
4048 2534
4049 2535
4050 2536
4051 2537
4052 2538
4053 2539
4054 2540
4055 2541
4056 2542
4057 2543
4058 2544
4059 2545
4060 2546
4061 2547
4062 2548
4063 2549
4064 2550
4065 2551
4066 2552
4067 2553
4068 2554
4069 2555
4070 2556
4071 2557
4072 2558
4073 2559
4074 2560
4075 2561
4076 2562
4077 2563
4078 2564
4079 2565
4080 2566
4081 2567
4082 2568
4083 2569
4084 2570
4085 2571
4086 2572
4087 2573
4088 2574
4089 2575
4090 2576
4091 2577
4092 2578
4093 2579
4094 2580
4095 2581
4096 2582
4097 2583
4098 2584
4099 2585
4100 2586
4101 2587
4102 2588
4103 2589
4104 2590
4105 2591
4106 2592
4107 2593
4108 2594
4109 2595
4110 2596
4111 2597
4112 2598
4113 2599
4114 2600
4115 2601
4116 2602
4117 2603
4118 2604
4119 2605
4120 2606
4121 2607
4122 2608
4123 2609
4124 2610
4125 2611
4126 2612
4127 2613
4128 2614
4129 2615
4130 2616
4131 2617
4132 2618
4133 2619
4134 2620
4135 2621
4136 2622
4137 2623
4138 2624
4139 2625
4140 2626
4141 2627
4142 2628
4143 2629
4144 2630
4145 2631
4146 2632
4147 2633
4148 2634
4149 2635
4150 2636
4151 2637
4152 2638
4153 2639
4154 2640
4155 2641
4156 2642
4157 2643
4158 2644
4159 2645
4160 2646
4161 2647
4162 2648
4163 2649
4164 2650
4165 2651
4166 2652
4167 2653
4168 2654
4169 2655
4170 2656
4171 2657
4172 2658
4173 2659
4174 2660
4175 2661
4176 2662
4177 2663
4178 2664
4179 2665
4180 2666
4181 2667
4182 2668
4183 2669
4184 2670
4185 2671
4186 2672
4187 2673
4188 2674
4189 2675
4190 2676
4191 2677
4192 2678
4193 2679
4194 2680
4195 2681
4196 2682
4197 2683
4198 2684
4199 2685
4200 2686
4201 2687
4202 2304
4203 2305
4204 2306
4205 2307
4206 2308
4207 2309
4208 2310
4209 2311
4210 2312
4211 2313
4212 2314
4213 2315
4214 2316
4215 2317
4216 2318
4217 2319
4218 2320
4219 2321
4220 2322
4221 2323
4222 2324
4223 2325
3840 2740
3841 2741
3842 2742
3843 2743
3844 2744
3845 2745
3846 2746
3847 2747
3848 2748
3849 2749
3850 2750
3851 2751
3852 2752
3853 2753
3854 2754
3855 2755
3856 2756
3857 2757
3858 2758
3859 2759
3860 2760
3861 2761
3862 2762
3863 2763
3864 2764
3865 2765
3866 2766
3867 2767
3868 2768
3869 2769
3870 2770
3871 2771
3872 2772
3873 2773
3874 2774
3875 2775
3876 2776
3877 2777
3878 2778
3879 2779
3880 2780
3881 2781
3882 2782
3883 2783
3884 2784
3885 2785
3886 2786
3887 2787
3888 2788
3889 2789
3890 2790
3891 2791
3892 2792
3893 2793
3894 2794
3895 2795
3896 2796
3897 2797
3898 2798
3899 2799
3900 2800
3901 2801
3902 2802
3903 2803
3904 2804
3905 2805
3906 2806
3907 2807
3908 2808
3909 2809
3910 2810
3911 2811
3912 2812
3913 2813
3914 2814
3915 2815
3916 2816
3917 2817
3918 2818
3919 2819
3920 2820
3921 2821
3922 2822
3923 2823
3924 2824
3925 2825
3926 2826
3927 2827
3928 2828
3929 2829
3930 2830
3931 2831
3932 2832
3933 2833
3934 2834
3935 2835
3936 2836
3937 2837
3938 2838
3939 2839
3940 2840
3941 2841
3942 2842
3943 2843
3944 2844
3945 2845
3946 2846
3947 2847
3948 2848
3949 2849
3950 2850
3951 2851
3952 2852
3953 2853
3954 2854
3955 2855
3956 2856
3957 2857
3958 2858
3959 2859
3960 2860
3961 2861
3962 2862
3963 2863
3964 2864
3965 2865
3966 2866
3967 2867
3968 2868
3969 2869
3970 2870
3971 2871
3972 2872
3973 2873
3974 2874
3975 2875
3976 2876
3977 2877
3978 2878
3979 2879
3980 2880
3981 2881
3982 2882
3983 2883
3984 2884
3985 2885
3986 2886
3987 2887
3988 2888
3989 2889
3990 2890
3991 2891
3992 2892
3993 2893
3994 2894
3995 2895
3996 2896
3997 2897
3998 2898
3999 2899
4000 2900
4001 2901
4002 2902
4003 2903
4004 2904
4005 2905
4006 2906
4007 2907
4008 2908
4009 2909
4010 2910
4011 2911
4012 2912
4013 2913
4014 2914
4015 2915
4016 2916
4017 2917
4018 2918
4019 2919
4020 2920
4021 2921
4022 2922
4023 2923
4024 2924
4025 2925
4026 2926
4027 2927
4028 2928
4029 2929
4030 2930
4031 2931
4032 2932
4033 2933
4034 2934
4035 2935
4036 2936
4037 2937
4038 2938
4039 2939
4040 2940
4041 2941
4042 2942
4043 2943
4044 2944
4045 2945
4046 2946
4047 2947
4048 2948
4049 2949
4050 2950
4051 2951
4052 2952
4053 2953
4054 2954
4055 2955
4056 2956
4057 2957
4058 2958
4059 2959
4060 2960
4061 2961
4062 2962
4063 2963
4064 2964
4065 2965
4066 2966
4067 2967
4068 2968
4069 2969
4070 2970
4071 2971
4072 2972
4073 2973
4074 2974
4075 2975
4076 2976
4077 2977
4078 2978
4079 2979
4080 2980
4081 2981
4082 2982
4083 2983
4084 2984
4085 2985
4086 2986
4087 2987
4088 2988
4089 2989
4090 2990
4091 2991
4092 2992
4093 2993
4094 2994
4095 2995
4096 2996
4097 2997
4098 2998
4099 2999
4100 3000
4101 3001
4102 3002
4103 3003
4104 3004
4105 3005
4106 3006
4107 3007
4108 3008
4109 3009
4110 3010
4111 3011
4112 3012
4113 3013
4114 3014
4115 3015
4116 3016
4117 3017
4118 3018
4119 3019
4120 3020
4121 3021
4122 3022
4123 3023
4124 3024
4125 3025
4126 3026
4127 3027
4128 3028
4129 3029
4130 3030
4131 3031
4132 3032
4133 3033
4134 3034
4135 3035
4136 3036
4137 3037
4138 3038
4139 3039
4140 3040
4141 3041
4142 3042
4143 3043
4144 3044
4145 3045
4146 3046
4147 3047
4148 3048
4149 3049
4150 3050
4151 3051
4152 3052
4153 3053
4154 3054
4155 3055
4156 3056
4157 3057
4158 3058
4159 3059
4160 3060
4161 3061
4162 3062
4163 3063
4164 3064
4165 3065
4166 3066
4167 3067
4168 3068
4169 3069
4170 3070
4171 3071
4172 2688
4173 2689
4174 2690
4175 2691
4176 2692
4177 2693
4178 2694
4179 2695
4180 2696
4181 2697
4182 2698
4183 2699
4184 2700
4185 2701
4186 2702
4187 2703
4188 2704
4189 2705
4190 2706
4191 2707
4192 2708
4193 2709
4194 2710
4195 2711
4196 2712
4197 2713
4198 2714
4199 2715
4200 2716
4201 2717
4202 2718
4203 2719
4204 2720
4205 2721
4206 2722
4207 2723
4208 2724
4209 2725
4210 2726
4211 2727
4212 2728
4213 2729
4214 2730
4215 2731
4216 2732
4217 2733
4218 2734
4219 2735
4220 2736
4221 2737
4222 2738
4223 2739
3840 7680
3841 7681
3842 7682
3843 7683
3844 7684
3845 7685
3846 7686
3847 7687
3848 7688
3849 7689
3850 7690
3851 7691
3852 7692
3853 7693
3854 7694
3855 7695
3856 7696
3857 7697
3858 7698
3859 7699
3860 7700
3861 7701
3862 7702
3863 7703
3864 7704
3865 7705
3866 7706
3867 7707
3868 7708
3869 7709
3870 7710
3871 7711
3872 7712
3873 7713
3874 7714
3875 7715
3876 7716
3877 7717
3878 7718
3879 7719
3880 7720
3881 7721
3882 7722
3883 7723
3884 7724
3885 7725
3886 7726
3887 7727
3888 7728
3889 7729
3890 7730
3891 7731
3892 7732
3893 7733
3894 7734
3895 7735
3896 7736
3897 7737
3898 7738
3899 7739
3900 7740
3901 7741
3902 7742
3903 7743
3904 7744
3905 7745
3906 7746
3907 7747
3908 7748
3909 7749
3910 7750
3911 7751
3912 7752
3913 7753
3914 7754
3915 7755
3916 7756
3917 7757
3918 7758
3919 7759
3920 7760
3921 7761
3922 7762
3923 7763
3924 7764
3925 7765
3926 7766
3927 7767
3928 7768
3929 7769
3930 7770
3931 7771
3932 7772
3933 7773
3934 7774
3935 7775
3936 7776
3937 7777
3938 7778
3939 7779
3940 7780
3941 7781
3942 7782
3943 7783
3944 7784
3945 7785
3946 7786
3947 7787
3948 7788
3949 7789
3950 7790
3951 7791
3952 7792
3953 7793
3954 7794
3955 7795
3956 7796
3957 7797
3958 7798
3959 7799
3960 7800
3961 7801
3962 7802
3963 7803
3964 7804
3965 7805
3966 7806
3967 7807
3968 7808
3969 7809
3970 7810
3971 7811
3972 7812
3973 7813
3974 7814
3975 7815
3976 7816
3977 7817
3978 7818
3979 7819
3980 7820
3981 7821
3982 7822
3983 7823
3984 7824
3985 7825
3986 7826
3987 7827
3988 7828
3989 7829
3990 7830
3991 7831
3992 7832
3993 7833
3994 7834
3995 7835
3996 7836
3997 7837
3998 7838
3999 7839
4000 7840
4001 7841
4002 7842
4003 7843
4004 7844
4005 7845
4006 7846
4007 7847
4008 7848
4009 7849
4010 7850
4011 7851
4012 7852
4013 7853
4014 7854
4015 7855
4016 7856
4017 7857
4018 7858
4019 7859
4020 7860
4021 7861
4022 7862
4023 7863
4024 7864
4025 7865
4026 7866
4027 7867
4028 7868
4029 7869
4030 7870
4031 7871
4032 7872
4033 7873
4034 7874
4035 7875
4036 7876
4037 7877
4038 7878
4039 7879
4040 7880
4041 7881
4042 7882
4043 7883
4044 7884
4045 7885
4046 7886
4047 7887
4048 7888
4049 7889
4050 7890
4051 7891
4052 7892
4053 7893
4054 7894
4055 7895
4056 7896
4057 7897
4058 7898
4059 7899
4060 7900
4061 7901
4062 7902
4063 7903
4064 7904
4065 7905
4066 7906
4067 7907
4068 7908
4069 7909
4070 7910
4071 7911
4072 7912
4073 7913
4074 7914
4075 7915
4076 7916
4077 7917
4078 7918
4079 7919
4080 7920
4081 7921
4082 7922
4083 7923
4084 7924
4085 7925
4086 7926
4087 7927
4088 7928
4089 7929
4090 7930
4091 7931
4092 7932
4093 7933
4094 7934
4095 7935
4096 7936
4097 7937
4098 7938
4099 7939
4100 7940
4101 7941
4102 7942
4103 7943
4104 7944
4105 7945
4106 7946
4107 7947
4108 7948
4109 7949
4110 7950
4111 7951
4112 7952
4113 7953
4114 7954
4115 7955
4116 7956
4117 7957
4118 7958
4119 7959
4120 7960
4121 7961
4122 7962
4123 7963
4124 7964
4125 7965
4126 7966
4127 7967
4128 7968
4129 7969
4130 7970
4131 7971
4132 7972
4133 7973
4134 7974
4135 7975
4136 7976
4137 7977
4138 7978
4139 7979
4140 7980
4141 7981
4142 7982
4143 7983
4144 7984
4145 7985
4146 7986
4147 7987
4148 7988
4149 7989
4150 7990
4151 7991
4152 7992
4153 7993
4154 7994
4155 7995
4156 7996
4157 7997
4158 7998
4159 7999
4160 8000
4161 8001
4162 8002
4163 8003
4164 8004
4165 8005
4166 8006
4167 8007
4168 8008
4169 8009
4170 8010
4171 8011
4172 8012
4173 8013
4174 8014
4175 8015
4176 8016
4177 8017
4178 8018
4179 8019
4180 8020
4181 8021
4182 8022
4183 8023
4184 8024
4185 8025
4186 8026
4187 8027
4188 8028
4189 8029
4190 8030
4191 8031
4192 8032
4193 8033
4194 8034
4195 8035
4196 8036
4197 8037
4198 8038
4199 8039
4200 8040
4201 8041
4202 8042
4203 8043
4204 8044
4205 8045
4206 8046
4207 8047
4208 8048
4209 8049
4210 8050
4211 8051
4212 8052
4213 8053
4214 8054
4215 8055
4216 8056
4217 8057
4218 8058
4219 8059
4220 8060
4221 8061
4222 8062
4223 8063
4224 32
4225 33
4226 34
4227 35
4228 36
4229 37
4230 38
4231 39
4232 40
4233 41
4234 42
4235 43
4236 44
4237 45
4238 46
4239 47
4240 48
4241 49
4242 50
4243 51
4244 52
4245 53
4246 54
4247 55
4248 56
4249 57
4250 58
4251 59
4252 60
4253 61
4254 62
4255 63
4256 64
4257 65
4258 66
4259 67
4260 68
4261 69
4262 70
4263 71
4264 72
4265 73
4266 74
4267 75
4268 76
4269 77
4270 78
4271 79
4272 80
4273 81
4274 82
4275 83
4276 84
4277 85
4278 86
4279 87
4280 88
4281 89
4282 90
4283 91
4284 92
4285 93
4286 94
4287 95
4288 96
4289 97
4290 98
4291 99
4292 100
4293 101
4294 102
4295 103
4296 104
4297 105
4298 106
4299 107
4300 108
4301 109
4302 110
4303 111
4304 112
4305 113
4306 114
4307 115
4308 116
4309 117
4310 118
4311 119
4312 120
4313 121
4314 122
4315 123
4316 124
4317 125
4318 126
4319 127
4320 128
4321 129
4322 130
4323 131
4324 132
4325 133
4326 134
4327 135
4328 136
4329 137
4330 138
4331 139
4332 140
4333 141
4334 142
4335 143
4336 144
4337 145
4338 146
4339 147
4340 148
4341 149
4342 150
4343 151
4344 152
4345 153
4346 154
4347 155
4348 156
4349 157
4350 158
4351 159
4352 160
4353 161
4354 162
4355 163
4356 164
4357 165
4358 166
4359 167
4360 168
4361 169
4362 170
4363 171
4364 172
4365 173
4366 174
4367 175
4368 176
4369 177
4370 178
4371 179
4372 180
4373 181
4374 182
4375 183
4376 184
4377 185
4378 186
4379 187
4380 188
4381 189
4382 190
4383 191
4384 192
4385 193
4386 194
4387 195
4388 196
4389 197
4390 198
4391 199
4392 200
4393 201
4394 202
4395 203
4396 204
4397 205
4398 206
4399 207
4400 208
4401 209
4402 210
4403 211
4404 212
4405 213
4406 214
4407 215
4408 216
4409 217
4410 218
4411 219
4412 220
4413 221
4414 222
4415 223
4416 224
4417 225
4418 226
4419 227
4420 228
4421 229
4422 230
4423 231
4424 232
4425 233
4426 234
4427 235
4428 236
4429 237
4430 238
4431 239
4432 240
4433 241
4434 242
4435 243
4436 244
4437 245
4438 246
4439 247
4440 248
4441 249
4442 250
4443 251
4444 252
4445 253
4446 254
4447 255
4448 256
4449 257
4450 258
4451 259
4452 260
4453 261
4454 262
4455 263
4456 264
4457 265
4458 266
4459 267
4460 268
4461 269
4462 270
4463 271
4464 272
4465 273
4466 274
4467 275
4468 276
4469 277
4470 278
4471 279
4472 280
4473 281
4474 282
4475 283
4476 284
4477 285
4478 286
4479 287
4480 288
4481 289
4482 290
4483 291
4484 292
4485 293
4486 294
4487 295
4488 296
4489 297
4490 298
4491 299
4492 300
4493 301
4494 302
4495 303
4496 304
4497 305
4498 306
4499 307
4500 308
4501 309
4502 310
4503 311
4504 312
4505 313
4506 314
4507 315
4508 316
4509 317
4510 318
4511 319
4512 320
4513 321
4514 322
4515 323
4516 324
4517 325
4518 326
4519 327
4520 328
4521 329
4522 330
4523 331
4524 332
4525 333
4526 334
4527 335
4528 336
4529 337
4530 338
4531 339
4532 340
4533 341
4534 342
4535 343
4536 344
4537 345
4538 346
4539 347
4540 348
4541 349
4542 350
4543 351
4544 352
4545 353
4546 354
4547 355
4548 356
4549 357
4550 358
4551 359
4552 360
4553 361
4554 362
4555 363
4556 364
4557 365
4558 366
4559 367
4560 368
4561 369
4562 370
4563 371
4564 372
4565 373
4566 374
4567 375
4568 376
4569 377
4570 378
4571 379
4572 380
4573 381
4574 382
4575 383
4576 0
4577 1
4578 2
4579 3
4580 4
4581 5
4582 6
4583 7
4584 8
4585 9
4586 10
4587 11
4588 12
4589 13
4590 14
4591 15
4592 16
4593 17
4594 18
4595 19
4596 20
4597 21
4598 22
4599 23
4600 24
4601 25
4602 26
4603 27
4604 28
4605 29
4606 30
4607 31
4224 2780
4225 2781
4226 2782
4227 2783
4228 2784
4229 2785
4230 2786
4231 2787
4232 2788
4233 2789
4234 2790
4235 2791
4236 2792
4237 2793
4238 2794
4239 2795
4240 2796
4241 2797
4242 2798
4243 2799
4244 2800
4245 2801
4246 2802
4247 2803
4248 2804
4249 2805
4250 2806
4251 2807
4252 2808
4253 2809
4254 2810
4255 2811
4256 2812
4257 2813
4258 2814
4259 2815
4260 2816
4261 2817
4262 2818
4263 2819
4264 2820
4265 2821
4266 2822
4267 2823
4268 2824
4269 2825
4270 2826
4271 2827
4272 2828
4273 2829
4274 2830
4275 2831
4276 2832
4277 2833
4278 2834
4279 2835
4280 2836
4281 2837
4282 2838
4283 2839
4284 2840
4285 2841
4286 2842
4287 2843
4288 2844
4289 2845
4290 2846
4291 2847
4292 2848
4293 2849
4294 2850
4295 2851
4296 2852
4297 2853
4298 2854
4299 2855
4300 2856
4301 2857
4302 2858
4303 2859
4304 2860
4305 2861
4306 2862
4307 2863
4308 2864
4309 2865
4310 2866
4311 2867
4312 2868
4313 2869
4314 2870
4315 2871
4316 2872
4317 2873
4318 2874
4319 2875
4320 2876
4321 2877
4322 2878
4323 2879
4324 2880
4325 2881
4326 2882
4327 2883
4328 2884
4329 2885
4330 2886
4331 2887
4332 2888
4333 2889
4334 2890
4335 2891
4336 2892
4337 2893
4338 2894
4339 2895
4340 2896
4341 2897
4342 2898
4343 2899
4344 2900
4345 2901
4346 2902
4347 2903
4348 2904
4349 2905
4350 2906
4351 2907
4352 2908
4353 2909
4354 2910
4355 2911
4356 2912
4357 2913
4358 2914
4359 2915
4360 2916
4361 2917
4362 2918
4363 2919
4364 2920
4365 2921
4366 2922
4367 2923
4368 2924
4369 2925
4370 2926
4371 2927
4372 2928
4373 2929
4374 2930
4375 2931
4376 2932
4377 2933
4378 2934
4379 2935
4380 2936
4381 2937
4382 2938
4383 2939
4384 2940
4385 2941
4386 2942
4387 2943
4388 2944
4389 2945
4390 2946
4391 2947
4392 2948
4393 2949
4394 2950
4395 2951
4396 2952
4397 2953
4398 2954
4399 2955
4400 2956
4401 2957
4402 2958
4403 2959
4404 2960
4405 2961
4406 2962
4407 2963
4408 2964
4409 2965
4410 2966
4411 2967
4412 2968
4413 2969
4414 2970
4415 2971
4416 2972
4417 2973
4418 2974
4419 2975
4420 2976
4421 2977
4422 2978
4423 2979
4424 2980
4425 2981
4426 2982
4427 2983
4428 2984
4429 2985
4430 2986
4431 2987
4432 2988
4433 2989
4434 2990
4435 2991
4436 2992
4437 2993
4438 2994
4439 2995
4440 2996
4441 2997
4442 2998
4443 2999
4444 3000
4445 3001
4446 3002
4447 3003
4448 3004
4449 3005
4450 3006
4451 3007
4452 3008
4453 3009
4454 3010
4455 3011
4456 3012
4457 3013
4458 3014
4459 3015
4460 3016
4461 3017
4462 3018
4463 3019
4464 3020
4465 3021
4466 3022
4467 3023
4468 3024
4469 3025
4470 3026
4471 3027
4472 3028
4473 3029
4474 3030
4475 3031
4476 3032
4477 3033
4478 3034
4479 3035
4480 3036
4481 3037
4482 3038
4483 3039
4484 3040
4485 3041
4486 3042
4487 3043
4488 3044
4489 3045
4490 3046
4491 3047
4492 3048
4493 3049
4494 3050
4495 3051
4496 3052
4497 3053
4498 3054
4499 3055
4500 3056
4501 3057
4502 3058
4503 3059
4504 3060
4505 3061
4506 3062
4507 3063
4508 3064
4509 3065
4510 3066
4511 3067
4512 3068
4513 3069
4514 3070
4515 3071
4516 2688
4517 2689
4518 2690
4519 2691
4520 2692
4521 2693
4522 2694
4523 2695
4524 2696
4525 2697
4526 2698
4527 2699
4528 2700
4529 2701
4530 2702
4531 2703
4532 2704
4533 2705
4534 2706
4535 2707
4536 2708
4537 2709
4538 2710
4539 2711
4540 2712
4541 2713
4542 2714
4543 2715
4544 2716
4545 2717
4546 2718
4547 2719
4548 2720
4549 2721
4550 2722
4551 2723
4552 2724
4553 2725
4554 2726
4555 2727
4556 2728
4557 2729
4558 2730
4559 2731
4560 2732
4561 2733
4562 2734
4563 2735
4564 2736
4565 2737
4566 2738
4567 2739
4568 2740
4569 2741
4570 2742
4571 2743
4572 2744
4573 2745
4574 2746
4575 2747
4576 2748
4577 2749
4578 2750
4579 2751
4580 2752
4581 2753
4582 2754
4583 2755
4584 2756
4585 2757
4586 2758
4587 2759
4588 2760
4589 2761
4590 2762
4591 2763
4592 2764
4593 2765
4594 2766
4595 2767
4596 2768
4597 2769
4598 2770
4599 2771
4600 2772
4601 2773
4602 2774
4603 2775
4604 2776
4605 2777
4606 2778
4607 2779
4224 3630
4225 3631
4226 3632
4227 3633
4228 3634
4229 3635
4230 3636
4231 3637
4232 3638
4233 3639
4234 3640
4235 3641
4236 3642
4237 3643
4238 3644
4239 3645
4240 3646
4241 3647
4242 3648
4243 3649
4244 3650
4245 3651
4246 3652
4247 3653
4248 3654
4249 3655
4250 3656
4251 3657
4252 3658
4253 3659
4254 3660
4255 3661
4256 3662
4257 3663
4258 3664
4259 3665
4260 3666
4261 3667
4262 3668
4263 3669
4264 3670
4265 3671
4266 3672
4267 3673
4268 3674
4269 3675
4270 3676
4271 3677
4272 3678
4273 3679
4274 3680
4275 3681
4276 3682
4277 3683
4278 3684
4279 3685
4280 3686
4281 3687
4282 3688
4283 3689
4284 3690
4285 3691
4286 3692
4287 3693
4288 3694
4289 3695
4290 3696
4291 3697
4292 3698
4293 3699
4294 3700
4295 3701
4296 3702
4297 3703
4298 3704
4299 3705
4300 3706
4301 3707
4302 3708
4303 3709
4304 3710
4305 3711
4306 3712
4307 3713
4308 3714
4309 3715
4310 3716
4311 3717
4312 3718
4313 3719
4314 3720
4315 3721
4316 3722
4317 3723
4318 3724
4319 3725
4320 3726
4321 3727
4322 3728
4323 3729
4324 3730
4325 3731
4326 3732
4327 3733
4328 3734
4329 3735
4330 3736
4331 3737
4332 3738
4333 3739
4334 3740
4335 3741
4336 3742
4337 3743
4338 3744
4339 3745
4340 3746
4341 3747
4342 3748
4343 3749
4344 3750
4345 3751
4346 3752
4347 3753
4348 3754
4349 3755
4350 3756
4351 3757
4352 3758
4353 3759
4354 3760
4355 3761
4356 3762
4357 3763
4358 3764
4359 3765
4360 3766
4361 3767
4362 3768
4363 3769
4364 3770
4365 3771
4366 3772
4367 3773
4368 3774
4369 3775
4370 3776
4371 3777
4372 3778
4373 3779
4374 3780
4375 3781
4376 3782
4377 3783
4378 3784
4379 3785
4380 3786
4381 3787
4382 3788
4383 3789
4384 3790
4385 3791
4386 3792
4387 3793
4388 3794
4389 3795
4390 3796
4391 3797
4392 3798
4393 3799
4394 3800
4395 3801
4396 3802
4397 3803
4398 3804
4399 3805
4400 3806
4401 3807
4402 3808
4403 3809
4404 3810
4405 3811
4406 3812
4407 3813
4408 3814
4409 3815
4410 3816
4411 3817
4412 3818
4413 3819
4414 3820
4415 3821
4416 3822
4417 3823
4418 3824
4419 3825
4420 3826
4421 3827
4422 3828
4423 3829
4424 3830
4425 3831
4426 3832
4427 3833
4428 3834
4429 3835
4430 3836
4431 3837
4432 3838
4433 3839
4434 3456
4435 3457
4436 3458
4437 3459
4438 3460
4439 3461
4440 3462
4441 3463
4442 3464
4443 3465
4444 3466
4445 3467
4446 3468
4447 3469
4448 3470
4449 3471
4450 3472
4451 3473
4452 3474
4453 3475
4454 3476
4455 3477
4456 3478
4457 3479
4458 3480
4459 3481
4460 3482
4461 3483
4462 3484
4463 3485
4464 3486
4465 3487
4466 3488
4467 3489
4468 3490
4469 3491
4470 3492
4471 3493
4472 3494
4473 3495
4474 3496
4475 3497
4476 3498
4477 3499
4478 3500
4479 3501
4480 3502
4481 3503
4482 3504
4483 3505
4484 3506
4485 3507
4486 3508
4487 3509
4488 3510
4489 3511
4490 3512
4491 3513
4492 3514
4493 3515
4494 3516
4495 3517
4496 3518
4497 3519
4498 3520
4499 3521
4500 3522
4501 3523
4502 3524
4503 3525
4504 3526
4505 3527
4506 3528
4507 3529
4508 3530
4509 3531
4510 3532
4511 3533
4512 3534
4513 3535
4514 3536
4515 3537
4516 3538
4517 3539
4518 3540
4519 3541
4520 3542
4521 3543
4522 3544
4523 3545
4524 3546
4525 3547
4526 3548
4527 3549
4528 3550
4529 3551
4530 3552
4531 3553
4532 3554
4533 3555
4534 3556
4535 3557
4536 3558
4537 3559
4538 3560
4539 3561
4540 3562
4541 3563
4542 3564
4543 3565
4544 3566
4545 3567
4546 3568
4547 3569
4548 3570
4549 3571
4550 3572
4551 3573
4552 3574
4553 3575
4554 3576
4555 3577
4556 3578
4557 3579
4558 3580
4559 3581
4560 3582
4561 3583
4562 3584
4563 3585
4564 3586
4565 3587
4566 3588
4567 3589
4568 3590
4569 3591
4570 3592
4571 3593
4572 3594
4573 3595
4574 3596
4575 3597
4576 3598
4577 3599
4578 3600
4579 3601
4580 3602
4581 3603
4582 3604
4583 3605
4584 3606
4585 3607
4586 3608
4587 3609
4588 3610
4589 3611
4590 3612
4591 3613
4592 3614
4593 3615
4594 3616
4595 3617
4596 3618
4597 3619
4598 3620
4599 3621
4600 3622
4601 3623
4602 3624
4603 3625
4604 3626
4605 3627
4606 3628
4607 3629
4224 5146
4225 5147
4226 5148
4227 5149
4228 5150
4229 5151
4230 5152
4231 5153
4232 5154
4233 5155
4234 5156
4235 5157
4236 5158
4237 5159
4238 5160
4239 5161
4240 5162
4241 5163
4242 5164
4243 5165
4244 5166
4245 5167
4246 5168
4247 5169
4248 5170
4249 5171
4250 5172
4251 5173
4252 5174
4253 5175
4254 5176
4255 5177
4256 5178
4257 5179
4258 5180
4259 5181
4260 5182
4261 5183
4262 5184
4263 5185
4264 5186
4265 5187
4266 5188
4267 5189
4268 5190
4269 5191
4270 5192
4271 5193
4272 5194
4273 5195
4274 5196
4275 5197
4276 5198
4277 5199
4278 5200
4279 5201
4280 5202
4281 5203
4282 5204
4283 5205
4284 5206
4285 5207
4286 5208
4287 5209
4288 5210
4289 5211
4290 5212
4291 5213
4292 5214
4293 5215
4294 5216
4295 5217
4296 5218
4297 5219
4298 5220
4299 5221
4300 5222
4301 5223
4302 5224
4303 5225
4304 5226
4305 5227
4306 5228
4307 5229
4308 5230
4309 5231
4310 5232
4311 5233
4312 5234
4313 5235
4314 5236
4315 5237
4316 5238
4317 5239
4318 5240
4319 5241
4320 5242
4321 5243
4322 5244
4323 5245
4324 5246
4325 5247
4326 5248
4327 5249
4328 5250
4329 5251
4330 5252
4331 5253
4332 5254
4333 5255
4334 5256
4335 5257
4336 5258
4337 5259
4338 5260
4339 5261
4340 5262
4341 5263
4342 5264
4343 5265
4344 5266
4345 5267
4346 5268
4347 5269
4348 5270
4349 5271
4350 5272
4351 5273
4352 5274
4353 5275
4354 5276
4355 5277
4356 5278
4357 5279
4358 5280
4359 5281
4360 5282
4361 5283
4362 5284
4363 5285
4364 5286
4365 5287
4366 5288
4367 5289
4368 5290
4369 5291
4370 5292
4371 5293
4372 5294
4373 5295
4374 5296
4375 5297
4376 5298
4377 5299
4378 5300
4379 5301
4380 5302
4381 5303
4382 5304
4383 5305
4384 5306
4385 5307
4386 5308
4387 5309
4388 5310
4389 5311
4390 5312
4391 5313
4392 5314
4393 5315
4394 5316
4395 5317
4396 5318
4397 5319
4398 5320
4399 5321
4400 5322
4401 5323
4402 5324
4403 5325
4404 5326
4405 5327
4406 5328
4407 5329
4408 5330
4409 5331
4410 5332
4411 5333
4412 5334
4413 5335
4414 5336
4415 5337
4416 5338
4417 5339
4418 5340
4419 5341
4420 5342
4421 5343
4422 5344
4423 5345
4424 5346
4425 5347
4426 5348
4427 5349
4428 5350
4429 5351
4430 5352
4431 5353
4432 5354
4433 5355
4434 5356
4435 5357
4436 5358
4437 5359
4438 5360
4439 5361
4440 5362
4441 5363
4442 5364
4443 5365
4444 5366
4445 5367
4446 5368
4447 5369
4448 5370
4449 5371
4450 5372
4451 5373
4452 5374
4453 5375
4454 4992
4455 4993
4456 4994
4457 4995
4458 4996
4459 4997
4460 4998
4461 4999
4462 5000
4463 5001
4464 5002
4465 5003
4466 5004
4467 5005
4468 5006
4469 5007
4470 5008
4471 5009
4472 5010
4473 5011
4474 5012
4475 5013
4476 5014
4477 5015
4478 5016
4479 5017
4480 5018
4481 5019
4482 5020
4483 5021
4484 5022
4485 5023
4486 5024
4487 5025
4488 5026
4489 5027
4490 5028
4491 5029
4492 5030
4493 5031
4494 5032
4495 5033
4496 5034
4497 5035
4498 5036
4499 5037
4500 5038
4501 5039
4502 5040
4503 5041
4504 5042
4505 5043
4506 5044
4507 5045
4508 5046
4509 5047
4510 5048
4511 5049
4512 5050
4513 5051
4514 5052
4515 5053
4516 5054
4517 5055
4518 5056
4519 5057
4520 5058
4521 5059
4522 5060
4523 5061
4524 5062
4525 5063
4526 5064
4527 5065
4528 5066
4529 5067
4530 5068
4531 5069
4532 5070
4533 5071
4534 5072
4535 5073
4536 5074
4537 5075
4538 5076
4539 5077
4540 5078
4541 5079
4542 5080
4543 5081
4544 5082
4545 5083
4546 5084
4547 5085
4548 5086
4549 5087
4550 5088
4551 5089
4552 5090
4553 5091
4554 5092
4555 5093
4556 5094
4557 5095
4558 5096
4559 5097
4560 5098
4561 5099
4562 5100
4563 5101
4564 5102
4565 5103
4566 5104
4567 5105
4568 5106
4569 5107
4570 5108
4571 5109
4572 5110
4573 5111
4574 5112
4575 5113
4576 5114
4577 5115
4578 5116
4579 5117
4580 5118
4581 5119
4582 5120
4583 5121
4584 5122
4585 5123
4586 5124
4587 5125
4588 5126
4589 5127
4590 5128
4591 5129
4592 5130
4593 5131
4594 5132
4595 5133
4596 5134
4597 5135
4598 5136
4599 5137
4600 5138
4601 5139
4602 5140
4603 5141
4604 5142
4605 5143
4606 5144
4607 5145
4224 8064
4225 8065
4226 8066
4227 8067
4228 8068
4229 8069
4230 8070
4231 8071
4232 8072
4233 8073
4234 8074
4235 8075
4236 8076
4237 8077
4238 8078
4239 8079
4240 8080
4241 8081
4242 8082
4243 8083
4244 8084
4245 8085
4246 8086
4247 8087
4248 8088
4249 8089
4250 8090
4251 8091
4252 8092
4253 8093
4254 8094
4255 8095
4256 8096
4257 8097
4258 8098
4259 8099
4260 8100
4261 8101
4262 8102
4263 8103
4264 8104
4265 8105
4266 8106
4267 8107
4268 8108
4269 8109
4270 8110
4271 8111
4272 8112
4273 8113
4274 8114
4275 8115
4276 8116
4277 8117
4278 8118
4279 8119
4280 8120
4281 8121
4282 8122
4283 8123
4284 8124
4285 8125
4286 8126
4287 8127
4288 8128
4289 8129
4290 8130
4291 8131
4292 8132
4293 8133
4294 8134
4295 8135
4296 8136
4297 8137
4298 8138
4299 8139
4300 8140
4301 8141
4302 8142
4303 8143
4304 8144
4305 8145
4306 8146
4307 8147
4308 8148
4309 8149
4310 8150
4311 8151
4312 8152
4313 8153
4314 8154
4315 8155
4316 8156
4317 8157
4318 8158
4319 8159
4320 8160
4321 8161
4322 8162
4323 8163
4324 8164
4325 8165
4326 8166
4327 8167
4328 8168
4329 8169
4330 8170
4331 8171
4332 8172
4333 8173
4334 8174
4335 8175
4336 8176
4337 8177
4338 8178
4339 8179
4340 8180
4341 8181
4342 8182
4343 8183
4344 8184
4345 8185
4346 8186
4347 8187
4348 8188
4349 8189
4350 8190
4351 8191
4352 8192
4353 8193
4354 8194
4355 8195
4356 8196
4357 8197
4358 8198
4359 8199
4360 8200
4361 8201
4362 8202
4363 8203
4364 8204
4365 8205
4366 8206
4367 8207
4368 8208
4369 8209
4370 8210
4371 8211
4372 8212
4373 8213
4374 8214
4375 8215
4376 8216
4377 8217
4378 8218
4379 8219
4380 8220
4381 8221
4382 8222
4383 8223
4384 8224
4385 8225
4386 8226
4387 8227
4388 8228
4389 8229
4390 8230
4391 8231
4392 8232
4393 8233
4394 8234
4395 8235
4396 8236
4397 8237
4398 8238
4399 8239
4400 8240
4401 8241
4402 8242
4403 8243
4404 8244
4405 8245
4406 8246
4407 8247
4408 8248
4409 8249
4410 8250
4411 8251
4412 8252
4413 8253
4414 8254
4415 8255
4416 8256
4417 8257
4418 8258
4419 8259
4420 8260
4421 8261
4422 8262
4423 8263
4424 8264
4425 8265
4426 8266
4427 8267
4428 8268
4429 8269
4430 8270
4431 8271
4432 8272
4433 8273
4434 8274
4435 8275
4436 8276
4437 8277
4438 8278
4439 8279
4440 8280
4441 8281
4442 8282
4443 8283
4444 8284
4445 8285
4446 8286
4447 8287
4448 8288
4449 8289
4450 8290
4451 8291
4452 8292
4453 8293
4454 8294
4455 8295
4456 8296
4457 8297
4458 8298
4459 8299
4460 8300
4461 8301
4462 8302
4463 8303
4464 8304
4465 8305
4466 8306
4467 8307
4468 8308
4469 8309
4470 8310
4471 8311
4472 8312
4473 8313
4474 8314
4475 8315
4476 8316
4477 8317
4478 8318
4479 8319
4480 8320
4481 8321
4482 8322
4483 8323
4484 8324
4485 8325
4486 8326
4487 8327
4488 8328
4489 8329
4490 8330
4491 8331
4492 8332
4493 8333
4494 8334
4495 8335
4496 8336
4497 8337
4498 8338
4499 8339
4500 8340
4501 8341
4502 8342
4503 8343
4504 8344
4505 8345
4506 8346
4507 8347
4508 8348
4509 8349
4510 8350
4511 8351
4512 8352
4513 8353
4514 8354
4515 8355
4516 8356
4517 8357
4518 8358
4519 8359
4520 8360
4521 8361
4522 8362
4523 8363
4524 8364
4525 8365
4526 8366
4527 8367
4528 8368
4529 8369
4530 8370
4531 8371
4532 8372
4533 8373
4534 8374
4535 8375
4536 8376
4537 8377
4538 8378
4539 8379
4540 8380
4541 8381
4542 8382
4543 8383
4544 8384
4545 8385
4546 8386
4547 8387
4548 8388
4549 8389
4550 8390
4551 8391
4552 8392
4553 8393
4554 8394
4555 8395
4556 8396
4557 8397
4558 8398
4559 8399
4560 8400
4561 8401
4562 8402
4563 8403
4564 8404
4565 8405
4566 8406
4567 8407
4568 8408
4569 8409
4570 8410
4571 8411
4572 8412
4573 8413
4574 8414
4575 8415
4576 8416
4577 8417
4578 8418
4579 8419
4580 8420
4581 8421
4582 8422
4583 8423
4584 8424
4585 8425
4586 8426
4587 8427
4588 8428
4589 8429
4590 8430
4591 8431
4592 8432
4593 8433
4594 8434
4595 8435
4596 8436
4597 8437
4598 8438
4599 8439
4600 8440
4601 8441
4602 8442
4603 8443
4604 8444
4605 8445
4606 8446
4607 8447
4608 423
4609 424
4610 425
4611 426
4612 427
4613 428
4614 429
4615 430
4616 431
4617 432
4618 433
4619 434
4620 435
4621 436
4622 437
4623 438
4624 439
4625 440
4626 441
4627 442
4628 443
4629 444
4630 445
4631 446
4632 447
4633 448
4634 449
4635 450
4636 451
4637 452
4638 453
4639 454
4640 455
4641 456
4642 457
4643 458
4644 459
4645 460
4646 461
4647 462
4648 463
4649 464
4650 465
4651 466
4652 467
4653 468
4654 469
4655 470
4656 471
4657 472
4658 473
4659 474
4660 475
4661 476
4662 477
4663 478
4664 479
4665 480
4666 481
4667 482
4668 483
4669 484
4670 485
4671 486
4672 487
4673 488
4674 489
4675 490
4676 491
4677 492
4678 493
4679 494
4680 495
4681 496
4682 497
4683 498
4684 499
4685 500
4686 501
4687 502
4688 503
4689 504
4690 505
4691 506
4692 507
4693 508
4694 509
4695 510
4696 511
4697 512
4698 513
4699 514
4700 515
4701 516
4702 517
4703 518
4704 519
4705 520
4706 521
4707 522
4708 523
4709 524
4710 525
4711 526
4712 527
4713 528
4714 529
4715 530
4716 531
4717 532
4718 533
4719 534
4720 535
4721 536
4722 537
4723 538
4724 539
4725 540
4726 541
4727 542
4728 543
4729 544
4730 545
4731 546
4732 547
4733 548
4734 549
4735 550
4736 551
4737 552
4738 553
4739 554
4740 555
4741 556
4742 557
4743 558
4744 559
4745 560
4746 561
4747 562
4748 563
4749 564
4750 565
4751 566
4752 567
4753 568
4754 569
4755 570
4756 571
4757 572
4758 573
4759 574
4760 575
4761 576
4762 577
4763 578
4764 579
4765 580
4766 581
4767 582
4768 583
4769 584
4770 585
4771 586
4772 587
4773 588
4774 589
4775 590
4776 591
4777 592
4778 593
4779 594
4780 595
4781 596
4782 597
4783 598
4784 599
4785 600
4786 601
4787 602
4788 603
4789 604
4790 605
4791 606
4792 607
4793 608
4794 609
4795 610
4796 611
4797 612
4798 613
4799 614
4800 615
4801 616
4802 617
4803 618
4804 619
4805 620
4806 621
4807 622
4808 623
4809 624
4810 625
4811 626
4812 627
4813 628
4814 629
4815 630
4816 631
4817 632
4818 633
4819 634
4820 635
4821 636
4822 637
4823 638
4824 639
4825 640
4826 641
4827 642
4828 643
4829 644
4830 645
4831 646
4832 647
4833 648
4834 649
4835 650
4836 651
4837 652
4838 653
4839 654
4840 655
4841 656
4842 657
4843 658
4844 659
4845 660
4846 661
4847 662
4848 663
4849 664
4850 665
4851 666
4852 667
4853 668
4854 669
4855 670
4856 671
4857 672
4858 673
4859 674
4860 675
4861 676
4862 677
4863 678
4864 679
4865 680
4866 681
4867 682
4868 683
4869 684
4870 685
4871 686
4872 687
4873 688
4874 689
4875 690
4876 691
4877 692
4878 693
4879 694
4880 695
4881 696
4882 697
4883 698
4884 699
4885 700
4886 701
4887 702
4888 703
4889 704
4890 705
4891 706
4892 707
4893 708
4894 709
4895 710
4896 711
4897 712
4898 713
4899 714
4900 715
4901 716
4902 717
4903 718
4904 719
4905 720
4906 721
4907 722
4908 723
4909 724
4910 725
4911 726
4912 727
4913 728
4914 729
4915 730
4916 731
4917 732
4918 733
4919 734
4920 735
4921 736
4922 737
4923 738
4924 739
4925 740
4926 741
4927 742
4928 743
4929 744
4930 745
4931 746
4932 747
4933 748
4934 749
4935 750
4936 751
4937 752
4938 753
4939 754
4940 755
4941 756
4942 757
4943 758
4944 759
4945 760
4946 761
4947 762
4948 763
4949 764
4950 765
4951 766
4952 767
4953 384
4954 385
4955 386
4956 387
4957 388
4958 389
4959 390
4960 391
4961 392
4962 393
4963 394
4964 395
4965 396
4966 397
4967 398
4968 399
4969 400
4970 401
4971 402
4972 403
4973 404
4974 405
4975 406
4976 407
4977 408
4978 409
4979 410
4980 411
4981 412
4982 413
4983 414
4984 415
4985 416
4986 417
4987 418
4988 419
4989 420
4990 421
4991 422
4608 1245
4609 1246
4610 1247
4611 1248
4612 1249
4613 1250
4614 1251
4615 1252
4616 1253
4617 1254
4618 1255
4619 1256
4620 1257
4621 1258
4622 1259
4623 1260
4624 1261
4625 1262
4626 1263
4627 1264
4628 1265
4629 1266
4630 1267
4631 1268
4632 1269
4633 1270
4634 1271
4635 1272
4636 1273
4637 1274
4638 1275
4639 1276
4640 1277
4641 1278
4642 1279
4643 1280
4644 1281
4645 1282
4646 1283
4647 1284
4648 1285
4649 1286
4650 1287
4651 1288
4652 1289
4653 1290
4654 1291
4655 1292
4656 1293
4657 1294
4658 1295
4659 1296
4660 1297
4661 1298
4662 1299
4663 1300
4664 1301
4665 1302
4666 1303
4667 1304
4668 1305
4669 1306
4670 1307
4671 1308
4672 1309
4673 1310
4674 1311
4675 1312
4676 1313
4677 1314
4678 1315
4679 1316
4680 1317
4681 1318
4682 1319
4683 1320
4684 1321
4685 1322
4686 1323
4687 1324
4688 1325
4689 1326
4690 1327
4691 1328
4692 1329
4693 1330
4694 1331
4695 1332
4696 1333
4697 1334
4698 1335
4699 1336
4700 1337
4701 1338
4702 1339
4703 1340
4704 1341
4705 1342
4706 1343
4707 1344
4708 1345
4709 1346
4710 1347
4711 1348
4712 1349
4713 1350
4714 1351
4715 1352
4716 1353
4717 1354
4718 1355
4719 1356
4720 1357
4721 1358
4722 1359
4723 1360
4724 1361
4725 1362
4726 1363
4727 1364
4728 1365
4729 1366
4730 1367
4731 1368
4732 1369
4733 1370
4734 1371
4735 1372
4736 1373
4737 1374
4738 1375
4739 1376
4740 1377
4741 1378
4742 1379
4743 1380
4744 1381
4745 1382
4746 1383
4747 1384
4748 1385
4749 1386
4750 1387
4751 1388
4752 1389
4753 1390
4754 1391
4755 1392
4756 1393
4757 1394
4758 1395
4759 1396
4760 1397
4761 1398
4762 1399
4763 1400
4764 1401
4765 1402
4766 1403
4767 1404
4768 1405
4769 1406
4770 1407
4771 1408
4772 1409
4773 1410
4774 1411
4775 1412
4776 1413
4777 1414
4778 1415
4779 1416
4780 1417
4781 1418
4782 1419
4783 1420
4784 1421
4785 1422
4786 1423
4787 1424
4788 1425
4789 1426
4790 1427
4791 1428
4792 1429
4793 1430
4794 1431
4795 1432
4796 1433
4797 1434
4798 1435
4799 1436
4800 1437
4801 1438
4802 1439
4803 1440
4804 1441
4805 1442
4806 1443
4807 1444
4808 1445
4809 1446
4810 1447
4811 1448
4812 1449
4813 1450
4814 1451
4815 1452
4816 1453
4817 1454
4818 1455
4819 1456
4820 1457
4821 1458
4822 1459
4823 1460
4824 1461
4825 1462
4826 1463
4827 1464
4828 1465
4829 1466
4830 1467
4831 1468
4832 1469
4833 1470
4834 1471
4835 1472
4836 1473
4837 1474
4838 1475
4839 1476
4840 1477
4841 1478
4842 1479
4843 1480
4844 1481
4845 1482
4846 1483
4847 1484
4848 1485
4849 1486
4850 1487
4851 1488
4852 1489
4853 1490
4854 1491
4855 1492
4856 1493
4857 1494
4858 1495
4859 1496
4860 1497
4861 1498
4862 1499
4863 1500
4864 1501
4865 1502
4866 1503
4867 1504
4868 1505
4869 1506
4870 1507
4871 1508
4872 1509
4873 1510
4874 1511
4875 1512
4876 1513
4877 1514
4878 1515
4879 1516
4880 1517
4881 1518
4882 1519
4883 1520
4884 1521
4885 1522
4886 1523
4887 1524
4888 1525
4889 1526
4890 1527
4891 1528
4892 1529
4893 1530
4894 1531
4895 1532
4896 1533
4897 1534
4898 1535
4899 1152
4900 1153
4901 1154
4902 1155
4903 1156
4904 1157
4905 1158
4906 1159
4907 1160
4908 1161
4909 1162
4910 1163
4911 1164
4912 1165
4913 1166
4914 1167
4915 1168
4916 1169
4917 1170
4918 1171
4919 1172
4920 1173
4921 1174
4922 1175
4923 1176
4924 1177
4925 1178
4926 1179
4927 1180
4928 1181
4929 1182
4930 1183
4931 1184
4932 1185
4933 1186
4934 1187
4935 1188
4936 1189
4937 1190
4938 1191
4939 1192
4940 1193
4941 1194
4942 1195
4943 1196
4944 1197
4945 1198
4946 1199
4947 1200
4948 1201
4949 1202
4950 1203
4951 1204
4952 1205
4953 1206
4954 1207
4955 1208
4956 1209
4957 1210
4958 1211
4959 1212
4960 1213
4961 1214
4962 1215
4963 1216
4964 1217
4965 1218
4966 1219
4967 1220
4968 1221
4969 1222
4970 1223
4971 1224
4972 1225
4973 1226
4974 1227
4975 1228
4976 1229
4977 1230
4978 1231
4979 1232
4980 1233
4981 1234
4982 1235
4983 1236
4984 1237
4985 1238
4986 1239
4987 1240
4988 1241
4989 1242
4990 1243
4991 1244
4608 4235
4609 4236
4610 4237
4611 4238
4612 4239
4613 4240
4614 4241
4615 4242
4616 4243
4617 4244
4618 4245
4619 4246
4620 4247
4621 4248
4622 4249
4623 4250
4624 4251
4625 4252
4626 4253
4627 4254
4628 4255
4629 4256
4630 4257
4631 4258
4632 4259
4633 4260
4634 4261
4635 4262
4636 4263
4637 4264
4638 4265
4639 4266
4640 4267
4641 4268
4642 4269
4643 4270
4644 4271
4645 4272
4646 4273
4647 4274
4648 4275
4649 4276
4650 4277
4651 4278
4652 4279
4653 4280
4654 4281
4655 4282
4656 4283
4657 4284
4658 4285
4659 4286
4660 4287
4661 4288
4662 4289
4663 4290
4664 4291
4665 4292
4666 4293
4667 4294
4668 4295
4669 4296
4670 4297
4671 4298
4672 4299
4673 4300
4674 4301
4675 4302
4676 4303
4677 4304
4678 4305
4679 4306
4680 4307
4681 4308
4682 4309
4683 4310
4684 4311
4685 4312
4686 4313
4687 4314
4688 4315
4689 4316
4690 4317
4691 4318
4692 4319
4693 4320
4694 4321
4695 4322
4696 4323
4697 4324
4698 4325
4699 4326
4700 4327
4701 4328
4702 4329
4703 4330
4704 4331
4705 4332
4706 4333
4707 4334
4708 4335
4709 4336
4710 4337
4711 4338
4712 4339
4713 4340
4714 4341
4715 4342
4716 4343
4717 4344
4718 4345
4719 4346
4720 4347
4721 4348
4722 4349
4723 4350
4724 4351
4725 4352
4726 4353
4727 4354
4728 4355
4729 4356
4730 4357
4731 4358
4732 4359
4733 4360
4734 4361
4735 4362
4736 4363
4737 4364
4738 4365
4739 4366
4740 4367
4741 4368
4742 4369
4743 4370
4744 4371
4745 4372
4746 4373
4747 4374
4748 4375
4749 4376
4750 4377
4751 4378
4752 4379
4753 4380
4754 4381
4755 4382
4756 4383
4757 4384
4758 4385
4759 4386
4760 4387
4761 4388
4762 4389
4763 4390
4764 4391
4765 4392
4766 4393
4767 4394
4768 4395
4769 4396
4770 4397
4771 4398
4772 4399
4773 4400
4774 4401
4775 4402
4776 4403
4777 4404
4778 4405
4779 4406
4780 4407
4781 4408
4782 4409
4783 4410
4784 4411
4785 4412
4786 4413
4787 4414
4788 4415
4789 4416
4790 4417
4791 4418
4792 4419
4793 4420
4794 4421
4795 4422
4796 4423
4797 4424
4798 4425
4799 4426
4800 4427
4801 4428
4802 4429
4803 4430
4804 4431
4805 4432
4806 4433
4807 4434
4808 4435
4809 4436
4810 4437
4811 4438
4812 4439
4813 4440
4814 4441
4815 4442
4816 4443
4817 4444
4818 4445
4819 4446
4820 4447
4821 4448
4822 4449
4823 4450
4824 4451
4825 4452
4826 4453
4827 4454
4828 4455
4829 4456
4830 4457
4831 4458
4832 4459
4833 4460
4834 4461
4835 4462
4836 4463
4837 4464
4838 4465
4839 4466
4840 4467
4841 4468
4842 4469
4843 4470
4844 4471
4845 4472
4846 4473
4847 4474
4848 4475
4849 4476
4850 4477
4851 4478
4852 4479
4853 4480
4854 4481
4855 4482
4856 4483
4857 4484
4858 4485
4859 4486
4860 4487
4861 4488
4862 4489
4863 4490
4864 4491
4865 4492
4866 4493
4867 4494
4868 4495
4869 4496
4870 4497
4871 4498
4872 4499
4873 4500
4874 4501
4875 4502
4876 4503
4877 4504
4878 4505
4879 4506
4880 4507
4881 4508
4882 4509
4883 4510
4884 4511
4885 4512
4886 4513
4887 4514
4888 4515
4889 4516
4890 4517
4891 4518
4892 4519
4893 4520
4894 4521
4895 4522
4896 4523
4897 4524
4898 4525
4899 4526
4900 4527
4901 4528
4902 4529
4903 4530
4904 4531
4905 4532
4906 4533
4907 4534
4908 4535
4909 4536
4910 4537
4911 4538
4912 4539
4913 4540
4914 4541
4915 4542
4916 4543
4917 4544
4918 4545
4919 4546
4920 4547
4921 4548
4922 4549
4923 4550
4924 4551
4925 4552
4926 4553
4927 4554
4928 4555
4929 4556
4930 4557
4931 4558
4932 4559
4933 4560
4934 4561
4935 4562
4936 4563
4937 4564
4938 4565
4939 4566
4940 4567
4941 4568
4942 4569
4943 4570
4944 4571
4945 4572
4946 4573
4947 4574
4948 4575
4949 4576
4950 4577
4951 4578
4952 4579
4953 4580
4954 4581
4955 4582
4956 4583
4957 4584
4958 4585
4959 4586
4960 4587
4961 4588
4962 4589
4963 4590
4964 4591
4965 4592
4966 4593
4967 4594
4968 4595
4969 4596
4970 4597
4971 4598
4972 4599
4973 4600
4974 4601
4975 4602
4976 4603
4977 4604
4978 4605
4979 4606
4980 4607
4981 4224
4982 4225
4983 4226
4984 4227
4985 4228
4986 4229
4987 4230
4988 4231
4989 4232
4990 4233
4991 4234
4608 8448
4609 8449
4610 8450
4611 8451
4612 8452
4613 8453
4614 8454
4615 8455
4616 8456
4617 8457
4618 8458
4619 8459
4620 8460
4621 8461
4622 8462
4623 8463
4624 8464
4625 8465
4626 8466
4627 8467
4628 8468
4629 8469
4630 8470
4631 8471
4632 8472
4633 8473
4634 8474
4635 8475
4636 8476
4637 8477
4638 8478
4639 8479
4640 8480
4641 8481
4642 8482
4643 8483
4644 8484
4645 8485
4646 8486
4647 8487
4648 8488
4649 8489
4650 8490
4651 8491
4652 8492
4653 8493
4654 8494
4655 8495
4656 8496
4657 8497
4658 8498
4659 8499
4660 8500
4661 8501
4662 8502
4663 8503
4664 8504
4665 8505
4666 8506
4667 8507
4668 8508
4669 8509
4670 8510
4671 8511
4672 8512
4673 8513
4674 8514
4675 8515
4676 8516
4677 8517
4678 8518
4679 8519
4680 8520
4681 8521
4682 8522
4683 8523
4684 8524
4685 8525
4686 8526
4687 8527
4688 8528
4689 8529
4690 8530
4691 8531
4692 8532
4693 8533
4694 8534
4695 8535
4696 8536
4697 8537
4698 8538
4699 8539
4700 8540
4701 8541
4702 8542
4703 8543
4704 8544
4705 8545
4706 8546
4707 8547
4708 8548
4709 8549
4710 8550
4711 8551
4712 8552
4713 8553
4714 8554
4715 8555
4716 8556
4717 8557
4718 8558
4719 8559
4720 8560
4721 8561
4722 8562
4723 8563
4724 8564
4725 8565
4726 8566
4727 8567
4728 8568
4729 8569
4730 8570
4731 8571
4732 8572
4733 8573
4734 8574
4735 8575
4736 8576
4737 8577
4738 8578
4739 8579
4740 8580
4741 8581
4742 8582
4743 8583
4744 8584
4745 8585
4746 8586
4747 8587
4748 8588
4749 8589
4750 8590
4751 8591
4752 8592
4753 8593
4754 8594
4755 8595
4756 8596
4757 8597
4758 8598
4759 8599
4760 8600
4761 8601
4762 8602
4763 8603
4764 8604
4765 8605
4766 8606
4767 8607
4768 8608
4769 8609
4770 8610
4771 8611
4772 8612
4773 8613
4774 8614
4775 8615
4776 8616
4777 8617
4778 8618
4779 8619
4780 8620
4781 8621
4782 8622
4783 8623
4784 8624
4785 8625
4786 8626
4787 8627
4788 8628
4789 8629
4790 8630
4791 8631
4792 8632
4793 8633
4794 8634
4795 8635
4796 8636
4797 8637
4798 8638
4799 8639
4800 8640
4801 8641
4802 8642
4803 8643
4804 8644
4805 8645
4806 8646
4807 8647
4808 8648
4809 8649
4810 8650
4811 8651
4812 8652
4813 8653
4814 8654
4815 8655
4816 8656
4817 8657
4818 8658
4819 8659
4820 8660
4821 8661
4822 8662
4823 8663
4824 8664
4825 8665
4826 8666
4827 8667
4828 8668
4829 8669
4830 8670
4831 8671
4832 8672
4833 8673
4834 8674
4835 8675
4836 8676
4837 8677
4838 8678
4839 8679
4840 8680
4841 8681
4842 8682
4843 8683
4844 8684
4845 8685
4846 8686
4847 8687
4848 8688
4849 8689
4850 8690
4851 8691
4852 8692
4853 8693
4854 8694
4855 8695
4856 8696
4857 8697
4858 8698
4859 8699
4860 8700
4861 8701
4862 8702
4863 8703
4864 8704
4865 8705
4866 8706
4867 8707
4868 8708
4869 8709
4870 8710
4871 8711
4872 8712
4873 8713
4874 8714
4875 8715
4876 8716
4877 8717
4878 8718
4879 8719
4880 8720
4881 8721
4882 8722
4883 8723
4884 8724
4885 8725
4886 8726
4887 8727
4888 8728
4889 8729
4890 8730
4891 8731
4892 8732
4893 8733
4894 8734
4895 8735
4896 8736
4897 8737
4898 8738
4899 8739
4900 8740
4901 8741
4902 8742
4903 8743
4904 8744
4905 8745
4906 8746
4907 8747
4908 8748
4909 8749
4910 8750
4911 8751
4912 8752
4913 8753
4914 8754
4915 8755
4916 8756
4917 8757
4918 8758
4919 8759
4920 8760
4921 8761
4922 8762
4923 8763
4924 8764
4925 8765
4926 8766
4927 8767
4928 8768
4929 8769
4930 8770
4931 8771
4932 8772
4933 8773
4934 8774
4935 8775
4936 8776
4937 8777
4938 8778
4939 8779
4940 8780
4941 8781
4942 8782
4943 8783
4944 8784
4945 8785
4946 8786
4947 8787
4948 8788
4949 8789
4950 8790
4951 8791
4952 8792
4953 8793
4954 8794
4955 8795
4956 8796
4957 8797
4958 8798
4959 8799
4960 8800
4961 8801
4962 8802
4963 8803
4964 8804
4965 8805
4966 8806
4967 8807
4968 8808
4969 8809
4970 8810
4971 8811
4972 8812
4973 8813
4974 8814
4975 8815
4976 8816
4977 8817
4978 8818
4979 8819
4980 8820
4981 8821
4982 8822
4983 8823
4984 8824
4985 8825
4986 8826
4987 8827
4988 8828
4989 8829
4990 8830
4991 8831
4992 49
4993 50
4994 51
4995 52
4996 53
4997 54
4998 55
4999 56
5000 57
5001 58
5002 59
5003 60
5004 61
5005 62
5006 63
5007 64
5008 65
5009 66
5010 67
5011 68
5012 69
5013 70
5014 71
5015 72
5016 73
5017 74
5018 75
5019 76
5020 77
5021 78
5022 79
5023 80
5024 81
5025 82
5026 83
5027 84
5028 85
5029 86
5030 87
5031 88
5032 89
5033 90
5034 91
5035 92
5036 93
5037 94
5038 95
5039 96
5040 97
5041 98
5042 99
5043 100
5044 101
5045 102
5046 103
5047 104
5048 105
5049 106
5050 107
5051 108
5052 109
5053 110
5054 111
5055 112
5056 113
5057 114
5058 115
5059 116
5060 117
5061 118
5062 119
5063 120
5064 121
5065 122
5066 123
5067 124
5068 125
5069 126
5070 127
5071 128
5072 129
5073 130
5074 131
5075 132
5076 133
5077 134
5078 135
5079 136
5080 137
5081 138
5082 139
5083 140
5084 141
5085 142
5086 143
5087 144
5088 145
5089 146
5090 147
5091 148
5092 149
5093 150
5094 151
5095 152
5096 153
5097 154
5098 155
5099 156
5100 157
5101 158
5102 159
5103 160
5104 161
5105 162
5106 163
5107 164
5108 165
5109 166
5110 167
5111 168
5112 169
5113 170
5114 171
5115 172
5116 173
5117 174
5118 175
5119 176
5120 177
5121 178
5122 179
5123 180
5124 181
5125 182
5126 183
5127 184
5128 185
5129 186
5130 187
5131 188
5132 189
5133 190
5134 191
5135 192
5136 193
5137 194
5138 195
5139 196
5140 197
5141 198
5142 199
5143 200
5144 201
5145 202
5146 203
5147 204
5148 205
5149 206
5150 207
5151 208
5152 209
5153 210
5154 211
5155 212
5156 213
5157 214
5158 215
5159 216
5160 217
5161 218
5162 219
5163 220
5164 221
5165 222
5166 223
5167 224
5168 225
5169 226
5170 227
5171 228
5172 229
5173 230
5174 231
5175 232
5176 233
5177 234
5178 235
5179 236
5180 237
5181 238
5182 239
5183 240
5184 241
5185 242
5186 243
5187 244
5188 245
5189 246
5190 247
5191 248
5192 249
5193 250
5194 251
5195 252
5196 253
5197 254
5198 255
5199 256
5200 257
5201 258
5202 259
5203 260
5204 261
5205 262
5206 263
5207 264
5208 265
5209 266
5210 267
5211 268
5212 269
5213 270
5214 271
5215 272
5216 273
5217 274
5218 275
5219 276
5220 277
5221 278
5222 279
5223 280
5224 281
5225 282
5226 283
5227 284
5228 285
5229 286
5230 287
5231 288
5232 289
5233 290
5234 291
5235 292
5236 293
5237 294
5238 295
5239 296
5240 297
5241 298
5242 299
5243 300
5244 301
5245 302
5246 303
5247 304
5248 305
5249 306
5250 307
5251 308
5252 309
5253 310
5254 311
5255 312
5256 313
5257 314
5258 315
5259 316
5260 317
5261 318
5262 319
5263 320
5264 321
5265 322
5266 323
5267 324
5268 325
5269 326
5270 327
5271 328
5272 329
5273 330
5274 331
5275 332
5276 333
5277 334
5278 335
5279 336
5280 337
5281 338
5282 339
5283 340
5284 341
5285 342
5286 343
5287 344
5288 345
5289 346
5290 347
5291 348
5292 349
5293 350
5294 351
5295 352
5296 353
5297 354
5298 355
5299 356
5300 357
5301 358
5302 359
5303 360
5304 361
5305 362
5306 363
5307 364
5308 365
5309 366
5310 367
5311 368
5312 369
5313 370
5314 371
5315 372
5316 373
5317 374
5318 375
5319 376
5320 377
5321 378
5322 379
5323 380
5324 381
5325 382
5326 383
5327 0
5328 1
5329 2
5330 3
5331 4
5332 5
5333 6
5334 7
5335 8
5336 9
5337 10
5338 11
5339 12
5340 13
5341 14
5342 15
5343 16
5344 17
5345 18
5346 19
5347 20
5348 21
5349 22
5350 23
5351 24
5352 25
5353 26
5354 27
5355 28
5356 29
5357 30
5358 31
5359 32
5360 33
5361 34
5362 35
5363 36
5364 37
5365 38
5366 39
5367 40
5368 41
5369 42
5370 43
5371 44
5372 45
5373 46
5374 47
5375 48
4992 509
4993 510
4994 511
4995 512
4996 513
4997 514
4998 515
4999 516
5000 517
5001 518
5002 519
5003 520
5004 521
5005 522
5006 523
5007 524
5008 525
5009 526
5010 527
5011 528
5012 529
5013 530
5014 531
5015 532
5016 533
5017 534
5018 535
5019 536
5020 537
5021 538
5022 539
5023 540
5024 541
5025 542
5026 543
5027 544
5028 545
5029 546
5030 547
5031 548
5032 549
5033 550
5034 551
5035 552
5036 553
5037 554
5038 555
5039 556
5040 557
5041 558
5042 559
5043 560
5044 561
5045 562
5046 563
5047 564
5048 565
5049 566
5050 567
5051 568
5052 569
5053 570
5054 571
5055 572
5056 573
5057 574
5058 575
5059 576
5060 577
5061 578
5062 579
5063 580
5064 581
5065 582
5066 583
5067 584
5068 585
5069 586
5070 587
5071 588
5072 589
5073 590
5074 591
5075 592
5076 593
5077 594
5078 595
5079 596
5080 597
5081 598
5082 599
5083 600
5084 601
5085 602
5086 603
5087 604
5088 605
5089 606
5090 607
5091 608
5092 609
5093 610
5094 611
5095 612
5096 613
5097 614
5098 615
5099 616
5100 617
5101 618
5102 619
5103 620
5104 621
5105 622
5106 623
5107 624
5108 625
5109 626
5110 627
5111 628
5112 629
5113 630
5114 631
5115 632
5116 633
5117 634
5118 635
5119 636
5120 637
5121 638
5122 639
5123 640
5124 641
5125 642
5126 643
5127 644
5128 645
5129 646
5130 647
5131 648
5132 649
5133 650
5134 651
5135 652
5136 653
5137 654
5138 655
5139 656
5140 657
5141 658
5142 659
5143 660
5144 661
5145 662
5146 663
5147 664
5148 665
5149 666
5150 667
5151 668
5152 669
5153 670
5154 671
5155 672
5156 673
5157 674
5158 675
5159 676
5160 677
5161 678
5162 679
5163 680
5164 681
5165 682
5166 683
5167 684
5168 685
5169 686
5170 687
5171 688
5172 689
5173 690
5174 691
5175 692
5176 693
5177 694
5178 695
5179 696
5180 697
5181 698
5182 699
5183 700
5184 701
5185 702
5186 703
5187 704
5188 705
5189 706
5190 707
5191 708
5192 709
5193 710
5194 711
5195 712
5196 713
5197 714
5198 715
5199 716
5200 717
5201 718
5202 719
5203 720
5204 721
5205 722
5206 723
5207 724
5208 725
5209 726
5210 727
5211 728
5212 729
5213 730
5214 731
5215 732
5216 733
5217 734
5218 735
5219 736
5220 737
5221 738
5222 739
5223 740
5224 741
5225 742
5226 743
5227 744
5228 745
5229 746
5230 747
5231 748
5232 749
5233 750
5234 751
5235 752
5236 753
5237 754
5238 755
5239 756
5240 757
5241 758
5242 759
5243 760
5244 761
5245 762
5246 763
5247 764
5248 765
5249 766
5250 767
5251 384
5252 385
5253 386
5254 387
5255 388
5256 389
5257 390
5258 391
5259 392
5260 393
5261 394
5262 395
5263 396
5264 397
5265 398
5266 399
5267 400
5268 401
5269 402
5270 403
5271 404
5272 405
5273 406
5274 407
5275 408
5276 409
5277 410
5278 411
5279 412
5280 413
5281 414
5282 415
5283 416
5284 417
5285 418
5286 419
5287 420
5288 421
5289 422
5290 423
5291 424
5292 425
5293 426
5294 427
5295 428
5296 429
5297 430
5298 431
5299 432
5300 433
5301 434
5302 435
5303 436
5304 437
5305 438
5306 439
5307 440
5308 441
5309 442
5310 443
5311 444
5312 445
5313 446
5314 447
5315 448
5316 449
5317 450
5318 451
5319 452
5320 453
5321 454
5322 455
5323 456
5324 457
5325 458
5326 459
5327 460
5328 461
5329 462
5330 463
5331 464
5332 465
5333 466
5334 467
5335 468
5336 469
5337 470
5338 471
5339 472
5340 473
5341 474
5342 475
5343 476
5344 477
5345 478
5346 479
5347 480
5348 481
5349 482
5350 483
5351 484
5352 485
5353 486
5354 487
5355 488
5356 489
5357 490
5358 491
5359 492
5360 493
5361 494
5362 495
5363 496
5364 497
5365 498
5366 499
5367 500
5368 501
5369 502
5370 503
5371 504
5372 505
5373 506
5374 507
5375 508
4992 3107
4993 3108
4994 3109
4995 3110
4996 3111
4997 3112
4998 3113
4999 3114
5000 3115
5001 3116
5002 3117
5003 3118
5004 3119
5005 3120
5006 3121
5007 3122
5008 3123
5009 3124
5010 3125
5011 3126
5012 3127
5013 3128
5014 3129
5015 3130
5016 3131
5017 3132
5018 3133
5019 3134
5020 3135
5021 3136
5022 3137
5023 3138
5024 3139
5025 3140
5026 3141
5027 3142
5028 3143
5029 3144
5030 3145
5031 3146
5032 3147
5033 3148
5034 3149
5035 3150
5036 3151
5037 3152
5038 3153
5039 3154
5040 3155
5041 3156
5042 3157
5043 3158
5044 3159
5045 3160
5046 3161
5047 3162
5048 3163
5049 3164
5050 3165
5051 3166
5052 3167
5053 3168
5054 3169
5055 3170
5056 3171
5057 3172
5058 3173
5059 3174
5060 3175
5061 3176
5062 3177
5063 3178
5064 3179
5065 3180
5066 3181
5067 3182
5068 3183
5069 3184
5070 3185
5071 3186
5072 3187
5073 3188
5074 3189
5075 3190
5076 3191
5077 3192
5078 3193
5079 3194
5080 3195
5081 3196
5082 3197
5083 3198
5084 3199
5085 3200
5086 3201
5087 3202
5088 3203
5089 3204
5090 3205
5091 3206
5092 3207
5093 3208
5094 3209
5095 3210
5096 3211
5097 3212
5098 3213
5099 3214
5100 3215
5101 3216
5102 3217
5103 3218
5104 3219
5105 3220
5106 3221
5107 3222
5108 3223
5109 3224
5110 3225
5111 3226
5112 3227
5113 3228
5114 3229
5115 3230
5116 3231
5117 3232
5118 3233
5119 3234
5120 3235
5121 3236
5122 3237
5123 3238
5124 3239
5125 3240
5126 3241
5127 3242
5128 3243
5129 3244
5130 3245
5131 3246
5132 3247
5133 3248
5134 3249
5135 3250
5136 3251
5137 3252
5138 3253
5139 3254
5140 3255
5141 3256
5142 3257
5143 3258
5144 3259
5145 3260
5146 3261
5147 3262
5148 3263
5149 3264
5150 3265
5151 3266
5152 3267
5153 3268
5154 3269
5155 3270
5156 3271
5157 3272
5158 3273
5159 3274
5160 3275
5161 3276
5162 3277
5163 3278
5164 3279
5165 3280
5166 3281
5167 3282
5168 3283
5169 3284
5170 3285
5171 3286
5172 3287
5173 3288
5174 3289
5175 3290
5176 3291
5177 3292
5178 3293
5179 3294
5180 3295
5181 3296
5182 3297
5183 3298
5184 3299
5185 3300
5186 3301
5187 3302
5188 3303
5189 3304
5190 3305
5191 3306
5192 3307
5193 3308
5194 3309
5195 3310
5196 3311
5197 3312
5198 3313
5199 3314
5200 3315
5201 3316
5202 3317
5203 3318
5204 3319
5205 3320
5206 3321
5207 3322
5208 3323
5209 3324
5210 3325
5211 3326
5212 3327
5213 3328
5214 3329
5215 3330
5216 3331
5217 3332
5218 3333
5219 3334
5220 3335
5221 3336
5222 3337
5223 3338
5224 3339
5225 3340
5226 3341
5227 3342
5228 3343
5229 3344
5230 3345
5231 3346
5232 3347
5233 3348
5234 3349
5235 3350
5236 3351
5237 3352
5238 3353
5239 3354
5240 3355
5241 3356
5242 3357
5243 3358
5244 3359
5245 3360
5246 3361
5247 3362
5248 3363
5249 3364
5250 3365
5251 3366
5252 3367
5253 3368
5254 3369
5255 3370
5256 3371
5257 3372
5258 3373
5259 3374
5260 3375
5261 3376
5262 3377
5263 3378
5264 3379
5265 3380
5266 3381
5267 3382
5268 3383
5269 3384
5270 3385
5271 3386
5272 3387
5273 3388
5274 3389
5275 3390
5276 3391
5277 3392
5278 3393
5279 3394
5280 3395
5281 3396
5282 3397
5283 3398
5284 3399
5285 3400
5286 3401
5287 3402
5288 3403
5289 3404
5290 3405
5291 3406
5292 3407
5293 3408
5294 3409
5295 3410
5296 3411
5297 3412
5298 3413
5299 3414
5300 3415
5301 3416
5302 3417
5303 3418
5304 3419
5305 3420
5306 3421
5307 3422
5308 3423
5309 3424
5310 3425
5311 3426
5312 3427
5313 3428
5314 3429
5315 3430
5316 3431
5317 3432
5318 3433
5319 3434
5320 3435
5321 3436
5322 3437
5323 3438
5324 3439
5325 3440
5326 3441
5327 3442
5328 3443
5329 3444
5330 3445
5331 3446
5332 3447
5333 3448
5334 3449
5335 3450
5336 3451
5337 3452
5338 3453
5339 3454
5340 3455
5341 3072
5342 3073
5343 3074
5344 3075
5345 3076
5346 3077
5347 3078
5348 3079
5349 3080
5350 3081
5351 3082
5352 3083
5353 3084
5354 3085
5355 3086
5356 3087
5357 3088
5358 3089
5359 3090
5360 3091
5361 3092
5362 3093
5363 3094
5364 3095
5365 3096
5366 3097
5367 3098
5368 3099
5369 3100
5370 3101
5371 3102
5372 3103
5373 3104
5374 3105
5375 3106
4992 5158
4993 5159
4994 5160
4995 5161
4996 5162
4997 5163
4998 5164
4999 5165
5000 5166
5001 5167
5002 5168
5003 5169
5004 5170
5005 5171
5006 5172
5007 5173
5008 5174
5009 5175
5010 5176
5011 5177
5012 5178
5013 5179
5014 5180
5015 5181
5016 5182
5017 5183
5018 5184
5019 5185
5020 5186
5021 5187
5022 5188
5023 5189
5024 5190
5025 5191
5026 5192
5027 5193
5028 5194
5029 5195
5030 5196
5031 5197
5032 5198
5033 5199
5034 5200
5035 5201
5036 5202
5037 5203
5038 5204
5039 5205
5040 5206
5041 5207
5042 5208
5043 5209
5044 5210
5045 5211
5046 5212
5047 5213
5048 5214
5049 5215
5050 5216
5051 5217
5052 5218
5053 5219
5054 5220
5055 5221
5056 5222
5057 5223
5058 5224
5059 5225
5060 5226
5061 5227
5062 5228
5063 5229
5064 5230
5065 5231
5066 5232
5067 5233
5068 5234
5069 5235
5070 5236
5071 5237
5072 5238
5073 5239
5074 5240
5075 5241
5076 5242
5077 5243
5078 5244
5079 5245
5080 5246
5081 5247
5082 5248
5083 5249
5084 5250
5085 5251
5086 5252
5087 5253
5088 5254
5089 5255
5090 5256
5091 5257
5092 5258
5093 5259
5094 5260
5095 5261
5096 5262
5097 5263
5098 5264
5099 5265
5100 5266
5101 5267
5102 5268
5103 5269
5104 5270
5105 5271
5106 5272
5107 5273
5108 5274
5109 5275
5110 5276
5111 5277
5112 5278
5113 5279
5114 5280
5115 5281
5116 5282
5117 5283
5118 5284
5119 5285
5120 5286
5121 5287
5122 5288
5123 5289
5124 5290
5125 5291
5126 5292
5127 5293
5128 5294
5129 5295
5130 5296
5131 5297
5132 5298
5133 5299
5134 5300
5135 5301
5136 5302
5137 5303
5138 5304
5139 5305
5140 5306
5141 5307
5142 5308
5143 5309
5144 5310
5145 5311
5146 5312
5147 5313
5148 5314
5149 5315
5150 5316
5151 5317
5152 5318
5153 5319
5154 5320
5155 5321
5156 5322
5157 5323
5158 5324
5159 5325
5160 5326
5161 5327
5162 5328
5163 5329
5164 5330
5165 5331
5166 5332
5167 5333
5168 5334
5169 5335
5170 5336
5171 5337
5172 5338
5173 5339
5174 5340
5175 5341
5176 5342
5177 5343
5178 5344
5179 5345
5180 5346
5181 5347
5182 5348
5183 5349
5184 5350
5185 5351
5186 5352
5187 5353
5188 5354
5189 5355
5190 5356
5191 5357
5192 5358
5193 5359
5194 5360
5195 5361
5196 5362
5197 5363
5198 5364
5199 5365
5200 5366
5201 5367
5202 5368
5203 5369
5204 5370
5205 5371
5206 5372
5207 5373
5208 5374
5209 5375
5210 4992
5211 4993
5212 4994
5213 4995
5214 4996
5215 4997
5216 4998
5217 4999
5218 5000
5219 5001
5220 5002
5221 5003
5222 5004
5223 5005
5224 5006
5225 5007
5226 5008
5227 5009
5228 5010
5229 5011
5230 5012
5231 5013
5232 5014
5233 5015
5234 5016
5235 5017
5236 5018
5237 5019
5238 5020
5239 5021
5240 5022
5241 5023
5242 5024
5243 5025
5244 5026
5245 5027
5246 5028
5247 5029
5248 5030
5249 5031
5250 5032
5251 5033
5252 5034
5253 5035
5254 5036
5255 5037
5256 5038
5257 5039
5258 5040
5259 5041
5260 5042
5261 5043
5262 5044
5263 5045
5264 5046
5265 5047
5266 5048
5267 5049
5268 5050
5269 5051
5270 5052
5271 5053
5272 5054
5273 5055
5274 5056
5275 5057
5276 5058
5277 5059
5278 5060
5279 5061
5280 5062
5281 5063
5282 5064
5283 5065
5284 5066
5285 5067
5286 5068
5287 5069
5288 5070
5289 5071
5290 5072
5291 5073
5292 5074
5293 5075
5294 5076
5295 5077
5296 5078
5297 5079
5298 5080
5299 5081
5300 5082
5301 5083
5302 5084
5303 5085
5304 5086
5305 5087
5306 5088
5307 5089
5308 5090
5309 5091
5310 5092
5311 5093
5312 5094
5313 5095
5314 5096
5315 5097
5316 5098
5317 5099
5318 5100
5319 5101
5320 5102
5321 5103
5322 5104
5323 5105
5324 5106
5325 5107
5326 5108
5327 5109
5328 5110
5329 5111
5330 5112
5331 5113
5332 5114
5333 5115
5334 5116
5335 5117
5336 5118
5337 5119
5338 5120
5339 5121
5340 5122
5341 5123
5342 5124
5343 5125
5344 5126
5345 5127
5346 5128
5347 5129
5348 5130
5349 5131
5350 5132
5351 5133
5352 5134
5353 5135
5354 5136
5355 5137
5356 5138
5357 5139
5358 5140
5359 5141
5360 5142
5361 5143
5362 5144
5363 5145
5364 5146
5365 5147
5366 5148
5367 5149
5368 5150
5369 5151
5370 5152
5371 5153
5372 5154
5373 5155
5374 5156
5375 5157
4992 8832
4993 8833
4994 8834
4995 8835
4996 8836
4997 8837
4998 8838
4999 8839
5000 8840
5001 8841
5002 8842
5003 8843
5004 8844
5005 8845
5006 8846
5007 8847
5008 8848
5009 8849
5010 8850
5011 8851
5012 8852
5013 8853
5014 8854
5015 8855
5016 8856
5017 8857
5018 8858
5019 8859
5020 8860
5021 8861
5022 8862
5023 8863
5024 8864
5025 8865
5026 8866
5027 8867
5028 8868
5029 8869
5030 8870
5031 8871
5032 8872
5033 8873
5034 8874
5035 8875
5036 8876
5037 8877
5038 8878
5039 8879
5040 8880
5041 8881
5042 8882
5043 8883
5044 8884
5045 8885
5046 8886
5047 8887
5048 8888
5049 8889
5050 8890
5051 8891
5052 8892
5053 8893
5054 8894
5055 8895
5056 8896
5057 8897
5058 8898
5059 8899
5060 8900
5061 8901
5062 8902
5063 8903
5064 8904
5065 8905
5066 8906
5067 8907
5068 8908
5069 8909
5070 8910
5071 8911
5072 8912
5073 8913
5074 8914
5075 8915
5076 8916
5077 8917
5078 8918
5079 8919
5080 8920
5081 8921
5082 8922
5083 8923
5084 8924
5085 8925
5086 8926
5087 8927
5088 8928
5089 8929
5090 8930
5091 8931
5092 8932
5093 8933
5094 8934
5095 8935
5096 8936
5097 8937
5098 8938
5099 8939
5100 8940
5101 8941
5102 8942
5103 8943
5104 8944
5105 8945
5106 8946
5107 8947
5108 8948
5109 8949
5110 8950
5111 8951
5112 8952
5113 8953
5114 8954
5115 8955
5116 8956
5117 8957
5118 8958
5119 8959
5120 8960
5121 8961
5122 8962
5123 8963
5124 8964
5125 8965
5126 8966
5127 8967
5128 8968
5129 8969
5130 8970
5131 8971
5132 8972
5133 8973
5134 8974
5135 8975
5136 8976
5137 8977
5138 8978
5139 8979
5140 8980
5141 8981
5142 8982
5143 8983
5144 8984
5145 8985
5146 8986
5147 8987
5148 8988
5149 8989
5150 8990
5151 8991
5152 8992
5153 8993
5154 8994
5155 8995
5156 8996
5157 8997
5158 8998
5159 8999
5160 9000
5161 9001
5162 9002
5163 9003
5164 9004
5165 9005
5166 9006
5167 9007
5168 9008
5169 9009
5170 9010
5171 9011
5172 9012
5173 9013
5174 9014
5175 9015
5176 9016
5177 9017
5178 9018
5179 9019
5180 9020
5181 9021
5182 9022
5183 9023
5184 9024
5185 9025
5186 9026
5187 9027
5188 9028
5189 9029
5190 9030
5191 9031
5192 9032
5193 9033
5194 9034
5195 9035
5196 9036
5197 9037
5198 9038
5199 9039
5200 9040
5201 9041
5202 9042
5203 9043
5204 9044
5205 9045
5206 9046
5207 9047
5208 9048
5209 9049
5210 9050
5211 9051
5212 9052
5213 9053
5214 9054
5215 9055
5216 9056
5217 9057
5218 9058
5219 9059
5220 9060
5221 9061
5222 9062
5223 9063
5224 9064
5225 9065
5226 9066
5227 9067
5228 9068
5229 9069
5230 9070
5231 9071
5232 9072
5233 9073
5234 9074
5235 9075
5236 9076
5237 9077
5238 9078
5239 9079
5240 9080
5241 9081
5242 9082
5243 9083
5244 9084
5245 9085
5246 9086
5247 9087
5248 9088
5249 9089
5250 9090
5251 9091
5252 9092
5253 9093
5254 9094
5255 9095
5256 9096
5257 9097
5258 9098
5259 9099
5260 9100
5261 9101
5262 9102
5263 9103
5264 9104
5265 9105
5266 9106
5267 9107
5268 9108
5269 9109
5270 9110
5271 9111
5272 9112
5273 9113
5274 9114
5275 9115
5276 9116
5277 9117
5278 9118
5279 9119
5280 9120
5281 9121
5282 9122
5283 9123
5284 9124
5285 9125
5286 9126
5287 9127
5288 9128
5289 9129
5290 9130
5291 9131
5292 9132
5293 9133
5294 9134
5295 9135
5296 9136
5297 9137
5298 9138
5299 9139
5300 9140
5301 9141
5302 9142
5303 9143
5304 9144
5305 9145
5306 9146
5307 9147
5308 9148
5309 9149
5310 9150
5311 9151
5312 9152
5313 9153
5314 9154
5315 9155
5316 9156
5317 9157
5318 9158
5319 9159
5320 9160
5321 9161
5322 9162
5323 9163
5324 9164
5325 9165
5326 9166
5327 9167
5328 9168
5329 9169
5330 9170
5331 9171
5332 9172
5333 9173
5334 9174
5335 9175
5336 9176
5337 9177
5338 9178
5339 9179
5340 9180
5341 9181
5342 9182
5343 9183
5344 9184
5345 9185
5346 9186
5347 9187
5348 9188
5349 9189
5350 9190
5351 9191
5352 9192
5353 9193
5354 9194
5355 9195
5356 9196
5357 9197
5358 9198
5359 9199
5360 9200
5361 9201
5362 9202
5363 9203
5364 9204
5365 9205
5366 9206
5367 9207
5368 9208
5369 9209
5370 9210
5371 9211
5372 9212
5373 9213
5374 9214
5375 9215
5376 403
5377 404
5378 405
5379 406
5380 407
5381 408
5382 409
5383 410
5384 411
5385 412
5386 413
5387 414
5388 415
5389 416
5390 417
5391 418
5392 419
5393 420
5394 421
5395 422
5396 423
5397 424
5398 425
5399 426
5400 427
5401 428
5402 429
5403 430
5404 431
5405 432
5406 433
5407 434
5408 435
5409 436
5410 437
5411 438
5412 439
5413 440
5414 441
5415 442
5416 443
5417 444
5418 445
5419 446
5420 447
5421 448
5422 449
5423 450
5424 451
5425 452
5426 453
5427 454
5428 455
5429 456
5430 457
5431 458
5432 459
5433 460
5434 461
5435 462
5436 463
5437 464
5438 465
5439 466
5440 467
5441 468
5442 469
5443 470
5444 471
5445 472
5446 473
5447 474
5448 475
5449 476
5450 477
5451 478
5452 479
5453 480
5454 481
5455 482
5456 483
5457 484
5458 485
5459 486
5460 487
5461 488
5462 489
5463 490
5464 491
5465 492
5466 493
5467 494
5468 495
5469 496
5470 497
5471 498
5472 499
5473 500
5474 501
5475 502
5476 503
5477 504
5478 505
5479 506
5480 507
5481 508
5482 509
5483 510
5484 511
5485 512
5486 513
5487 514
5488 515
5489 516
5490 517
5491 518
5492 519
5493 520
5494 521
5495 522
5496 523
5497 524
5498 525
5499 526
5500 527
5501 528
5502 529
5503 530
5504 531
5505 532
5506 533
5507 534
5508 535
5509 536
5510 537
5511 538
5512 539
5513 540
5514 541
5515 542
5516 543
5517 544
5518 545
5519 546
5520 547
5521 548
5522 549
5523 550
5524 551
5525 552
5526 553
5527 554
5528 555
5529 556
5530 557
5531 558
5532 559
5533 560
5534 561
5535 562
5536 563
5537 564
5538 565
5539 566
5540 567
5541 568
5542 569
5543 570
5544 571
5545 572
5546 573
5547 574
5548 575
5549 576
5550 577
5551 578
5552 579
5553 580
5554 581
5555 582
5556 583
5557 584
5558 585
5559 586
5560 587
5561 588
5562 589
5563 590
5564 591
5565 592
5566 593
5567 594
5568 595
5569 596
5570 597
5571 598
5572 599
5573 600
5574 601
5575 602
5576 603
5577 604
5578 605
5579 606
5580 607
5581 608
5582 609
5583 610
5584 611
5585 612
5586 613
5587 614
5588 615
5589 616
5590 617
5591 618
5592 619
5593 620
5594 621
5595 622
5596 623
5597 624
5598 625
5599 626
5600 627
5601 628
5602 629
5603 630
5604 631
5605 632
5606 633
5607 634
5608 635
5609 636
5610 637
5611 638
5612 639
5613 640
5614 641
5615 642
5616 643
5617 644
5618 645
5619 646
5620 647
5621 648
5622 649
5623 650
5624 651
5625 652
5626 653
5627 654
5628 655
5629 656
5630 657
5631 658
5632 659
5633 660
5634 661
5635 662
5636 663
5637 664
5638 665
5639 666
5640 667
5641 668
5642 669
5643 670
5644 671
5645 672
5646 673
5647 674
5648 675
5649 676
5650 677
5651 678
5652 679
5653 680
5654 681
5655 682
5656 683
5657 684
5658 685
5659 686
5660 687
5661 688
5662 689
5663 690
5664 691
5665 692
5666 693
5667 694
5668 695
5669 696
5670 697
5671 698
5672 699
5673 700
5674 701
5675 702
5676 703
5677 704
5678 705
5679 706
5680 707
5681 708
5682 709
5683 710
5684 711
5685 712
5686 713
5687 714
5688 715
5689 716
5690 717
5691 718
5692 719
5693 720
5694 721
5695 722
5696 723
5697 724
5698 725
5699 726
5700 727
5701 728
5702 729
5703 730
5704 731
5705 732
5706 733
5707 734
5708 735
5709 736
5710 737
5711 738
5712 739
5713 740
5714 741
5715 742
5716 743
5717 744
5718 745
5719 746
5720 747
5721 748
5722 749
5723 750
5724 751
5725 752
5726 753
5727 754
5728 755
5729 756
5730 757
5731 758
5732 759
5733 760
5734 761
5735 762
5736 763
5737 764
5738 765
5739 766
5740 767
5741 384
5742 385
5743 386
5744 387
5745 388
5746 389
5747 390
5748 391
5749 392
5750 393
5751 394
5752 395
5753 396
5754 397
5755 398
5756 399
5757 400
5758 401
5759 402
5376 2422
5377 2423
5378 2424
5379 2425
5380 2426
5381 2427
5382 2428
5383 2429
5384 2430
5385 2431
5386 2432
5387 2433
5388 2434
5389 2435
5390 2436
5391 2437
5392 2438
5393 2439
5394 2440
5395 2441
5396 2442
5397 2443
5398 2444
5399 2445
5400 2446
5401 2447
5402 2448
5403 2449
5404 2450
5405 2451
5406 2452
5407 2453
5408 2454
5409 2455
5410 2456
5411 2457
5412 2458
5413 2459
5414 2460
5415 2461
5416 2462
5417 2463
5418 2464
5419 2465
5420 2466
5421 2467
5422 2468
5423 2469
5424 2470
5425 2471
5426 2472
5427 2473
5428 2474
5429 2475
5430 2476
5431 2477
5432 2478
5433 2479
5434 2480
5435 2481
5436 2482
5437 2483
5438 2484
5439 2485
5440 2486
5441 2487
5442 2488
5443 2489
5444 2490
5445 2491
5446 2492
5447 2493
5448 2494
5449 2495
5450 2496
5451 2497
5452 2498
5453 2499
5454 2500
5455 2501
5456 2502
5457 2503
5458 2504
5459 2505
5460 2506
5461 2507
5462 2508
5463 2509
5464 2510
5465 2511
5466 2512
5467 2513
5468 2514
5469 2515
5470 2516
5471 2517
5472 2518
5473 2519
5474 2520
5475 2521
5476 2522
5477 2523
5478 2524
5479 2525
5480 2526
5481 2527
5482 2528
5483 2529
5484 2530
5485 2531
5486 2532
5487 2533
5488 2534
5489 2535
5490 2536
5491 2537
5492 2538
5493 2539
5494 2540
5495 2541
5496 2542
5497 2543
5498 2544
5499 2545
5500 2546
5501 2547
5502 2548
5503 2549
5504 2550
5505 2551
5506 2552
5507 2553
5508 2554
5509 2555
5510 2556
5511 2557
5512 2558
5513 2559
5514 2560
5515 2561
5516 2562
5517 2563
5518 2564
5519 2565
5520 2566
5521 2567
5522 2568
5523 2569
5524 2570
5525 2571
5526 2572
5527 2573
5528 2574
5529 2575
5530 2576
5531 2577
5532 2578
5533 2579
5534 2580
5535 2581
5536 2582
5537 2583
5538 2584
5539 2585
5540 2586
5541 2587
5542 2588
5543 2589
5544 2590
5545 2591
5546 2592
5547 2593
5548 2594
5549 2595
5550 2596
5551 2597
5552 2598
5553 2599
5554 2600
5555 2601
5556 2602
5557 2603
5558 2604
5559 2605
5560 2606
5561 2607
5562 2608
5563 2609
5564 2610
5565 2611
5566 2612
5567 2613
5568 2614
5569 2615
5570 2616
5571 2617
5572 2618
5573 2619
5574 2620
5575 2621
5576 2622
5577 2623
5578 2624
5579 2625
5580 2626
5581 2627
5582 2628
5583 2629
5584 2630
5585 2631
5586 2632
5587 2633
5588 2634
5589 2635
5590 2636
5591 2637
5592 2638
5593 2639
5594 2640
5595 2641
5596 2642
5597 2643
5598 2644
5599 2645
5600 2646
5601 2647
5602 2648
5603 2649
5604 2650
5605 2651
5606 2652
5607 2653
5608 2654
5609 2655
5610 2656
5611 2657
5612 2658
5613 2659
5614 2660
5615 2661
5616 2662
5617 2663
5618 2664
5619 2665
5620 2666
5621 2667
5622 2668
5623 2669
5624 2670
5625 2671
5626 2672
5627 2673
5628 2674
5629 2675
5630 2676
5631 2677
5632 2678
5633 2679
5634 2680
5635 2681
5636 2682
5637 2683
5638 2684
5639 2685
5640 2686
5641 2687
5642 2304
5643 2305
5644 2306
5645 2307
5646 2308
5647 2309
5648 2310
5649 2311
5650 2312
5651 2313
5652 2314
5653 2315
5654 2316
5655 2317
5656 2318
5657 2319
5658 2320
5659 2321
5660 2322
5661 2323
5662 2324
5663 2325
5664 2326
5665 2327
5666 2328
5667 2329
5668 2330
5669 2331
5670 2332
5671 2333
5672 2334
5673 2335
5674 2336
5675 2337
5676 2338
5677 2339
5678 2340
5679 2341
5680 2342
5681 2343
5682 2344
5683 2345
5684 2346
5685 2347
5686 2348
5687 2349
5688 2350
5689 2351
5690 2352
5691 2353
5692 2354
5693 2355
5694 2356
5695 2357
5696 2358
5697 2359
5698 2360
5699 2361
5700 2362
5701 2363
5702 2364
5703 2365
5704 2366
5705 2367
5706 2368
5707 2369
5708 2370
5709 2371
5710 2372
5711 2373
5712 2374
5713 2375
5714 2376
5715 2377
5716 2378
5717 2379
5718 2380
5719 2381
5720 2382
5721 2383
5722 2384
5723 2385
5724 2386
5725 2387
5726 2388
5727 2389
5728 2390
5729 2391
5730 2392
5731 2393
5732 2394
5733 2395
5734 2396
5735 2397
5736 2398
5737 2399
5738 2400
5739 2401
5740 2402
5741 2403
5742 2404
5743 2405
5744 2406
5745 2407
5746 2408
5747 2409
5748 2410
5749 2411
5750 2412
5751 2413
5752 2414
5753 2415
5754 2416
5755 2417
5756 2418
5757 2419
5758 2420
5759 2421
5376 4245
5377 4246
5378 4247
5379 4248
5380 4249
5381 4250
5382 4251
5383 4252
5384 4253
5385 4254
5386 4255
5387 4256
5388 4257
5389 4258
5390 4259
5391 4260
5392 4261
5393 4262
5394 4263
5395 4264
5396 4265
5397 4266
5398 4267
5399 4268
5400 4269
5401 4270
5402 4271
5403 4272
5404 4273
5405 4274
5406 4275
5407 4276
5408 4277
5409 4278
5410 4279
5411 4280
5412 4281
5413 4282
5414 4283
5415 4284
5416 4285
5417 4286
5418 4287
5419 4288
5420 4289
5421 4290
5422 4291
5423 4292
5424 4293
5425 4294
5426 4295
5427 4296
5428 4297
5429 4298
5430 4299
5431 4300
5432 4301
5433 4302
5434 4303
5435 4304
5436 4305
5437 4306
5438 4307
5439 4308
5440 4309
5441 4310
5442 4311
5443 4312
5444 4313
5445 4314
5446 4315
5447 4316
5448 4317
5449 4318
5450 4319
5451 4320
5452 4321
5453 4322
5454 4323
5455 4324
5456 4325
5457 4326
5458 4327
5459 4328
5460 4329
5461 4330
5462 4331
5463 4332
5464 4333
5465 4334
5466 4335
5467 4336
5468 4337
5469 4338
5470 4339
5471 4340
5472 4341
5473 4342
5474 4343
5475 4344
5476 4345
5477 4346
5478 4347
5479 4348
5480 4349
5481 4350
5482 4351
5483 4352
5484 4353
5485 4354
5486 4355
5487 4356
5488 4357
5489 4358
5490 4359
5491 4360
5492 4361
5493 4362
5494 4363
5495 4364
5496 4365
5497 4366
5498 4367
5499 4368
5500 4369
5501 4370
5502 4371
5503 4372
5504 4373
5505 4374
5506 4375
5507 4376
5508 4377
5509 4378
5510 4379
5511 4380
5512 4381
5513 4382
5514 4383
5515 4384
5516 4385
5517 4386
5518 4387
5519 4388
5520 4389
5521 4390
5522 4391
5523 4392
5524 4393
5525 4394
5526 4395
5527 4396
5528 4397
5529 4398
5530 4399
5531 4400
5532 4401
5533 4402
5534 4403
5535 4404
5536 4405
5537 4406
5538 4407
5539 4408
5540 4409
5541 4410
5542 4411
5543 4412
5544 4413
5545 4414
5546 4415
5547 4416
5548 4417
5549 4418
5550 4419
5551 4420
5552 4421
5553 4422
5554 4423
5555 4424
5556 4425
5557 4426
5558 4427
5559 4428
5560 4429
5561 4430
5562 4431
5563 4432
5564 4433
5565 4434
5566 4435
5567 4436
5568 4437
5569 4438
5570 4439
5571 4440
5572 4441
5573 4442
5574 4443
5575 4444
5576 4445
5577 4446
5578 4447
5579 4448
5580 4449
5581 4450
5582 4451
5583 4452
5584 4453
5585 4454
5586 4455
5587 4456
5588 4457
5589 4458
5590 4459
5591 4460
5592 4461
5593 4462
5594 4463
5595 4464
5596 4465
5597 4466
5598 4467
5599 4468
5600 4469
5601 4470
5602 4471
5603 4472
5604 4473
5605 4474
5606 4475
5607 4476
5608 4477
5609 4478
5610 4479
5611 4480
5612 4481
5613 4482
5614 4483
5615 4484
5616 4485
5617 4486
5618 4487
5619 4488
5620 4489
5621 4490
5622 4491
5623 4492
5624 4493
5625 4494
5626 4495
5627 4496
5628 4497
5629 4498
5630 4499
5631 4500
5632 4501
5633 4502
5634 4503
5635 4504
5636 4505
5637 4506
5638 4507
5639 4508
5640 4509
5641 4510
5642 4511
5643 4512
5644 4513
5645 4514
5646 4515
5647 4516
5648 4517
5649 4518
5650 4519
5651 4520
5652 4521
5653 4522
5654 4523
5655 4524
5656 4525
5657 4526
5658 4527
5659 4528
5660 4529
5661 4530
5662 4531
5663 4532
5664 4533
5665 4534
5666 4535
5667 4536
5668 4537
5669 4538
5670 4539
5671 4540
5672 4541
5673 4542
5674 4543
5675 4544
5676 4545
5677 4546
5678 4547
5679 4548
5680 4549
5681 4550
5682 4551
5683 4552
5684 4553
5685 4554
5686 4555
5687 4556
5688 4557
5689 4558
5690 4559
5691 4560
5692 4561
5693 4562
5694 4563
5695 4564
5696 4565
5697 4566
5698 4567
5699 4568
5700 4569
5701 4570
5702 4571
5703 4572
5704 4573
5705 4574
5706 4575
5707 4576
5708 4577
5709 4578
5710 4579
5711 4580
5712 4581
5713 4582
5714 4583
5715 4584
5716 4585
5717 4586
5718 4587
5719 4588
5720 4589
5721 4590
5722 4591
5723 4592
5724 4593
5725 4594
5726 4595
5727 4596
5728 4597
5729 4598
5730 4599
5731 4600
5732 4601
5733 4602
5734 4603
5735 4604
5736 4605
5737 4606
5738 4607
5739 4224
5740 4225
5741 4226
5742 4227
5743 4228
5744 4229
5745 4230
5746 4231
5747 4232
5748 4233
5749 4234
5750 4235
5751 4236
5752 4237
5753 4238
5754 4239
5755 4240
5756 4241
5757 4242
5758 4243
5759 4244
5376 5155
5377 5156
5378 5157
5379 5158
5380 5159
5381 5160
5382 5161
5383 5162
5384 5163
5385 5164
5386 5165
5387 5166
5388 5167
5389 5168
5390 5169
5391 5170
5392 5171
5393 5172
5394 5173
5395 5174
5396 5175
5397 5176
5398 5177
5399 5178
5400 5179
5401 5180
5402 5181
5403 5182
5404 5183
5405 5184
5406 5185
5407 5186
5408 5187
5409 5188
5410 5189
5411 5190
5412 5191
5413 5192
5414 5193
5415 5194
5416 5195
5417 5196
5418 5197
5419 5198
5420 5199
5421 5200
5422 5201
5423 5202
5424 5203
5425 5204
5426 5205
5427 5206
5428 5207
5429 5208
5430 5209
5431 5210
5432 5211
5433 5212
5434 5213
5435 5214
5436 5215
5437 5216
5438 5217
5439 5218
5440 5219
5441 5220
5442 5221
5443 5222
5444 5223
5445 5224
5446 5225
5447 5226
5448 5227
5449 5228
5450 5229
5451 5230
5452 5231
5453 5232
5454 5233
5455 5234
5456 5235
5457 5236
5458 5237
5459 5238
5460 5239
5461 5240
5462 5241
5463 5242
5464 5243
5465 5244
5466 5245
5467 5246
5468 5247
5469 5248
5470 5249
5471 5250
5472 5251
5473 5252
5474 5253
5475 5254
5476 5255
5477 5256
5478 5257
5479 5258
5480 5259
5481 5260
5482 5261
5483 5262
5484 5263
5485 5264
5486 5265
5487 5266
5488 5267
5489 5268
5490 5269
5491 5270
5492 5271
5493 5272
5494 5273
5495 5274
5496 5275
5497 5276
5498 5277
5499 5278
5500 5279
5501 5280
5502 5281
5503 5282
5504 5283
5505 5284
5506 5285
5507 5286
5508 5287
5509 5288
5510 5289
5511 5290
5512 5291
5513 5292
5514 5293
5515 5294
5516 5295
5517 5296
5518 5297
5519 5298
5520 5299
5521 5300
5522 5301
5523 5302
5524 5303
5525 5304
5526 5305
5527 5306
5528 5307
5529 5308
5530 5309
5531 5310
5532 5311
5533 5312
5534 5313
5535 5314
5536 5315
5537 5316
5538 5317
5539 5318
5540 5319
5541 5320
5542 5321
5543 5322
5544 5323
5545 5324
5546 5325
5547 5326
5548 5327
5549 5328
5550 5329
5551 5330
5552 5331
5553 5332
5554 5333
5555 5334
5556 5335
5557 5336
5558 5337
5559 5338
5560 5339
5561 5340
5562 5341
5563 5342
5564 5343
5565 5344
5566 5345
5567 5346
5568 5347
5569 5348
5570 5349
5571 5350
5572 5351
5573 5352
5574 5353
5575 5354
5576 5355
5577 5356
5578 5357
5579 5358
5580 5359
5581 5360
5582 5361
5583 5362
5584 5363
5585 5364
5586 5365
5587 5366
5588 5367
5589 5368
5590 5369
5591 5370
5592 5371
5593 5372
5594 5373
5595 5374
5596 5375
5597 4992
5598 4993
5599 4994
5600 4995
5601 4996
5602 4997
5603 4998
5604 4999
5605 5000
5606 5001
5607 5002
5608 5003
5609 5004
5610 5005
5611 5006
5612 5007
5613 5008
5614 5009
5615 5010
5616 5011
5617 5012
5618 5013
5619 5014
5620 5015
5621 5016
5622 5017
5623 5018
5624 5019
5625 5020
5626 5021
5627 5022
5628 5023
5629 5024
5630 5025
5631 5026
5632 5027
5633 5028
5634 5029
5635 5030
5636 5031
5637 5032
5638 5033
5639 5034
5640 5035
5641 5036
5642 5037
5643 5038
5644 5039
5645 5040
5646 5041
5647 5042
5648 5043
5649 5044
5650 5045
5651 5046
5652 5047
5653 5048
5654 5049
5655 5050
5656 5051
5657 5052
5658 5053
5659 5054
5660 5055
5661 5056
5662 5057
5663 5058
5664 5059
5665 5060
5666 5061
5667 5062
5668 5063
5669 5064
5670 5065
5671 5066
5672 5067
5673 5068
5674 5069
5675 5070
5676 5071
5677 5072
5678 5073
5679 5074
5680 5075
5681 5076
5682 5077
5683 5078
5684 5079
5685 5080
5686 5081
5687 5082
5688 5083
5689 5084
5690 5085
5691 5086
5692 5087
5693 5088
5694 5089
5695 5090
5696 5091
5697 5092
5698 5093
5699 5094
5700 5095
5701 5096
5702 5097
5703 5098
5704 5099
5705 5100
5706 5101
5707 5102
5708 5103
5709 5104
5710 5105
5711 5106
5712 5107
5713 5108
5714 5109
5715 5110
5716 5111
5717 5112
5718 5113
5719 5114
5720 5115
5721 5116
5722 5117
5723 5118
5724 5119
5725 5120
5726 5121
5727 5122
5728 5123
5729 5124
5730 5125
5731 5126
5732 5127
5733 5128
5734 5129
5735 5130
5736 5131
5737 5132
5738 5133
5739 5134
5740 5135
5741 5136
5742 5137
5743 5138
5744 5139
5745 5140
5746 5141
5747 5142
5748 5143
5749 5144
5750 5145
5751 5146
5752 5147
5753 5148
5754 5149
5755 5150
5756 5151
5757 5152
5758 5153
5759 5154
5376 9216
5377 9217
5378 9218
5379 9219
5380 9220
5381 9221
5382 9222
5383 9223
5384 9224
5385 9225
5386 9226
5387 9227
5388 9228
5389 9229
5390 9230
5391 9231
5392 9232
5393 9233
5394 9234
5395 9235
5396 9236
5397 9237
5398 9238
5399 9239
5400 9240
5401 9241
5402 9242
5403 9243
5404 9244
5405 9245
5406 9246
5407 9247
5408 9248
5409 9249
5410 9250
5411 9251
5412 9252
5413 9253
5414 9254
5415 9255
5416 9256
5417 9257
5418 9258
5419 9259
5420 9260
5421 9261
5422 9262
5423 9263
5424 9264
5425 9265
5426 9266
5427 9267
5428 9268
5429 9269
5430 9270
5431 9271
5432 9272
5433 9273
5434 9274
5435 9275
5436 9276
5437 9277
5438 9278
5439 9279
5440 9280
5441 9281
5442 9282
5443 9283
5444 9284
5445 9285
5446 9286
5447 9287
5448 9288
5449 9289
5450 9290
5451 9291
5452 9292
5453 9293
5454 9294
5455 9295
5456 9296
5457 9297
5458 9298
5459 9299
5460 9300
5461 9301
5462 9302
5463 9303
5464 9304
5465 9305
5466 9306
5467 9307
5468 9308
5469 9309
5470 9310
5471 9311
5472 9312
5473 9313
5474 9314
5475 9315
5476 9316
5477 9317
5478 9318
5479 9319
5480 9320
5481 9321
5482 9322
5483 9323
5484 9324
5485 9325
5486 9326
5487 9327
5488 9328
5489 9329
5490 9330
5491 9331
5492 9332
5493 9333
5494 9334
5495 9335
5496 9336
5497 9337
5498 9338
5499 9339
5500 9340
5501 9341
5502 9342
5503 9343
5504 9344
5505 9345
5506 9346
5507 9347
5508 9348
5509 9349
5510 9350
5511 9351
5512 9352
5513 9353
5514 9354
5515 9355
5516 9356
5517 9357
5518 9358
5519 9359
5520 9360
5521 9361
5522 9362
5523 9363
5524 9364
5525 9365
5526 9366
5527 9367
5528 9368
5529 9369
5530 9370
5531 9371
5532 9372
5533 9373
5534 9374
5535 9375
5536 9376
5537 9377
5538 9378
5539 9379
5540 9380
5541 9381
5542 9382
5543 9383
5544 9384
5545 9385
5546 9386
5547 9387
5548 9388
5549 9389
5550 9390
5551 9391
5552 9392
5553 9393
5554 9394
5555 9395
5556 9396
5557 9397
5558 9398
5559 9399
5560 9400
5561 9401
5562 9402
5563 9403
5564 9404
5565 9405
5566 9406
5567 9407
5568 9408
5569 9409
5570 9410
5571 9411
5572 9412
5573 9413
5574 9414
5575 9415
5576 9416
5577 9417
5578 9418
5579 9419
5580 9420
5581 9421
5582 9422
5583 9423
5584 9424
5585 9425
5586 9426
5587 9427
5588 9428
5589 9429
5590 9430
5591 9431
5592 9432
5593 9433
5594 9434
5595 9435
5596 9436
5597 9437
5598 9438
5599 9439
5600 9440
5601 9441
5602 9442
5603 9443
5604 9444
5605 9445
5606 9446
5607 9447
5608 9448
5609 9449
5610 9450
5611 9451
5612 9452
5613 9453
5614 9454
5615 9455
5616 9456
5617 9457
5618 9458
5619 9459
5620 9460
5621 9461
5622 9462
5623 9463
5624 9464
5625 9465
5626 9466
5627 9467
5628 9468
5629 9469
5630 9470
5631 9471
5632 9472
5633 9473
5634 9474
5635 9475
5636 9476
5637 9477
5638 9478
5639 9479
5640 9480
5641 9481
5642 9482
5643 9483
5644 9484
5645 9485
5646 9486
5647 9487
5648 9488
5649 9489
5650 9490
5651 9491
5652 9492
5653 9493
5654 9494
5655 9495
5656 9496
5657 9497
5658 9498
5659 9499
5660 9500
5661 9501
5662 9502
5663 9503
5664 9504
5665 9505
5666 9506
5667 9507
5668 9508
5669 9509
5670 9510
5671 9511
5672 9512
5673 9513
5674 9514
5675 9515
5676 9516
5677 9517
5678 9518
5679 9519
5680 9520
5681 9521
5682 9522
5683 9523
5684 9524
5685 9525
5686 9526
5687 9527
5688 9528
5689 9529
5690 9530
5691 9531
5692 9532
5693 9533
5694 9534
5695 9535
5696 9536
5697 9537
5698 9538
5699 9539
5700 9540
5701 9541
5702 9542
5703 9543
5704 9544
5705 9545
5706 9546
5707 9547
5708 9548
5709 9549
5710 9550
5711 9551
5712 9552
5713 9553
5714 9554
5715 9555
5716 9556
5717 9557
5718 9558
5719 9559
5720 9560
5721 9561
5722 9562
5723 9563
5724 9564
5725 9565
5726 9566
5727 9567
5728 9568
5729 9569
5730 9570
5731 9571
5732 9572
5733 9573
5734 9574
5735 9575
5736 9576
5737 9577
5738 9578
5739 9579
5740 9580
5741 9581
5742 9582
5743 9583
5744 9584
5745 9585
5746 9586
5747 9587
5748 9588
5749 9589
5750 9590
5751 9591
5752 9592
5753 9593
5754 9594
5755 9595
5756 9596
5757 9597
5758 9598
5759 9599
5760 68
5761 69
5762 70
5763 71
5764 72
5765 73
5766 74
5767 75
5768 76
5769 77
5770 78
5771 79
5772 80
5773 81
5774 82
5775 83
5776 84
5777 85
5778 86
5779 87
5780 88
5781 89
5782 90
5783 91
5784 92
5785 93
5786 94
5787 95
5788 96
5789 97
5790 98
5791 99
5792 100
5793 101
5794 102
5795 103
5796 104
5797 105
5798 106
5799 107
5800 108
5801 109
5802 110
5803 111
5804 112
5805 113
5806 114
5807 115
5808 116
5809 117
5810 118
5811 119
5812 120
5813 121
5814 122
5815 123
5816 124
5817 125
5818 126
5819 127
5820 128
5821 129
5822 130
5823 131
5824 132
5825 133
5826 134
5827 135
5828 136
5829 137
5830 138
5831 139
5832 140
5833 141
5834 142
5835 143
5836 144
5837 145
5838 146
5839 147
5840 148
5841 149
5842 150
5843 151
5844 152
5845 153
5846 154
5847 155
5848 156
5849 157
5850 158
5851 159
5852 160
5853 161
5854 162
5855 163
5856 164
5857 165
5858 166
5859 167
5860 168
5861 169
5862 170
5863 171
5864 172
5865 173
5866 174
5867 175
5868 176
5869 177
5870 178
5871 179
5872 180
5873 181
5874 182
5875 183
5876 184
5877 185
5878 186
5879 187
5880 188
5881 189
5882 190
5883 191
5884 192
5885 193
5886 194
5887 195
5888 196
5889 197
5890 198
5891 199
5892 200
5893 201
5894 202
5895 203
5896 204
5897 205
5898 206
5899 207
5900 208
5901 209
5902 210
5903 211
5904 212
5905 213
5906 214
5907 215
5908 216
5909 217
5910 218
5911 219
5912 220
5913 221
5914 222
5915 223
5916 224
5917 225
5918 226
5919 227
5920 228
5921 229
5922 230
5923 231
5924 232
5925 233
5926 234
5927 235
5928 236
5929 237
5930 238
5931 239
5932 240
5933 241
5934 242
5935 243
5936 244
5937 245
5938 246
5939 247
5940 248
5941 249
5942 250
5943 251
5944 252
5945 253
5946 254
5947 255
5948 256
5949 257
5950 258
5951 259
5952 260
5953 261
5954 262
5955 263
5956 264
5957 265
5958 266
5959 267
5960 268
5961 269
5962 270
5963 271
5964 272
5965 273
5966 274
5967 275
5968 276
5969 277
5970 278
5971 279
5972 280
5973 281
5974 282
5975 283
5976 284
5977 285
5978 286
5979 287
5980 288
5981 289
5982 290
5983 291
5984 292
5985 293
5986 294
5987 295
5988 296
5989 297
5990 298
5991 299
5992 300
5993 301
5994 302
5995 303
5996 304
5997 305
5998 306
5999 307
6000 308
6001 309
6002 310
6003 311
6004 312
6005 313
6006 314
6007 315
6008 316
6009 317
6010 318
6011 319
6012 320
6013 321
6014 322
6015 323
6016 324
6017 325
6018 326
6019 327
6020 328
6021 329
6022 330
6023 331
6024 332
6025 333
6026 334
6027 335
6028 336
6029 337
6030 338
6031 339
6032 340
6033 341
6034 342
6035 343
6036 344
6037 345
6038 346
6039 347
6040 348
6041 349
6042 350
6043 351
6044 352
6045 353
6046 354
6047 355
6048 356
6049 357
6050 358
6051 359
6052 360
6053 361
6054 362
6055 363
6056 364
6057 365
6058 366
6059 367
6060 368
6061 369
6062 370
6063 371
6064 372
6065 373
6066 374
6067 375
6068 376
6069 377
6070 378
6071 379
6072 380
6073 381
6074 382
6075 383
6076 0
6077 1
6078 2
6079 3
6080 4
6081 5
6082 6
6083 7
6084 8
6085 9
6086 10
6087 11
6088 12
6089 13
6090 14
6091 15
6092 16
6093 17
6094 18
6095 19
6096 20
6097 21
6098 22
6099 23
6100 24
6101 25
6102 26
6103 27
6104 28
6105 29
6106 30
6107 31
6108 32
6109 33
6110 34
6111 35
6112 36
6113 37
6114 38
6115 39
6116 40
6117 41
6118 42
6119 43
6120 44
6121 45
6122 46
6123 47
6124 48
6125 49
6126 50
6127 51
6128 52
6129 53
6130 54
6131 55
6132 56
6133 57
6134 58
6135 59
6136 60
6137 61
6138 62
6139 63
6140 64
6141 65
6142 66
6143 67
5760 3903
5761 3904
5762 3905
5763 3906
5764 3907
5765 3908
5766 3909
5767 3910
5768 3911
5769 3912
5770 3913
5771 3914
5772 3915
5773 3916
5774 3917
5775 3918
5776 3919
5777 3920
5778 3921
5779 3922
5780 3923
5781 3924
5782 3925
5783 3926
5784 3927
5785 3928
5786 3929
5787 3930
5788 3931
5789 3932
5790 3933
5791 3934
5792 3935
5793 3936
5794 3937
5795 3938
5796 3939
5797 3940
5798 3941
5799 3942
5800 3943
5801 3944
5802 3945
5803 3946
5804 3947
5805 3948
5806 3949
5807 3950
5808 3951
5809 3952
5810 3953
5811 3954
5812 3955
5813 3956
5814 3957
5815 3958
5816 3959
5817 3960
5818 3961
5819 3962
5820 3963
5821 3964
5822 3965
5823 3966
5824 3967
5825 3968
5826 3969
5827 3970
5828 3971
5829 3972
5830 3973
5831 3974
5832 3975
5833 3976
5834 3977
5835 3978
5836 3979
5837 3980
5838 3981
5839 3982
5840 3983
5841 3984
5842 3985
5843 3986
5844 3987
5845 3988
5846 3989
5847 3990
5848 3991
5849 3992
5850 3993
5851 3994
5852 3995
5853 3996
5854 3997
5855 3998
5856 3999
5857 4000
5858 4001
5859 4002
5860 4003
5861 4004
5862 4005
5863 4006
5864 4007
5865 4008
5866 4009
5867 4010
5868 4011
5869 4012
5870 4013
5871 4014
5872 4015
5873 4016
5874 4017
5875 4018
5876 4019
5877 4020
5878 4021
5879 4022
5880 4023
5881 4024
5882 4025
5883 4026
5884 4027
5885 4028
5886 4029
5887 4030
5888 4031
5889 4032
5890 4033
5891 4034
5892 4035
5893 4036
5894 4037
5895 4038
5896 4039
5897 4040
5898 4041
5899 4042
5900 4043
5901 4044
5902 4045
5903 4046
5904 4047
5905 4048
5906 4049
5907 4050
5908 4051
5909 4052
5910 4053
5911 4054
5912 4055
5913 4056
5914 4057
5915 4058
5916 4059
5917 4060
5918 4061
5919 4062
5920 4063
5921 4064
5922 4065
5923 4066
5924 4067
5925 4068
5926 4069
5927 4070
5928 4071
5929 4072
5930 4073
5931 4074
5932 4075
5933 4076
5934 4077
5935 4078
5936 4079
5937 4080
5938 4081
5939 4082
5940 4083
5941 4084
5942 4085
5943 4086
5944 4087
5945 4088
5946 4089
5947 4090
5948 4091
5949 4092
5950 4093
5951 4094
5952 4095
5953 4096
5954 4097
5955 4098
5956 4099
5957 4100
5958 4101
5959 4102
5960 4103
5961 4104
5962 4105
5963 4106
5964 4107
5965 4108
5966 4109
5967 4110
5968 4111
5969 4112
5970 4113
5971 4114
5972 4115
5973 4116
5974 4117
5975 4118
5976 4119
5977 4120
5978 4121
5979 4122
5980 4123
5981 4124
5982 4125
5983 4126
5984 4127
5985 4128
5986 4129
5987 4130
5988 4131
5989 4132
5990 4133
5991 4134
5992 4135
5993 4136
5994 4137
5995 4138
5996 4139
5997 4140
5998 4141
5999 4142
6000 4143
6001 4144
6002 4145
6003 4146
6004 4147
6005 4148
6006 4149
6007 4150
6008 4151
6009 4152
6010 4153
6011 4154
6012 4155
6013 4156
6014 4157
6015 4158
6016 4159
6017 4160
6018 4161
6019 4162
6020 4163
6021 4164
6022 4165
6023 4166
6024 4167
6025 4168
6026 4169
6027 4170
6028 4171
6029 4172
6030 4173
6031 4174
6032 4175
6033 4176
6034 4177
6035 4178
6036 4179
6037 4180
6038 4181
6039 4182
6040 4183
6041 4184
6042 4185
6043 4186
6044 4187
6045 4188
6046 4189
6047 4190
6048 4191
6049 4192
6050 4193
6051 4194
6052 4195
6053 4196
6054 4197
6055 4198
6056 4199
6057 4200
6058 4201
6059 4202
6060 4203
6061 4204
6062 4205
6063 4206
6064 4207
6065 4208
6066 4209
6067 4210
6068 4211
6069 4212
6070 4213
6071 4214
6072 4215
6073 4216
6074 4217
6075 4218
6076 4219
6077 4220
6078 4221
6079 4222
6080 4223
6081 3840
6082 3841
6083 3842
6084 3843
6085 3844
6086 3845
6087 3846
6088 3847
6089 3848
6090 3849
6091 3850
6092 3851
6093 3852
6094 3853
6095 3854
6096 3855
6097 3856
6098 3857
6099 3858
6100 3859
6101 3860
6102 3861
6103 3862
6104 3863
6105 3864
6106 3865
6107 3866
6108 3867
6109 3868
6110 3869
6111 3870
6112 3871
6113 3872
6114 3873
6115 3874
6116 3875
6117 3876
6118 3877
6119 3878
6120 3879
6121 3880
6122 3881
6123 3882
6124 3883
6125 3884
6126 3885
6127 3886
6128 3887
6129 3888
6130 3889
6131 3890
6132 3891
6133 3892
6134 3893
6135 3894
6136 3895
6137 3896
6138 3897
6139 3898
6140 3899
6141 3900
6142 3901
6143 3902
5760 4305
5761 4306
5762 4307
5763 4308
5764 4309
5765 4310
5766 4311
5767 4312
5768 4313
5769 4314
5770 4315
5771 4316
5772 4317
5773 4318
5774 4319
5775 4320
5776 4321
5777 4322
5778 4323
5779 4324
5780 4325
5781 4326
5782 4327
5783 4328
5784 4329
5785 4330
5786 4331
5787 4332
5788 4333
5789 4334
5790 4335
5791 4336
5792 4337
5793 4338
5794 4339
5795 4340
5796 4341
5797 4342
5798 4343
5799 4344
5800 4345
5801 4346
5802 4347
5803 4348
5804 4349
5805 4350
5806 4351
5807 4352
5808 4353
5809 4354
5810 4355
5811 4356
5812 4357
5813 4358
5814 4359
5815 4360
5816 4361
5817 4362
5818 4363
5819 4364
5820 4365
5821 4366
5822 4367
5823 4368
5824 4369
5825 4370
5826 4371
5827 4372
5828 4373
5829 4374
5830 4375
5831 4376
5832 4377
5833 4378
5834 4379
5835 4380
5836 4381
5837 4382
5838 4383
5839 4384
5840 4385
5841 4386
5842 4387
5843 4388
5844 4389
5845 4390
5846 4391
5847 4392
5848 4393
5849 4394
5850 4395
5851 4396
5852 4397
5853 4398
5854 4399
5855 4400
5856 4401
5857 4402
5858 4403
5859 4404
5860 4405
5861 4406
5862 4407
5863 4408
5864 4409
5865 4410
5866 4411
5867 4412
5868 4413
5869 4414
5870 4415
5871 4416
5872 4417
5873 4418
5874 4419
5875 4420
5876 4421
5877 4422
5878 4423
5879 4424
5880 4425
5881 4426
5882 4427
5883 4428
5884 4429
5885 4430
5886 4431
5887 4432
5888 4433
5889 4434
5890 4435
5891 4436
5892 4437
5893 4438
5894 4439
5895 4440
5896 4441
5897 4442
5898 4443
5899 4444
5900 4445
5901 4446
5902 4447
5903 4448
5904 4449
5905 4450
5906 4451
5907 4452
5908 4453
5909 4454
5910 4455
5911 4456
5912 4457
5913 4458
5914 4459
5915 4460
5916 4461
5917 4462
5918 4463
5919 4464
5920 4465
5921 4466
5922 4467
5923 4468
5924 4469
5925 4470
5926 4471
5927 4472
5928 4473
5929 4474
5930 4475
5931 4476
5932 4477
5933 4478
5934 4479
5935 4480
5936 4481
5937 4482
5938 4483
5939 4484
5940 4485
5941 4486
5942 4487
5943 4488
5944 4489
5945 4490
5946 4491
5947 4492
5948 4493
5949 4494
5950 4495
5951 4496
5952 4497
5953 4498
5954 4499
5955 4500
5956 4501
5957 4502
5958 4503
5959 4504
5960 4505
5961 4506
5962 4507
5963 4508
5964 4509
5965 4510
5966 4511
5967 4512
5968 4513
5969 4514
5970 4515
5971 4516
5972 4517
5973 4518
5974 4519
5975 4520
5976 4521
5977 4522
5978 4523
5979 4524
5980 4525
5981 4526
5982 4527
5983 4528
5984 4529
5985 4530
5986 4531
5987 4532
5988 4533
5989 4534
5990 4535
5991 4536
5992 4537
5993 4538
5994 4539
5995 4540
5996 4541
5997 4542
5998 4543
5999 4544
6000 4545
6001 4546
6002 4547
6003 4548
6004 4549
6005 4550
6006 4551
6007 4552
6008 4553
6009 4554
6010 4555
6011 4556
6012 4557
6013 4558
6014 4559
6015 4560
6016 4561
6017 4562
6018 4563
6019 4564
6020 4565
6021 4566
6022 4567
6023 4568
6024 4569
6025 4570
6026 4571
6027 4572
6028 4573
6029 4574
6030 4575
6031 4576
6032 4577
6033 4578
6034 4579
6035 4580
6036 4581
6037 4582
6038 4583
6039 4584
6040 4585
6041 4586
6042 4587
6043 4588
6044 4589
6045 4590
6046 4591
6047 4592
6048 4593
6049 4594
6050 4595
6051 4596
6052 4597
6053 4598
6054 4599
6055 4600
6056 4601
6057 4602
6058 4603
6059 4604
6060 4605
6061 4606
6062 4607
6063 4224
6064 4225
6065 4226
6066 4227
6067 4228
6068 4229
6069 4230
6070 4231
6071 4232
6072 4233
6073 4234
6074 4235
6075 4236
6076 4237
6077 4238
6078 4239
6079 4240
6080 4241
6081 4242
6082 4243
6083 4244
6084 4245
6085 4246
6086 4247
6087 4248
6088 4249
6089 4250
6090 4251
6091 4252
6092 4253
6093 4254
6094 4255
6095 4256
6096 4257
6097 4258
6098 4259
6099 4260
6100 4261
6101 4262
6102 4263
6103 4264
6104 4265
6105 4266
6106 4267
6107 4268
6108 4269
6109 4270
6110 4271
6111 4272
6112 4273
6113 4274
6114 4275
6115 4276
6116 4277
6117 4278
6118 4279
6119 4280
6120 4281
6121 4282
6122 4283
6123 4284
6124 4285
6125 4286
6126 4287
6127 4288
6128 4289
6129 4290
6130 4291
6131 4292
6132 4293
6133 4294
6134 4295
6135 4296
6136 4297
6137 4298
6138 4299
6139 4300
6140 4301
6141 4302
6142 4303
6143 4304
5760 9600
5761 9601
5762 9602
5763 9603
5764 9604
5765 9605
5766 9606
5767 9607
5768 9608
5769 9609
5770 9610
5771 9611
5772 9612
5773 9613
5774 9614
5775 9615
5776 9616
5777 9617
5778 9618
5779 9619
5780 9620
5781 9621
5782 9622
5783 9623
5784 9624
5785 9625
5786 9626
5787 9627
5788 9628
5789 9629
5790 9630
5791 9631
5792 9632
5793 9633
5794 9634
5795 9635
5796 9636
5797 9637
5798 9638
5799 9639
5800 9640
5801 9641
5802 9642
5803 9643
5804 9644
5805 9645
5806 9646
5807 9647
5808 9648
5809 9649
5810 9650
5811 9651
5812 9652
5813 9653
5814 9654
5815 9655
5816 9656
5817 9657
5818 9658
5819 9659
5820 9660
5821 9661
5822 9662
5823 9663
5824 9664
5825 9665
5826 9666
5827 9667
5828 9668
5829 9669
5830 9670
5831 9671
5832 9672
5833 9673
5834 9674
5835 9675
5836 9676
5837 9677
5838 9678
5839 9679
5840 9680
5841 9681
5842 9682
5843 9683
5844 9684
5845 9685
5846 9686
5847 9687
5848 9688
5849 9689
5850 9690
5851 9691
5852 9692
5853 9693
5854 9694
5855 9695
5856 9696
5857 9697
5858 9698
5859 9699
5860 9700
5861 9701
5862 9702
5863 9703
5864 9704
5865 9705
5866 9706
5867 9707
5868 9708
5869 9709
5870 9710
5871 9711
5872 9712
5873 9713
5874 9714
5875 9715
5876 9716
5877 9717
5878 9718
5879 9719
5880 9720
5881 9721
5882 9722
5883 9723
5884 9724
5885 9725
5886 9726
5887 9727
5888 9728
5889 9729
5890 9730
5891 9731
5892 9732
5893 9733
5894 9734
5895 9735
5896 9736
5897 9737
5898 9738
5899 9739
5900 9740
5901 9741
5902 9742
5903 9743
5904 9744
5905 9745
5906 9746
5907 9747
5908 9748
5909 9749
5910 9750
5911 9751
5912 9752
5913 9753
5914 9754
5915 9755
5916 9756
5917 9757
5918 9758
5919 9759
5920 9760
5921 9761
5922 9762
5923 9763
5924 9764
5925 9765
5926 9766
5927 9767
5928 9768
5929 9769
5930 9770
5931 9771
5932 9772
5933 9773
5934 9774
5935 9775
5936 9776
5937 9777
5938 9778
5939 9779
5940 9780
5941 9781
5942 9782
5943 9783
5944 9784
5945 9785
5946 9786
5947 9787
5948 9788
5949 9789
5950 9790
5951 9791
5952 9792
5953 9793
5954 9794
5955 9795
5956 9796
5957 9797
5958 9798
5959 9799
5960 9800
5961 9801
5962 9802
5963 9803
5964 9804
5965 9805
5966 9806
5967 9807
5968 9808
5969 9809
5970 9810
5971 9811
5972 9812
5973 9813
5974 9814
5975 9815
5976 9816
5977 9817
5978 9818
5979 9819
5980 9820
5981 9821
5982 9822
5983 9823
5984 9824
5985 9825
5986 9826
5987 9827
5988 9828
5989 9829
5990 9830
5991 9831
5992 9832
5993 9833
5994 9834
5995 9835
5996 9836
5997 9837
5998 9838
5999 9839
6000 9840
6001 9841
6002 9842
6003 9843
6004 9844
6005 9845
6006 9846
6007 9847
6008 9848
6009 9849
6010 9850
6011 9851
6012 9852
6013 9853
6014 9854
6015 9855
6016 9856
6017 9857
6018 9858
6019 9859
6020 9860
6021 9861
6022 9862
6023 9863
6024 9864
6025 9865
6026 9866
6027 9867
6028 9868
6029 9869
6030 9870
6031 9871
6032 9872
6033 9873
6034 9874
6035 9875
6036 9876
6037 9877
6038 9878
6039 9879
6040 9880
6041 9881
6042 9882
6043 9883
6044 9884
6045 9885
6046 9886
6047 9887
6048 9888
6049 9889
6050 9890
6051 9891
6052 9892
6053 9893
6054 9894
6055 9895
6056 9896
6057 9897
6058 9898
6059 9899
6060 9900
6061 9901
6062 9902
6063 9903
6064 9904
6065 9905
6066 9906
6067 9907
6068 9908
6069 9909
6070 9910
6071 9911
6072 9912
6073 9913
6074 9914
6075 9915
6076 9916
6077 9917
6078 9918
6079 9919
6080 9920
6081 9921
6082 9922
6083 9923
6084 9924
6085 9925
6086 9926
6087 9927
6088 9928
6089 9929
6090 9930
6091 9931
6092 9932
6093 9933
6094 9934
6095 9935
6096 9936
6097 9937
6098 9938
6099 9939
6100 9940
6101 9941
6102 9942
6103 9943
6104 9944
6105 9945
6106 9946
6107 9947
6108 9948
6109 9949
6110 9950
6111 9951
6112 9952
6113 9953
6114 9954
6115 9955
6116 9956
6117 9957
6118 9958
6119 9959
6120 9960
6121 9961
6122 9962
6123 9963
6124 9964
6125 9965
6126 9966
6127 9967
6128 9968
6129 9969
6130 9970
6131 9971
6132 9972
6133 9973
6134 9974
6135 9975
6136 9976
6137 9977
6138 9978
6139 9979
6140 9980
6141 9981
6142 9982
6143 9983
6144 471
6145 472
6146 473
6147 474
6148 475
6149 476
6150 477
6151 478
6152 479
6153 480
6154 481
6155 482
6156 483
6157 484
6158 485
6159 486
6160 487
6161 488
6162 489
6163 490
6164 491
6165 492
6166 493
6167 494
6168 495
6169 496
6170 497
6171 498
6172 499
6173 500
6174 501
6175 502
6176 503
6177 504
6178 505
6179 506
6180 507
6181 508
6182 509
6183 510
6184 511
6185 512
6186 513
6187 514
6188 515
6189 516
6190 517
6191 518
6192 519
6193 520
6194 521
6195 522
6196 523
6197 524
6198 525
6199 526
6200 527
6201 528
6202 529
6203 530
6204 531
6205 532
6206 533
6207 534
6208 535
6209 536
6210 537
6211 538
6212 539
6213 540
6214 541
6215 542
6216 543
6217 544
6218 545
6219 546
6220 547
6221 548
6222 549
6223 550
6224 551
6225 552
6226 553
6227 554
6228 555
6229 556
6230 557
6231 558
6232 559
6233 560
6234 561
6235 562
6236 563
6237 564
6238 565
6239 566
6240 567
6241 568
6242 569
6243 570
6244 571
6245 572
6246 573
6247 574
6248 575
6249 576
6250 577
6251 578
6252 579
6253 580
6254 581
6255 582
6256 583
6257 584
6258 585
6259 586
6260 587
6261 588
6262 589
6263 590
6264 591
6265 592
6266 593
6267 594
6268 595
6269 596
6270 597
6271 598
6272 599
6273 600
6274 601
6275 602
6276 603
6277 604
6278 605
6279 606
6280 607
6281 608
6282 609
6283 610
6284 611
6285 612
6286 613
6287 614
6288 615
6289 616
6290 617
6291 618
6292 619
6293 620
6294 621
6295 622
6296 623
6297 624
6298 625
6299 626
6300 627
6301 628
6302 629
6303 630
6304 631
6305 632
6306 633
6307 634
6308 635
6309 636
6310 637
6311 638
6312 639
6313 640
6314 641
6315 642
6316 643
6317 644
6318 645
6319 646
6320 647
6321 648
6322 649
6323 650
6324 651
6325 652
6326 653
6327 654
6328 655
6329 656
6330 657
6331 658
6332 659
6333 660
6334 661
6335 662
6336 663
6337 664
6338 665
6339 666
6340 667
6341 668
6342 669
6343 670
6344 671
6345 672
6346 673
6347 674
6348 675
6349 676
6350 677
6351 678
6352 679
6353 680
6354 681
6355 682
6356 683
6357 684
6358 685
6359 686
6360 687
6361 688
6362 689
6363 690
6364 691
6365 692
6366 693
6367 694
6368 695
6369 696
6370 697
6371 698
6372 699
6373 700
6374 701
6375 702
6376 703
6377 704
6378 705
6379 706
6380 707
6381 708
6382 709
6383 710
6384 711
6385 712
6386 713
6387 714
6388 715
6389 716
6390 717
6391 718
6392 719
6393 720
6394 721
6395 722
6396 723
6397 724
6398 725
6399 726
6400 727
6401 728
6402 729
6403 730
6404 731
6405 732
6406 733
6407 734
6408 735
6409 736
6410 737
6411 738
6412 739
6413 740
6414 741
6415 742
6416 743
6417 744
6418 745
6419 746
6420 747
6421 748
6422 749
6423 750
6424 751
6425 752
6426 753
6427 754
6428 755
6429 756
6430 757
6431 758
6432 759
6433 760
6434 761
6435 762
6436 763
6437 764
6438 765
6439 766
6440 767
6441 384
6442 385
6443 386
6444 387
6445 388
6446 389
6447 390
6448 391
6449 392
6450 393
6451 394
6452 395
6453 396
6454 397
6455 398
6456 399
6457 400
6458 401
6459 402
6460 403
6461 404
6462 405
6463 406
6464 407
6465 408
6466 409
6467 410
6468 411
6469 412
6470 413
6471 414
6472 415
6473 416
6474 417
6475 418
6476 419
6477 420
6478 421
6479 422
6480 423
6481 424
6482 425
6483 426
6484 427
6485 428
6486 429
6487 430
6488 431
6489 432
6490 433
6491 434
6492 435
6493 436
6494 437
6495 438
6496 439
6497 440
6498 441
6499 442
6500 443
6501 444
6502 445
6503 446
6504 447
6505 448
6506 449
6507 450
6508 451
6509 452
6510 453
6511 454
6512 455
6513 456
6514 457
6515 458
6516 459
6517 460
6518 461
6519 462
6520 463
6521 464
6522 465
6523 466
6524 467
6525 468
6526 469
6527 470
6144 3633
6145 3634
6146 3635
6147 3636
6148 3637
6149 3638
6150 3639
6151 3640
6152 3641
6153 3642
6154 3643
6155 3644
6156 3645
6157 3646
6158 3647
6159 3648
6160 3649
6161 3650
6162 3651
6163 3652
6164 3653
6165 3654
6166 3655
6167 3656
6168 3657
6169 3658
6170 3659
6171 3660
6172 3661
6173 3662
6174 3663
6175 3664
6176 3665
6177 3666
6178 3667
6179 3668
6180 3669
6181 3670
6182 3671
6183 3672
6184 3673
6185 3674
6186 3675
6187 3676
6188 3677
6189 3678
6190 3679
6191 3680
6192 3681
6193 3682
6194 3683
6195 3684
6196 3685
6197 3686
6198 3687
6199 3688
6200 3689
6201 3690
6202 3691
6203 3692
6204 3693
6205 3694
6206 3695
6207 3696
6208 3697
6209 3698
6210 3699
6211 3700
6212 3701
6213 3702
6214 3703
6215 3704
6216 3705
6217 3706
6218 3707
6219 3708
6220 3709
6221 3710
6222 3711
6223 3712
6224 3713
6225 3714
6226 3715
6227 3716
6228 3717
6229 3718
6230 3719
6231 3720
6232 3721
6233 3722
6234 3723
6235 3724
6236 3725
6237 3726
6238 3727
6239 3728
6240 3729
6241 3730
6242 3731
6243 3732
6244 3733
6245 3734
6246 3735
6247 3736
6248 3737
6249 3738
6250 3739
6251 3740
6252 3741
6253 3742
6254 3743
6255 3744
6256 3745
6257 3746
6258 3747
6259 3748
6260 3749
6261 3750
6262 3751
6263 3752
6264 3753
6265 3754
6266 3755
6267 3756
6268 3757
6269 3758
6270 3759
6271 3760
6272 3761
6273 3762
6274 3763
6275 3764
6276 3765
6277 3766
6278 3767
6279 3768
6280 3769
6281 3770
6282 3771
6283 3772
6284 3773
6285 3774
6286 3775
6287 3776
6288 3777
6289 3778
6290 3779
6291 3780
6292 3781
6293 3782
6294 3783
6295 3784
6296 3785
6297 3786
6298 3787
6299 3788
6300 3789
6301 3790
6302 3791
6303 3792
6304 3793
6305 3794
6306 3795
6307 3796
6308 3797
6309 3798
6310 3799
6311 3800
6312 3801
6313 3802
6314 3803
6315 3804
6316 3805
6317 3806
6318 3807
6319 3808
6320 3809
6321 3810
6322 3811
6323 3812
6324 3813
6325 3814
6326 3815
6327 3816
6328 3817
6329 3818
6330 3819
6331 3820
6332 3821
6333 3822
6334 3823
6335 3824
6336 3825
6337 3826
6338 3827
6339 3828
6340 3829
6341 3830
6342 3831
6343 3832
6344 3833
6345 3834
6346 3835
6347 3836
6348 3837
6349 3838
6350 3839
6351 3456
6352 3457
6353 3458
6354 3459
6355 3460
6356 3461
6357 3462
6358 3463
6359 3464
6360 3465
6361 3466
6362 3467
6363 3468
6364 3469
6365 3470
6366 3471
6367 3472
6368 3473
6369 3474
6370 3475
6371 3476
6372 3477
6373 3478
6374 3479
6375 3480
6376 3481
6377 3482
6378 3483
6379 3484
6380 3485
6381 3486
6382 3487
6383 3488
6384 3489
6385 3490
6386 3491
6387 3492
6388 3493
6389 3494
6390 3495
6391 3496
6392 3497
6393 3498
6394 3499
6395 3500
6396 3501
6397 3502
6398 3503
6399 3504
6400 3505
6401 3506
6402 3507
6403 3508
6404 3509
6405 3510
6406 3511
6407 3512
6408 3513
6409 3514
6410 3515
6411 3516
6412 3517
6413 3518
6414 3519
6415 3520
6416 3521
6417 3522
6418 3523
6419 3524
6420 3525
6421 3526
6422 3527
6423 3528
6424 3529
6425 3530
6426 3531
6427 3532
6428 3533
6429 3534
6430 3535
6431 3536
6432 3537
6433 3538
6434 3539
6435 3540
6436 3541
6437 3542
6438 3543
6439 3544
6440 3545
6441 3546
6442 3547
6443 3548
6444 3549
6445 3550
6446 3551
6447 3552
6448 3553
6449 3554
6450 3555
6451 3556
6452 3557
6453 3558
6454 3559
6455 3560
6456 3561
6457 3562
6458 3563
6459 3564
6460 3565
6461 3566
6462 3567
6463 3568
6464 3569
6465 3570
6466 3571
6467 3572
6468 3573
6469 3574
6470 3575
6471 3576
6472 3577
6473 3578
6474 3579
6475 3580
6476 3581
6477 3582
6478 3583
6479 3584
6480 3585
6481 3586
6482 3587
6483 3588
6484 3589
6485 3590
6486 3591
6487 3592
6488 3593
6489 3594
6490 3595
6491 3596
6492 3597
6493 3598
6494 3599
6495 3600
6496 3601
6497 3602
6498 3603
6499 3604
6500 3605
6501 3606
6502 3607
6503 3608
6504 3609
6505 3610
6506 3611
6507 3612
6508 3613
6509 3614
6510 3615
6511 3616
6512 3617
6513 3618
6514 3619
6515 3620
6516 3621
6517 3622
6518 3623
6519 3624
6520 3625
6521 3626
6522 3627
6523 3628
6524 3629
6525 3630
6526 3631
6527 3632
6144 4359
6145 4360
6146 4361
6147 4362
6148 4363
6149 4364
6150 4365
6151 4366
6152 4367
6153 4368
6154 4369
6155 4370
6156 4371
6157 4372
6158 4373
6159 4374
6160 4375
6161 4376
6162 4377
6163 4378
6164 4379
6165 4380
6166 4381
6167 4382
6168 4383
6169 4384
6170 4385
6171 4386
6172 4387
6173 4388
6174 4389
6175 4390
6176 4391
6177 4392
6178 4393
6179 4394
6180 4395
6181 4396
6182 4397
6183 4398
6184 4399
6185 4400
6186 4401
6187 4402
6188 4403
6189 4404
6190 4405
6191 4406
6192 4407
6193 4408
6194 4409
6195 4410
6196 4411
6197 4412
6198 4413
6199 4414
6200 4415
6201 4416
6202 4417
6203 4418
6204 4419
6205 4420
6206 4421
6207 4422
6208 4423
6209 4424
6210 4425
6211 4426
6212 4427
6213 4428
6214 4429
6215 4430
6216 4431
6217 4432
6218 4433
6219 4434
6220 4435
6221 4436
6222 4437
6223 4438
6224 4439
6225 4440
6226 4441
6227 4442
6228 4443
6229 4444
6230 4445
6231 4446
6232 4447
6233 4448
6234 4449
6235 4450
6236 4451
6237 4452
6238 4453
6239 4454
6240 4455
6241 4456
6242 4457
6243 4458
6244 4459
6245 4460
6246 4461
6247 4462
6248 4463
6249 4464
6250 4465
6251 4466
6252 4467
6253 4468
6254 4469
6255 4470
6256 4471
6257 4472
6258 4473
6259 4474
6260 4475
6261 4476
6262 4477
6263 4478
6264 4479
6265 4480
6266 4481
6267 4482
6268 4483
6269 4484
6270 4485
6271 4486
6272 4487
6273 4488
6274 4489
6275 4490
6276 4491
6277 4492
6278 4493
6279 4494
6280 4495
6281 4496
6282 4497
6283 4498
6284 4499
6285 4500
6286 4501
6287 4502
6288 4503
6289 4504
6290 4505
6291 4506
6292 4507
6293 4508
6294 4509
6295 4510
6296 4511
6297 4512
6298 4513
6299 4514
6300 4515
6301 4516
6302 4517
6303 4518
6304 4519
6305 4520
6306 4521
6307 4522
6308 4523
6309 4524
6310 4525
6311 4526
6312 4527
6313 4528
6314 4529
6315 4530
6316 4531
6317 4532
6318 4533
6319 4534
6320 4535
6321 4536
6322 4537
6323 4538
6324 4539
6325 4540
6326 4541
6327 4542
6328 4543
6329 4544
6330 4545
6331 4546
6332 4547
6333 4548
6334 4549
6335 4550
6336 4551
6337 4552
6338 4553
6339 4554
6340 4555
6341 4556
6342 4557
6343 4558
6344 4559
6345 4560
6346 4561
6347 4562
6348 4563
6349 4564
6350 4565
6351 4566
6352 4567
6353 4568
6354 4569
6355 4570
6356 4571
6357 4572
6358 4573
6359 4574
6360 4575
6361 4576
6362 4577
6363 4578
6364 4579
6365 4580
6366 4581
6367 4582
6368 4583
6369 4584
6370 4585
6371 4586
6372 4587
6373 4588
6374 4589
6375 4590
6376 4591
6377 4592
6378 4593
6379 4594
6380 4595
6381 4596
6382 4597
6383 4598
6384 4599
6385 4600
6386 4601
6387 4602
6388 4603
6389 4604
6390 4605
6391 4606
6392 4607
6393 4224
6394 4225
6395 4226
6396 4227
6397 4228
6398 4229
6399 4230
6400 4231
6401 4232
6402 4233
6403 4234
6404 4235
6405 4236
6406 4237
6407 4238
6408 4239
6409 4240
6410 4241
6411 4242
6412 4243
6413 4244
6414 4245
6415 4246
6416 4247
6417 4248
6418 4249
6419 4250
6420 4251
6421 4252
6422 4253
6423 4254
6424 4255
6425 4256
6426 4257
6427 4258
6428 4259
6429 4260
6430 4261
6431 4262
6432 4263
6433 4264
6434 4265
6435 4266
6436 4267
6437 4268
6438 4269
6439 4270
6440 4271
6441 4272
6442 4273
6443 4274
6444 4275
6445 4276
6446 4277
6447 4278
6448 4279
6449 4280
6450 4281
6451 4282
6452 4283
6453 4284
6454 4285
6455 4286
6456 4287
6457 4288
6458 4289
6459 4290
6460 4291
6461 4292
6462 4293
6463 4294
6464 4295
6465 4296
6466 4297
6467 4298
6468 4299
6469 4300
6470 4301
6471 4302
6472 4303
6473 4304
6474 4305
6475 4306
6476 4307
6477 4308
6478 4309
6479 4310
6480 4311
6481 4312
6482 4313
6483 4314
6484 4315
6485 4316
6486 4317
6487 4318
6488 4319
6489 4320
6490 4321
6491 4322
6492 4323
6493 4324
6494 4325
6495 4326
6496 4327
6497 4328
6498 4329
6499 4330
6500 4331
6501 4332
6502 4333
6503 4334
6504 4335
6505 4336
6506 4337
6507 4338
6508 4339
6509 4340
6510 4341
6511 4342
6512 4343
6513 4344
6514 4345
6515 4346
6516 4347
6517 4348
6518 4349
6519 4350
6520 4351
6521 4352
6522 4353
6523 4354
6524 4355
6525 4356
6526 4357
6527 4358
6144 4672
6145 4673
6146 4674
6147 4675
6148 4676
6149 4677
6150 4678
6151 4679
6152 4680
6153 4681
6154 4682
6155 4683
6156 4684
6157 4685
6158 4686
6159 4687
6160 4688
6161 4689
6162 4690
6163 4691
6164 4692
6165 4693
6166 4694
6167 4695
6168 4696
6169 4697
6170 4698
6171 4699
6172 4700
6173 4701
6174 4702
6175 4703
6176 4704
6177 4705
6178 4706
6179 4707
6180 4708
6181 4709
6182 4710
6183 4711
6184 4712
6185 4713
6186 4714
6187 4715
6188 4716
6189 4717
6190 4718
6191 4719
6192 4720
6193 4721
6194 4722
6195 4723
6196 4724
6197 4725
6198 4726
6199 4727
6200 4728
6201 4729
6202 4730
6203 4731
6204 4732
6205 4733
6206 4734
6207 4735
6208 4736
6209 4737
6210 4738
6211 4739
6212 4740
6213 4741
6214 4742
6215 4743
6216 4744
6217 4745
6218 4746
6219 4747
6220 4748
6221 4749
6222 4750
6223 4751
6224 4752
6225 4753
6226 4754
6227 4755
6228 4756
6229 4757
6230 4758
6231 4759
6232 4760
6233 4761
6234 4762
6235 4763
6236 4764
6237 4765
6238 4766
6239 4767
6240 4768
6241 4769
6242 4770
6243 4771
6244 4772
6245 4773
6246 4774
6247 4775
6248 4776
6249 4777
6250 4778
6251 4779
6252 4780
6253 4781
6254 4782
6255 4783
6256 4784
6257 4785
6258 4786
6259 4787
6260 4788
6261 4789
6262 4790
6263 4791
6264 4792
6265 4793
6266 4794
6267 4795
6268 4796
6269 4797
6270 4798
6271 4799
6272 4800
6273 4801
6274 4802
6275 4803
6276 4804
6277 4805
6278 4806
6279 4807
6280 4808
6281 4809
6282 4810
6283 4811
6284 4812
6285 4813
6286 4814
6287 4815
6288 4816
6289 4817
6290 4818
6291 4819
6292 4820
6293 4821
6294 4822
6295 4823
6296 4824
6297 4825
6298 4826
6299 4827
6300 4828
6301 4829
6302 4830
6303 4831
6304 4832
6305 4833
6306 4834
6307 4835
6308 4836
6309 4837
6310 4838
6311 4839
6312 4840
6313 4841
6314 4842
6315 4843
6316 4844
6317 4845
6318 4846
6319 4847
6320 4848
6321 4849
6322 4850
6323 4851
6324 4852
6325 4853
6326 4854
6327 4855
6328 4856
6329 4857
6330 4858
6331 4859
6332 4860
6333 4861
6334 4862
6335 4863
6336 4864
6337 4865
6338 4866
6339 4867
6340 4868
6341 4869
6342 4870
6343 4871
6344 4872
6345 4873
6346 4874
6347 4875
6348 4876
6349 4877
6350 4878
6351 4879
6352 4880
6353 4881
6354 4882
6355 4883
6356 4884
6357 4885
6358 4886
6359 4887
6360 4888
6361 4889
6362 4890
6363 4891
6364 4892
6365 4893
6366 4894
6367 4895
6368 4896
6369 4897
6370 4898
6371 4899
6372 4900
6373 4901
6374 4902
6375 4903
6376 4904
6377 4905
6378 4906
6379 4907
6380 4908
6381 4909
6382 4910
6383 4911
6384 4912
6385 4913
6386 4914
6387 4915
6388 4916
6389 4917
6390 4918
6391 4919
6392 4920
6393 4921
6394 4922
6395 4923
6396 4924
6397 4925
6398 4926
6399 4927
6400 4928
6401 4929
6402 4930
6403 4931
6404 4932
6405 4933
6406 4934
6407 4935
6408 4936
6409 4937
6410 4938
6411 4939
6412 4940
6413 4941
6414 4942
6415 4943
6416 4944
6417 4945
6418 4946
6419 4947
6420 4948
6421 4949
6422 4950
6423 4951
6424 4952
6425 4953
6426 4954
6427 4955
6428 4956
6429 4957
6430 4958
6431 4959
6432 4960
6433 4961
6434 4962
6435 4963
6436 4964
6437 4965
6438 4966
6439 4967
6440 4968
6441 4969
6442 4970
6443 4971
6444 4972
6445 4973
6446 4974
6447 4975
6448 4976
6449 4977
6450 4978
6451 4979
6452 4980
6453 4981
6454 4982
6455 4983
6456 4984
6457 4985
6458 4986
6459 4987
6460 4988
6461 4989
6462 4990
6463 4991
6464 4608
6465 4609
6466 4610
6467 4611
6468 4612
6469 4613
6470 4614
6471 4615
6472 4616
6473 4617
6474 4618
6475 4619
6476 4620
6477 4621
6478 4622
6479 4623
6480 4624
6481 4625
6482 4626
6483 4627
6484 4628
6485 4629
6486 4630
6487 4631
6488 4632
6489 4633
6490 4634
6491 4635
6492 4636
6493 4637
6494 4638
6495 4639
6496 4640
6497 4641
6498 4642
6499 4643
6500 4644
6501 4645
6502 4646
6503 4647
6504 4648
6505 4649
6506 4650
6507 4651
6508 4652
6509 4653
6510 4654
6511 4655
6512 4656
6513 4657
6514 4658
6515 4659
6516 4660
6517 4661
6518 4662
6519 4663
6520 4664
6521 4665
6522 4666
6523 4667
6524 4668
6525 4669
6526 4670
6527 4671
6144 9984
6145 9985
6146 9986
6147 9987
6148 9988
6149 9989
6150 9990
6151 9991
6152 9992
6153 9993
6154 9994
6155 9995
6156 9996
6157 9997
6158 9998
6159 9999
6160 10000
6161 10001
6162 10002
6163 10003
6164 10004
6165 10005
6166 10006
6167 10007
6168 10008
6169 10009
6170 10010
6171 10011
6172 10012
6173 10013
6174 10014
6175 10015
6176 10016
6177 10017
6178 10018
6179 10019
6180 10020
6181 10021
6182 10022
6183 10023
6184 10024
6185 10025
6186 10026
6187 10027
6188 10028
6189 10029
6190 10030
6191 10031
6192 10032
6193 10033
6194 10034
6195 10035
6196 10036
6197 10037
6198 10038
6199 10039
6200 10040
6201 10041
6202 10042
6203 10043
6204 10044
6205 10045
6206 10046
6207 10047
6208 10048
6209 10049
6210 10050
6211 10051
6212 10052
6213 10053
6214 10054
6215 10055
6216 10056
6217 10057
6218 10058
6219 10059
6220 10060
6221 10061
6222 10062
6223 10063
6224 10064
6225 10065
6226 10066
6227 10067
6228 10068
6229 10069
6230 10070
6231 10071
6232 10072
6233 10073
6234 10074
6235 10075
6236 10076
6237 10077
6238 10078
6239 10079
6240 10080
6241 10081
6242 10082
6243 10083
6244 10084
6245 10085
6246 10086
6247 10087
6248 10088
6249 10089
6250 10090
6251 10091
6252 10092
6253 10093
6254 10094
6255 10095
6256 10096
6257 10097
6258 10098
6259 10099
6260 10100
6261 10101
6262 10102
6263 10103
6264 10104
6265 10105
6266 10106
6267 10107
6268 10108
6269 10109
6270 10110
6271 10111
6272 10112
6273 10113
6274 10114
6275 10115
6276 10116
6277 10117
6278 10118
6279 10119
6280 10120
6281 10121
6282 10122
6283 10123
6284 10124
6285 10125
6286 10126
6287 10127
6288 10128
6289 10129
6290 10130
6291 10131
6292 10132
6293 10133
6294 10134
6295 10135
6296 10136
6297 10137
6298 10138
6299 10139
6300 10140
6301 10141
6302 10142
6303 10143
6304 10144
6305 10145
6306 10146
6307 10147
6308 10148
6309 10149
6310 10150
6311 10151
6312 10152
6313 10153
6314 10154
6315 10155
6316 10156
6317 10157
6318 10158
6319 10159
6320 10160
6321 10161
6322 10162
6323 10163
6324 10164
6325 10165
6326 10166
6327 10167
6328 10168
6329 10169
6330 10170
6331 10171
6332 10172
6333 10173
6334 10174
6335 10175
6336 10176
6337 10177
6338 10178
6339 10179
6340 10180
6341 10181
6342 10182
6343 10183
6344 10184
6345 10185
6346 10186
6347 10187
6348 10188
6349 10189
6350 10190
6351 10191
6352 10192
6353 10193
6354 10194
6355 10195
6356 10196
6357 10197
6358 10198
6359 10199
6360 10200
6361 10201
6362 10202
6363 10203
6364 10204
6365 10205
6366 10206
6367 10207
6368 10208
6369 10209
6370 10210
6371 10211
6372 10212
6373 10213
6374 10214
6375 10215
6376 10216
6377 10217
6378 10218
6379 10219
6380 10220
6381 10221
6382 10222
6383 10223
6384 10224
6385 10225
6386 10226
6387 10227
6388 10228
6389 10229
6390 10230
6391 10231
6392 10232
6393 10233
6394 10234
6395 10235
6396 10236
6397 10237
6398 10238
6399 10239
6400 10240
6401 10241
6402 10242
6403 10243
6404 10244
6405 10245
6406 10246
6407 10247
6408 10248
6409 10249
6410 10250
6411 10251
6412 10252
6413 10253
6414 10254
6415 10255
6416 10256
6417 10257
6418 10258
6419 10259
6420 10260
6421 10261
6422 10262
6423 10263
6424 10264
6425 10265
6426 10266
6427 10267
6428 10268
6429 10269
6430 10270
6431 10271
6432 10272
6433 10273
6434 10274
6435 10275
6436 10276
6437 10277
6438 10278
6439 10279
6440 10280
6441 10281
6442 10282
6443 10283
6444 10284
6445 10285
6446 10286
6447 10287
6448 10288
6449 10289
6450 10290
6451 10291
6452 10292
6453 10293
6454 10294
6455 10295
6456 10296
6457 10297
6458 10298
6459 10299
6460 10300
6461 10301
6462 10302
6463 10303
6464 10304
6465 10305
6466 10306
6467 10307
6468 10308
6469 10309
6470 10310
6471 10311
6472 10312
6473 10313
6474 10314
6475 10315
6476 10316
6477 10317
6478 10318
6479 10319
6480 10320
6481 10321
6482 10322
6483 10323
6484 10324
6485 10325
6486 10326
6487 10327
6488 10328
6489 10329
6490 10330
6491 10331
6492 10332
6493 10333
6494 10334
6495 10335
6496 10336
6497 10337
6498 10338
6499 10339
6500 10340
6501 10341
6502 10342
6503 10343
6504 10344
6505 10345
6506 10346
6507 10347
6508 10348
6509 10349
6510 10350
6511 10351
6512 10352
6513 10353
6514 10354
6515 10355
6516 10356
6517 10357
6518 10358
6519 10359
6520 10360
6521 10361
6522 10362
6523 10363
6524 10364
6525 10365
6526 10366
6527 10367
6528 542
6529 543
6530 544
6531 545
6532 546
6533 547
6534 548
6535 549
6536 550
6537 551
6538 552
6539 553
6540 554
6541 555
6542 556
6543 557
6544 558
6545 559
6546 560
6547 561
6548 562
6549 563
6550 564
6551 565
6552 566
6553 567
6554 568
6555 569
6556 570
6557 571
6558 572
6559 573
6560 574
6561 575
6562 576
6563 577
6564 578
6565 579
6566 580
6567 581
6568 582
6569 583
6570 584
6571 585
6572 586
6573 587
6574 588
6575 589
6576 590
6577 591
6578 592
6579 593
6580 594
6581 595
6582 596
6583 597
6584 598
6585 599
6586 600
6587 601
6588 602
6589 603
6590 604
6591 605
6592 606
6593 607
6594 608
6595 609
6596 610
6597 611
6598 612
6599 613
6600 614
6601 615
6602 616
6603 617
6604 618
6605 619
6606 620
6607 621
6608 622
6609 623
6610 624
6611 625
6612 626
6613 627
6614 628
6615 629
6616 630
6617 631
6618 632
6619 633
6620 634
6621 635
6622 636
6623 637
6624 638
6625 639
6626 640
6627 641
6628 642
6629 643
6630 644
6631 645
6632 646
6633 647
6634 648
6635 649
6636 650
6637 651
6638 652
6639 653
6640 654
6641 655
6642 656
6643 657
6644 658
6645 659
6646 660
6647 661
6648 662
6649 663
6650 664
6651 665
6652 666
6653 667
6654 668
6655 669
6656 670
6657 671
6658 672
6659 673
6660 674
6661 675
6662 676
6663 677
6664 678
6665 679
6666 680
6667 681
6668 682
6669 683
6670 684
6671 685
6672 686
6673 687
6674 688
6675 689
6676 690
6677 691
6678 692
6679 693
6680 694
6681 695
6682 696
6683 697
6684 698
6685 699
6686 700
6687 701
6688 702
6689 703
6690 704
6691 705
6692 706
6693 707
6694 708
6695 709
6696 710
6697 711
6698 712
6699 713
6700 714
6701 715
6702 716
6703 717
6704 718
6705 719
6706 720
6707 721
6708 722
6709 723
6710 724
6711 725
6712 726
6713 727
6714 728
6715 729
6716 730
6717 731
6718 732
6719 733
6720 734
6721 735
6722 736
6723 737
6724 738
6725 739
6726 740
6727 741
6728 742
6729 743
6730 744
6731 745
6732 746
6733 747
6734 748
6735 749
6736 750
6737 751
6738 752
6739 753
6740 754
6741 755
6742 756
6743 757
6744 758
6745 759
6746 760
6747 761
6748 762
6749 763
6750 764
6751 765
6752 766
6753 767
6754 384
6755 385
6756 386
6757 387
6758 388
6759 389
6760 390
6761 391
6762 392
6763 393
6764 394
6765 395
6766 396
6767 397
6768 398
6769 399
6770 400
6771 401
6772 402
6773 403
6774 404
6775 405
6776 406
6777 407
6778 408
6779 409
6780 410
6781 411
6782 412
6783 413
6784 414
6785 415
6786 416
6787 417
6788 418
6789 419
6790 420
6791 421
6792 422
6793 423
6794 424
6795 425
6796 426
6797 427
6798 428
6799 429
6800 430
6801 431
6802 432
6803 433
6804 434
6805 435
6806 436
6807 437
6808 438
6809 439
6810 440
6811 441
6812 442
6813 443
6814 444
6815 445
6816 446
6817 447
6818 448
6819 449
6820 450
6821 451
6822 452
6823 453
6824 454
6825 455
6826 456
6827 457
6828 458
6829 459
6830 460
6831 461
6832 462
6833 463
6834 464
6835 465
6836 466
6837 467
6838 468
6839 469
6840 470
6841 471
6842 472
6843 473
6844 474
6845 475
6846 476
6847 477
6848 478
6849 479
6850 480
6851 481
6852 482
6853 483
6854 484
6855 485
6856 486
6857 487
6858 488
6859 489
6860 490
6861 491
6862 492
6863 493
6864 494
6865 495
6866 496
6867 497
6868 498
6869 499
6870 500
6871 501
6872 502
6873 503
6874 504
6875 505
6876 506
6877 507
6878 508
6879 509
6880 510
6881 511
6882 512
6883 513
6884 514
6885 515
6886 516
6887 517
6888 518
6889 519
6890 520
6891 521
6892 522
6893 523
6894 524
6895 525
6896 526
6897 527
6898 528
6899 529
6900 530
6901 531
6902 532
6903 533
6904 534
6905 535
6906 536
6907 537
6908 538
6909 539
6910 540
6911 541
6528 1943
6529 1944
6530 1945
6531 1946
6532 1947
6533 1948
6534 1949
6535 1950
6536 1951
6537 1952
6538 1953
6539 1954
6540 1955
6541 1956
6542 1957
6543 1958
6544 1959
6545 1960
6546 1961
6547 1962
6548 1963
6549 1964
6550 1965
6551 1966
6552 1967
6553 1968
6554 1969
6555 1970
6556 1971
6557 1972
6558 1973
6559 1974
6560 1975
6561 1976
6562 1977
6563 1978
6564 1979
6565 1980
6566 1981
6567 1982
6568 1983
6569 1984
6570 1985
6571 1986
6572 1987
6573 1988
6574 1989
6575 1990
6576 1991
6577 1992
6578 1993
6579 1994
6580 1995
6581 1996
6582 1997
6583 1998
6584 1999
6585 2000
6586 2001
6587 2002
6588 2003
6589 2004
6590 2005
6591 2006
6592 2007
6593 2008
6594 2009
6595 2010
6596 2011
6597 2012
6598 2013
6599 2014
6600 2015
6601 2016
6602 2017
6603 2018
6604 2019
6605 2020
6606 2021
6607 2022
6608 2023
6609 2024
6610 2025
6611 2026
6612 2027
6613 2028
6614 2029
6615 2030
6616 2031
6617 2032
6618 2033
6619 2034
6620 2035
6621 2036
6622 2037
6623 2038
6624 2039
6625 2040
6626 2041
6627 2042
6628 2043
6629 2044
6630 2045
6631 2046
6632 2047
6633 2048
6634 2049
6635 2050
6636 2051
6637 2052
6638 2053
6639 2054
6640 2055
6641 2056
6642 2057
6643 2058
6644 2059
6645 2060
6646 2061
6647 2062
6648 2063
6649 2064
6650 2065
6651 2066
6652 2067
6653 2068
6654 2069
6655 2070
6656 2071
6657 2072
6658 2073
6659 2074
6660 2075
6661 2076
6662 2077
6663 2078
6664 2079
6665 2080
6666 2081
6667 2082
6668 2083
6669 2084
6670 2085
6671 2086
6672 2087
6673 2088
6674 2089
6675 2090
6676 2091
6677 2092
6678 2093
6679 2094
6680 2095
6681 2096
6682 2097
6683 2098
6684 2099
6685 2100
6686 2101
6687 2102
6688 2103
6689 2104
6690 2105
6691 2106
6692 2107
6693 2108
6694 2109
6695 2110
6696 2111
6697 2112
6698 2113
6699 2114
6700 2115
6701 2116
6702 2117
6703 2118
6704 2119
6705 2120
6706 2121
6707 2122
6708 2123
6709 2124
6710 2125
6711 2126
6712 2127
6713 2128
6714 2129
6715 2130
6716 2131
6717 2132
6718 2133
6719 2134
6720 2135
6721 2136
6722 2137
6723 2138
6724 2139
6725 2140
6726 2141
6727 2142
6728 2143
6729 2144
6730 2145
6731 2146
6732 2147
6733 2148
6734 2149
6735 2150
6736 2151
6737 2152
6738 2153
6739 2154
6740 2155
6741 2156
6742 2157
6743 2158
6744 2159
6745 2160
6746 2161
6747 2162
6748 2163
6749 2164
6750 2165
6751 2166
6752 2167
6753 2168
6754 2169
6755 2170
6756 2171
6757 2172
6758 2173
6759 2174
6760 2175
6761 2176
6762 2177
6763 2178
6764 2179
6765 2180
6766 2181
6767 2182
6768 2183
6769 2184
6770 2185
6771 2186
6772 2187
6773 2188
6774 2189
6775 2190
6776 2191
6777 2192
6778 2193
6779 2194
6780 2195
6781 2196
6782 2197
6783 2198
6784 2199
6785 2200
6786 2201
6787 2202
6788 2203
6789 2204
6790 2205
6791 2206
6792 2207
6793 2208
6794 2209
6795 2210
6796 2211
6797 2212
6798 2213
6799 2214
6800 2215
6801 2216
6802 2217
6803 2218
6804 2219
6805 2220
6806 2221
6807 2222
6808 2223
6809 2224
6810 2225
6811 2226
6812 2227
6813 2228
6814 2229
6815 2230
6816 2231
6817 2232
6818 2233
6819 2234
6820 2235
6821 2236
6822 2237
6823 2238
6824 2239
6825 2240
6826 2241
6827 2242
6828 2243
6829 2244
6830 2245
6831 2246
6832 2247
6833 2248
6834 2249
6835 2250
6836 2251
6837 2252
6838 2253
6839 2254
6840 2255
6841 2256
6842 2257
6843 2258
6844 2259
6845 2260
6846 2261
6847 2262
6848 2263
6849 2264
6850 2265
6851 2266
6852 2267
6853 2268
6854 2269
6855 2270
6856 2271
6857 2272
6858 2273
6859 2274
6860 2275
6861 2276
6862 2277
6863 2278
6864 2279
6865 2280
6866 2281
6867 2282
6868 2283
6869 2284
6870 2285
6871 2286
6872 2287
6873 2288
6874 2289
6875 2290
6876 2291
6877 2292
6878 2293
6879 2294
6880 2295
6881 2296
6882 2297
6883 2298
6884 2299
6885 2300
6886 2301
6887 2302
6888 2303
6889 1920
6890 1921
6891 1922
6892 1923
6893 1924
6894 1925
6895 1926
6896 1927
6897 1928
6898 1929
6899 1930
6900 1931
6901 1932
6902 1933
6903 1934
6904 1935
6905 1936
6906 1937
6907 1938
6908 1939
6909 1940
6910 1941
6911 1942
6528 4233
6529 4234
6530 4235
6531 4236
6532 4237
6533 4238
6534 4239
6535 4240
6536 4241
6537 4242
6538 4243
6539 4244
6540 4245
6541 4246
6542 4247
6543 4248
6544 4249
6545 4250
6546 4251
6547 4252
6548 4253
6549 4254
6550 4255
6551 4256
6552 4257
6553 4258
6554 4259
6555 4260
6556 4261
6557 4262
6558 4263
6559 4264
6560 4265
6561 4266
6562 4267
6563 4268
6564 4269
6565 4270
6566 4271
6567 4272
6568 4273
6569 4274
6570 4275
6571 4276
6572 4277
6573 4278
6574 4279
6575 4280
6576 4281
6577 4282
6578 4283
6579 4284
6580 4285
6581 4286
6582 4287
6583 4288
6584 4289
6585 4290
6586 4291
6587 4292
6588 4293
6589 4294
6590 4295
6591 4296
6592 4297
6593 4298
6594 4299
6595 4300
6596 4301
6597 4302
6598 4303
6599 4304
6600 4305
6601 4306
6602 4307
6603 4308
6604 4309
6605 4310
6606 4311
6607 4312
6608 4313
6609 4314
6610 4315
6611 4316
6612 4317
6613 4318
6614 4319
6615 4320
6616 4321
6617 4322
6618 4323
6619 4324
6620 4325
6621 4326
6622 4327
6623 4328
6624 4329
6625 4330
6626 4331
6627 4332
6628 4333
6629 4334
6630 4335
6631 4336
6632 4337
6633 4338
6634 4339
6635 4340
6636 4341
6637 4342
6638 4343
6639 4344
6640 4345
6641 4346
6642 4347
6643 4348
6644 4349
6645 4350
6646 4351
6647 4352
6648 4353
6649 4354
6650 4355
6651 4356
6652 4357
6653 4358
6654 4359
6655 4360
6656 4361
6657 4362
6658 4363
6659 4364
6660 4365
6661 4366
6662 4367
6663 4368
6664 4369
6665 4370
6666 4371
6667 4372
6668 4373
6669 4374
6670 4375
6671 4376
6672 4377
6673 4378
6674 4379
6675 4380
6676 4381
6677 4382
6678 4383
6679 4384
6680 4385
6681 4386
6682 4387
6683 4388
6684 4389
6685 4390
6686 4391
6687 4392
6688 4393
6689 4394
6690 4395
6691 4396
6692 4397
6693 4398
6694 4399
6695 4400
6696 4401
6697 4402
6698 4403
6699 4404
6700 4405
6701 4406
6702 4407
6703 4408
6704 4409
6705 4410
6706 4411
6707 4412
6708 4413
6709 4414
6710 4415
6711 4416
6712 4417
6713 4418
6714 4419
6715 4420
6716 4421
6717 4422
6718 4423
6719 4424
6720 4425
6721 4426
6722 4427
6723 4428
6724 4429
6725 4430
6726 4431
6727 4432
6728 4433
6729 4434
6730 4435
6731 4436
6732 4437
6733 4438
6734 4439
6735 4440
6736 4441
6737 4442
6738 4443
6739 4444
6740 4445
6741 4446
6742 4447
6743 4448
6744 4449
6745 4450
6746 4451
6747 4452
6748 4453
6749 4454
6750 4455
6751 4456
6752 4457
6753 4458
6754 4459
6755 4460
6756 4461
6757 4462
6758 4463
6759 4464
6760 4465
6761 4466
6762 4467
6763 4468
6764 4469
6765 4470
6766 4471
6767 4472
6768 4473
6769 4474
6770 4475
6771 4476
6772 4477
6773 4478
6774 4479
6775 4480
6776 4481
6777 4482
6778 4483
6779 4484
6780 4485
6781 4486
6782 4487
6783 4488
6784 4489
6785 4490
6786 4491
6787 4492
6788 4493
6789 4494
6790 4495
6791 4496
6792 4497
6793 4498
6794 4499
6795 4500
6796 4501
6797 4502
6798 4503
6799 4504
6800 4505
6801 4506
6802 4507
6803 4508
6804 4509
6805 4510
6806 4511
6807 4512
6808 4513
6809 4514
6810 4515
6811 4516
6812 4517
6813 4518
6814 4519
6815 4520
6816 4521
6817 4522
6818 4523
6819 4524
6820 4525
6821 4526
6822 4527
6823 4528
6824 4529
6825 4530
6826 4531
6827 4532
6828 4533
6829 4534
6830 4535
6831 4536
6832 4537
6833 4538
6834 4539
6835 4540
6836 4541
6837 4542
6838 4543
6839 4544
6840 4545
6841 4546
6842 4547
6843 4548
6844 4549
6845 4550
6846 4551
6847 4552
6848 4553
6849 4554
6850 4555
6851 4556
6852 4557
6853 4558
6854 4559
6855 4560
6856 4561
6857 4562
6858 4563
6859 4564
6860 4565
6861 4566
6862 4567
6863 4568
6864 4569
6865 4570
6866 4571
6867 4572
6868 4573
6869 4574
6870 4575
6871 4576
6872 4577
6873 4578
6874 4579
6875 4580
6876 4581
6877 4582
6878 4583
6879 4584
6880 4585
6881 4586
6882 4587
6883 4588
6884 4589
6885 4590
6886 4591
6887 4592
6888 4593
6889 4594
6890 4595
6891 4596
6892 4597
6893 4598
6894 4599
6895 4600
6896 4601
6897 4602
6898 4603
6899 4604
6900 4605
6901 4606
6902 4607
6903 4224
6904 4225
6905 4226
6906 4227
6907 4228
6908 4229
6909 4230
6910 4231
6911 4232
6528 4614
6529 4615
6530 4616
6531 4617
6532 4618
6533 4619
6534 4620
6535 4621
6536 4622
6537 4623
6538 4624
6539 4625
6540 4626
6541 4627
6542 4628
6543 4629
6544 4630
6545 4631
6546 4632
6547 4633
6548 4634
6549 4635
6550 4636
6551 4637
6552 4638
6553 4639
6554 4640
6555 4641
6556 4642
6557 4643
6558 4644
6559 4645
6560 4646
6561 4647
6562 4648
6563 4649
6564 4650
6565 4651
6566 4652
6567 4653
6568 4654
6569 4655
6570 4656
6571 4657
6572 4658
6573 4659
6574 4660
6575 4661
6576 4662
6577 4663
6578 4664
6579 4665
6580 4666
6581 4667
6582 4668
6583 4669
6584 4670
6585 4671
6586 4672
6587 4673
6588 4674
6589 4675
6590 4676
6591 4677
6592 4678
6593 4679
6594 4680
6595 4681
6596 4682
6597 4683
6598 4684
6599 4685
6600 4686
6601 4687
6602 4688
6603 4689
6604 4690
6605 4691
6606 4692
6607 4693
6608 4694
6609 4695
6610 4696
6611 4697
6612 4698
6613 4699
6614 4700
6615 4701
6616 4702
6617 4703
6618 4704
6619 4705
6620 4706
6621 4707
6622 4708
6623 4709
6624 4710
6625 4711
6626 4712
6627 4713
6628 4714
6629 4715
6630 4716
6631 4717
6632 4718
6633 4719
6634 4720
6635 4721
6636 4722
6637 4723
6638 4724
6639 4725
6640 4726
6641 4727
6642 4728
6643 4729
6644 4730
6645 4731
6646 4732
6647 4733
6648 4734
6649 4735
6650 4736
6651 4737
6652 4738
6653 4739
6654 4740
6655 4741
6656 4742
6657 4743
6658 4744
6659 4745
6660 4746
6661 4747
6662 4748
6663 4749
6664 4750
6665 4751
6666 4752
6667 4753
6668 4754
6669 4755
6670 4756
6671 4757
6672 4758
6673 4759
6674 4760
6675 4761
6676 4762
6677 4763
6678 4764
6679 4765
6680 4766
6681 4767
6682 4768
6683 4769
6684 4770
6685 4771
6686 4772
6687 4773
6688 4774
6689 4775
6690 4776
6691 4777
6692 4778
6693 4779
6694 4780
6695 4781
6696 4782
6697 4783
6698 4784
6699 4785
6700 4786
6701 4787
6702 4788
6703 4789
6704 4790
6705 4791
6706 4792
6707 4793
6708 4794
6709 4795
6710 4796
6711 4797
6712 4798
6713 4799
6714 4800
6715 4801
6716 4802
6717 4803
6718 4804
6719 4805
6720 4806
6721 4807
6722 4808
6723 4809
6724 4810
6725 4811
6726 4812
6727 4813
6728 4814
6729 4815
6730 4816
6731 4817
6732 4818
6733 4819
6734 4820
6735 4821
6736 4822
6737 4823
6738 4824
6739 4825
6740 4826
6741 4827
6742 4828
6743 4829
6744 4830
6745 4831
6746 4832
6747 4833
6748 4834
6749 4835
6750 4836
6751 4837
6752 4838
6753 4839
6754 4840
6755 4841
6756 4842
6757 4843
6758 4844
6759 4845
6760 4846
6761 4847
6762 4848
6763 4849
6764 4850
6765 4851
6766 4852
6767 4853
6768 4854
6769 4855
6770 4856
6771 4857
6772 4858
6773 4859
6774 4860
6775 4861
6776 4862
6777 4863
6778 4864
6779 4865
6780 4866
6781 4867
6782 4868
6783 4869
6784 4870
6785 4871
6786 4872
6787 4873
6788 4874
6789 4875
6790 4876
6791 4877
6792 4878
6793 4879
6794 4880
6795 4881
6796 4882
6797 4883
6798 4884
6799 4885
6800 4886
6801 4887
6802 4888
6803 4889
6804 4890
6805 4891
6806 4892
6807 4893
6808 4894
6809 4895
6810 4896
6811 4897
6812 4898
6813 4899
6814 4900
6815 4901
6816 4902
6817 4903
6818 4904
6819 4905
6820 4906
6821 4907
6822 4908
6823 4909
6824 4910
6825 4911
6826 4912
6827 4913
6828 4914
6829 4915
6830 4916
6831 4917
6832 4918
6833 4919
6834 4920
6835 4921
6836 4922
6837 4923
6838 4924
6839 4925
6840 4926
6841 4927
6842 4928
6843 4929
6844 4930
6845 4931
6846 4932
6847 4933
6848 4934
6849 4935
6850 4936
6851 4937
6852 4938
6853 4939
6854 4940
6855 4941
6856 4942
6857 4943
6858 4944
6859 4945
6860 4946
6861 4947
6862 4948
6863 4949
6864 4950
6865 4951
6866 4952
6867 4953
6868 4954
6869 4955
6870 4956
6871 4957
6872 4958
6873 4959
6874 4960
6875 4961
6876 4962
6877 4963
6878 4964
6879 4965
6880 4966
6881 4967
6882 4968
6883 4969
6884 4970
6885 4971
6886 4972
6887 4973
6888 4974
6889 4975
6890 4976
6891 4977
6892 4978
6893 4979
6894 4980
6895 4981
6896 4982
6897 4983
6898 4984
6899 4985
6900 4986
6901 4987
6902 4988
6903 4989
6904 4990
6905 4991
6906 4608
6907 4609
6908 4610
6909 4611
6910 4612
6911 4613
6528 10368
6529 10369
6530 10370
6531 10371
6532 10372
6533 10373
6534 10374
6535 10375
6536 10376
6537 10377
6538 10378
6539 10379
6540 10380
6541 10381
6542 10382
6543 10383
6544 10384
6545 10385
6546 10386
6547 10387
6548 10388
6549 10389
6550 10390
6551 10391
6552 10392
6553 10393
6554 10394
6555 10395
6556 10396
6557 10397
6558 10398
6559 10399
6560 10400
6561 10401
6562 10402
6563 10403
6564 10404
6565 10405
6566 10406
6567 10407
6568 10408
6569 10409
6570 10410
6571 10411
6572 10412
6573 10413
6574 10414
6575 10415
6576 10416
6577 10417
6578 10418
6579 10419
6580 10420
6581 10421
6582 10422
6583 10423
6584 10424
6585 10425
6586 10426
6587 10427
6588 10428
6589 10429
6590 10430
6591 10431
6592 10432
6593 10433
6594 10434
6595 10435
6596 10436
6597 10437
6598 10438
6599 10439
6600 10440
6601 10441
6602 10442
6603 10443
6604 10444
6605 10445
6606 10446
6607 10447
6608 10448
6609 10449
6610 10450
6611 10451
6612 10452
6613 10453
6614 10454
6615 10455
6616 10456
6617 10457
6618 10458
6619 10459
6620 10460
6621 10461
6622 10462
6623 10463
6624 10464
6625 10465
6626 10466
6627 10467
6628 10468
6629 10469
6630 10470
6631 10471
6632 10472
6633 10473
6634 10474
6635 10475
6636 10476
6637 10477
6638 10478
6639 10479
6640 10480
6641 10481
6642 10482
6643 10483
6644 10484
6645 10485
6646 10486
6647 10487
6648 10488
6649 10489
6650 10490
6651 10491
6652 10492
6653 10493
6654 10494
6655 10495
6656 10496
6657 10497
6658 10498
6659 10499
6660 10500
6661 10501
6662 10502
6663 10503
6664 10504
6665 10505
6666 10506
6667 10507
6668 10508
6669 10509
6670 10510
6671 10511
6672 10512
6673 10513
6674 10514
6675 10515
6676 10516
6677 10517
6678 10518
6679 10519
6680 10520
6681 10521
6682 10522
6683 10523
6684 10524
6685 10525
6686 10526
6687 10527
6688 10528
6689 10529
6690 10530
6691 10531
6692 10532
6693 10533
6694 10534
6695 10535
6696 10536
6697 10537
6698 10538
6699 10539
6700 10540
6701 10541
6702 10542
6703 10543
6704 10544
6705 10545
6706 10546
6707 10547
6708 10548
6709 10549
6710 10550
6711 10551
6712 10552
6713 10553
6714 10554
6715 10555
6716 10556
6717 10557
6718 10558
6719 10559
6720 10560
6721 10561
6722 10562
6723 10563
6724 10564
6725 10565
6726 10566
6727 10567
6728 10568
6729 10569
6730 10570
6731 10571
6732 10572
6733 10573
6734 10574
6735 10575
6736 10576
6737 10577
6738 10578
6739 10579
6740 10580
6741 10581
6742 10582
6743 10583
6744 10584
6745 10585
6746 10586
6747 10587
6748 10588
6749 10589
6750 10590
6751 10591
6752 10592
6753 10593
6754 10594
6755 10595
6756 10596
6757 10597
6758 10598
6759 10599
6760 10600
6761 10601
6762 10602
6763 10603
6764 10604
6765 10605
6766 10606
6767 10607
6768 10608
6769 10609
6770 10610
6771 10611
6772 10612
6773 10613
6774 10614
6775 10615
6776 10616
6777 10617
6778 10618
6779 10619
6780 10620
6781 10621
6782 10622
6783 10623
6784 10624
6785 10625
6786 10626
6787 10627
6788 10628
6789 10629
6790 10630
6791 10631
6792 10632
6793 10633
6794 10634
6795 10635
6796 10636
6797 10637
6798 10638
6799 10639
6800 10640
6801 10641
6802 10642
6803 10643
6804 10644
6805 10645
6806 10646
6807 10647
6808 10648
6809 10649
6810 10650
6811 10651
6812 10652
6813 10653
6814 10654
6815 10655
6816 10656
6817 10657
6818 10658
6819 10659
6820 10660
6821 10661
6822 10662
6823 10663
6824 10664
6825 10665
6826 10666
6827 10667
6828 10668
6829 10669
6830 10670
6831 10671
6832 10672
6833 10673
6834 10674
6835 10675
6836 10676
6837 10677
6838 10678
6839 10679
6840 10680
6841 10681
6842 10682
6843 10683
6844 10684
6845 10685
6846 10686
6847 10687
6848 10688
6849 10689
6850 10690
6851 10691
6852 10692
6853 10693
6854 10694
6855 10695
6856 10696
6857 10697
6858 10698
6859 10699
6860 10700
6861 10701
6862 10702
6863 10703
6864 10704
6865 10705
6866 10706
6867 10707
6868 10708
6869 10709
6870 10710
6871 10711
6872 10712
6873 10713
6874 10714
6875 10715
6876 10716
6877 10717
6878 10718
6879 10719
6880 10720
6881 10721
6882 10722
6883 10723
6884 10724
6885 10725
6886 10726
6887 10727
6888 10728
6889 10729
6890 10730
6891 10731
6892 10732
6893 10733
6894 10734
6895 10735
6896 10736
6897 10737
6898 10738
6899 10739
6900 10740
6901 10741
6902 10742
6903 10743
6904 10744
6905 10745
6906 10746
6907 10747
6908 10748
6909 10749
6910 10750
6911 10751
6912 186
6913 187
6914 188
6915 189
6916 190
6917 191
6918 192
6919 193
6920 194
6921 195
6922 196
6923 197
6924 198
6925 199
6926 200
6927 201
6928 202
6929 203
6930 204
6931 205
6932 206
6933 207
6934 208
6935 209
6936 210
6937 211
6938 212
6939 213
6940 214
6941 215
6942 216
6943 217
6944 218
6945 219
6946 220
6947 221
6948 222
6949 223
6950 224
6951 225
6952 226
6953 227
6954 228
6955 229
6956 230
6957 231
6958 232
6959 233
6960 234
6961 235
6962 236
6963 237
6964 238
6965 239
6966 240
6967 241
6968 242
6969 243
6970 244
6971 245
6972 246
6973 247
6974 248
6975 249
6976 250
6977 251
6978 252
6979 253
6980 254
6981 255
6982 256
6983 257
6984 258
6985 259
6986 260
6987 261
6988 262
6989 263
6990 264
6991 265
6992 266
6993 267
6994 268
6995 269
6996 270
6997 271
6998 272
6999 273
7000 274
7001 275
7002 276
7003 277
7004 278
7005 279
7006 280
7007 281
7008 282
7009 283
7010 284
7011 285
7012 286
7013 287
7014 288
7015 289
7016 290
7017 291
7018 292
7019 293
7020 294
7021 295
7022 296
7023 297
7024 298
7025 299
7026 300
7027 301
7028 302
7029 303
7030 304
7031 305
7032 306
7033 307
7034 308
7035 309
7036 310
7037 311
7038 312
7039 313
7040 314
7041 315
7042 316
7043 317
7044 318
7045 319
7046 320
7047 321
7048 322
7049 323
7050 324
7051 325
7052 326
7053 327
7054 328
7055 329
7056 330
7057 331
7058 332
7059 333
7060 334
7061 335
7062 336
7063 337
7064 338
7065 339
7066 340
7067 341
7068 342
7069 343
7070 344
7071 345
7072 346
7073 347
7074 348
7075 349
7076 350
7077 351
7078 352
7079 353
7080 354
7081 355
7082 356
7083 357
7084 358
7085 359
7086 360
7087 361
7088 362
7089 363
7090 364
7091 365
7092 366
7093 367
7094 368
7095 369
7096 370
7097 371
7098 372
7099 373
7100 374
7101 375
7102 376
7103 377
7104 378
7105 379
7106 380
7107 381
7108 382
7109 383
7110 0
7111 1
7112 2
7113 3
7114 4
7115 5
7116 6
7117 7
7118 8
7119 9
7120 10
7121 11
7122 12
7123 13
7124 14
7125 15
7126 16
7127 17
7128 18
7129 19
7130 20
7131 21
7132 22
7133 23
7134 24
7135 25
7136 26
7137 27
7138 28
7139 29
7140 30
7141 31
7142 32
7143 33
7144 34
7145 35
7146 36
7147 37
7148 38
7149 39
7150 40
7151 41
7152 42
7153 43
7154 44
7155 45
7156 46
7157 47
7158 48
7159 49
7160 50
7161 51
7162 52
7163 53
7164 54
7165 55
7166 56
7167 57
7168 58
7169 59
7170 60
7171 61
7172 62
7173 63
7174 64
7175 65
7176 66
7177 67
7178 68
7179 69
7180 70
7181 71
7182 72
7183 73
7184 74
7185 75
7186 76
7187 77
7188 78
7189 79
7190 80
7191 81
7192 82
7193 83
7194 84
7195 85
7196 86
7197 87
7198 88
7199 89
7200 90
7201 91
7202 92
7203 93
7204 94
7205 95
7206 96
7207 97
7208 98
7209 99
7210 100
7211 101
7212 102
7213 103
7214 104
7215 105
7216 106
7217 107
7218 108
7219 109
7220 110
7221 111
7222 112
7223 113
7224 114
7225 115
7226 116
7227 117
7228 118
7229 119
7230 120
7231 121
7232 122
7233 123
7234 124
7235 125
7236 126
7237 127
7238 128
7239 129
7240 130
7241 131
7242 132
7243 133
7244 134
7245 135
7246 136
7247 137
7248 138
7249 139
7250 140
7251 141
7252 142
7253 143
7254 144
7255 145
7256 146
7257 147
7258 148
7259 149
7260 150
7261 151
7262 152
7263 153
7264 154
7265 155
7266 156
7267 157
7268 158
7269 159
7270 160
7271 161
7272 162
7273 163
7274 164
7275 165
7276 166
7277 167
7278 168
7279 169
7280 170
7281 171
7282 172
7283 173
7284 174
7285 175
7286 176
7287 177
7288 178
7289 179
7290 180
7291 181
7292 182
7293 183
7294 184
7295 185
6912 2310
6913 2311
6914 2312
6915 2313
6916 2314
6917 2315
6918 2316
6919 2317
6920 2318
6921 2319
6922 2320
6923 2321
6924 2322
6925 2323
6926 2324
6927 2325
6928 2326
6929 2327
6930 2328
6931 2329
6932 2330
6933 2331
6934 2332
6935 2333
6936 2334
6937 2335
6938 2336
6939 2337
6940 2338
6941 2339
6942 2340
6943 2341
6944 2342
6945 2343
6946 2344
6947 2345
6948 2346
6949 2347
6950 2348
6951 2349
6952 2350
6953 2351
6954 2352
6955 2353
6956 2354
6957 2355
6958 2356
6959 2357
6960 2358
6961 2359
6962 2360
6963 2361
6964 2362
6965 2363
6966 2364
6967 2365
6968 2366
6969 2367
6970 2368
6971 2369
6972 2370
6973 2371
6974 2372
6975 2373
6976 2374
6977 2375
6978 2376
6979 2377
6980 2378
6981 2379
6982 2380
6983 2381
6984 2382
6985 2383
6986 2384
6987 2385
6988 2386
6989 2387
6990 2388
6991 2389
6992 2390
6993 2391
6994 2392
6995 2393
6996 2394
6997 2395
6998 2396
6999 2397
7000 2398
7001 2399
7002 2400
7003 2401
7004 2402
7005 2403
7006 2404
7007 2405
7008 2406
7009 2407
7010 2408
7011 2409
7012 2410
7013 2411
7014 2412
7015 2413
7016 2414
7017 2415
7018 2416
7019 2417
7020 2418
7021 2419
7022 2420
7023 2421
7024 2422
7025 2423
7026 2424
7027 2425
7028 2426
7029 2427
7030 2428
7031 2429
7032 2430
7033 2431
7034 2432
7035 2433
7036 2434
7037 2435
7038 2436
7039 2437
7040 2438
7041 2439
7042 2440
7043 2441
7044 2442
7045 2443
7046 2444
7047 2445
7048 2446
7049 2447
7050 2448
7051 2449
7052 2450
7053 2451
7054 2452
7055 2453
7056 2454
7057 2455
7058 2456
7059 2457
7060 2458
7061 2459
7062 2460
7063 2461
7064 2462
7065 2463
7066 2464
7067 2465
7068 2466
7069 2467
7070 2468
7071 2469
7072 2470
7073 2471
7074 2472
7075 2473
7076 2474
7077 2475
7078 2476
7079 2477
7080 2478
7081 2479
7082 2480
7083 2481
7084 2482
7085 2483
7086 2484
7087 2485
7088 2486
7089 2487
7090 2488
7091 2489
7092 2490
7093 2491
7094 2492
7095 2493
7096 2494
7097 2495
7098 2496
7099 2497
7100 2498
7101 2499
7102 2500
7103 2501
7104 2502
7105 2503
7106 2504
7107 2505
7108 2506
7109 2507
7110 2508
7111 2509
7112 2510
7113 2511
7114 2512
7115 2513
7116 2514
7117 2515
7118 2516
7119 2517
7120 2518
7121 2519
7122 2520
7123 2521
7124 2522
7125 2523
7126 2524
7127 2525
7128 2526
7129 2527
7130 2528
7131 2529
7132 2530
7133 2531
7134 2532
7135 2533
7136 2534
7137 2535
7138 2536
7139 2537
7140 2538
7141 2539
7142 2540
7143 2541
7144 2542
7145 2543
7146 2544
7147 2545
7148 2546
7149 2547
7150 2548
7151 2549
7152 2550
7153 2551
7154 2552
7155 2553
7156 2554
7157 2555
7158 2556
7159 2557
7160 2558
7161 2559
7162 2560
7163 2561
7164 2562
7165 2563
7166 2564
7167 2565
7168 2566
7169 2567
7170 2568
7171 2569
7172 2570
7173 2571
7174 2572
7175 2573
7176 2574
7177 2575
7178 2576
7179 2577
7180 2578
7181 2579
7182 2580
7183 2581
7184 2582
7185 2583
7186 2584
7187 2585
7188 2586
7189 2587
7190 2588
7191 2589
7192 2590
7193 2591
7194 2592
7195 2593
7196 2594
7197 2595
7198 2596
7199 2597
7200 2598
7201 2599
7202 2600
7203 2601
7204 2602
7205 2603
7206 2604
7207 2605
7208 2606
7209 2607
7210 2608
7211 2609
7212 2610
7213 2611
7214 2612
7215 2613
7216 2614
7217 2615
7218 2616
7219 2617
7220 2618
7221 2619
7222 2620
7223 2621
7224 2622
7225 2623
7226 2624
7227 2625
7228 2626
7229 2627
7230 2628
7231 2629
7232 2630
7233 2631
7234 2632
7235 2633
7236 2634
7237 2635
7238 2636
7239 2637
7240 2638
7241 2639
7242 2640
7243 2641
7244 2642
7245 2643
7246 2644
7247 2645
7248 2646
7249 2647
7250 2648
7251 2649
7252 2650
7253 2651
7254 2652
7255 2653
7256 2654
7257 2655
7258 2656
7259 2657
7260 2658
7261 2659
7262 2660
7263 2661
7264 2662
7265 2663
7266 2664
7267 2665
7268 2666
7269 2667
7270 2668
7271 2669
7272 2670
7273 2671
7274 2672
7275 2673
7276 2674
7277 2675
7278 2676
7279 2677
7280 2678
7281 2679
7282 2680
7283 2681
7284 2682
7285 2683
7286 2684
7287 2685
7288 2686
7289 2687
7290 2304
7291 2305
7292 2306
7293 2307
7294 2308
7295 2309
6912 2734
6913 2735
6914 2736
6915 2737
6916 2738
6917 2739
6918 2740
6919 2741
6920 2742
6921 2743
6922 2744
6923 2745
6924 2746
6925 2747
6926 2748
6927 2749
6928 2750
6929 2751
6930 2752
6931 2753
6932 2754
6933 2755
6934 2756
6935 2757
6936 2758
6937 2759
6938 2760
6939 2761
6940 2762
6941 2763
6942 2764
6943 2765
6944 2766
6945 2767
6946 2768
6947 2769
6948 2770
6949 2771
6950 2772
6951 2773
6952 2774
6953 2775
6954 2776
6955 2777
6956 2778
6957 2779
6958 2780
6959 2781
6960 2782
6961 2783
6962 2784
6963 2785
6964 2786
6965 2787
6966 2788
6967 2789
6968 2790
6969 2791
6970 2792
6971 2793
6972 2794
6973 2795
6974 2796
6975 2797
6976 2798
6977 2799
6978 2800
6979 2801
6980 2802
6981 2803
6982 2804
6983 2805
6984 2806
6985 2807
6986 2808
6987 2809
6988 2810
6989 2811
6990 2812
6991 2813
6992 2814
6993 2815
6994 2816
6995 2817
6996 2818
6997 2819
6998 2820
6999 2821
7000 2822
7001 2823
7002 2824
7003 2825
7004 2826
7005 2827
7006 2828
7007 2829
7008 2830
7009 2831
7010 2832
7011 2833
7012 2834
7013 2835
7014 2836
7015 2837
7016 2838
7017 2839
7018 2840
7019 2841
7020 2842
7021 2843
7022 2844
7023 2845
7024 2846
7025 2847
7026 2848
7027 2849
7028 2850
7029 2851
7030 2852
7031 2853
7032 2854
7033 2855
7034 2856
7035 2857
7036 2858
7037 2859
7038 2860
7039 2861
7040 2862
7041 2863
7042 2864
7043 2865
7044 2866
7045 2867
7046 2868
7047 2869
7048 2870
7049 2871
7050 2872
7051 2873
7052 2874
7053 2875
7054 2876
7055 2877
7056 2878
7057 2879
7058 2880
7059 2881
7060 2882
7061 2883
7062 2884
7063 2885
7064 2886
7065 2887
7066 2888
7067 2889
7068 2890
7069 2891
7070 2892
7071 2893
7072 2894
7073 2895
7074 2896
7075 2897
7076 2898
7077 2899
7078 2900
7079 2901
7080 2902
7081 2903
7082 2904
7083 2905
7084 2906
7085 2907
7086 2908
7087 2909
7088 2910
7089 2911
7090 2912
7091 2913
7092 2914
7093 2915
7094 2916
7095 2917
7096 2918
7097 2919
7098 2920
7099 2921
7100 2922
7101 2923
7102 2924
7103 2925
7104 2926
7105 2927
7106 2928
7107 2929
7108 2930
7109 2931
7110 2932
7111 2933
7112 2934
7113 2935
7114 2936
7115 2937
7116 2938
7117 2939
7118 2940
7119 2941
7120 2942
7121 2943
7122 2944
7123 2945
7124 2946
7125 2947
7126 2948
7127 2949
7128 2950
7129 2951
7130 2952
7131 2953
7132 2954
7133 2955
7134 2956
7135 2957
7136 2958
7137 2959
7138 2960
7139 2961
7140 2962
7141 2963
7142 2964
7143 2965
7144 2966
7145 2967
7146 2968
7147 2969
7148 2970
7149 2971
7150 2972
7151 2973
7152 2974
7153 2975
7154 2976
7155 2977
7156 2978
7157 2979
7158 2980
7159 2981
7160 2982
7161 2983
7162 2984
7163 2985
7164 2986
7165 2987
7166 2988
7167 2989
7168 2990
7169 2991
7170 2992
7171 2993
7172 2994
7173 2995
7174 2996
7175 2997
7176 2998
7177 2999
7178 3000
7179 3001
7180 3002
7181 3003
7182 3004
7183 3005
7184 3006
7185 3007
7186 3008
7187 3009
7188 3010
7189 3011
7190 3012
7191 3013
7192 3014
7193 3015
7194 3016
7195 3017
7196 3018
7197 3019
7198 3020
7199 3021
7200 3022
7201 3023
7202 3024
7203 3025
7204 3026
7205 3027
7206 3028
7207 3029
7208 3030
7209 3031
7210 3032
7211 3033
7212 3034
7213 3035
7214 3036
7215 3037
7216 3038
7217 3039
7218 3040
7219 3041
7220 3042
7221 3043
7222 3044
7223 3045
7224 3046
7225 3047
7226 3048
7227 3049
7228 3050
7229 3051
7230 3052
7231 3053
7232 3054
7233 3055
7234 3056
7235 3057
7236 3058
7237 3059
7238 3060
7239 3061
7240 3062
7241 3063
7242 3064
7243 3065
7244 3066
7245 3067
7246 3068
7247 3069
7248 3070
7249 3071
7250 2688
7251 2689
7252 2690
7253 2691
7254 2692
7255 2693
7256 2694
7257 2695
7258 2696
7259 2697
7260 2698
7261 2699
7262 2700
7263 2701
7264 2702
7265 2703
7266 2704
7267 2705
7268 2706
7269 2707
7270 2708
7271 2709
7272 2710
7273 2711
7274 2712
7275 2713
7276 2714
7277 2715
7278 2716
7279 2717
7280 2718
7281 2719
7282 2720
7283 2721
7284 2722
7285 2723
7286 2724
7287 2725
7288 2726
7289 2727
7290 2728
7291 2729
7292 2730
7293 2731
7294 2732
7295 2733
6912 10752
6913 10753
6914 10754
6915 10755
6916 10756
6917 10757
6918 10758
6919 10759
6920 10760
6921 10761
6922 10762
6923 10763
6924 10764
6925 10765
6926 10766
6927 10767
6928 10768
6929 10769
6930 10770
6931 10771
6932 10772
6933 10773
6934 10774
6935 10775
6936 10776
6937 10777
6938 10778
6939 10779
6940 10780
6941 10781
6942 10782
6943 10783
6944 10784
6945 10785
6946 10786
6947 10787
6948 10788
6949 10789
6950 10790
6951 10791
6952 10792
6953 10793
6954 10794
6955 10795
6956 10796
6957 10797
6958 10798
6959 10799
6960 10800
6961 10801
6962 10802
6963 10803
6964 10804
6965 10805
6966 10806
6967 10807
6968 10808
6969 10809
6970 10810
6971 10811
6972 10812
6973 10813
6974 10814
6975 10815
6976 10816
6977 10817
6978 10818
6979 10819
6980 10820
6981 10821
6982 10822
6983 10823
6984 10824
6985 10825
6986 10826
6987 10827
6988 10828
6989 10829
6990 10830
6991 10831
6992 10832
6993 10833
6994 10834
6995 10835
6996 10836
6997 10837
6998 10838
6999 10839
7000 10840
7001 10841
7002 10842
7003 10843
7004 10844
7005 10845
7006 10846
7007 10847
7008 10848
7009 10849
7010 10850
7011 10851
7012 10852
7013 10853
7014 10854
7015 10855
7016 10856
7017 10857
7018 10858
7019 10859
7020 10860
7021 10861
7022 10862
7023 10863
7024 10864
7025 10865
7026 10866
7027 10867
7028 10868
7029 10869
7030 10870
7031 10871
7032 10872
7033 10873
7034 10874
7035 10875
7036 10876
7037 10877
7038 10878
7039 10879
7040 10880
7041 10881
7042 10882
7043 10883
7044 10884
7045 10885
7046 10886
7047 10887
7048 10888
7049 10889
7050 10890
7051 10891
7052 10892
7053 10893
7054 10894
7055 10895
7056 10896
7057 10897
7058 10898
7059 10899
7060 10900
7061 10901
7062 10902
7063 10903
7064 10904
7065 10905
7066 10906
7067 10907
7068 10908
7069 10909
7070 10910
7071 10911
7072 10912
7073 10913
7074 10914
7075 10915
7076 10916
7077 10917
7078 10918
7079 10919
7080 10920
7081 10921
7082 10922
7083 10923
7084 10924
7085 10925
7086 10926
7087 10927
7088 10928
7089 10929
7090 10930
7091 10931
7092 10932
7093 10933
7094 10934
7095 10935
7096 10936
7097 10937
7098 10938
7099 10939
7100 10940
7101 10941
7102 10942
7103 10943
7104 10944
7105 10945
7106 10946
7107 10947
7108 10948
7109 10949
7110 10950
7111 10951
7112 10952
7113 10953
7114 10954
7115 10955
7116 10956
7117 10957
7118 10958
7119 10959
7120 10960
7121 10961
7122 10962
7123 10963
7124 10964
7125 10965
7126 10966
7127 10967
7128 10968
7129 10969
7130 10970
7131 10971
7132 10972
7133 10973
7134 10974
7135 10975
7136 10976
7137 10977
7138 10978
7139 10979
7140 10980
7141 10981
7142 10982
7143 10983
7144 10984
7145 10985
7146 10986
7147 10987
7148 10988
7149 10989
7150 10990
7151 10991
7152 10992
7153 10993
7154 10994
7155 10995
7156 10996
7157 10997
7158 10998
7159 10999
7160 11000
7161 11001
7162 11002
7163 11003
7164 11004
7165 11005
7166 11006
7167 11007
7168 11008
7169 11009
7170 11010
7171 11011
7172 11012
7173 11013
7174 11014
7175 11015
7176 11016
7177 11017
7178 11018
7179 11019
7180 11020
7181 11021
7182 11022
7183 11023
7184 11024
7185 11025
7186 11026
7187 11027
7188 11028
7189 11029
7190 11030
7191 11031
7192 11032
7193 11033
7194 11034
7195 11035
7196 11036
7197 11037
7198 11038
7199 11039
7200 11040
7201 11041
7202 11042
7203 11043
7204 11044
7205 11045
7206 11046
7207 11047
7208 11048
7209 11049
7210 11050
7211 11051
7212 11052
7213 11053
7214 11054
7215 11055
7216 11056
7217 11057
7218 11058
7219 11059
7220 11060
7221 11061
7222 11062
7223 11063
7224 11064
7225 11065
7226 11066
7227 11067
7228 11068
7229 11069
7230 11070
7231 11071
7232 11072
7233 11073
7234 11074
7235 11075
7236 11076
7237 11077
7238 11078
7239 11079
7240 11080
7241 11081
7242 11082
7243 11083
7244 11084
7245 11085
7246 11086
7247 11087
7248 11088
7249 11089
7250 11090
7251 11091
7252 11092
7253 11093
7254 11094
7255 11095
7256 11096
7257 11097
7258 11098
7259 11099
7260 11100
7261 11101
7262 11102
7263 11103
7264 11104
7265 11105
7266 11106
7267 11107
7268 11108
7269 11109
7270 11110
7271 11111
7272 11112
7273 11113
7274 11114
7275 11115
7276 11116
7277 11117
7278 11118
7279 11119
7280 11120
7281 11121
7282 11122
7283 11123
7284 11124
7285 11125
7286 11126
7287 11127
7288 11128
7289 11129
7290 11130
7291 11131
7292 11132
7293 11133
7294 11134
7295 11135
7296 58
7297 59
7298 60
7299 61
7300 62
7301 63
7302 64
7303 65
7304 66
7305 67
7306 68
7307 69
7308 70
7309 71
7310 72
7311 73
7312 74
7313 75
7314 76
7315 77
7316 78
7317 79
7318 80
7319 81
7320 82
7321 83
7322 84
7323 85
7324 86
7325 87
7326 88
7327 89
7328 90
7329 91
7330 92
7331 93
7332 94
7333 95
7334 96
7335 97
7336 98
7337 99
7338 100
7339 101
7340 102
7341 103
7342 104
7343 105
7344 106
7345 107
7346 108
7347 109
7348 110
7349 111
7350 112
7351 113
7352 114
7353 115
7354 116
7355 117
7356 118
7357 119
7358 120
7359 121
7360 122
7361 123
7362 124
7363 125
7364 126
7365 127
7366 128
7367 129
7368 130
7369 131
7370 132
7371 133
7372 134
7373 135
7374 136
7375 137
7376 138
7377 139
7378 140
7379 141
7380 142
7381 143
7382 144
7383 145
7384 146
7385 147
7386 148
7387 149
7388 150
7389 151
7390 152
7391 153
7392 154
7393 155
7394 156
7395 157
7396 158
7397 159
7398 160
7399 161
7400 162
7401 163
7402 164
7403 165
7404 166
7405 167
7406 168
7407 169
7408 170
7409 171
7410 172
7411 173
7412 174
7413 175
7414 176
7415 177
7416 178
7417 179
7418 180
7419 181
7420 182
7421 183
7422 184
7423 185
7424 186
7425 187
7426 188
7427 189
7428 190
7429 191
7430 192
7431 193
7432 194
7433 195
7434 196
7435 197
7436 198
7437 199
7438 200
7439 201
7440 202
7441 203
7442 204
7443 205
7444 206
7445 207
7446 208
7447 209
7448 210
7449 211
7450 212
7451 213
7452 214
7453 215
7454 216
7455 217
7456 218
7457 219
7458 220
7459 221
7460 222
7461 223
7462 224
7463 225
7464 226
7465 227
7466 228
7467 229
7468 230
7469 231
7470 232
7471 233
7472 234
7473 235
7474 236
7475 237
7476 238
7477 239
7478 240
7479 241
7480 242
7481 243
7482 244
7483 245
7484 246
7485 247
7486 248
7487 249
7488 250
7489 251
7490 252
7491 253
7492 254
7493 255
7494 256
7495 257
7496 258
7497 259
7498 260
7499 261
7500 262
7501 263
7502 264
7503 265
7504 266
7505 267
7506 268
7507 269
7508 270
7509 271
7510 272
7511 273
7512 274
7513 275
7514 276
7515 277
7516 278
7517 279
7518 280
7519 281
7520 282
7521 283
7522 284
7523 285
7524 286
7525 287
7526 288
7527 289
7528 290
7529 291
7530 292
7531 293
7532 294
7533 295
7534 296
7535 297
7536 298
7537 299
7538 300
7539 301
7540 302
7541 303
7542 304
7543 305
7544 306
7545 307
7546 308
7547 309
7548 310
7549 311
7550 312
7551 313
7552 314
7553 315
7554 316
7555 317
7556 318
7557 319
7558 320
7559 321
7560 322
7561 323
7562 324
7563 325
7564 326
7565 327
7566 328
7567 329
7568 330
7569 331
7570 332
7571 333
7572 334
7573 335
7574 336
7575 337
7576 338
7577 339
7578 340
7579 341
7580 342
7581 343
7582 344
7583 345
7584 346
7585 347
7586 348
7587 349
7588 350
7589 351
7590 352
7591 353
7592 354
7593 355
7594 356
7595 357
7596 358
7597 359
7598 360
7599 361
7600 362
7601 363
7602 364
7603 365
7604 366
7605 367
7606 368
7607 369
7608 370
7609 371
7610 372
7611 373
7612 374
7613 375
7614 376
7615 377
7616 378
7617 379
7618 380
7619 381
7620 382
7621 383
7622 0
7623 1
7624 2
7625 3
7626 4
7627 5
7628 6
7629 7
7630 8
7631 9
7632 10
7633 11
7634 12
7635 13
7636 14
7637 15
7638 16
7639 17
7640 18
7641 19
7642 20
7643 21
7644 22
7645 23
7646 24
7647 25
7648 26
7649 27
7650 28
7651 29
7652 30
7653 31
7654 32
7655 33
7656 34
7657 35
7658 36
7659 37
7660 38
7661 39
7662 40
7663 41
7664 42
7665 43
7666 44
7667 45
7668 46
7669 47
7670 48
7671 49
7672 50
7673 51
7674 52
7675 53
7676 54
7677 55
7678 56
7679 57
7296 426
7297 427
7298 428
7299 429
7300 430
7301 431
7302 432
7303 433
7304 434
7305 435
7306 436
7307 437
7308 438
7309 439
7310 440
7311 441
7312 442
7313 443
7314 444
7315 445
7316 446
7317 447
7318 448
7319 449
7320 450
7321 451
7322 452
7323 453
7324 454
7325 455
7326 456
7327 457
7328 458
7329 459
7330 460
7331 461
7332 462
7333 463
7334 464
7335 465
7336 466
7337 467
7338 468
7339 469
7340 470
7341 471
7342 472
7343 473
7344 474
7345 475
7346 476
7347 477
7348 478
7349 479
7350 480
7351 481
7352 482
7353 483
7354 484
7355 485
7356 486
7357 487
7358 488
7359 489
7360 490
7361 491
7362 492
7363 493
7364 494
7365 495
7366 496
7367 497
7368 498
7369 499
7370 500
7371 501
7372 502
7373 503
7374 504
7375 505
7376 506
7377 507
7378 508
7379 509
7380 510
7381 511
7382 512
7383 513
7384 514
7385 515
7386 516
7387 517
7388 518
7389 519
7390 520
7391 521
7392 522
7393 523
7394 524
7395 525
7396 526
7397 527
7398 528
7399 529
7400 530
7401 531
7402 532
7403 533
7404 534
7405 535
7406 536
7407 537
7408 538
7409 539
7410 540
7411 541
7412 542
7413 543
7414 544
7415 545
7416 546
7417 547
7418 548
7419 549
7420 550
7421 551
7422 552
7423 553
7424 554
7425 555
7426 556
7427 557
7428 558
7429 559
7430 560
7431 561
7432 562
7433 563
7434 564
7435 565
7436 566
7437 567
7438 568
7439 569
7440 570
7441 571
7442 572
7443 573
7444 574
7445 575
7446 576
7447 577
7448 578
7449 579
7450 580
7451 581
7452 582
7453 583
7454 584
7455 585
7456 586
7457 587
7458 588
7459 589
7460 590
7461 591
7462 592
7463 593
7464 594
7465 595
7466 596
7467 597
7468 598
7469 599
7470 600
7471 601
7472 602
7473 603
7474 604
7475 605
7476 606
7477 607
7478 608
7479 609
7480 610
7481 611
7482 612
7483 613
7484 614
7485 615
7486 616
7487 617
7488 618
7489 619
7490 620
7491 621
7492 622
7493 623
7494 624
7495 625
7496 626
7497 627
7498 628
7499 629
7500 630
7501 631
7502 632
7503 633
7504 634
7505 635
7506 636
7507 637
7508 638
7509 639
7510 640
7511 641
7512 642
7513 643
7514 644
7515 645
7516 646
7517 647
7518 648
7519 649
7520 650
7521 651
7522 652
7523 653
7524 654
7525 655
7526 656
7527 657
7528 658
7529 659
7530 660
7531 661
7532 662
7533 663
7534 664
7535 665
7536 666
7537 667
7538 668
7539 669
7540 670
7541 671
7542 672
7543 673
7544 674
7545 675
7546 676
7547 677
7548 678
7549 679
7550 680
7551 681
7552 682
7553 683
7554 684
7555 685
7556 686
7557 687
7558 688
7559 689
7560 690
7561 691
7562 692
7563 693
7564 694
7565 695
7566 696
7567 697
7568 698
7569 699
7570 700
7571 701
7572 702
7573 703
7574 704
7575 705
7576 706
7577 707
7578 708
7579 709
7580 710
7581 711
7582 712
7583 713
7584 714
7585 715
7586 716
7587 717
7588 718
7589 719
7590 720
7591 721
7592 722
7593 723
7594 724
7595 725
7596 726
7597 727
7598 728
7599 729
7600 730
7601 731
7602 732
7603 733
7604 734
7605 735
7606 736
7607 737
7608 738
7609 739
7610 740
7611 741
7612 742
7613 743
7614 744
7615 745
7616 746
7617 747
7618 748
7619 749
7620 750
7621 751
7622 752
7623 753
7624 754
7625 755
7626 756
7627 757
7628 758
7629 759
7630 760
7631 761
7632 762
7633 763
7634 764
7635 765
7636 766
7637 767
7638 384
7639 385
7640 386
7641 387
7642 388
7643 389
7644 390
7645 391
7646 392
7647 393
7648 394
7649 395
7650 396
7651 397
7652 398
7653 399
7654 400
7655 401
7656 402
7657 403
7658 404
7659 405
7660 406
7661 407
7662 408
7663 409
7664 410
7665 411
7666 412
7667 413
7668 414
7669 415
7670 416
7671 417
7672 418
7673 419
7674 420
7675 421
7676 422
7677 423
7678 424
7679 425
7296 3996
7297 3997
7298 3998
7299 3999
7300 4000
7301 4001
7302 4002
7303 4003
7304 4004
7305 4005
7306 4006
7307 4007
7308 4008
7309 4009
7310 4010
7311 4011
7312 4012
7313 4013
7314 4014
7315 4015
7316 4016
7317 4017
7318 4018
7319 4019
7320 4020
7321 4021
7322 4022
7323 4023
7324 4024
7325 4025
7326 4026
7327 4027
7328 4028
7329 4029
7330 4030
7331 4031
7332 4032
7333 4033
7334 4034
7335 4035
7336 4036
7337 4037
7338 4038
7339 4039
7340 4040
7341 4041
7342 4042
7343 4043
7344 4044
7345 4045
7346 4046
7347 4047
7348 4048
7349 4049
7350 4050
7351 4051
7352 4052
7353 4053
7354 4054
7355 4055
7356 4056
7357 4057
7358 4058
7359 4059
7360 4060
7361 4061
7362 4062
7363 4063
7364 4064
7365 4065
7366 4066
7367 4067
7368 4068
7369 4069
7370 4070
7371 4071
7372 4072
7373 4073
7374 4074
7375 4075
7376 4076
7377 4077
7378 4078
7379 4079
7380 4080
7381 4081
7382 4082
7383 4083
7384 4084
7385 4085
7386 4086
7387 4087
7388 4088
7389 4089
7390 4090
7391 4091
7392 4092
7393 4093
7394 4094
7395 4095
7396 4096
7397 4097
7398 4098
7399 4099
7400 4100
7401 4101
7402 4102
7403 4103
7404 4104
7405 4105
7406 4106
7407 4107
7408 4108
7409 4109
7410 4110
7411 4111
7412 4112
7413 4113
7414 4114
7415 4115
7416 4116
7417 4117
7418 4118
7419 4119
7420 4120
7421 4121
7422 4122
7423 4123
7424 4124
7425 4125
7426 4126
7427 4127
7428 4128
7429 4129
7430 4130
7431 4131
7432 4132
7433 4133
7434 4134
7435 4135
7436 4136
7437 4137
7438 4138
7439 4139
7440 4140
7441 4141
7442 4142
7443 4143
7444 4144
7445 4145
7446 4146
7447 4147
7448 4148
7449 4149
7450 4150
7451 4151
7452 4152
7453 4153
7454 4154
7455 4155
7456 4156
7457 4157
7458 4158
7459 4159
7460 4160
7461 4161
7462 4162
7463 4163
7464 4164
7465 4165
7466 4166
7467 4167
7468 4168
7469 4169
7470 4170
7471 4171
7472 4172
7473 4173
7474 4174
7475 4175
7476 4176
7477 4177
7478 4178
7479 4179
7480 4180
7481 4181
7482 4182
7483 4183
7484 4184
7485 4185
7486 4186
7487 4187
7488 4188
7489 4189
7490 4190
7491 4191
7492 4192
7493 4193
7494 4194
7495 4195
7496 4196
7497 4197
7498 4198
7499 4199
7500 4200
7501 4201
7502 4202
7503 4203
7504 4204
7505 4205
7506 4206
7507 4207
7508 4208
7509 4209
7510 4210
7511 4211
7512 4212
7513 4213
7514 4214
7515 4215
7516 4216
7517 4217
7518 4218
7519 4219
7520 4220
7521 4221
7522 4222
7523 4223
7524 3840
7525 3841
7526 3842
7527 3843
7528 3844
7529 3845
7530 3846
7531 3847
7532 3848
7533 3849
7534 3850
7535 3851
7536 3852
7537 3853
7538 3854
7539 3855
7540 3856
7541 3857
7542 3858
7543 3859
7544 3860
7545 3861
7546 3862
7547 3863
7548 3864
7549 3865
7550 3866
7551 3867
7552 3868
7553 3869
7554 3870
7555 3871
7556 3872
7557 3873
7558 3874
7559 3875
7560 3876
7561 3877
7562 3878
7563 3879
7564 3880
7565 3881
7566 3882
7567 3883
7568 3884
7569 3885
7570 3886
7571 3887
7572 3888
7573 3889
7574 3890
7575 3891
7576 3892
7577 3893
7578 3894
7579 3895
7580 3896
7581 3897
7582 3898
7583 3899
7584 3900
7585 3901
7586 3902
7587 3903
7588 3904
7589 3905
7590 3906
7591 3907
7592 3908
7593 3909
7594 3910
7595 3911
7596 3912
7597 3913
7598 3914
7599 3915
7600 3916
7601 3917
7602 3918
7603 3919
7604 3920
7605 3921
7606 3922
7607 3923
7608 3924
7609 3925
7610 3926
7611 3927
7612 3928
7613 3929
7614 3930
7615 3931
7616 3932
7617 3933
7618 3934
7619 3935
7620 3936
7621 3937
7622 3938
7623 3939
7624 3940
7625 3941
7626 3942
7627 3943
7628 3944
7629 3945
7630 3946
7631 3947
7632 3948
7633 3949
7634 3950
7635 3951
7636 3952
7637 3953
7638 3954
7639 3955
7640 3956
7641 3957
7642 3958
7643 3959
7644 3960
7645 3961
7646 3962
7647 3963
7648 3964
7649 3965
7650 3966
7651 3967
7652 3968
7653 3969
7654 3970
7655 3971
7656 3972
7657 3973
7658 3974
7659 3975
7660 3976
7661 3977
7662 3978
7663 3979
7664 3980
7665 3981
7666 3982
7667 3983
7668 3984
7669 3985
7670 3986
7671 3987
7672 3988
7673 3989
7674 3990
7675 3991
7676 3992
7677 3993
7678 3994
7679 3995
7296 11136
7297 11137
7298 11138
7299 11139
7300 11140
7301 11141
7302 11142
7303 11143
7304 11144
7305 11145
7306 11146
7307 11147
7308 11148
7309 11149
7310 11150
7311 11151
7312 11152
7313 11153
7314 11154
7315 11155
7316 11156
7317 11157
7318 11158
7319 11159
7320 11160
7321 11161
7322 11162
7323 11163
7324 11164
7325 11165
7326 11166
7327 11167
7328 11168
7329 11169
7330 11170
7331 11171
7332 11172
7333 11173
7334 11174
7335 11175
7336 11176
7337 11177
7338 11178
7339 11179
7340 11180
7341 11181
7342 11182
7343 11183
7344 11184
7345 11185
7346 11186
7347 11187
7348 11188
7349 11189
7350 11190
7351 11191
7352 11192
7353 11193
7354 11194
7355 11195
7356 11196
7357 11197
7358 11198
7359 11199
7360 11200
7361 11201
7362 11202
7363 11203
7364 11204
7365 11205
7366 11206
7367 11207
7368 11208
7369 11209
7370 11210
7371 11211
7372 11212
7373 11213
7374 11214
7375 11215
7376 11216
7377 11217
7378 11218
7379 11219
7380 11220
7381 11221
7382 11222
7383 11223
7384 11224
7385 11225
7386 11226
7387 11227
7388 11228
7389 11229
7390 11230
7391 11231
7392 11232
7393 11233
7394 11234
7395 11235
7396 11236
7397 11237
7398 11238
7399 11239
7400 11240
7401 11241
7402 11242
7403 11243
7404 11244
7405 11245
7406 11246
7407 11247
7408 11248
7409 11249
7410 11250
7411 11251
7412 11252
7413 11253
7414 11254
7415 11255
7416 11256
7417 11257
7418 11258
7419 11259
7420 11260
7421 11261
7422 11262
7423 11263
7424 11264
7425 11265
7426 11266
7427 11267
7428 11268
7429 11269
7430 11270
7431 11271
7432 11272
7433 11273
7434 11274
7435 11275
7436 11276
7437 11277
7438 11278
7439 11279
7440 11280
7441 11281
7442 11282
7443 11283
7444 11284
7445 11285
7446 11286
7447 11287
7448 11288
7449 11289
7450 11290
7451 11291
7452 11292
7453 11293
7454 11294
7455 11295
7456 11296
7457 11297
7458 11298
7459 11299
7460 11300
7461 11301
7462 11302
7463 11303
7464 11304
7465 11305
7466 11306
7467 11307
7468 11308
7469 11309
7470 11310
7471 11311
7472 11312
7473 11313
7474 11314
7475 11315
7476 11316
7477 11317
7478 11318
7479 11319
7480 11320
7481 11321
7482 11322
7483 11323
7484 11324
7485 11325
7486 11326
7487 11327
7488 11328
7489 11329
7490 11330
7491 11331
7492 11332
7493 11333
7494 11334
7495 11335
7496 11336
7497 11337
7498 11338
7499 11339
7500 11340
7501 11341
7502 11342
7503 11343
7504 11344
7505 11345
7506 11346
7507 11347
7508 11348
7509 11349
7510 11350
7511 11351
7512 11352
7513 11353
7514 11354
7515 11355
7516 11356
7517 11357
7518 11358
7519 11359
7520 11360
7521 11361
7522 11362
7523 11363
7524 11364
7525 11365
7526 11366
7527 11367
7528 11368
7529 11369
7530 11370
7531 11371
7532 11372
7533 11373
7534 11374
7535 11375
7536 11376
7537 11377
7538 11378
7539 11379
7540 11380
7541 11381
7542 11382
7543 11383
7544 11384
7545 11385
7546 11386
7547 11387
7548 11388
7549 11389
7550 11390
7551 11391
7552 11392
7553 11393
7554 11394
7555 11395
7556 11396
7557 11397
7558 11398
7559 11399
7560 11400
7561 11401
7562 11402
7563 11403
7564 11404
7565 11405
7566 11406
7567 11407
7568 11408
7569 11409
7570 11410
7571 11411
7572 11412
7573 11413
7574 11414
7575 11415
7576 11416
7577 11417
7578 11418
7579 11419
7580 11420
7581 11421
7582 11422
7583 11423
7584 11424
7585 11425
7586 11426
7587 11427
7588 11428
7589 11429
7590 11430
7591 11431
7592 11432
7593 11433
7594 11434
7595 11435
7596 11436
7597 11437
7598 11438
7599 11439
7600 11440
7601 11441
7602 11442
7603 11443
7604 11444
7605 11445
7606 11446
7607 11447
7608 11448
7609 11449
7610 11450
7611 11451
7612 11452
7613 11453
7614 11454
7615 11455
7616 11456
7617 11457
7618 11458
7619 11459
7620 11460
7621 11461
7622 11462
7623 11463
7624 11464
7625 11465
7626 11466
7627 11467
7628 11468
7629 11469
7630 11470
7631 11471
7632 11472
7633 11473
7634 11474
7635 11475
7636 11476
7637 11477
7638 11478
7639 11479
7640 11480
7641 11481
7642 11482
7643 11483
7644 11484
7645 11485
7646 11486
7647 11487
7648 11488
7649 11489
7650 11490
7651 11491
7652 11492
7653 11493
7654 11494
7655 11495
7656 11496
7657 11497
7658 11498
7659 11499
7660 11500
7661 11501
7662 11502
7663 11503
7664 11504
7665 11505
7666 11506
7667 11507
7668 11508
7669 11509
7670 11510
7671 11511
7672 11512
7673 11513
7674 11514
7675 11515
7676 11516
7677 11517
7678 11518
7679 11519
7680 460
7681 461
7682 462
7683 463
7684 464
7685 465
7686 466
7687 467
7688 468
7689 469
7690 470
7691 471
7692 472
7693 473
7694 474
7695 475
7696 476
7697 477
7698 478
7699 479
7700 480
7701 481
7702 482
7703 483
7704 484
7705 485
7706 486
7707 487
7708 488
7709 489
7710 490
7711 491
7712 492
7713 493
7714 494
7715 495
7716 496
7717 497
7718 498
7719 499
7720 500
7721 501
7722 502
7723 503
7724 504
7725 505
7726 506
7727 507
7728 508
7729 509
7730 510
7731 511
7732 512
7733 513
7734 514
7735 515
7736 516
7737 517
7738 518
7739 519
7740 520
7741 521
7742 522
7743 523
7744 524
7745 525
7746 526
7747 527
7748 528
7749 529
7750 530
7751 531
7752 532
7753 533
7754 534
7755 535
7756 536
7757 537
7758 538
7759 539
7760 540
7761 541
7762 542
7763 543
7764 544
7765 545
7766 546
7767 547
7768 548
7769 549
7770 550
7771 551
7772 552
7773 553
7774 554
7775 555
7776 556
7777 557
7778 558
7779 559
7780 560
7781 561
7782 562
7783 563
7784 564
7785 565
7786 566
7787 567
7788 568
7789 569
7790 570
7791 571
7792 572
7793 573
7794 574
7795 575
7796 576
7797 577
7798 578
7799 579
7800 580
7801 581
7802 582
7803 583
7804 584
7805 585
7806 586
7807 587
7808 588
7809 589
7810 590
7811 591
7812 592
7813 593
7814 594
7815 595
7816 596
7817 597
7818 598
7819 599
7820 600
7821 601
7822 602
7823 603
7824 604
7825 605
7826 606
7827 607
7828 608
7829 609
7830 610
7831 611
7832 612
7833 613
7834 614
7835 615
7836 616
7837 617
7838 618
7839 619
7840 620
7841 621
7842 622
7843 623
7844 624
7845 625
7846 626
7847 627
7848 628
7849 629
7850 630
7851 631
7852 632
7853 633
7854 634
7855 635
7856 636
7857 637
7858 638
7859 639
7860 640
7861 641
7862 642
7863 643
7864 644
7865 645
7866 646
7867 647
7868 648
7869 649
7870 650
7871 651
7872 652
7873 653
7874 654
7875 655
7876 656
7877 657
7878 658
7879 659
7880 660
7881 661
7882 662
7883 663
7884 664
7885 665
7886 666
7887 667
7888 668
7889 669
7890 670
7891 671
7892 672
7893 673
7894 674
7895 675
7896 676
7897 677
7898 678
7899 679
7900 680
7901 681
7902 682
7903 683
7904 684
7905 685
7906 686
7907 687
7908 688
7909 689
7910 690
7911 691
7912 692
7913 693
7914 694
7915 695
7916 696
7917 697
7918 698
7919 699
7920 700
7921 701
7922 702
7923 703
7924 704
7925 705
7926 706
7927 707
7928 708
7929 709
7930 710
7931 711
7932 712
7933 713
7934 714
7935 715
7936 716
7937 717
7938 718
7939 719
7940 720
7941 721
7942 722
7943 723
7944 724
7945 725
7946 726
7947 727
7948 728
7949 729
7950 730
7951 731
7952 732
7953 733
7954 734
7955 735
7956 736
7957 737
7958 738
7959 739
7960 740
7961 741
7962 742
7963 743
7964 744
7965 745
7966 746
7967 747
7968 748
7969 749
7970 750
7971 751
7972 752
7973 753
7974 754
7975 755
7976 756
7977 757
7978 758
7979 759
7980 760
7981 761
7982 762
7983 763
7984 764
7985 765
7986 766
7987 767
7988 384
7989 385
7990 386
7991 387
7992 388
7993 389
7994 390
7995 391
7996 392
7997 393
7998 394
7999 395
8000 396
8001 397
8002 398
8003 399
8004 400
8005 401
8006 402
8007 403
8008 404
8009 405
8010 406
8011 407
8012 408
8013 409
8014 410
8015 411
8016 412
8017 413
8018 414
8019 415
8020 416
8021 417
8022 418
8023 419
8024 420
8025 421
8026 422
8027 423
8028 424
8029 425
8030 426
8031 427
8032 428
8033 429
8034 430
8035 431
8036 432
8037 433
8038 434
8039 435
8040 436
8041 437
8042 438
8043 439
8044 440
8045 441
8046 442
8047 443
8048 444
8049 445
8050 446
8051 447
8052 448
8053 449
8054 450
8055 451
8056 452
8057 453
8058 454
8059 455
8060 456
8061 457
8062 458
8063 459
7680 1597
7681 1598
7682 1599
7683 1600
7684 1601
7685 1602
7686 1603
7687 1604
7688 1605
7689 1606
7690 1607
7691 1608
7692 1609
7693 1610
7694 1611
7695 1612
7696 1613
7697 1614
7698 1615
7699 1616
7700 1617
7701 1618
7702 1619
7703 1620
7704 1621
7705 1622
7706 1623
7707 1624
7708 1625
7709 1626
7710 1627
7711 1628
7712 1629
7713 1630
7714 1631
7715 1632
7716 1633
7717 1634
7718 1635
7719 1636
7720 1637
7721 1638
7722 1639
7723 1640
7724 1641
7725 1642
7726 1643
7727 1644
7728 1645
7729 1646
7730 1647
7731 1648
7732 1649
7733 1650
7734 1651
7735 1652
7736 1653
7737 1654
7738 1655
7739 1656
7740 1657
7741 1658
7742 1659
7743 1660
7744 1661
7745 1662
7746 1663
7747 1664
7748 1665
7749 1666
7750 1667
7751 1668
7752 1669
7753 1670
7754 1671
7755 1672
7756 1673
7757 1674
7758 1675
7759 1676
7760 1677
7761 1678
7762 1679
7763 1680
7764 1681
7765 1682
7766 1683
7767 1684
7768 1685
7769 1686
7770 1687
7771 1688
7772 1689
7773 1690
7774 1691
7775 1692
7776 1693
7777 1694
7778 1695
7779 1696
7780 1697
7781 1698
7782 1699
7783 1700
7784 1701
7785 1702
7786 1703
7787 1704
7788 1705
7789 1706
7790 1707
7791 1708
7792 1709
7793 1710
7794 1711
7795 1712
7796 1713
7797 1714
7798 1715
7799 1716
7800 1717
7801 1718
7802 1719
7803 1720
7804 1721
7805 1722
7806 1723
7807 1724
7808 1725
7809 1726
7810 1727
7811 1728
7812 1729
7813 1730
7814 1731
7815 1732
7816 1733
7817 1734
7818 1735
7819 1736
7820 1737
7821 1738
7822 1739
7823 1740
7824 1741
7825 1742
7826 1743
7827 1744
7828 1745
7829 1746
7830 1747
7831 1748
7832 1749
7833 1750
7834 1751
7835 1752
7836 1753
7837 1754
7838 1755
7839 1756
7840 1757
7841 1758
7842 1759
7843 1760
7844 1761
7845 1762
7846 1763
7847 1764
7848 1765
7849 1766
7850 1767
7851 1768
7852 1769
7853 1770
7854 1771
7855 1772
7856 1773
7857 1774
7858 1775
7859 1776
7860 1777
7861 1778
7862 1779
7863 1780
7864 1781
7865 1782
7866 1783
7867 1784
7868 1785
7869 1786
7870 1787
7871 1788
7872 1789
7873 1790
7874 1791
7875 1792
7876 1793
7877 1794
7878 1795
7879 1796
7880 1797
7881 1798
7882 1799
7883 1800
7884 1801
7885 1802
7886 1803
7887 1804
7888 1805
7889 1806
7890 1807
7891 1808
7892 1809
7893 1810
7894 1811
7895 1812
7896 1813
7897 1814
7898 1815
7899 1816
7900 1817
7901 1818
7902 1819
7903 1820
7904 1821
7905 1822
7906 1823
7907 1824
7908 1825
7909 1826
7910 1827
7911 1828
7912 1829
7913 1830
7914 1831
7915 1832
7916 1833
7917 1834
7918 1835
7919 1836
7920 1837
7921 1838
7922 1839
7923 1840
7924 1841
7925 1842
7926 1843
7927 1844
7928 1845
7929 1846
7930 1847
7931 1848
7932 1849
7933 1850
7934 1851
7935 1852
7936 1853
7937 1854
7938 1855
7939 1856
7940 1857
7941 1858
7942 1859
7943 1860
7944 1861
7945 1862
7946 1863
7947 1864
7948 1865
7949 1866
7950 1867
7951 1868
7952 1869
7953 1870
7954 1871
7955 1872
7956 1873
7957 1874
7958 1875
7959 1876
7960 1877
7961 1878
7962 1879
7963 1880
7964 1881
7965 1882
7966 1883
7967 1884
7968 1885
7969 1886
7970 1887
7971 1888
7972 1889
7973 1890
7974 1891
7975 1892
7976 1893
7977 1894
7978 1895
7979 1896
7980 1897
7981 1898
7982 1899
7983 1900
7984 1901
7985 1902
7986 1903
7987 1904
7988 1905
7989 1906
7990 1907
7991 1908
7992 1909
7993 1910
7994 1911
7995 1912
7996 1913
7997 1914
7998 1915
7999 1916
8000 1917
8001 1918
8002 1919
8003 1536
8004 1537
8005 1538
8006 1539
8007 1540
8008 1541
8009 1542
8010 1543
8011 1544
8012 1545
8013 1546
8014 1547
8015 1548
8016 1549
8017 1550
8018 1551
8019 1552
8020 1553
8021 1554
8022 1555
8023 1556
8024 1557
8025 1558
8026 1559
8027 1560
8028 1561
8029 1562
8030 1563
8031 1564
8032 1565
8033 1566
8034 1567
8035 1568
8036 1569
8037 1570
8038 1571
8039 1572
8040 1573
8041 1574
8042 1575
8043 1576
8044 1577
8045 1578
8046 1579
8047 1580
8048 1581
8049 1582
8050 1583
8051 1584
8052 1585
8053 1586
8054 1587
8055 1588
8056 1589
8057 1590
8058 1591
8059 1592
8060 1593
8061 1594
8062 1595
8063 1596
7680 4377
7681 4378
7682 4379
7683 4380
7684 4381
7685 4382
7686 4383
7687 4384
7688 4385
7689 4386
7690 4387
7691 4388
7692 4389
7693 4390
7694 4391
7695 4392
7696 4393
7697 4394
7698 4395
7699 4396
7700 4397
7701 4398
7702 4399
7703 4400
7704 4401
7705 4402
7706 4403
7707 4404
7708 4405
7709 4406
7710 4407
7711 4408
7712 4409
7713 4410
7714 4411
7715 4412
7716 4413
7717 4414
7718 4415
7719 4416
7720 4417
7721 4418
7722 4419
7723 4420
7724 4421
7725 4422
7726 4423
7727 4424
7728 4425
7729 4426
7730 4427
7731 4428
7732 4429
7733 4430
7734 4431
7735 4432
7736 4433
7737 4434
7738 4435
7739 4436
7740 4437
7741 4438
7742 4439
7743 4440
7744 4441
7745 4442
7746 4443
7747 4444
7748 4445
7749 4446
7750 4447
7751 4448
7752 4449
7753 4450
7754 4451
7755 4452
7756 4453
7757 4454
7758 4455
7759 4456
7760 4457
7761 4458
7762 4459
7763 4460
7764 4461
7765 4462
7766 4463
7767 4464
7768 4465
7769 4466
7770 4467
7771 4468
7772 4469
7773 4470
7774 4471
7775 4472
7776 4473
7777 4474
7778 4475
7779 4476
7780 4477
7781 4478
7782 4479
7783 4480
7784 4481
7785 4482
7786 4483
7787 4484
7788 4485
7789 4486
7790 4487
7791 4488
7792 4489
7793 4490
7794 4491
7795 4492
7796 4493
7797 4494
7798 4495
7799 4496
7800 4497
7801 4498
7802 4499
7803 4500
7804 4501
7805 4502
7806 4503
7807 4504
7808 4505
7809 4506
7810 4507
7811 4508
7812 4509
7813 4510
7814 4511
7815 4512
7816 4513
7817 4514
7818 4515
7819 4516
7820 4517
7821 4518
7822 4519
7823 4520
7824 4521
7825 4522
7826 4523
7827 4524
7828 4525
7829 4526
7830 4527
7831 4528
7832 4529
7833 4530
7834 4531
7835 4532
7836 4533
7837 4534
7838 4535
7839 4536
7840 4537
7841 4538
7842 4539
7843 4540
7844 4541
7845 4542
7846 4543
7847 4544
7848 4545
7849 4546
7850 4547
7851 4548
7852 4549
7853 4550
7854 4551
7855 4552
7856 4553
7857 4554
7858 4555
7859 4556
7860 4557
7861 4558
7862 4559
7863 4560
7864 4561
7865 4562
7866 4563
7867 4564
7868 4565
7869 4566
7870 4567
7871 4568
7872 4569
7873 4570
7874 4571
7875 4572
7876 4573
7877 4574
7878 4575
7879 4576
7880 4577
7881 4578
7882 4579
7883 4580
7884 4581
7885 4582
7886 4583
7887 4584
7888 4585
7889 4586
7890 4587
7891 4588
7892 4589
7893 4590
7894 4591
7895 4592
7896 4593
7897 4594
7898 4595
7899 4596
7900 4597
7901 4598
7902 4599
7903 4600
7904 4601
7905 4602
7906 4603
7907 4604
7908 4605
7909 4606
7910 4607
7911 4224
7912 4225
7913 4226
7914 4227
7915 4228
7916 4229
7917 4230
7918 4231
7919 4232
7920 4233
7921 4234
7922 4235
7923 4236
7924 4237
7925 4238
7926 4239
7927 4240
7928 4241
7929 4242
7930 4243
7931 4244
7932 4245
7933 4246
7934 4247
7935 4248
7936 4249
7937 4250
7938 4251
7939 4252
7940 4253
7941 4254
7942 4255
7943 4256
7944 4257
7945 4258
7946 4259
7947 4260
7948 4261
7949 4262
7950 4263
7951 4264
7952 4265
7953 4266
7954 4267
7955 4268
7956 4269
7957 4270
7958 4271
7959 4272
7960 4273
7961 4274
7962 4275
7963 4276
7964 4277
7965 4278
7966 4279
7967 4280
7968 4281
7969 4282
7970 4283
7971 4284
7972 4285
7973 4286
7974 4287
7975 4288
7976 4289
7977 4290
7978 4291
7979 4292
7980 4293
7981 4294
7982 4295
7983 4296
7984 4297
7985 4298
7986 4299
7987 4300
7988 4301
7989 4302
7990 4303
7991 4304
7992 4305
7993 4306
7994 4307
7995 4308
7996 4309
7997 4310
7998 4311
7999 4312
8000 4313
8001 4314
8002 4315
8003 4316
8004 4317
8005 4318
8006 4319
8007 4320
8008 4321
8009 4322
8010 4323
8011 4324
8012 4325
8013 4326
8014 4327
8015 4328
8016 4329
8017 4330
8018 4331
8019 4332
8020 4333
8021 4334
8022 4335
8023 4336
8024 4337
8025 4338
8026 4339
8027 4340
8028 4341
8029 4342
8030 4343
8031 4344
8032 4345
8033 4346
8034 4347
8035 4348
8036 4349
8037 4350
8038 4351
8039 4352
8040 4353
8041 4354
8042 4355
8043 4356
8044 4357
8045 4358
8046 4359
8047 4360
8048 4361
8049 4362
8050 4363
8051 4364
8052 4365
8053 4366
8054 4367
8055 4368
8056 4369
8057 4370
8058 4371
8059 4372
8060 4373
8061 4374
8062 4375
8063 4376
7680 11520
7681 11521
7682 11522
7683 11523
7684 11524
7685 11525
7686 11526
7687 11527
7688 11528
7689 11529
7690 11530
7691 11531
7692 11532
7693 11533
7694 11534
7695 11535
7696 11536
7697 11537
7698 11538
7699 11539
7700 11540
7701 11541
7702 11542
7703 11543
7704 11544
7705 11545
7706 11546
7707 11547
7708 11548
7709 11549
7710 11550
7711 11551
7712 11552
7713 11553
7714 11554
7715 11555
7716 11556
7717 11557
7718 11558
7719 11559
7720 11560
7721 11561
7722 11562
7723 11563
7724 11564
7725 11565
7726 11566
7727 11567
7728 11568
7729 11569
7730 11570
7731 11571
7732 11572
7733 11573
7734 11574
7735 11575
7736 11576
7737 11577
7738 11578
7739 11579
7740 11580
7741 11581
7742 11582
7743 11583
7744 11584
7745 11585
7746 11586
7747 11587
7748 11588
7749 11589
7750 11590
7751 11591
7752 11592
7753 11593
7754 11594
7755 11595
7756 11596
7757 11597
7758 11598
7759 11599
7760 11600
7761 11601
7762 11602
7763 11603
7764 11604
7765 11605
7766 11606
7767 11607
7768 11608
7769 11609
7770 11610
7771 11611
7772 11612
7773 11613
7774 11614
7775 11615
7776 11616
7777 11617
7778 11618
7779 11619
7780 11620
7781 11621
7782 11622
7783 11623
7784 11624
7785 11625
7786 11626
7787 11627
7788 11628
7789 11629
7790 11630
7791 11631
7792 11632
7793 11633
7794 11634
7795 11635
7796 11636
7797 11637
7798 11638
7799 11639
7800 11640
7801 11641
7802 11642
7803 11643
7804 11644
7805 11645
7806 11646
7807 11647
7808 11648
7809 11649
7810 11650
7811 11651
7812 11652
7813 11653
7814 11654
7815 11655
7816 11656
7817 11657
7818 11658
7819 11659
7820 11660
7821 11661
7822 11662
7823 11663
7824 11664
7825 11665
7826 11666
7827 11667
7828 11668
7829 11669
7830 11670
7831 11671
7832 11672
7833 11673
7834 11674
7835 11675
7836 11676
7837 11677
7838 11678
7839 11679
7840 11680
7841 11681
7842 11682
7843 11683
7844 11684
7845 11685
7846 11686
7847 11687
7848 11688
7849 11689
7850 11690
7851 11691
7852 11692
7853 11693
7854 11694
7855 11695
7856 11696
7857 11697
7858 11698
7859 11699
7860 11700
7861 11701
7862 11702
7863 11703
7864 11704
7865 11705
7866 11706
7867 11707
7868 11708
7869 11709
7870 11710
7871 11711
7872 11712
7873 11713
7874 11714
7875 11715
7876 11716
7877 11717
7878 11718
7879 11719
7880 11720
7881 11721
7882 11722
7883 11723
7884 11724
7885 11725
7886 11726
7887 11727
7888 11728
7889 11729
7890 11730
7891 11731
7892 11732
7893 11733
7894 11734
7895 11735
7896 11736
7897 11737
7898 11738
7899 11739
7900 11740
7901 11741
7902 11742
7903 11743
7904 11744
7905 11745
7906 11746
7907 11747
7908 11748
7909 11749
7910 11750
7911 11751
7912 11752
7913 11753
7914 11754
7915 11755
7916 11756
7917 11757
7918 11758
7919 11759
7920 11760
7921 11761
7922 11762
7923 11763
7924 11764
7925 11765
7926 11766
7927 11767
7928 11768
7929 11769
7930 11770
7931 11771
7932 11772
7933 11773
7934 11774
7935 11775
7936 11776
7937 11777
7938 11778
7939 11779
7940 11780
7941 11781
7942 11782
7943 11783
7944 11784
7945 11785
7946 11786
7947 11787
7948 11788
7949 11789
7950 11790
7951 11791
7952 11792
7953 11793
7954 11794
7955 11795
7956 11796
7957 11797
7958 11798
7959 11799
7960 11800
7961 11801
7962 11802
7963 11803
7964 11804
7965 11805
7966 11806
7967 11807
7968 11808
7969 11809
7970 11810
7971 11811
7972 11812
7973 11813
7974 11814
7975 11815
7976 11816
7977 11817
7978 11818
7979 11819
7980 11820
7981 11821
7982 11822
7983 11823
7984 11824
7985 11825
7986 11826
7987 11827
7988 11828
7989 11829
7990 11830
7991 11831
7992 11832
7993 11833
7994 11834
7995 11835
7996 11836
7997 11837
7998 11838
7999 11839
8000 11840
8001 11841
8002 11842
8003 11843
8004 11844
8005 11845
8006 11846
8007 11847
8008 11848
8009 11849
8010 11850
8011 11851
8012 11852
8013 11853
8014 11854
8015 11855
8016 11856
8017 11857
8018 11858
8019 11859
8020 11860
8021 11861
8022 11862
8023 11863
8024 11864
8025 11865
8026 11866
8027 11867
8028 11868
8029 11869
8030 11870
8031 11871
8032 11872
8033 11873
8034 11874
8035 11875
8036 11876
8037 11877
8038 11878
8039 11879
8040 11880
8041 11881
8042 11882
8043 11883
8044 11884
8045 11885
8046 11886
8047 11887
8048 11888
8049 11889
8050 11890
8051 11891
8052 11892
8053 11893
8054 11894
8055 11895
8056 11896
8057 11897
8058 11898
8059 11899
8060 11900
8061 11901
8062 11902
8063 11903
8064 157
8065 158
8066 159
8067 160
8068 161
8069 162
8070 163
8071 164
8072 165
8073 166
8074 167
8075 168
8076 169
8077 170
8078 171
8079 172
8080 173
8081 174
8082 175
8083 176
8084 177
8085 178
8086 179
8087 180
8088 181
8089 182
8090 183
8091 184
8092 185
8093 186
8094 187
8095 188
8096 189
8097 190
8098 191
8099 192
8100 193
8101 194
8102 195
8103 196
8104 197
8105 198
8106 199
8107 200
8108 201
8109 202
8110 203
8111 204
8112 205
8113 206
8114 207
8115 208
8116 209
8117 210
8118 211
8119 212
8120 213
8121 214
8122 215
8123 216
8124 217
8125 218
8126 219
8127 220
8128 221
8129 222
8130 223
8131 224
8132 225
8133 226
8134 227
8135 228
8136 229
8137 230
8138 231
8139 232
8140 233
8141 234
8142 235
8143 236
8144 237
8145 238
8146 239
8147 240
8148 241
8149 242
8150 243
8151 244
8152 245
8153 246
8154 247
8155 248
8156 249
8157 250
8158 251
8159 252
8160 253
8161 254
8162 255
8163 256
8164 257
8165 258
8166 259
8167 260
8168 261
8169 262
8170 263
8171 264
8172 265
8173 266
8174 267
8175 268
8176 269
8177 270
8178 271
8179 272
8180 273
8181 274
8182 275
8183 276
8184 277
8185 278
8186 279
8187 280
8188 281
8189 282
8190 283
8191 284
8192 285
8193 286
8194 287
8195 288
8196 289
8197 290
8198 291
8199 292
8200 293
8201 294
8202 295
8203 296
8204 297
8205 298
8206 299
8207 300
8208 301
8209 302
8210 303
8211 304
8212 305
8213 306
8214 307
8215 308
8216 309
8217 310
8218 311
8219 312
8220 313
8221 314
8222 315
8223 316
8224 317
8225 318
8226 319
8227 320
8228 321
8229 322
8230 323
8231 324
8232 325
8233 326
8234 327
8235 328
8236 329
8237 330
8238 331
8239 332
8240 333
8241 334
8242 335
8243 336
8244 337
8245 338
8246 339
8247 340
8248 341
8249 342
8250 343
8251 344
8252 345
8253 346
8254 347
8255 348
8256 349
8257 350
8258 351
8259 352
8260 353
8261 354
8262 355
8263 356
8264 357
8265 358
8266 359
8267 360
8268 361
8269 362
8270 363
8271 364
8272 365
8273 366
8274 367
8275 368
8276 369
8277 370
8278 371
8279 372
8280 373
8281 374
8282 375
8283 376
8284 377
8285 378
8286 379
8287 380
8288 381
8289 382
8290 383
8291 0
8292 1
8293 2
8294 3
8295 4
8296 5
8297 6
8298 7
8299 8
8300 9
8301 10
8302 11
8303 12
8304 13
8305 14
8306 15
8307 16
8308 17
8309 18
8310 19
8311 20
8312 21
8313 22
8314 23
8315 24
8316 25
8317 26
8318 27
8319 28
8320 29
8321 30
8322 31
8323 32
8324 33
8325 34
8326 35
8327 36
8328 37
8329 38
8330 39
8331 40
8332 41
8333 42
8334 43
8335 44
8336 45
8337 46
8338 47
8339 48
8340 49
8341 50
8342 51
8343 52
8344 53
8345 54
8346 55
8347 56
8348 57
8349 58
8350 59
8351 60
8352 61
8353 62
8354 63
8355 64
8356 65
8357 66
8358 67
8359 68
8360 69
8361 70
8362 71
8363 72
8364 73
8365 74
8366 75
8367 76
8368 77
8369 78
8370 79
8371 80
8372 81
8373 82
8374 83
8375 84
8376 85
8377 86
8378 87
8379 88
8380 89
8381 90
8382 91
8383 92
8384 93
8385 94
8386 95
8387 96
8388 97
8389 98
8390 99
8391 100
8392 101
8393 102
8394 103
8395 104
8396 105
8397 106
8398 107
8399 108
8400 109
8401 110
8402 111
8403 112
8404 113
8405 114
8406 115
8407 116
8408 117
8409 118
8410 119
8411 120
8412 121
8413 122
8414 123
8415 124
8416 125
8417 126
8418 127
8419 128
8420 129
8421 130
8422 131
8423 132
8424 133
8425 134
8426 135
8427 136
8428 137
8429 138
8430 139
8431 140
8432 141
8433 142
8434 143
8435 144
8436 145
8437 146
8438 147
8439 148
8440 149
8441 150
8442 151
8443 152
8444 153
8445 154
8446 155
8447 156
8064 3247
8065 3248
8066 3249
8067 3250
8068 3251
8069 3252
8070 3253
8071 3254
8072 3255
8073 3256
8074 3257
8075 3258
8076 3259
8077 3260
8078 3261
8079 3262
8080 3263
8081 3264
8082 3265
8083 3266
8084 3267
8085 3268
8086 3269
8087 3270
8088 3271
8089 3272
8090 3273
8091 3274
8092 3275
8093 3276
8094 3277
8095 3278
8096 3279
8097 3280
8098 3281
8099 3282
8100 3283
8101 3284
8102 3285
8103 3286
8104 3287
8105 3288
8106 3289
8107 3290
8108 3291
8109 3292
8110 3293
8111 3294
8112 3295
8113 3296
8114 3297
8115 3298
8116 3299
8117 3300
8118 3301
8119 3302
8120 3303
8121 3304
8122 3305
8123 3306
8124 3307
8125 3308
8126 3309
8127 3310
8128 3311
8129 3312
8130 3313
8131 3314
8132 3315
8133 3316
8134 3317
8135 3318
8136 3319
8137 3320
8138 3321
8139 3322
8140 3323
8141 3324
8142 3325
8143 3326
8144 3327
8145 3328
8146 3329
8147 3330
8148 3331
8149 3332
8150 3333
8151 3334
8152 3335
8153 3336
8154 3337
8155 3338
8156 3339
8157 3340
8158 3341
8159 3342
8160 3343
8161 3344
8162 3345
8163 3346
8164 3347
8165 3348
8166 3349
8167 3350
8168 3351
8169 3352
8170 3353
8171 3354
8172 3355
8173 3356
8174 3357
8175 3358
8176 3359
8177 3360
8178 3361
8179 3362
8180 3363
8181 3364
8182 3365
8183 3366
8184 3367
8185 3368
8186 3369
8187 3370
8188 3371
8189 3372
8190 3373
8191 3374
8192 3375
8193 3376
8194 3377
8195 3378
8196 3379
8197 3380
8198 3381
8199 3382
8200 3383
8201 3384
8202 3385
8203 3386
8204 3387
8205 3388
8206 3389
8207 3390
8208 3391
8209 3392
8210 3393
8211 3394
8212 3395
8213 3396
8214 3397
8215 3398
8216 3399
8217 3400
8218 3401
8219 3402
8220 3403
8221 3404
8222 3405
8223 3406
8224 3407
8225 3408
8226 3409
8227 3410
8228 3411
8229 3412
8230 3413
8231 3414
8232 3415
8233 3416
8234 3417
8235 3418
8236 3419
8237 3420
8238 3421
8239 3422
8240 3423
8241 3424
8242 3425
8243 3426
8244 3427
8245 3428
8246 3429
8247 3430
8248 3431
8249 3432
8250 3433
8251 3434
8252 3435
8253 3436
8254 3437
8255 3438
8256 3439
8257 3440
8258 3441
8259 3442
8260 3443
8261 3444
8262 3445
8263 3446
8264 3447
8265 3448
8266 3449
8267 3450
8268 3451
8269 3452
8270 3453
8271 3454
8272 3455
8273 3072
8274 3073
8275 3074
8276 3075
8277 3076
8278 3077
8279 3078
8280 3079
8281 3080
8282 3081
8283 3082
8284 3083
8285 3084
8286 3085
8287 3086
8288 3087
8289 3088
8290 3089
8291 3090
8292 3091
8293 3092
8294 3093
8295 3094
8296 3095
8297 3096
8298 3097
8299 3098
8300 3099
8301 3100
8302 3101
8303 3102
8304 3103
8305 3104
8306 3105
8307 3106
8308 3107
8309 3108
8310 3109
8311 3110
8312 3111
8313 3112
8314 3113
8315 3114
8316 3115
8317 3116
8318 3117
8319 3118
8320 3119
8321 3120
8322 3121
8323 3122
8324 3123
8325 3124
8326 3125
8327 3126
8328 3127
8329 3128
8330 3129
8331 3130
8332 3131
8333 3132
8334 3133
8335 3134
8336 3135
8337 3136
8338 3137
8339 3138
8340 3139
8341 3140
8342 3141
8343 3142
8344 3143
8345 3144
8346 3145
8347 3146
8348 3147
8349 3148
8350 3149
8351 3150
8352 3151
8353 3152
8354 3153
8355 3154
8356 3155
8357 3156
8358 3157
8359 3158
8360 3159
8361 3160
8362 3161
8363 3162
8364 3163
8365 3164
8366 3165
8367 3166
8368 3167
8369 3168
8370 3169
8371 3170
8372 3171
8373 3172
8374 3173
8375 3174
8376 3175
8377 3176
8378 3177
8379 3178
8380 3179
8381 3180
8382 3181
8383 3182
8384 3183
8385 3184
8386 3185
8387 3186
8388 3187
8389 3188
8390 3189
8391 3190
8392 3191
8393 3192
8394 3193
8395 3194
8396 3195
8397 3196
8398 3197
8399 3198
8400 3199
8401 3200
8402 3201
8403 3202
8404 3203
8405 3204
8406 3205
8407 3206
8408 3207
8409 3208
8410 3209
8411 3210
8412 3211
8413 3212
8414 3213
8415 3214
8416 3215
8417 3216
8418 3217
8419 3218
8420 3219
8421 3220
8422 3221
8423 3222
8424 3223
8425 3224
8426 3225
8427 3226
8428 3227
8429 3228
8430 3229
8431 3230
8432 3231
8433 3232
8434 3233
8435 3234
8436 3235
8437 3236
8438 3237
8439 3238
8440 3239
8441 3240
8442 3241
8443 3242
8444 3243
8445 3244
8446 3245
8447 3246
8064 5059
8065 5060
8066 5061
8067 5062
8068 5063
8069 5064
8070 5065
8071 5066
8072 5067
8073 5068
8074 5069
8075 5070
8076 5071
8077 5072
8078 5073
8079 5074
8080 5075
8081 5076
8082 5077
8083 5078
8084 5079
8085 5080
8086 5081
8087 5082
8088 5083
8089 5084
8090 5085
8091 5086
8092 5087
8093 5088
8094 5089
8095 5090
8096 5091
8097 5092
8098 5093
8099 5094
8100 5095
8101 5096
8102 5097
8103 5098
8104 5099
8105 5100
8106 5101
8107 5102
8108 5103
8109 5104
8110 5105
8111 5106
8112 5107
8113 5108
8114 5109
8115 5110
8116 5111
8117 5112
8118 5113
8119 5114
8120 5115
8121 5116
8122 5117
8123 5118
8124 5119
8125 5120
8126 5121
8127 5122
8128 5123
8129 5124
8130 5125
8131 5126
8132 5127
8133 5128
8134 5129
8135 5130
8136 5131
8137 5132
8138 5133
8139 5134
8140 5135
8141 5136
8142 5137
8143 5138
8144 5139
8145 5140
8146 5141
8147 5142
8148 5143
8149 5144
8150 5145
8151 5146
8152 5147
8153 5148
8154 5149
8155 5150
8156 5151
8157 5152
8158 5153
8159 5154
8160 5155
8161 5156
8162 5157
8163 5158
8164 5159
8165 5160
8166 5161
8167 5162
8168 5163
8169 5164
8170 5165
8171 5166
8172 5167
8173 5168
8174 5169
8175 5170
8176 5171
8177 5172
8178 5173
8179 5174
8180 5175
8181 5176
8182 5177
8183 5178
8184 5179
8185 5180
8186 5181
8187 5182
8188 5183
8189 5184
8190 5185
8191 5186
8192 5187
8193 5188
8194 5189
8195 5190
8196 5191
8197 5192
8198 5193
8199 5194
8200 5195
8201 5196
8202 5197
8203 5198
8204 5199
8205 5200
8206 5201
8207 5202
8208 5203
8209 5204
8210 5205
8211 5206
8212 5207
8213 5208
8214 5209
8215 5210
8216 5211
8217 5212
8218 5213
8219 5214
8220 5215
8221 5216
8222 5217
8223 5218
8224 5219
8225 5220
8226 5221
8227 5222
8228 5223
8229 5224
8230 5225
8231 5226
8232 5227
8233 5228
8234 5229
8235 5230
8236 5231
8237 5232
8238 5233
8239 5234
8240 5235
8241 5236
8242 5237
8243 5238
8244 5239
8245 5240
8246 5241
8247 5242
8248 5243
8249 5244
8250 5245
8251 5246
8252 5247
8253 5248
8254 5249
8255 5250
8256 5251
8257 5252
8258 5253
8259 5254
8260 5255
8261 5256
8262 5257
8263 5258
8264 5259
8265 5260
8266 5261
8267 5262
8268 5263
8269 5264
8270 5265
8271 5266
8272 5267
8273 5268
8274 5269
8275 5270
8276 5271
8277 5272
8278 5273
8279 5274
8280 5275
8281 5276
8282 5277
8283 5278
8284 5279
8285 5280
8286 5281
8287 5282
8288 5283
8289 5284
8290 5285
8291 5286
8292 5287
8293 5288
8294 5289
8295 5290
8296 5291
8297 5292
8298 5293
8299 5294
8300 5295
8301 5296
8302 5297
8303 5298
8304 5299
8305 5300
8306 5301
8307 5302
8308 5303
8309 5304
8310 5305
8311 5306
8312 5307
8313 5308
8314 5309
8315 5310
8316 5311
8317 5312
8318 5313
8319 5314
8320 5315
8321 5316
8322 5317
8323 5318
8324 5319
8325 5320
8326 5321
8327 5322
8328 5323
8329 5324
8330 5325
8331 5326
8332 5327
8333 5328
8334 5329
8335 5330
8336 5331
8337 5332
8338 5333
8339 5334
8340 5335
8341 5336
8342 5337
8343 5338
8344 5339
8345 5340
8346 5341
8347 5342
8348 5343
8349 5344
8350 5345
8351 5346
8352 5347
8353 5348
8354 5349
8355 5350
8356 5351
8357 5352
8358 5353
8359 5354
8360 5355
8361 5356
8362 5357
8363 5358
8364 5359
8365 5360
8366 5361
8367 5362
8368 5363
8369 5364
8370 5365
8371 5366
8372 5367
8373 5368
8374 5369
8375 5370
8376 5371
8377 5372
8378 5373
8379 5374
8380 5375
8381 4992
8382 4993
8383 4994
8384 4995
8385 4996
8386 4997
8387 4998
8388 4999
8389 5000
8390 5001
8391 5002
8392 5003
8393 5004
8394 5005
8395 5006
8396 5007
8397 5008
8398 5009
8399 5010
8400 5011
8401 5012
8402 5013
8403 5014
8404 5015
8405 5016
8406 5017
8407 5018
8408 5019
8409 5020
8410 5021
8411 5022
8412 5023
8413 5024
8414 5025
8415 5026
8416 5027
8417 5028
8418 5029
8419 5030
8420 5031
8421 5032
8422 5033
8423 5034
8424 5035
8425 5036
8426 5037
8427 5038
8428 5039
8429 5040
8430 5041
8431 5042
8432 5043
8433 5044
8434 5045
8435 5046
8436 5047
8437 5048
8438 5049
8439 5050
8440 5051
8441 5052
8442 5053
8443 5054
8444 5055
8445 5056
8446 5057
8447 5058
8064 11904
8065 11905
8066 11906
8067 11907
8068 11908
8069 11909
8070 11910
8071 11911
8072 11912
8073 11913
8074 11914
8075 11915
8076 11916
8077 11917
8078 11918
8079 11919
8080 11920
8081 11921
8082 11922
8083 11923
8084 11924
8085 11925
8086 11926
8087 11927
8088 11928
8089 11929
8090 11930
8091 11931
8092 11932
8093 11933
8094 11934
8095 11935
8096 11936
8097 11937
8098 11938
8099 11939
8100 11940
8101 11941
8102 11942
8103 11943
8104 11944
8105 11945
8106 11946
8107 11947
8108 11948
8109 11949
8110 11950
8111 11951
8112 11952
8113 11953
8114 11954
8115 11955
8116 11956
8117 11957
8118 11958
8119 11959
8120 11960
8121 11961
8122 11962
8123 11963
8124 11964
8125 11965
8126 11966
8127 11967
8128 11968
8129 11969
8130 11970
8131 11971
8132 11972
8133 11973
8134 11974
8135 11975
8136 11976
8137 11977
8138 11978
8139 11979
8140 11980
8141 11981
8142 11982
8143 11983
8144 11984
8145 11985
8146 11986
8147 11987
8148 11988
8149 11989
8150 11990
8151 11991
8152 11992
8153 11993
8154 11994
8155 11995
8156 11996
8157 11997
8158 11998
8159 11999
8160 12000
8161 12001
8162 12002
8163 12003
8164 12004
8165 12005
8166 12006
8167 12007
8168 12008
8169 12009
8170 12010
8171 12011
8172 12012
8173 12013
8174 12014
8175 12015
8176 12016
8177 12017
8178 12018
8179 12019
8180 12020
8181 12021
8182 12022
8183 12023
8184 12024
8185 12025
8186 12026
8187 12027
8188 12028
8189 12029
8190 12030
8191 12031
8192 12032
8193 12033
8194 12034
8195 12035
8196 12036
8197 12037
8198 12038
8199 12039
8200 12040
8201 12041
8202 12042
8203 12043
8204 12044
8205 12045
8206 12046
8207 12047
8208 12048
8209 12049
8210 12050
8211 12051
8212 12052
8213 12053
8214 12054
8215 12055
8216 12056
8217 12057
8218 12058
8219 12059
8220 12060
8221 12061
8222 12062
8223 12063
8224 12064
8225 12065
8226 12066
8227 12067
8228 12068
8229 12069
8230 12070
8231 12071
8232 12072
8233 12073
8234 12074
8235 12075
8236 12076
8237 12077
8238 12078
8239 12079
8240 12080
8241 12081
8242 12082
8243 12083
8244 12084
8245 12085
8246 12086
8247 12087
8248 12088
8249 12089
8250 12090
8251 12091
8252 12092
8253 12093
8254 12094
8255 12095
8256 12096
8257 12097
8258 12098
8259 12099
8260 12100
8261 12101
8262 12102
8263 12103
8264 12104
8265 12105
8266 12106
8267 12107
8268 12108
8269 12109
8270 12110
8271 12111
8272 12112
8273 12113
8274 12114
8275 12115
8276 12116
8277 12117
8278 12118
8279 12119
8280 12120
8281 12121
8282 12122
8283 12123
8284 12124
8285 12125
8286 12126
8287 12127
8288 12128
8289 12129
8290 12130
8291 12131
8292 12132
8293 12133
8294 12134
8295 12135
8296 12136
8297 12137
8298 12138
8299 12139
8300 12140
8301 12141
8302 12142
8303 12143
8304 12144
8305 12145
8306 12146
8307 12147
8308 12148
8309 12149
8310 12150
8311 12151
8312 12152
8313 12153
8314 12154
8315 12155
8316 12156
8317 12157
8318 12158
8319 12159
8320 12160
8321 12161
8322 12162
8323 12163
8324 12164
8325 12165
8326 12166
8327 12167
8328 12168
8329 12169
8330 12170
8331 12171
8332 12172
8333 12173
8334 12174
8335 12175
8336 12176
8337 12177
8338 12178
8339 12179
8340 12180
8341 12181
8342 12182
8343 12183
8344 12184
8345 12185
8346 12186
8347 12187
8348 12188
8349 12189
8350 12190
8351 12191
8352 12192
8353 12193
8354 12194
8355 12195
8356 12196
8357 12197
8358 12198
8359 12199
8360 12200
8361 12201
8362 12202
8363 12203
8364 12204
8365 12205
8366 12206
8367 12207
8368 12208
8369 12209
8370 12210
8371 12211
8372 12212
8373 12213
8374 12214
8375 12215
8376 12216
8377 12217
8378 12218
8379 12219
8380 12220
8381 12221
8382 12222
8383 12223
8384 12224
8385 12225
8386 12226
8387 12227
8388 12228
8389 12229
8390 12230
8391 12231
8392 12232
8393 12233
8394 12234
8395 12235
8396 12236
8397 12237
8398 12238
8399 12239
8400 12240
8401 12241
8402 12242
8403 12243
8404 12244
8405 12245
8406 12246
8407 12247
8408 12248
8409 12249
8410 12250
8411 12251
8412 12252
8413 12253
8414 12254
8415 12255
8416 12256
8417 12257
8418 12258
8419 12259
8420 12260
8421 12261
8422 12262
8423 12263
8424 12264
8425 12265
8426 12266
8427 12267
8428 12268
8429 12269
8430 12270
8431 12271
8432 12272
8433 12273
8434 12274
8435 12275
8436 12276
8437 12277
8438 12278
8439 12279
8440 12280
8441 12281
8442 12282
8443 12283
8444 12284
8445 12285
8446 12286
8447 12287
8448 404
8449 405
8450 406
8451 407
8452 408
8453 409
8454 410
8455 411
8456 412
8457 413
8458 414
8459 415
8460 416
8461 417
8462 418
8463 419
8464 420
8465 421
8466 422
8467 423
8468 424
8469 425
8470 426
8471 427
8472 428
8473 429
8474 430
8475 431
8476 432
8477 433
8478 434
8479 435
8480 436
8481 437
8482 438
8483 439
8484 440
8485 441
8486 442
8487 443
8488 444
8489 445
8490 446
8491 447
8492 448
8493 449
8494 450
8495 451
8496 452
8497 453
8498 454
8499 455
8500 456
8501 457
8502 458
8503 459
8504 460
8505 461
8506 462
8507 463
8508 464
8509 465
8510 466
8511 467
8512 468
8513 469
8514 470
8515 471
8516 472
8517 473
8518 474
8519 475
8520 476
8521 477
8522 478
8523 479
8524 480
8525 481
8526 482
8527 483
8528 484
8529 485
8530 486
8531 487
8532 488
8533 489
8534 490
8535 491
8536 492
8537 493
8538 494
8539 495
8540 496
8541 497
8542 498
8543 499
8544 500
8545 501
8546 502
8547 503
8548 504
8549 505
8550 506
8551 507
8552 508
8553 509
8554 510
8555 511
8556 512
8557 513
8558 514
8559 515
8560 516
8561 517
8562 518
8563 519
8564 520
8565 521
8566 522
8567 523
8568 524
8569 525
8570 526
8571 527
8572 528
8573 529
8574 530
8575 531
8576 532
8577 533
8578 534
8579 535
8580 536
8581 537
8582 538
8583 539
8584 540
8585 541
8586 542
8587 543
8588 544
8589 545
8590 546
8591 547
8592 548
8593 549
8594 550
8595 551
8596 552
8597 553
8598 554
8599 555
8600 556
8601 557
8602 558
8603 559
8604 560
8605 561
8606 562
8607 563
8608 564
8609 565
8610 566
8611 567
8612 568
8613 569
8614 570
8615 571
8616 572
8617 573
8618 574
8619 575
8620 576
8621 577
8622 578
8623 579
8624 580
8625 581
8626 582
8627 583
8628 584
8629 585
8630 586
8631 587
8632 588
8633 589
8634 590
8635 591
8636 592
8637 593
8638 594
8639 595
8640 596
8641 597
8642 598
8643 599
8644 600
8645 601
8646 602
8647 603
8648 604
8649 605
8650 606
8651 607
8652 608
8653 609
8654 610
8655 611
8656 612
8657 613
8658 614
8659 615
8660 616
8661 617
8662 618
8663 619
8664 620
8665 621
8666 622
8667 623
8668 624
8669 625
8670 626
8671 627
8672 628
8673 629
8674 630
8675 631
8676 632
8677 633
8678 634
8679 635
8680 636
8681 637
8682 638
8683 639
8684 640
8685 641
8686 642
8687 643
8688 644
8689 645
8690 646
8691 647
8692 648
8693 649
8694 650
8695 651
8696 652
8697 653
8698 654
8699 655
8700 656
8701 657
8702 658
8703 659
8704 660
8705 661
8706 662
8707 663
8708 664
8709 665
8710 666
8711 667
8712 668
8713 669
8714 670
8715 671
8716 672
8717 673
8718 674
8719 675
8720 676
8721 677
8722 678
8723 679
8724 680
8725 681
8726 682
8727 683
8728 684
8729 685
8730 686
8731 687
8732 688
8733 689
8734 690
8735 691
8736 692
8737 693
8738 694
8739 695
8740 696
8741 697
8742 698
8743 699
8744 700
8745 701
8746 702
8747 703
8748 704
8749 705
8750 706
8751 707
8752 708
8753 709
8754 710
8755 711
8756 712
8757 713
8758 714
8759 715
8760 716
8761 717
8762 718
8763 719
8764 720
8765 721
8766 722
8767 723
8768 724
8769 725
8770 726
8771 727
8772 728
8773 729
8774 730
8775 731
8776 732
8777 733
8778 734
8779 735
8780 736
8781 737
8782 738
8783 739
8784 740
8785 741
8786 742
8787 743
8788 744
8789 745
8790 746
8791 747
8792 748
8793 749
8794 750
8795 751
8796 752
8797 753
8798 754
8799 755
8800 756
8801 757
8802 758
8803 759
8804 760
8805 761
8806 762
8807 763
8808 764
8809 765
8810 766
8811 767
8812 384
8813 385
8814 386
8815 387
8816 388
8817 389
8818 390
8819 391
8820 392
8821 393
8822 394
8823 395
8824 396
8825 397
8826 398
8827 399
8828 400
8829 401
8830 402
8831 403
8448 820
8449 821
8450 822
8451 823
8452 824
8453 825
8454 826
8455 827
8456 828
8457 829
8458 830
8459 831
8460 832
8461 833
8462 834
8463 835
8464 836
8465 837
8466 838
8467 839
8468 840
8469 841
8470 842
8471 843
8472 844
8473 845
8474 846
8475 847
8476 848
8477 849
8478 850
8479 851
8480 852
8481 853
8482 854
8483 855
8484 856
8485 857
8486 858
8487 859
8488 860
8489 861
8490 862
8491 863
8492 864
8493 865
8494 866
8495 867
8496 868
8497 869
8498 870
8499 871
8500 872
8501 873
8502 874
8503 875
8504 876
8505 877
8506 878
8507 879
8508 880
8509 881
8510 882
8511 883
8512 884
8513 885
8514 886
8515 887
8516 888
8517 889
8518 890
8519 891
8520 892
8521 893
8522 894
8523 895
8524 896
8525 897
8526 898
8527 899
8528 900
8529 901
8530 902
8531 903
8532 904
8533 905
8534 906
8535 907
8536 908
8537 909
8538 910
8539 911
8540 912
8541 913
8542 914
8543 915
8544 916
8545 917
8546 918
8547 919
8548 920
8549 921
8550 922
8551 923
8552 924
8553 925
8554 926
8555 927
8556 928
8557 929
8558 930
8559 931
8560 932
8561 933
8562 934
8563 935
8564 936
8565 937
8566 938
8567 939
8568 940
8569 941
8570 942
8571 943
8572 944
8573 945
8574 946
8575 947
8576 948
8577 949
8578 950
8579 951
8580 952
8581 953
8582 954
8583 955
8584 956
8585 957
8586 958
8587 959
8588 960
8589 961
8590 962
8591 963
8592 964
8593 965
8594 966
8595 967
8596 968
8597 969
8598 970
8599 971
8600 972
8601 973
8602 974
8603 975
8604 976
8605 977
8606 978
8607 979
8608 980
8609 981
8610 982
8611 983
8612 984
8613 985
8614 986
8615 987
8616 988
8617 989
8618 990
8619 991
8620 992
8621 993
8622 994
8623 995
8624 996
8625 997
8626 998
8627 999
8628 1000
8629 1001
8630 1002
8631 1003
8632 1004
8633 1005
8634 1006
8635 1007
8636 1008
8637 1009
8638 1010
8639 1011
8640 1012
8641 1013
8642 1014
8643 1015
8644 1016
8645 1017
8646 1018
8647 1019
8648 1020
8649 1021
8650 1022
8651 1023
8652 1024
8653 1025
8654 1026
8655 1027
8656 1028
8657 1029
8658 1030
8659 1031
8660 1032
8661 1033
8662 1034
8663 1035
8664 1036
8665 1037
8666 1038
8667 1039
8668 1040
8669 1041
8670 1042
8671 1043
8672 1044
8673 1045
8674 1046
8675 1047
8676 1048
8677 1049
8678 1050
8679 1051
8680 1052
8681 1053
8682 1054
8683 1055
8684 1056
8685 1057
8686 1058
8687 1059
8688 1060
8689 1061
8690 1062
8691 1063
8692 1064
8693 1065
8694 1066
8695 1067
8696 1068
8697 1069
8698 1070
8699 1071
8700 1072
8701 1073
8702 1074
8703 1075
8704 1076
8705 1077
8706 1078
8707 1079
8708 1080
8709 1081
8710 1082
8711 1083
8712 1084
8713 1085
8714 1086
8715 1087
8716 1088
8717 1089
8718 1090
8719 1091
8720 1092
8721 1093
8722 1094
8723 1095
8724 1096
8725 1097
8726 1098
8727 1099
8728 1100
8729 1101
8730 1102
8731 1103
8732 1104
8733 1105
8734 1106
8735 1107
8736 1108
8737 1109
8738 1110
8739 1111
8740 1112
8741 1113
8742 1114
8743 1115
8744 1116
8745 1117
8746 1118
8747 1119
8748 1120
8749 1121
8750 1122
8751 1123
8752 1124
8753 1125
8754 1126
8755 1127
8756 1128
8757 1129
8758 1130
8759 1131
8760 1132
8761 1133
8762 1134
8763 1135
8764 1136
8765 1137
8766 1138
8767 1139
8768 1140
8769 1141
8770 1142
8771 1143
8772 1144
8773 1145
8774 1146
8775 1147
8776 1148
8777 1149
8778 1150
8779 1151
8780 768
8781 769
8782 770
8783 771
8784 772
8785 773
8786 774
8787 775
8788 776
8789 777
8790 778
8791 779
8792 780
8793 781
8794 782
8795 783
8796 784
8797 785
8798 786
8799 787
8800 788
8801 789
8802 790
8803 791
8804 792
8805 793
8806 794
8807 795
8808 796
8809 797
8810 798
8811 799
8812 800
8813 801
8814 802
8815 803
8816 804
8817 805
8818 806
8819 807
8820 808
8821 809
8822 810
8823 811
8824 812
8825 813
8826 814
8827 815
8828 816
8829 817
8830 818
8831 819
8448 12288
8449 12289
8450 12290
8451 12291
8452 12292
8453 12293
8454 12294
8455 12295
8456 12296
8457 12297
8458 12298
8459 12299
8460 12300
8461 12301
8462 12302
8463 12303
8464 12304
8465 12305
8466 12306
8467 12307
8468 12308
8469 12309
8470 12310
8471 12311
8472 12312
8473 12313
8474 12314
8475 12315
8476 12316
8477 12317
8478 12318
8479 12319
8480 12320
8481 12321
8482 12322
8483 12323
8484 12324
8485 12325
8486 12326
8487 12327
8488 12328
8489 12329
8490 12330
8491 12331
8492 12332
8493 12333
8494 12334
8495 12335
8496 12336
8497 12337
8498 12338
8499 12339
8500 12340
8501 12341
8502 12342
8503 12343
8504 12344
8505 12345
8506 12346
8507 12347
8508 12348
8509 12349
8510 12350
8511 12351
8512 12352
8513 12353
8514 12354
8515 12355
8516 12356
8517 12357
8518 12358
8519 12359
8520 12360
8521 12361
8522 12362
8523 12363
8524 12364
8525 12365
8526 12366
8527 12367
8528 12368
8529 12369
8530 12370
8531 12371
8532 12372
8533 12373
8534 12374
8535 12375
8536 12376
8537 12377
8538 12378
8539 12379
8540 12380
8541 12381
8542 12382
8543 12383
8544 12384
8545 12385
8546 12386
8547 12387
8548 12388
8549 12389
8550 12390
8551 12391
8552 12392
8553 12393
8554 12394
8555 12395
8556 12396
8557 12397
8558 12398
8559 12399
8560 12400
8561 12401
8562 12402
8563 12403
8564 12404
8565 12405
8566 12406
8567 12407
8568 12408
8569 12409
8570 12410
8571 12411
8572 12412
8573 12413
8574 12414
8575 12415
8576 12416
8577 12417
8578 12418
8579 12419
8580 12420
8581 12421
8582 12422
8583 12423
8584 12424
8585 12425
8586 12426
8587 12427
8588 12428
8589 12429
8590 12430
8591 12431
8592 12432
8593 12433
8594 12434
8595 12435
8596 12436
8597 12437
8598 12438
8599 12439
8600 12440
8601 12441
8602 12442
8603 12443
8604 12444
8605 12445
8606 12446
8607 12447
8608 12448
8609 12449
8610 12450
8611 12451
8612 12452
8613 12453
8614 12454
8615 12455
8616 12456
8617 12457
8618 12458
8619 12459
8620 12460
8621 12461
8622 12462
8623 12463
8624 12464
8625 12465
8626 12466
8627 12467
8628 12468
8629 12469
8630 12470
8631 12471
8632 12472
8633 12473
8634 12474
8635 12475
8636 12476
8637 12477
8638 12478
8639 12479
8640 12480
8641 12481
8642 12482
8643 12483
8644 12484
8645 12485
8646 12486
8647 12487
8648 12488
8649 12489
8650 12490
8651 12491
8652 12492
8653 12493
8654 12494
8655 12495
8656 12496
8657 12497
8658 12498
8659 12499
8660 12500
8661 12501
8662 12502
8663 12503
8664 12504
8665 12505
8666 12506
8667 12507
8668 12508
8669 12509
8670 12510
8671 12511
8672 12512
8673 12513
8674 12514
8675 12515
8676 12516
8677 12517
8678 12518
8679 12519
8680 12520
8681 12521
8682 12522
8683 12523
8684 12524
8685 12525
8686 12526
8687 12527
8688 12528
8689 12529
8690 12530
8691 12531
8692 12532
8693 12533
8694 12534
8695 12535
8696 12536
8697 12537
8698 12538
8699 12539
8700 12540
8701 12541
8702 12542
8703 12543
8704 12544
8705 12545
8706 12546
8707 12547
8708 12548
8709 12549
8710 12550
8711 12551
8712 12552
8713 12553
8714 12554
8715 12555
8716 12556
8717 12557
8718 12558
8719 12559
8720 12560
8721 12561
8722 12562
8723 12563
8724 12564
8725 12565
8726 12566
8727 12567
8728 12568
8729 12569
8730 12570
8731 12571
8732 12572
8733 12573
8734 12574
8735 12575
8736 12576
8737 12577
8738 12578
8739 12579
8740 12580
8741 12581
8742 12582
8743 12583
8744 12584
8745 12585
8746 12586
8747 12587
8748 12588
8749 12589
8750 12590
8751 12591
8752 12592
8753 12593
8754 12594
8755 12595
8756 12596
8757 12597
8758 12598
8759 12599
8760 12600
8761 12601
8762 12602
8763 12603
8764 12604
8765 12605
8766 12606
8767 12607
8768 12608
8769 12609
8770 12610
8771 12611
8772 12612
8773 12613
8774 12614
8775 12615
8776 12616
8777 12617
8778 12618
8779 12619
8780 12620
8781 12621
8782 12622
8783 12623
8784 12624
8785 12625
8786 12626
8787 12627
8788 12628
8789 12629
8790 12630
8791 12631
8792 12632
8793 12633
8794 12634
8795 12635
8796 12636
8797 12637
8798 12638
8799 12639
8800 12640
8801 12641
8802 12642
8803 12643
8804 12644
8805 12645
8806 12646
8807 12647
8808 12648
8809 12649
8810 12650
8811 12651
8812 12652
8813 12653
8814 12654
8815 12655
8816 12656
8817 12657
8818 12658
8819 12659
8820 12660
8821 12661
8822 12662
8823 12663
8824 12664
8825 12665
8826 12666
8827 12667
8828 12668
8829 12669
8830 12670
8831 12671
8832 106
8833 107
8834 108
8835 109
8836 110
8837 111
8838 112
8839 113
8840 114
8841 115
8842 116
8843 117
8844 118
8845 119
8846 120
8847 121
8848 122
8849 123
8850 124
8851 125
8852 126
8853 127
8854 128
8855 129
8856 130
8857 131
8858 132
8859 133
8860 134
8861 135
8862 136
8863 137
8864 138
8865 139
8866 140
8867 141
8868 142
8869 143
8870 144
8871 145
8872 146
8873 147
8874 148
8875 149
8876 150
8877 151
8878 152
8879 153
8880 154
8881 155
8882 156
8883 157
8884 158
8885 159
8886 160
8887 161
8888 162
8889 163
8890 164
8891 165
8892 166
8893 167
8894 168
8895 169
8896 170
8897 171
8898 172
8899 173
8900 174
8901 175
8902 176
8903 177
8904 178
8905 179
8906 180
8907 181
8908 182
8909 183
8910 184
8911 185
8912 186
8913 187
8914 188
8915 189
8916 190
8917 191
8918 192
8919 193
8920 194
8921 195
8922 196
8923 197
8924 198
8925 199
8926 200
8927 201
8928 202
8929 203
8930 204
8931 205
8932 206
8933 207
8934 208
8935 209
8936 210
8937 211
8938 212
8939 213
8940 214
8941 215
8942 216
8943 217
8944 218
8945 219
8946 220
8947 221
8948 222
8949 223
8950 224
8951 225
8952 226
8953 227
8954 228
8955 229
8956 230
8957 231
8958 232
8959 233
8960 234
8961 235
8962 236
8963 237
8964 238
8965 239
8966 240
8967 241
8968 242
8969 243
8970 244
8971 245
8972 246
8973 247
8974 248
8975 249
8976 250
8977 251
8978 252
8979 253
8980 254
8981 255
8982 256
8983 257
8984 258
8985 259
8986 260
8987 261
8988 262
8989 263
8990 264
8991 265
8992 266
8993 267
8994 268
8995 269
8996 270
8997 271
8998 272
8999 273
9000 274
9001 275
9002 276
9003 277
9004 278
9005 279
9006 280
9007 281
9008 282
9009 283
9010 284
9011 285
9012 286
9013 287
9014 288
9015 289
9016 290
9017 291
9018 292
9019 293
9020 294
9021 295
9022 296
9023 297
9024 298
9025 299
9026 300
9027 301
9028 302
9029 303
9030 304
9031 305
9032 306
9033 307
9034 308
9035 309
9036 310
9037 311
9038 312
9039 313
9040 314
9041 315
9042 316
9043 317
9044 318
9045 319
9046 320
9047 321
9048 322
9049 323
9050 324
9051 325
9052 326
9053 327
9054 328
9055 329
9056 330
9057 331
9058 332
9059 333
9060 334
9061 335
9062 336
9063 337
9064 338
9065 339
9066 340
9067 341
9068 342
9069 343
9070 344
9071 345
9072 346
9073 347
9074 348
9075 349
9076 350
9077 351
9078 352
9079 353
9080 354
9081 355
9082 356
9083 357
9084 358
9085 359
9086 360
9087 361
9088 362
9089 363
9090 364
9091 365
9092 366
9093 367
9094 368
9095 369
9096 370
9097 371
9098 372
9099 373
9100 374
9101 375
9102 376
9103 377
9104 378
9105 379
9106 380
9107 381
9108 382
9109 383
9110 0
9111 1
9112 2
9113 3
9114 4
9115 5
9116 6
9117 7
9118 8
9119 9
9120 10
9121 11
9122 12
9123 13
9124 14
9125 15
9126 16
9127 17
9128 18
9129 19
9130 20
9131 21
9132 22
9133 23
9134 24
9135 25
9136 26
9137 27
9138 28
9139 29
9140 30
9141 31
9142 32
9143 33
9144 34
9145 35
9146 36
9147 37
9148 38
9149 39
9150 40
9151 41
9152 42
9153 43
9154 44
9155 45
9156 46
9157 47
9158 48
9159 49
9160 50
9161 51
9162 52
9163 53
9164 54
9165 55
9166 56
9167 57
9168 58
9169 59
9170 60
9171 61
9172 62
9173 63
9174 64
9175 65
9176 66
9177 67
9178 68
9179 69
9180 70
9181 71
9182 72
9183 73
9184 74
9185 75
9186 76
9187 77
9188 78
9189 79
9190 80
9191 81
9192 82
9193 83
9194 84
9195 85
9196 86
9197 87
9198 88
9199 89
9200 90
9201 91
9202 92
9203 93
9204 94
9205 95
9206 96
9207 97
9208 98
9209 99
9210 100
9211 101
9212 102
9213 103
9214 104
9215 105
8832 1238
8833 1239
8834 1240
8835 1241
8836 1242
8837 1243
8838 1244
8839 1245
8840 1246
8841 1247
8842 1248
8843 1249
8844 1250
8845 1251
8846 1252
8847 1253
8848 1254
8849 1255
8850 1256
8851 1257
8852 1258
8853 1259
8854 1260
8855 1261
8856 1262
8857 1263
8858 1264
8859 1265
8860 1266
8861 1267
8862 1268
8863 1269
8864 1270
8865 1271
8866 1272
8867 1273
8868 1274
8869 1275
8870 1276
8871 1277
8872 1278
8873 1279
8874 1280
8875 1281
8876 1282
8877 1283
8878 1284
8879 1285
8880 1286
8881 1287
8882 1288
8883 1289
8884 1290
8885 1291
8886 1292
8887 1293
8888 1294
8889 1295
8890 1296
8891 1297
8892 1298
8893 1299
8894 1300
8895 1301
8896 1302
8897 1303
8898 1304
8899 1305
8900 1306
8901 1307
8902 1308
8903 1309
8904 1310
8905 1311
8906 1312
8907 1313
8908 1314
8909 1315
8910 1316
8911 1317
8912 1318
8913 1319
8914 1320
8915 1321
8916 1322
8917 1323
8918 1324
8919 1325
8920 1326
8921 1327
8922 1328
8923 1329
8924 1330
8925 1331
8926 1332
8927 1333
8928 1334
8929 1335
8930 1336
8931 1337
8932 1338
8933 1339
8934 1340
8935 1341
8936 1342
8937 1343
8938 1344
8939 1345
8940 1346
8941 1347
8942 1348
8943 1349
8944 1350
8945 1351
8946 1352
8947 1353
8948 1354
8949 1355
8950 1356
8951 1357
8952 1358
8953 1359
8954 1360
8955 1361
8956 1362
8957 1363
8958 1364
8959 1365
8960 1366
8961 1367
8962 1368
8963 1369
8964 1370
8965 1371
8966 1372
8967 1373
8968 1374
8969 1375
8970 1376
8971 1377
8972 1378
8973 1379
8974 1380
8975 1381
8976 1382
8977 1383
8978 1384
8979 1385
8980 1386
8981 1387
8982 1388
8983 1389
8984 1390
8985 1391
8986 1392
8987 1393
8988 1394
8989 1395
8990 1396
8991 1397
8992 1398
8993 1399
8994 1400
8995 1401
8996 1402
8997 1403
8998 1404
8999 1405
9000 1406
9001 1407
9002 1408
9003 1409
9004 1410
9005 1411
9006 1412
9007 1413
9008 1414
9009 1415
9010 1416
9011 1417
9012 1418
9013 1419
9014 1420
9015 1421
9016 1422
9017 1423
9018 1424
9019 1425
9020 1426
9021 1427
9022 1428
9023 1429
9024 1430
9025 1431
9026 1432
9027 1433
9028 1434
9029 1435
9030 1436
9031 1437
9032 1438
9033 1439
9034 1440
9035 1441
9036 1442
9037 1443
9038 1444
9039 1445
9040 1446
9041 1447
9042 1448
9043 1449
9044 1450
9045 1451
9046 1452
9047 1453
9048 1454
9049 1455
9050 1456
9051 1457
9052 1458
9053 1459
9054 1460
9055 1461
9056 1462
9057 1463
9058 1464
9059 1465
9060 1466
9061 1467
9062 1468
9063 1469
9064 1470
9065 1471
9066 1472
9067 1473
9068 1474
9069 1475
9070 1476
9071 1477
9072 1478
9073 1479
9074 1480
9075 1481
9076 1482
9077 1483
9078 1484
9079 1485
9080 1486
9081 1487
9082 1488
9083 1489
9084 1490
9085 1491
9086 1492
9087 1493
9088 1494
9089 1495
9090 1496
9091 1497
9092 1498
9093 1499
9094 1500
9095 1501
9096 1502
9097 1503
9098 1504
9099 1505
9100 1506
9101 1507
9102 1508
9103 1509
9104 1510
9105 1511
9106 1512
9107 1513
9108 1514
9109 1515
9110 1516
9111 1517
9112 1518
9113 1519
9114 1520
9115 1521
9116 1522
9117 1523
9118 1524
9119 1525
9120 1526
9121 1527
9122 1528
9123 1529
9124 1530
9125 1531
9126 1532
9127 1533
9128 1534
9129 1535
9130 1152
9131 1153
9132 1154
9133 1155
9134 1156
9135 1157
9136 1158
9137 1159
9138 1160
9139 1161
9140 1162
9141 1163
9142 1164
9143 1165
9144 1166
9145 1167
9146 1168
9147 1169
9148 1170
9149 1171
9150 1172
9151 1173
9152 1174
9153 1175
9154 1176
9155 1177
9156 1178
9157 1179
9158 1180
9159 1181
9160 1182
9161 1183
9162 1184
9163 1185
9164 1186
9165 1187
9166 1188
9167 1189
9168 1190
9169 1191
9170 1192
9171 1193
9172 1194
9173 1195
9174 1196
9175 1197
9176 1198
9177 1199
9178 1200
9179 1201
9180 1202
9181 1203
9182 1204
9183 1205
9184 1206
9185 1207
9186 1208
9187 1209
9188 1210
9189 1211
9190 1212
9191 1213
9192 1214
9193 1215
9194 1216
9195 1217
9196 1218
9197 1219
9198 1220
9199 1221
9200 1222
9201 1223
9202 1224
9203 1225
9204 1226
9205 1227
9206 1228
9207 1229
9208 1230
9209 1231
9210 1232
9211 1233
9212 1234
9213 1235
9214 1236
9215 1237
8832 2015
8833 2016
8834 2017
8835 2018
8836 2019
8837 2020
8838 2021
8839 2022
8840 2023
8841 2024
8842 2025
8843 2026
8844 2027
8845 2028
8846 2029
8847 2030
8848 2031
8849 2032
8850 2033
8851 2034
8852 2035
8853 2036
8854 2037
8855 2038
8856 2039
8857 2040
8858 2041
8859 2042
8860 2043
8861 2044
8862 2045
8863 2046
8864 2047
8865 2048
8866 2049
8867 2050
8868 2051
8869 2052
8870 2053
8871 2054
8872 2055
8873 2056
8874 2057
8875 2058
8876 2059
8877 2060
8878 2061
8879 2062
8880 2063
8881 2064
8882 2065
8883 2066
8884 2067
8885 2068
8886 2069
8887 2070
8888 2071
8889 2072
8890 2073
8891 2074
8892 2075
8893 2076
8894 2077
8895 2078
8896 2079
8897 2080
8898 2081
8899 2082
8900 2083
8901 2084
8902 2085
8903 2086
8904 2087
8905 2088
8906 2089
8907 2090
8908 2091
8909 2092
8910 2093
8911 2094
8912 2095
8913 2096
8914 2097
8915 2098
8916 2099
8917 2100
8918 2101
8919 2102
8920 2103
8921 2104
8922 2105
8923 2106
8924 2107
8925 2108
8926 2109
8927 2110
8928 2111
8929 2112
8930 2113
8931 2114
8932 2115
8933 2116
8934 2117
8935 2118
8936 2119
8937 2120
8938 2121
8939 2122
8940 2123
8941 2124
8942 2125
8943 2126
8944 2127
8945 2128
8946 2129
8947 2130
8948 2131
8949 2132
8950 2133
8951 2134
8952 2135
8953 2136
8954 2137
8955 2138
8956 2139
8957 2140
8958 2141
8959 2142
8960 2143
8961 2144
8962 2145
8963 2146
8964 2147
8965 2148
8966 2149
8967 2150
8968 2151
8969 2152
8970 2153
8971 2154
8972 2155
8973 2156
8974 2157
8975 2158
8976 2159
8977 2160
8978 2161
8979 2162
8980 2163
8981 2164
8982 2165
8983 2166
8984 2167
8985 2168
8986 2169
8987 2170
8988 2171
8989 2172
8990 2173
8991 2174
8992 2175
8993 2176
8994 2177
8995 2178
8996 2179
8997 2180
8998 2181
8999 2182
9000 2183
9001 2184
9002 2185
9003 2186
9004 2187
9005 2188
9006 2189
9007 2190
9008 2191
9009 2192
9010 2193
9011 2194
9012 2195
9013 2196
9014 2197
9015 2198
9016 2199
9017 2200
9018 2201
9019 2202
9020 2203
9021 2204
9022 2205
9023 2206
9024 2207
9025 2208
9026 2209
9027 2210
9028 2211
9029 2212
9030 2213
9031 2214
9032 2215
9033 2216
9034 2217
9035 2218
9036 2219
9037 2220
9038 2221
9039 2222
9040 2223
9041 2224
9042 2225
9043 2226
9044 2227
9045 2228
9046 2229
9047 2230
9048 2231
9049 2232
9050 2233
9051 2234
9052 2235
9053 2236
9054 2237
9055 2238
9056 2239
9057 2240
9058 2241
9059 2242
9060 2243
9061 2244
9062 2245
9063 2246
9064 2247
9065 2248
9066 2249
9067 2250
9068 2251
9069 2252
9070 2253
9071 2254
9072 2255
9073 2256
9074 2257
9075 2258
9076 2259
9077 2260
9078 2261
9079 2262
9080 2263
9081 2264
9082 2265
9083 2266
9084 2267
9085 2268
9086 2269
9087 2270
9088 2271
9089 2272
9090 2273
9091 2274
9092 2275
9093 2276
9094 2277
9095 2278
9096 2279
9097 2280
9098 2281
9099 2282
9100 2283
9101 2284
9102 2285
9103 2286
9104 2287
9105 2288
9106 2289
9107 2290
9108 2291
9109 2292
9110 2293
9111 2294
9112 2295
9113 2296
9114 2297
9115 2298
9116 2299
9117 2300
9118 2301
9119 2302
9120 2303
9121 1920
9122 1921
9123 1922
9124 1923
9125 1924
9126 1925
9127 1926
9128 1927
9129 1928
9130 1929
9131 1930
9132 1931
9133 1932
9134 1933
9135 1934
9136 1935
9137 1936
9138 1937
9139 1938
9140 1939
9141 1940
9142 1941
9143 1942
9144 1943
9145 1944
9146 1945
9147 1946
9148 1947
9149 1948
9150 1949
9151 1950
9152 1951
9153 1952
9154 1953
9155 1954
9156 1955
9157 1956
9158 1957
9159 1958
9160 1959
9161 1960
9162 1961
9163 1962
9164 1963
9165 1964
9166 1965
9167 1966
9168 1967
9169 1968
9170 1969
9171 1970
9172 1971
9173 1972
9174 1973
9175 1974
9176 1975
9177 1976
9178 1977
9179 1978
9180 1979
9181 1980
9182 1981
9183 1982
9184 1983
9185 1984
9186 1985
9187 1986
9188 1987
9189 1988
9190 1989
9191 1990
9192 1991
9193 1992
9194 1993
9195 1994
9196 1995
9197 1996
9198 1997
9199 1998
9200 1999
9201 2000
9202 2001
9203 2002
9204 2003
9205 2004
9206 2005
9207 2006
9208 2007
9209 2008
9210 2009
9211 2010
9212 2011
9213 2012
9214 2013
9215 2014
8832 12672
8833 12673
8834 12674
8835 12675
8836 12676
8837 12677
8838 12678
8839 12679
8840 12680
8841 12681
8842 12682
8843 12683
8844 12684
8845 12685
8846 12686
8847 12687
8848 12688
8849 12689
8850 12690
8851 12691
8852 12692
8853 12693
8854 12694
8855 12695
8856 12696
8857 12697
8858 12698
8859 12699
8860 12700
8861 12701
8862 12702
8863 12703
8864 12704
8865 12705
8866 12706
8867 12707
8868 12708
8869 12709
8870 12710
8871 12711
8872 12712
8873 12713
8874 12714
8875 12715
8876 12716
8877 12717
8878 12718
8879 12719
8880 12720
8881 12721
8882 12722
8883 12723
8884 12724
8885 12725
8886 12726
8887 12727
8888 12728
8889 12729
8890 12730
8891 12731
8892 12732
8893 12733
8894 12734
8895 12735
8896 12736
8897 12737
8898 12738
8899 12739
8900 12740
8901 12741
8902 12742
8903 12743
8904 12744
8905 12745
8906 12746
8907 12747
8908 12748
8909 12749
8910 12750
8911 12751
8912 12752
8913 12753
8914 12754
8915 12755
8916 12756
8917 12757
8918 12758
8919 12759
8920 12760
8921 12761
8922 12762
8923 12763
8924 12764
8925 12765
8926 12766
8927 12767
8928 12768
8929 12769
8930 12770
8931 12771
8932 12772
8933 12773
8934 12774
8935 12775
8936 12776
8937 12777
8938 12778
8939 12779
8940 12780
8941 12781
8942 12782
8943 12783
8944 12784
8945 12785
8946 12786
8947 12787
8948 12788
8949 12789
8950 12790
8951 12791
8952 12792
8953 12793
8954 12794
8955 12795
8956 12796
8957 12797
8958 12798
8959 12799
8960 12800
8961 12801
8962 12802
8963 12803
8964 12804
8965 12805
8966 12806
8967 12807
8968 12808
8969 12809
8970 12810
8971 12811
8972 12812
8973 12813
8974 12814
8975 12815
8976 12816
8977 12817
8978 12818
8979 12819
8980 12820
8981 12821
8982 12822
8983 12823
8984 12824
8985 12825
8986 12826
8987 12827
8988 12828
8989 12829
8990 12830
8991 12831
8992 12832
8993 12833
8994 12834
8995 12835
8996 12836
8997 12837
8998 12838
8999 12839
9000 12840
9001 12841
9002 12842
9003 12843
9004 12844
9005 12845
9006 12846
9007 12847
9008 12848
9009 12849
9010 12850
9011 12851
9012 12852
9013 12853
9014 12854
9015 12855
9016 12856
9017 12857
9018 12858
9019 12859
9020 12860
9021 12861
9022 12862
9023 12863
9024 12864
9025 12865
9026 12866
9027 12867
9028 12868
9029 12869
9030 12870
9031 12871
9032 12872
9033 12873
9034 12874
9035 12875
9036 12876
9037 12877
9038 12878
9039 12879
9040 12880
9041 12881
9042 12882
9043 12883
9044 12884
9045 12885
9046 12886
9047 12887
9048 12888
9049 12889
9050 12890
9051 12891
9052 12892
9053 12893
9054 12894
9055 12895
9056 12896
9057 12897
9058 12898
9059 12899
9060 12900
9061 12901
9062 12902
9063 12903
9064 12904
9065 12905
9066 12906
9067 12907
9068 12908
9069 12909
9070 12910
9071 12911
9072 12912
9073 12913
9074 12914
9075 12915
9076 12916
9077 12917
9078 12918
9079 12919
9080 12920
9081 12921
9082 12922
9083 12923
9084 12924
9085 12925
9086 12926
9087 12927
9088 12928
9089 12929
9090 12930
9091 12931
9092 12932
9093 12933
9094 12934
9095 12935
9096 12936
9097 12937
9098 12938
9099 12939
9100 12940
9101 12941
9102 12942
9103 12943
9104 12944
9105 12945
9106 12946
9107 12947
9108 12948
9109 12949
9110 12950
9111 12951
9112 12952
9113 12953
9114 12954
9115 12955
9116 12956
9117 12957
9118 12958
9119 12959
9120 12960
9121 12961
9122 12962
9123 12963
9124 12964
9125 12965
9126 12966
9127 12967
9128 12968
9129 12969
9130 12970
9131 12971
9132 12972
9133 12973
9134 12974
9135 12975
9136 12976
9137 12977
9138 12978
9139 12979
9140 12980
9141 12981
9142 12982
9143 12983
9144 12984
9145 12985
9146 12986
9147 12987
9148 12988
9149 12989
9150 12990
9151 12991
9152 12992
9153 12993
9154 12994
9155 12995
9156 12996
9157 12997
9158 12998
9159 12999
9160 13000
9161 13001
9162 13002
9163 13003
9164 13004
9165 13005
9166 13006
9167 13007
9168 13008
9169 13009
9170 13010
9171 13011
9172 13012
9173 13013
9174 13014
9175 13015
9176 13016
9177 13017
9178 13018
9179 13019
9180 13020
9181 13021
9182 13022
9183 13023
9184 13024
9185 13025
9186 13026
9187 13027
9188 13028
9189 13029
9190 13030
9191 13031
9192 13032
9193 13033
9194 13034
9195 13035
9196 13036
9197 13037
9198 13038
9199 13039
9200 13040
9201 13041
9202 13042
9203 13043
9204 13044
9205 13045
9206 13046
9207 13047
9208 13048
9209 13049
9210 13050
9211 13051
9212 13052
9213 13053
9214 13054
9215 13055
9216 566
9217 567
9218 568
9219 569
9220 570
9221 571
9222 572
9223 573
9224 574
9225 575
9226 576
9227 577
9228 578
9229 579
9230 580
9231 581
9232 582
9233 583
9234 584
9235 585
9236 586
9237 587
9238 588
9239 589
9240 590
9241 591
9242 592
9243 593
9244 594
9245 595
9246 596
9247 597
9248 598
9249 599
9250 600
9251 601
9252 602
9253 603
9254 604
9255 605
9256 606
9257 607
9258 608
9259 609
9260 610
9261 611
9262 612
9263 613
9264 614
9265 615
9266 616
9267 617
9268 618
9269 619
9270 620
9271 621
9272 622
9273 623
9274 624
9275 625
9276 626
9277 627
9278 628
9279 629
9280 630
9281 631
9282 632
9283 633
9284 634
9285 635
9286 636
9287 637
9288 638
9289 639
9290 640
9291 641
9292 642
9293 643
9294 644
9295 645
9296 646
9297 647
9298 648
9299 649
9300 650
9301 651
9302 652
9303 653
9304 654
9305 655
9306 656
9307 657
9308 658
9309 659
9310 660
9311 661
9312 662
9313 663
9314 664
9315 665
9316 666
9317 667
9318 668
9319 669
9320 670
9321 671
9322 672
9323 673
9324 674
9325 675
9326 676
9327 677
9328 678
9329 679
9330 680
9331 681
9332 682
9333 683
9334 684
9335 685
9336 686
9337 687
9338 688
9339 689
9340 690
9341 691
9342 692
9343 693
9344 694
9345 695
9346 696
9347 697
9348 698
9349 699
9350 700
9351 701
9352 702
9353 703
9354 704
9355 705
9356 706
9357 707
9358 708
9359 709
9360 710
9361 711
9362 712
9363 713
9364 714
9365 715
9366 716
9367 717
9368 718
9369 719
9370 720
9371 721
9372 722
9373 723
9374 724
9375 725
9376 726
9377 727
9378 728
9379 729
9380 730
9381 731
9382 732
9383 733
9384 734
9385 735
9386 736
9387 737
9388 738
9389 739
9390 740
9391 741
9392 742
9393 743
9394 744
9395 745
9396 746
9397 747
9398 748
9399 749
9400 750
9401 751
9402 752
9403 753
9404 754
9405 755
9406 756
9407 757
9408 758
9409 759
9410 760
9411 761
9412 762
9413 763
9414 764
9415 765
9416 766
9417 767
9418 384
9419 385
9420 386
9421 387
9422 388
9423 389
9424 390
9425 391
9426 392
9427 393
9428 394
9429 395
9430 396
9431 397
9432 398
9433 399
9434 400
9435 401
9436 402
9437 403
9438 404
9439 405
9440 406
9441 407
9442 408
9443 409
9444 410
9445 411
9446 412
9447 413
9448 414
9449 415
9450 416
9451 417
9452 418
9453 419
9454 420
9455 421
9456 422
9457 423
9458 424
9459 425
9460 426
9461 427
9462 428
9463 429
9464 430
9465 431
9466 432
9467 433
9468 434
9469 435
9470 436
9471 437
9472 438
9473 439
9474 440
9475 441
9476 442
9477 443
9478 444
9479 445
9480 446
9481 447
9482 448
9483 449
9484 450
9485 451
9486 452
9487 453
9488 454
9489 455
9490 456
9491 457
9492 458
9493 459
9494 460
9495 461
9496 462
9497 463
9498 464
9499 465
9500 466
9501 467
9502 468
9503 469
9504 470
9505 471
9506 472
9507 473
9508 474
9509 475
9510 476
9511 477
9512 478
9513 479
9514 480
9515 481
9516 482
9517 483
9518 484
9519 485
9520 486
9521 487
9522 488
9523 489
9524 490
9525 491
9526 492
9527 493
9528 494
9529 495
9530 496
9531 497
9532 498
9533 499
9534 500
9535 501
9536 502
9537 503
9538 504
9539 505
9540 506
9541 507
9542 508
9543 509
9544 510
9545 511
9546 512
9547 513
9548 514
9549 515
9550 516
9551 517
9552 518
9553 519
9554 520
9555 521
9556 522
9557 523
9558 524
9559 525
9560 526
9561 527
9562 528
9563 529
9564 530
9565 531
9566 532
9567 533
9568 534
9569 535
9570 536
9571 537
9572 538
9573 539
9574 540
9575 541
9576 542
9577 543
9578 544
9579 545
9580 546
9581 547
9582 548
9583 549
9584 550
9585 551
9586 552
9587 553
9588 554
9589 555
9590 556
9591 557
9592 558
9593 559
9594 560
9595 561
9596 562
9597 563
9598 564
9599 565
9216 921
9217 922
9218 923
9219 924
9220 925
9221 926
9222 927
9223 928
9224 929
9225 930
9226 931
9227 932
9228 933
9229 934
9230 935
9231 936
9232 937
9233 938
9234 939
9235 940
9236 941
9237 942
9238 943
9239 944
9240 945
9241 946
9242 947
9243 948
9244 949
9245 950
9246 951
9247 952
9248 953
9249 954
9250 955
9251 956
9252 957
9253 958
9254 959
9255 960
9256 961
9257 962
9258 963
9259 964
9260 965
9261 966
9262 967
9263 968
9264 969
9265 970
9266 971
9267 972
9268 973
9269 974
9270 975
9271 976
9272 977
9273 978
9274 979
9275 980
9276 981
9277 982
9278 983
9279 984
9280 985
9281 986
9282 987
9283 988
9284 989
9285 990
9286 991
9287 992
9288 993
9289 994
9290 995
9291 996
9292 997
9293 998
9294 999
9295 1000
9296 1001
9297 1002
9298 1003
9299 1004
9300 1005
9301 1006
9302 1007
9303 1008
9304 1009
9305 1010
9306 1011
9307 1012
9308 1013
9309 1014
9310 1015
9311 1016
9312 1017
9313 1018
9314 1019
9315 1020
9316 1021
9317 1022
9318 1023
9319 1024
9320 1025
9321 1026
9322 1027
9323 1028
9324 1029
9325 1030
9326 1031
9327 1032
9328 1033
9329 1034
9330 1035
9331 1036
9332 1037
9333 1038
9334 1039
9335 1040
9336 1041
9337 1042
9338 1043
9339 1044
9340 1045
9341 1046
9342 1047
9343 1048
9344 1049
9345 1050
9346 1051
9347 1052
9348 1053
9349 1054
9350 1055
9351 1056
9352 1057
9353 1058
9354 1059
9355 1060
9356 1061
9357 1062
9358 1063
9359 1064
9360 1065
9361 1066
9362 1067
9363 1068
9364 1069
9365 1070
9366 1071
9367 1072
9368 1073
9369 1074
9370 1075
9371 1076
9372 1077
9373 1078
9374 1079
9375 1080
9376 1081
9377 1082
9378 1083
9379 1084
9380 1085
9381 1086
9382 1087
9383 1088
9384 1089
9385 1090
9386 1091
9387 1092
9388 1093
9389 1094
9390 1095
9391 1096
9392 1097
9393 1098
9394 1099
9395 1100
9396 1101
9397 1102
9398 1103
9399 1104
9400 1105
9401 1106
9402 1107
9403 1108
9404 1109
9405 1110
9406 1111
9407 1112
9408 1113
9409 1114
9410 1115
9411 1116
9412 1117
9413 1118
9414 1119
9415 1120
9416 1121
9417 1122
9418 1123
9419 1124
9420 1125
9421 1126
9422 1127
9423 1128
9424 1129
9425 1130
9426 1131
9427 1132
9428 1133
9429 1134
9430 1135
9431 1136
9432 1137
9433 1138
9434 1139
9435 1140
9436 1141
9437 1142
9438 1143
9439 1144
9440 1145
9441 1146
9442 1147
9443 1148
9444 1149
9445 1150
9446 1151
9447 768
9448 769
9449 770
9450 771
9451 772
9452 773
9453 774
9454 775
9455 776
9456 777
9457 778
9458 779
9459 780
9460 781
9461 782
9462 783
9463 784
9464 785
9465 786
9466 787
9467 788
9468 789
9469 790
9470 791
9471 792
9472 793
9473 794
9474 795
9475 796
9476 797
9477 798
9478 799
9479 800
9480 801
9481 802
9482 803
9483 804
9484 805
9485 806
9486 807
9487 808
9488 809
9489 810
9490 811
9491 812
9492 813
9493 814
9494 815
9495 816
9496 817
9497 818
9498 819
9499 820
9500 821
9501 822
9502 823
9503 824
9504 825
9505 826
9506 827
9507 828
9508 829
9509 830
9510 831
9511 832
9512 833
9513 834
9514 835
9515 836
9516 837
9517 838
9518 839
9519 840
9520 841
9521 842
9522 843
9523 844
9524 845
9525 846
9526 847
9527 848
9528 849
9529 850
9530 851
9531 852
9532 853
9533 854
9534 855
9535 856
9536 857
9537 858
9538 859
9539 860
9540 861
9541 862
9542 863
9543 864
9544 865
9545 866
9546 867
9547 868
9548 869
9549 870
9550 871
9551 872
9552 873
9553 874
9554 875
9555 876
9556 877
9557 878
9558 879
9559 880
9560 881
9561 882
9562 883
9563 884
9564 885
9565 886
9566 887
9567 888
9568 889
9569 890
9570 891
9571 892
9572 893
9573 894
9574 895
9575 896
9576 897
9577 898
9578 899
9579 900
9580 901
9581 902
9582 903
9583 904
9584 905
9585 906
9586 907
9587 908
9588 909
9589 910
9590 911
9591 912
9592 913
9593 914
9594 915
9595 916
9596 917
9597 918
9598 919
9599 920
9216 3520
9217 3521
9218 3522
9219 3523
9220 3524
9221 3525
9222 3526
9223 3527
9224 3528
9225 3529
9226 3530
9227 3531
9228 3532
9229 3533
9230 3534
9231 3535
9232 3536
9233 3537
9234 3538
9235 3539
9236 3540
9237 3541
9238 3542
9239 3543
9240 3544
9241 3545
9242 3546
9243 3547
9244 3548
9245 3549
9246 3550
9247 3551
9248 3552
9249 3553
9250 3554
9251 3555
9252 3556
9253 3557
9254 3558
9255 3559
9256 3560
9257 3561
9258 3562
9259 3563
9260 3564
9261 3565
9262 3566
9263 3567
9264 3568
9265 3569
9266 3570
9267 3571
9268 3572
9269 3573
9270 3574
9271 3575
9272 3576
9273 3577
9274 3578
9275 3579
9276 3580
9277 3581
9278 3582
9279 3583
9280 3584
9281 3585
9282 3586
9283 3587
9284 3588
9285 3589
9286 3590
9287 3591
9288 3592
9289 3593
9290 3594
9291 3595
9292 3596
9293 3597
9294 3598
9295 3599
9296 3600
9297 3601
9298 3602
9299 3603
9300 3604
9301 3605
9302 3606
9303 3607
9304 3608
9305 3609
9306 3610
9307 3611
9308 3612
9309 3613
9310 3614
9311 3615
9312 3616
9313 3617
9314 3618
9315 3619
9316 3620
9317 3621
9318 3622
9319 3623
9320 3624
9321 3625
9322 3626
9323 3627
9324 3628
9325 3629
9326 3630
9327 3631
9328 3632
9329 3633
9330 3634
9331 3635
9332 3636
9333 3637
9334 3638
9335 3639
9336 3640
9337 3641
9338 3642
9339 3643
9340 3644
9341 3645
9342 3646
9343 3647
9344 3648
9345 3649
9346 3650
9347 3651
9348 3652
9349 3653
9350 3654
9351 3655
9352 3656
9353 3657
9354 3658
9355 3659
9356 3660
9357 3661
9358 3662
9359 3663
9360 3664
9361 3665
9362 3666
9363 3667
9364 3668
9365 3669
9366 3670
9367 3671
9368 3672
9369 3673
9370 3674
9371 3675
9372 3676
9373 3677
9374 3678
9375 3679
9376 3680
9377 3681
9378 3682
9379 3683
9380 3684
9381 3685
9382 3686
9383 3687
9384 3688
9385 3689
9386 3690
9387 3691
9388 3692
9389 3693
9390 3694
9391 3695
9392 3696
9393 3697
9394 3698
9395 3699
9396 3700
9397 3701
9398 3702
9399 3703
9400 3704
9401 3705
9402 3706
9403 3707
9404 3708
9405 3709
9406 3710
9407 3711
9408 3712
9409 3713
9410 3714
9411 3715
9412 3716
9413 3717
9414 3718
9415 3719
9416 3720
9417 3721
9418 3722
9419 3723
9420 3724
9421 3725
9422 3726
9423 3727
9424 3728
9425 3729
9426 3730
9427 3731
9428 3732
9429 3733
9430 3734
9431 3735
9432 3736
9433 3737
9434 3738
9435 3739
9436 3740
9437 3741
9438 3742
9439 3743
9440 3744
9441 3745
9442 3746
9443 3747
9444 3748
9445 3749
9446 3750
9447 3751
9448 3752
9449 3753
9450 3754
9451 3755
9452 3756
9453 3757
9454 3758
9455 3759
9456 3760
9457 3761
9458 3762
9459 3763
9460 3764
9461 3765
9462 3766
9463 3767
9464 3768
9465 3769
9466 3770
9467 3771
9468 3772
9469 3773
9470 3774
9471 3775
9472 3776
9473 3777
9474 3778
9475 3779
9476 3780
9477 3781
9478 3782
9479 3783
9480 3784
9481 3785
9482 3786
9483 3787
9484 3788
9485 3789
9486 3790
9487 3791
9488 3792
9489 3793
9490 3794
9491 3795
9492 3796
9493 3797
9494 3798
9495 3799
9496 3800
9497 3801
9498 3802
9499 3803
9500 3804
9501 3805
9502 3806
9503 3807
9504 3808
9505 3809
9506 3810
9507 3811
9508 3812
9509 3813
9510 3814
9511 3815
9512 3816
9513 3817
9514 3818
9515 3819
9516 3820
9517 3821
9518 3822
9519 3823
9520 3824
9521 3825
9522 3826
9523 3827
9524 3828
9525 3829
9526 3830
9527 3831
9528 3832
9529 3833
9530 3834
9531 3835
9532 3836
9533 3837
9534 3838
9535 3839
9536 3456
9537 3457
9538 3458
9539 3459
9540 3460
9541 3461
9542 3462
9543 3463
9544 3464
9545 3465
9546 3466
9547 3467
9548 3468
9549 3469
9550 3470
9551 3471
9552 3472
9553 3473
9554 3474
9555 3475
9556 3476
9557 3477
9558 3478
9559 3479
9560 3480
9561 3481
9562 3482
9563 3483
9564 3484
9565 3485
9566 3486
9567 3487
9568 3488
9569 3489
9570 3490
9571 3491
9572 3492
9573 3493
9574 3494
9575 3495
9576 3496
9577 3497
9578 3498
9579 3499
9580 3500
9581 3501
9582 3502
9583 3503
9584 3504
9585 3505
9586 3506
9587 3507
9588 3508
9589 3509
9590 3510
9591 3511
9592 3512
9593 3513
9594 3514
9595 3515
9596 3516
9597 3517
9598 3518
9599 3519
9216 13056
9217 13057
9218 13058
9219 13059
9220 13060
9221 13061
9222 13062
9223 13063
9224 13064
9225 13065
9226 13066
9227 13067
9228 13068
9229 13069
9230 13070
9231 13071
9232 13072
9233 13073
9234 13074
9235 13075
9236 13076
9237 13077
9238 13078
9239 13079
9240 13080
9241 13081
9242 13082
9243 13083
9244 13084
9245 13085
9246 13086
9247 13087
9248 13088
9249 13089
9250 13090
9251 13091
9252 13092
9253 13093
9254 13094
9255 13095
9256 13096
9257 13097
9258 13098
9259 13099
9260 13100
9261 13101
9262 13102
9263 13103
9264 13104
9265 13105
9266 13106
9267 13107
9268 13108
9269 13109
9270 13110
9271 13111
9272 13112
9273 13113
9274 13114
9275 13115
9276 13116
9277 13117
9278 13118
9279 13119
9280 13120
9281 13121
9282 13122
9283 13123
9284 13124
9285 13125
9286 13126
9287 13127
9288 13128
9289 13129
9290 13130
9291 13131
9292 13132
9293 13133
9294 13134
9295 13135
9296 13136
9297 13137
9298 13138
9299 13139
9300 13140
9301 13141
9302 13142
9303 13143
9304 13144
9305 13145
9306 13146
9307 13147
9308 13148
9309 13149
9310 13150
9311 13151
9312 13152
9313 13153
9314 13154
9315 13155
9316 13156
9317 13157
9318 13158
9319 13159
9320 13160
9321 13161
9322 13162
9323 13163
9324 13164
9325 13165
9326 13166
9327 13167
9328 13168
9329 13169
9330 13170
9331 13171
9332 13172
9333 13173
9334 13174
9335 13175
9336 13176
9337 13177
9338 13178
9339 13179
9340 13180
9341 13181
9342 13182
9343 13183
9344 13184
9345 13185
9346 13186
9347 13187
9348 13188
9349 13189
9350 13190
9351 13191
9352 13192
9353 13193
9354 13194
9355 13195
9356 13196
9357 13197
9358 13198
9359 13199
9360 13200
9361 13201
9362 13202
9363 13203
9364 13204
9365 13205
9366 13206
9367 13207
9368 13208
9369 13209
9370 13210
9371 13211
9372 13212
9373 13213
9374 13214
9375 13215
9376 13216
9377 13217
9378 13218
9379 13219
9380 13220
9381 13221
9382 13222
9383 13223
9384 13224
9385 13225
9386 13226
9387 13227
9388 13228
9389 13229
9390 13230
9391 13231
9392 13232
9393 13233
9394 13234
9395 13235
9396 13236
9397 13237
9398 13238
9399 13239
9400 13240
9401 13241
9402 13242
9403 13243
9404 13244
9405 13245
9406 13246
9407 13247
9408 13248
9409 13249
9410 13250
9411 13251
9412 13252
9413 13253
9414 13254
9415 13255
9416 13256
9417 13257
9418 13258
9419 13259
9420 13260
9421 13261
9422 13262
9423 13263
9424 13264
9425 13265
9426 13266
9427 13267
9428 13268
9429 13269
9430 13270
9431 13271
9432 13272
9433 13273
9434 13274
9435 13275
9436 13276
9437 13277
9438 13278
9439 13279
9440 13280
9441 13281
9442 13282
9443 13283
9444 13284
9445 13285
9446 13286
9447 13287
9448 13288
9449 13289
9450 13290
9451 13291
9452 13292
9453 13293
9454 13294
9455 13295
9456 13296
9457 13297
9458 13298
9459 13299
9460 13300
9461 13301
9462 13302
9463 13303
9464 13304
9465 13305
9466 13306
9467 13307
9468 13308
9469 13309
9470 13310
9471 13311
9472 13312
9473 13313
9474 13314
9475 13315
9476 13316
9477 13317
9478 13318
9479 13319
9480 13320
9481 13321
9482 13322
9483 13323
9484 13324
9485 13325
9486 13326
9487 13327
9488 13328
9489 13329
9490 13330
9491 13331
9492 13332
9493 13333
9494 13334
9495 13335
9496 13336
9497 13337
9498 13338
9499 13339
9500 13340
9501 13341
9502 13342
9503 13343
9504 13344
9505 13345
9506 13346
9507 13347
9508 13348
9509 13349
9510 13350
9511 13351
9512 13352
9513 13353
9514 13354
9515 13355
9516 13356
9517 13357
9518 13358
9519 13359
9520 13360
9521 13361
9522 13362
9523 13363
9524 13364
9525 13365
9526 13366
9527 13367
9528 13368
9529 13369
9530 13370
9531 13371
9532 13372
9533 13373
9534 13374
9535 13375
9536 13376
9537 13377
9538 13378
9539 13379
9540 13380
9541 13381
9542 13382
9543 13383
9544 13384
9545 13385
9546 13386
9547 13387
9548 13388
9549 13389
9550 13390
9551 13391
9552 13392
9553 13393
9554 13394
9555 13395
9556 13396
9557 13397
9558 13398
9559 13399
9560 13400
9561 13401
9562 13402
9563 13403
9564 13404
9565 13405
9566 13406
9567 13407
9568 13408
9569 13409
9570 13410
9571 13411
9572 13412
9573 13413
9574 13414
9575 13415
9576 13416
9577 13417
9578 13418
9579 13419
9580 13420
9581 13421
9582 13422
9583 13423
9584 13424
9585 13425
9586 13426
9587 13427
9588 13428
9589 13429
9590 13430
9591 13431
9592 13432
9593 13433
9594 13434
9595 13435
9596 13436
9597 13437
9598 13438
9599 13439
9600 45
9601 46
9602 47
9603 48
9604 49
9605 50
9606 51
9607 52
9608 53
9609 54
9610 55
9611 56
9612 57
9613 58
9614 59
9615 60
9616 61
9617 62
9618 63
9619 64
9620 65
9621 66
9622 67
9623 68
9624 69
9625 70
9626 71
9627 72
9628 73
9629 74
9630 75
9631 76
9632 77
9633 78
9634 79
9635 80
9636 81
9637 82
9638 83
9639 84
9640 85
9641 86
9642 87
9643 88
9644 89
9645 90
9646 91
9647 92
9648 93
9649 94
9650 95
9651 96
9652 97
9653 98
9654 99
9655 100
9656 101
9657 102
9658 103
9659 104
9660 105
9661 106
9662 107
9663 108
9664 109
9665 110
9666 111
9667 112
9668 113
9669 114
9670 115
9671 116
9672 117
9673 118
9674 119
9675 120
9676 121
9677 122
9678 123
9679 124
9680 125
9681 126
9682 127
9683 128
9684 129
9685 130
9686 131
9687 132
9688 133
9689 134
9690 135
9691 136
9692 137
9693 138
9694 139
9695 140
9696 141
9697 142
9698 143
9699 144
9700 145
9701 146
9702 147
9703 148
9704 149
9705 150
9706 151
9707 152
9708 153
9709 154
9710 155
9711 156
9712 157
9713 158
9714 159
9715 160
9716 161
9717 162
9718 163
9719 164
9720 165
9721 166
9722 167
9723 168
9724 169
9725 170
9726 171
9727 172
9728 173
9729 174
9730 175
9731 176
9732 177
9733 178
9734 179
9735 180
9736 181
9737 182
9738 183
9739 184
9740 185
9741 186
9742 187
9743 188
9744 189
9745 190
9746 191
9747 192
9748 193
9749 194
9750 195
9751 196
9752 197
9753 198
9754 199
9755 200
9756 201
9757 202
9758 203
9759 204
9760 205
9761 206
9762 207
9763 208
9764 209
9765 210
9766 211
9767 212
9768 213
9769 214
9770 215
9771 216
9772 217
9773 218
9774 219
9775 220
9776 221
9777 222
9778 223
9779 224
9780 225
9781 226
9782 227
9783 228
9784 229
9785 230
9786 231
9787 232
9788 233
9789 234
9790 235
9791 236
9792 237
9793 238
9794 239
9795 240
9796 241
9797 242
9798 243
9799 244
9800 245
9801 246
9802 247
9803 248
9804 249
9805 250
9806 251
9807 252
9808 253
9809 254
9810 255
9811 256
9812 257
9813 258
9814 259
9815 260
9816 261
9817 262
9818 263
9819 264
9820 265
9821 266
9822 267
9823 268
9824 269
9825 270
9826 271
9827 272
9828 273
9829 274
9830 275
9831 276
9832 277
9833 278
9834 279
9835 280
9836 281
9837 282
9838 283
9839 284
9840 285
9841 286
9842 287
9843 288
9844 289
9845 290
9846 291
9847 292
9848 293
9849 294
9850 295
9851 296
9852 297
9853 298
9854 299
9855 300
9856 301
9857 302
9858 303
9859 304
9860 305
9861 306
9862 307
9863 308
9864 309
9865 310
9866 311
9867 312
9868 313
9869 314
9870 315
9871 316
9872 317
9873 318
9874 319
9875 320
9876 321
9877 322
9878 323
9879 324
9880 325
9881 326
9882 327
9883 328
9884 329
9885 330
9886 331
9887 332
9888 333
9889 334
9890 335
9891 336
9892 337
9893 338
9894 339
9895 340
9896 341
9897 342
9898 343
9899 344
9900 345
9901 346
9902 347
9903 348
9904 349
9905 350
9906 351
9907 352
9908 353
9909 354
9910 355
9911 356
9912 357
9913 358
9914 359
9915 360
9916 361
9917 362
9918 363
9919 364
9920 365
9921 366
9922 367
9923 368
9924 369
9925 370
9926 371
9927 372
9928 373
9929 374
9930 375
9931 376
9932 377
9933 378
9934 379
9935 380
9936 381
9937 382
9938 383
9939 0
9940 1
9941 2
9942 3
9943 4
9944 5
9945 6
9946 7
9947 8
9948 9
9949 10
9950 11
9951 12
9952 13
9953 14
9954 15
9955 16
9956 17
9957 18
9958 19
9959 20
9960 21
9961 22
9962 23
9963 24
9964 25
9965 26
9966 27
9967 28
9968 29
9969 30
9970 31
9971 32
9972 33
9973 34
9974 35
9975 36
9976 37
9977 38
9978 39
9979 40
9980 41
9981 42
9982 43
9983 44
9600 1941
9601 1942
9602 1943
9603 1944
9604 1945
9605 1946
9606 1947
9607 1948
9608 1949
9609 1950
9610 1951
9611 1952
9612 1953
9613 1954
9614 1955
9615 1956
9616 1957
9617 1958
9618 1959
9619 1960
9620 1961
9621 1962
9622 1963
9623 1964
9624 1965
9625 1966
9626 1967
9627 1968
9628 1969
9629 1970
9630 1971
9631 1972
9632 1973
9633 1974
9634 1975
9635 1976
9636 1977
9637 1978
9638 1979
9639 1980
9640 1981
9641 1982
9642 1983
9643 1984
9644 1985
9645 1986
9646 1987
9647 1988
9648 1989
9649 1990
9650 1991
9651 1992
9652 1993
9653 1994
9654 1995
9655 1996
9656 1997
9657 1998
9658 1999
9659 2000
9660 2001
9661 2002
9662 2003
9663 2004
9664 2005
9665 2006
9666 2007
9667 2008
9668 2009
9669 2010
9670 2011
9671 2012
9672 2013
9673 2014
9674 2015
9675 2016
9676 2017
9677 2018
9678 2019
9679 2020
9680 2021
9681 2022
9682 2023
9683 2024
9684 2025
9685 2026
9686 2027
9687 2028
9688 2029
9689 2030
9690 2031
9691 2032
9692 2033
9693 2034
9694 2035
9695 2036
9696 2037
9697 2038
9698 2039
9699 2040
9700 2041
9701 2042
9702 2043
9703 2044
9704 2045
9705 2046
9706 2047
9707 2048
9708 2049
9709 2050
9710 2051
9711 2052
9712 2053
9713 2054
9714 2055
9715 2056
9716 2057
9717 2058
9718 2059
9719 2060
9720 2061
9721 2062
9722 2063
9723 2064
9724 2065
9725 2066
9726 2067
9727 2068
9728 2069
9729 2070
9730 2071
9731 2072
9732 2073
9733 2074
9734 2075
9735 2076
9736 2077
9737 2078
9738 2079
9739 2080
9740 2081
9741 2082
9742 2083
9743 2084
9744 2085
9745 2086
9746 2087
9747 2088
9748 2089
9749 2090
9750 2091
9751 2092
9752 2093
9753 2094
9754 2095
9755 2096
9756 2097
9757 2098
9758 2099
9759 2100
9760 2101
9761 2102
9762 2103
9763 2104
9764 2105
9765 2106
9766 2107
9767 2108
9768 2109
9769 2110
9770 2111
9771 2112
9772 2113
9773 2114
9774 2115
9775 2116
9776 2117
9777 2118
9778 2119
9779 2120
9780 2121
9781 2122
9782 2123
9783 2124
9784 2125
9785 2126
9786 2127
9787 2128
9788 2129
9789 2130
9790 2131
9791 2132
9792 2133
9793 2134
9794 2135
9795 2136
9796 2137
9797 2138
9798 2139
9799 2140
9800 2141
9801 2142
9802 2143
9803 2144
9804 2145
9805 2146
9806 2147
9807 2148
9808 2149
9809 2150
9810 2151
9811 2152
9812 2153
9813 2154
9814 2155
9815 2156
9816 2157
9817 2158
9818 2159
9819 2160
9820 2161
9821 2162
9822 2163
9823 2164
9824 2165
9825 2166
9826 2167
9827 2168
9828 2169
9829 2170
9830 2171
9831 2172
9832 2173
9833 2174
9834 2175
9835 2176
9836 2177
9837 2178
9838 2179
9839 2180
9840 2181
9841 2182
9842 2183
9843 2184
9844 2185
9845 2186
9846 2187
9847 2188
9848 2189
9849 2190
9850 2191
9851 2192
9852 2193
9853 2194
9854 2195
9855 2196
9856 2197
9857 2198
9858 2199
9859 2200
9860 2201
9861 2202
9862 2203
9863 2204
9864 2205
9865 2206
9866 2207
9867 2208
9868 2209
9869 2210
9870 2211
9871 2212
9872 2213
9873 2214
9874 2215
9875 2216
9876 2217
9877 2218
9878 2219
9879 2220
9880 2221
9881 2222
9882 2223
9883 2224
9884 2225
9885 2226
9886 2227
9887 2228
9888 2229
9889 2230
9890 2231
9891 2232
9892 2233
9893 2234
9894 2235
9895 2236
9896 2237
9897 2238
9898 2239
9899 2240
9900 2241
9901 2242
9902 2243
9903 2244
9904 2245
9905 2246
9906 2247
9907 2248
9908 2249
9909 2250
9910 2251
9911 2252
9912 2253
9913 2254
9914 2255
9915 2256
9916 2257
9917 2258
9918 2259
9919 2260
9920 2261
9921 2262
9922 2263
9923 2264
9924 2265
9925 2266
9926 2267
9927 2268
9928 2269
9929 2270
9930 2271
9931 2272
9932 2273
9933 2274
9934 2275
9935 2276
9936 2277
9937 2278
9938 2279
9939 2280
9940 2281
9941 2282
9942 2283
9943 2284
9944 2285
9945 2286
9946 2287
9947 2288
9948 2289
9949 2290
9950 2291
9951 2292
9952 2293
9953 2294
9954 2295
9955 2296
9956 2297
9957 2298
9958 2299
9959 2300
9960 2301
9961 2302
9962 2303
9963 1920
9964 1921
9965 1922
9966 1923
9967 1924
9968 1925
9969 1926
9970 1927
9971 1928
9972 1929
9973 1930
9974 1931
9975 1932
9976 1933
9977 1934
9978 1935
9979 1936
9980 1937
9981 1938
9982 1939
9983 1940
9600 13440
9601 13441
9602 13442
9603 13443
9604 13444
9605 13445
9606 13446
9607 13447
9608 13448
9609 13449
9610 13450
9611 13451
9612 13452
9613 13453
9614 13454
9615 13455
9616 13456
9617 13457
9618 13458
9619 13459
9620 13460
9621 13461
9622 13462
9623 13463
9624 13464
9625 13465
9626 13466
9627 13467
9628 13468
9629 13469
9630 13470
9631 13471
9632 13472
9633 13473
9634 13474
9635 13475
9636 13476
9637 13477
9638 13478
9639 13479
9640 13480
9641 13481
9642 13482
9643 13483
9644 13484
9645 13485
9646 13486
9647 13487
9648 13488
9649 13489
9650 13490
9651 13491
9652 13492
9653 13493
9654 13494
9655 13495
9656 13496
9657 13497
9658 13498
9659 13499
9660 13500
9661 13501
9662 13502
9663 13503
9664 13504
9665 13505
9666 13506
9667 13507
9668 13508
9669 13509
9670 13510
9671 13511
9672 13512
9673 13513
9674 13514
9675 13515
9676 13516
9677 13517
9678 13518
9679 13519
9680 13520
9681 13521
9682 13522
9683 13523
9684 13524
9685 13525
9686 13526
9687 13527
9688 13528
9689 13529
9690 13530
9691 13531
9692 13532
9693 13533
9694 13534
9695 13535
9696 13536
9697 13537
9698 13538
9699 13539
9700 13540
9701 13541
9702 13542
9703 13543
9704 13544
9705 13545
9706 13546
9707 13547
9708 13548
9709 13549
9710 13550
9711 13551
9712 13552
9713 13553
9714 13554
9715 13555
9716 13556
9717 13557
9718 13558
9719 13559
9720 13560
9721 13561
9722 13562
9723 13563
9724 13564
9725 13565
9726 13566
9727 13567
9728 13568
9729 13569
9730 13570
9731 13571
9732 13572
9733 13573
9734 13574
9735 13575
9736 13576
9737 13577
9738 13578
9739 13579
9740 13580
9741 13581
9742 13582
9743 13583
9744 13584
9745 13585
9746 13586
9747 13587
9748 13588
9749 13589
9750 13590
9751 13591
9752 13592
9753 13593
9754 13594
9755 13595
9756 13596
9757 13597
9758 13598
9759 13599
9760 13600
9761 13601
9762 13602
9763 13603
9764 13604
9765 13605
9766 13606
9767 13607
9768 13608
9769 13609
9770 13610
9771 13611
9772 13612
9773 13613
9774 13614
9775 13615
9776 13616
9777 13617
9778 13618
9779 13619
9780 13620
9781 13621
9782 13622
9783 13623
9784 13624
9785 13625
9786 13626
9787 13627
9788 13628
9789 13629
9790 13630
9791 13631
9792 13632
9793 13633
9794 13634
9795 13635
9796 13636
9797 13637
9798 13638
9799 13639
9800 13640
9801 13641
9802 13642
9803 13643
9804 13644
9805 13645
9806 13646
9807 13647
9808 13648
9809 13649
9810 13650
9811 13651
9812 13652
9813 13653
9814 13654
9815 13655
9816 13656
9817 13657
9818 13658
9819 13659
9820 13660
9821 13661
9822 13662
9823 13663
9824 13664
9825 13665
9826 13666
9827 13667
9828 13668
9829 13669
9830 13670
9831 13671
9832 13672
9833 13673
9834 13674
9835 13675
9836 13676
9837 13677
9838 13678
9839 13679
9840 13680
9841 13681
9842 13682
9843 13683
9844 13684
9845 13685
9846 13686
9847 13687
9848 13688
9849 13689
9850 13690
9851 13691
9852 13692
9853 13693
9854 13694
9855 13695
9856 13696
9857 13697
9858 13698
9859 13699
9860 13700
9861 13701
9862 13702
9863 13703
9864 13704
9865 13705
9866 13706
9867 13707
9868 13708
9869 13709
9870 13710
9871 13711
9872 13712
9873 13713
9874 13714
9875 13715
9876 13716
9877 13717
9878 13718
9879 13719
9880 13720
9881 13721
9882 13722
9883 13723
9884 13724
9885 13725
9886 13726
9887 13727
9888 13728
9889 13729
9890 13730
9891 13731
9892 13732
9893 13733
9894 13734
9895 13735
9896 13736
9897 13737
9898 13738
9899 13739
9900 13740
9901 13741
9902 13742
9903 13743
9904 13744
9905 13745
9906 13746
9907 13747
9908 13748
9909 13749
9910 13750
9911 13751
9912 13752
9913 13753
9914 13754
9915 13755
9916 13756
9917 13757
9918 13758
9919 13759
9920 13760
9921 13761
9922 13762
9923 13763
9924 13764
9925 13765
9926 13766
9927 13767
9928 13768
9929 13769
9930 13770
9931 13771
9932 13772
9933 13773
9934 13774
9935 13775
9936 13776
9937 13777
9938 13778
9939 13779
9940 13780
9941 13781
9942 13782
9943 13783
9944 13784
9945 13785
9946 13786
9947 13787
9948 13788
9949 13789
9950 13790
9951 13791
9952 13792
9953 13793
9954 13794
9955 13795
9956 13796
9957 13797
9958 13798
9959 13799
9960 13800
9961 13801
9962 13802
9963 13803
9964 13804
9965 13805
9966 13806
9967 13807
9968 13808
9969 13809
9970 13810
9971 13811
9972 13812
9973 13813
9974 13814
9975 13815
9976 13816
9977 13817
9978 13818
9979 13819
9980 13820
9981 13821
9982 13822
9983 13823
9984 835
9985 836
9986 837
9987 838
9988 839
9989 840
9990 841
9991 842
9992 843
9993 844
9994 845
9995 846
9996 847
9997 848
9998 849
9999 850
10000 851
10001 852
10002 853
10003 854
10004 855
10005 856
10006 857
10007 858
10008 859
10009 860
10010 861
10011 862
10012 863
10013 864
10014 865
10015 866
10016 867
10017 868
10018 869
10019 870
10020 871
10021 872
10022 873
10023 874
10024 875
10025 876
10026 877
10027 878
10028 879
10029 880
10030 881
10031 882
10032 883
10033 884
10034 885
10035 886
10036 887
10037 888
10038 889
10039 890
10040 891
10041 892
10042 893
10043 894
10044 895
10045 896
10046 897
10047 898
10048 899
10049 900
10050 901
10051 902
10052 903
10053 904
10054 905
10055 906
10056 907
10057 908
10058 909
10059 910
10060 911
10061 912
10062 913
10063 914
10064 915
10065 916
10066 917
10067 918
10068 919
10069 920
10070 921
10071 922
10072 923
10073 924
10074 925
10075 926
10076 927
10077 928
10078 929
10079 930
10080 931
10081 932
10082 933
10083 934
10084 935
10085 936
10086 937
10087 938
10088 939
10089 940
10090 941
10091 942
10092 943
10093 944
10094 945
10095 946
10096 947
10097 948
10098 949
10099 950
10100 951
10101 952
10102 953
10103 954
10104 955
10105 956
10106 957
10107 958
10108 959
10109 960
10110 961
10111 962
10112 963
10113 964
10114 965
10115 966
10116 967
10117 968
10118 969
10119 970
10120 971
10121 972
10122 973
10123 974
10124 975
10125 976
10126 977
10127 978
10128 979
10129 980
10130 981
10131 982
10132 983
10133 984
10134 985
10135 986
10136 987
10137 988
10138 989
10139 990
10140 991
10141 992
10142 993
10143 994
10144 995
10145 996
10146 997
10147 998
10148 999
10149 1000
10150 1001
10151 1002
10152 1003
10153 1004
10154 1005
10155 1006
10156 1007
10157 1008
10158 1009
10159 1010
10160 1011
10161 1012
10162 1013
10163 1014
10164 1015
10165 1016
10166 1017
10167 1018
10168 1019
10169 1020
10170 1021
10171 1022
10172 1023
10173 1024
10174 1025
10175 1026
10176 1027
10177 1028
10178 1029
10179 1030
10180 1031
10181 1032
10182 1033
10183 1034
10184 1035
10185 1036
10186 1037
10187 1038
10188 1039
10189 1040
10190 1041
10191 1042
10192 1043
10193 1044
10194 1045
10195 1046
10196 1047
10197 1048
10198 1049
10199 1050
10200 1051
10201 1052
10202 1053
10203 1054
10204 1055
10205 1056
10206 1057
10207 1058
10208 1059
10209 1060
10210 1061
10211 1062
10212 1063
10213 1064
10214 1065
10215 1066
10216 1067
10217 1068
10218 1069
10219 1070
10220 1071
10221 1072
10222 1073
10223 1074
10224 1075
10225 1076
10226 1077
10227 1078
10228 1079
10229 1080
10230 1081
10231 1082
10232 1083
10233 1084
10234 1085
10235 1086
10236 1087
10237 1088
10238 1089
10239 1090
10240 1091
10241 1092
10242 1093
10243 1094
10244 1095
10245 1096
10246 1097
10247 1098
10248 1099
10249 1100
10250 1101
10251 1102
10252 1103
10253 1104
10254 1105
10255 1106
10256 1107
10257 1108
10258 1109
10259 1110
10260 1111
10261 1112
10262 1113
10263 1114
10264 1115
10265 1116
10266 1117
10267 1118
10268 1119
10269 1120
10270 1121
10271 1122
10272 1123
10273 1124
10274 1125
10275 1126
10276 1127
10277 1128
10278 1129
10279 1130
10280 1131
10281 1132
10282 1133
10283 1134
10284 1135
10285 1136
10286 1137
10287 1138
10288 1139
10289 1140
10290 1141
10291 1142
10292 1143
10293 1144
10294 1145
10295 1146
10296 1147
10297 1148
10298 1149
10299 1150
10300 1151
10301 768
10302 769
10303 770
10304 771
10305 772
10306 773
10307 774
10308 775
10309 776
10310 777
10311 778
10312 779
10313 780
10314 781
10315 782
10316 783
10317 784
10318 785
10319 786
10320 787
10321 788
10322 789
10323 790
10324 791
10325 792
10326 793
10327 794
10328 795
10329 796
10330 797
10331 798
10332 799
10333 800
10334 801
10335 802
10336 803
10337 804
10338 805
10339 806
10340 807
10341 808
10342 809
10343 810
10344 811
10345 812
10346 813
10347 814
10348 815
10349 816
10350 817
10351 818
10352 819
10353 820
10354 821
10355 822
10356 823
10357 824
10358 825
10359 826
10360 827
10361 828
10362 829
10363 830
10364 831
10365 832
10366 833
10367 834
9984 2825
9985 2826
9986 2827
9987 2828
9988 2829
9989 2830
9990 2831
9991 2832
9992 2833
9993 2834
9994 2835
9995 2836
9996 2837
9997 2838
9998 2839
9999 2840
10000 2841
10001 2842
10002 2843
10003 2844
10004 2845
10005 2846
10006 2847
10007 2848
10008 2849
10009 2850
10010 2851
10011 2852
10012 2853
10013 2854
10014 2855
10015 2856
10016 2857
10017 2858
10018 2859
10019 2860
10020 2861
10021 2862
10022 2863
10023 2864
10024 2865
10025 2866
10026 2867
10027 2868
10028 2869
10029 2870
10030 2871
10031 2872
10032 2873
10033 2874
10034 2875
10035 2876
10036 2877
10037 2878
10038 2879
10039 2880
10040 2881
10041 2882
10042 2883
10043 2884
10044 2885
10045 2886
10046 2887
10047 2888
10048 2889
10049 2890
10050 2891
10051 2892
10052 2893
10053 2894
10054 2895
10055 2896
10056 2897
10057 2898
10058 2899
10059 2900
10060 2901
10061 2902
10062 2903
10063 2904
10064 2905
10065 2906
10066 2907
10067 2908
10068 2909
10069 2910
10070 2911
10071 2912
10072 2913
10073 2914
10074 2915
10075 2916
10076 2917
10077 2918
10078 2919
10079 2920
10080 2921
10081 2922
10082 2923
10083 2924
10084 2925
10085 2926
10086 2927
10087 2928
10088 2929
10089 2930
10090 2931
10091 2932
10092 2933
10093 2934
10094 2935
10095 2936
10096 2937
10097 2938
10098 2939
10099 2940
10100 2941
10101 2942
10102 2943
10103 2944
10104 2945
10105 2946
10106 2947
10107 2948
10108 2949
10109 2950
10110 2951
10111 2952
10112 2953
10113 2954
10114 2955
10115 2956
10116 2957
10117 2958
10118 2959
10119 2960
10120 2961
10121 2962
10122 2963
10123 2964
10124 2965
10125 2966
10126 2967
10127 2968
10128 2969
10129 2970
10130 2971
10131 2972
10132 2973
10133 2974
10134 2975
10135 2976
10136 2977
10137 2978
10138 2979
10139 2980
10140 2981
10141 2982
10142 2983
10143 2984
10144 2985
10145 2986
10146 2987
10147 2988
10148 2989
10149 2990
10150 2991
10151 2992
10152 2993
10153 2994
10154 2995
10155 2996
10156 2997
10157 2998
10158 2999
10159 3000
10160 3001
10161 3002
10162 3003
10163 3004
10164 3005
10165 3006
10166 3007
10167 3008
10168 3009
10169 3010
10170 3011
10171 3012
10172 3013
10173 3014
10174 3015
10175 3016
10176 3017
10177 3018
10178 3019
10179 3020
10180 3021
10181 3022
10182 3023
10183 3024
10184 3025
10185 3026
10186 3027
10187 3028
10188 3029
10189 3030
10190 3031
10191 3032
10192 3033
10193 3034
10194 3035
10195 3036
10196 3037
10197 3038
10198 3039
10199 3040
10200 3041
10201 3042
10202 3043
10203 3044
10204 3045
10205 3046
10206 3047
10207 3048
10208 3049
10209 3050
10210 3051
10211 3052
10212 3053
10213 3054
10214 3055
10215 3056
10216 3057
10217 3058
10218 3059
10219 3060
10220 3061
10221 3062
10222 3063
10223 3064
10224 3065
10225 3066
10226 3067
10227 3068
10228 3069
10229 3070
10230 3071
10231 2688
10232 2689
10233 2690
10234 2691
10235 2692
10236 2693
10237 2694
10238 2695
10239 2696
10240 2697
10241 2698
10242 2699
10243 2700
10244 2701
10245 2702
10246 2703
10247 2704
10248 2705
10249 2706
10250 2707
10251 2708
10252 2709
10253 2710
10254 2711
10255 2712
10256 2713
10257 2714
10258 2715
10259 2716
10260 2717
10261 2718
10262 2719
10263 2720
10264 2721
10265 2722
10266 2723
10267 2724
10268 2725
10269 2726
10270 2727
10271 2728
10272 2729
10273 2730
10274 2731
10275 2732
10276 2733
10277 2734
10278 2735
10279 2736
10280 2737
10281 2738
10282 2739
10283 2740
10284 2741
10285 2742
10286 2743
10287 2744
10288 2745
10289 2746
10290 2747
10291 2748
10292 2749
10293 2750
10294 2751
10295 2752
10296 2753
10297 2754
10298 2755
10299 2756
10300 2757
10301 2758
10302 2759
10303 2760
10304 2761
10305 2762
10306 2763
10307 2764
10308 2765
10309 2766
10310 2767
10311 2768
10312 2769
10313 2770
10314 2771
10315 2772
10316 2773
10317 2774
10318 2775
10319 2776
10320 2777
10321 2778
10322 2779
10323 2780
10324 2781
10325 2782
10326 2783
10327 2784
10328 2785
10329 2786
10330 2787
10331 2788
10332 2789
10333 2790
10334 2791
10335 2792
10336 2793
10337 2794
10338 2795
10339 2796
10340 2797
10341 2798
10342 2799
10343 2800
10344 2801
10345 2802
10346 2803
10347 2804
10348 2805
10349 2806
10350 2807
10351 2808
10352 2809
10353 2810
10354 2811
10355 2812
10356 2813
10357 2814
10358 2815
10359 2816
10360 2817
10361 2818
10362 2819
10363 2820
10364 2821
10365 2822
10366 2823
10367 2824
9984 4663
9985 4664
9986 4665
9987 4666
9988 4667
9989 4668
9990 4669
9991 4670
9992 4671
9993 4672
9994 4673
9995 4674
9996 4675
9997 4676
9998 4677
9999 4678
10000 4679
10001 4680
10002 4681
10003 4682
10004 4683
10005 4684
10006 4685
10007 4686
10008 4687
10009 4688
10010 4689
10011 4690
10012 4691
10013 4692
10014 4693
10015 4694
10016 4695
10017 4696
10018 4697
10019 4698
10020 4699
10021 4700
10022 4701
10023 4702
10024 4703
10025 4704
10026 4705
10027 4706
10028 4707
10029 4708
10030 4709
10031 4710
10032 4711
10033 4712
10034 4713
10035 4714
10036 4715
10037 4716
10038 4717
10039 4718
10040 4719
10041 4720
10042 4721
10043 4722
10044 4723
10045 4724
10046 4725
10047 4726
10048 4727
10049 4728
10050 4729
10051 4730
10052 4731
10053 4732
10054 4733
10055 4734
10056 4735
10057 4736
10058 4737
10059 4738
10060 4739
10061 4740
10062 4741
10063 4742
10064 4743
10065 4744
10066 4745
10067 4746
10068 4747
10069 4748
10070 4749
10071 4750
10072 4751
10073 4752
10074 4753
10075 4754
10076 4755
10077 4756
10078 4757
10079 4758
10080 4759
10081 4760
10082 4761
10083 4762
10084 4763
10085 4764
10086 4765
10087 4766
10088 4767
10089 4768
10090 4769
10091 4770
10092 4771
10093 4772
10094 4773
10095 4774
10096 4775
10097 4776
10098 4777
10099 4778
10100 4779
10101 4780
10102 4781
10103 4782
10104 4783
10105 4784
10106 4785
10107 4786
10108 4787
10109 4788
10110 4789
10111 4790
10112 4791
10113 4792
10114 4793
10115 4794
10116 4795
10117 4796
10118 4797
10119 4798
10120 4799
10121 4800
10122 4801
10123 4802
10124 4803
10125 4804
10126 4805
10127 4806
10128 4807
10129 4808
10130 4809
10131 4810
10132 4811
10133 4812
10134 4813
10135 4814
10136 4815
10137 4816
10138 4817
10139 4818
10140 4819
10141 4820
10142 4821
10143 4822
10144 4823
10145 4824
10146 4825
10147 4826
10148 4827
10149 4828
10150 4829
10151 4830
10152 4831
10153 4832
10154 4833
10155 4834
10156 4835
10157 4836
10158 4837
10159 4838
10160 4839
10161 4840
10162 4841
10163 4842
10164 4843
10165 4844
10166 4845
10167 4846
10168 4847
10169 4848
10170 4849
10171 4850
10172 4851
10173 4852
10174 4853
10175 4854
10176 4855
10177 4856
10178 4857
10179 4858
10180 4859
10181 4860
10182 4861
10183 4862
10184 4863
10185 4864
10186 4865
10187 4866
10188 4867
10189 4868
10190 4869
10191 4870
10192 4871
10193 4872
10194 4873
10195 4874
10196 4875
10197 4876
10198 4877
10199 4878
10200 4879
10201 4880
10202 4881
10203 4882
10204 4883
10205 4884
10206 4885
10207 4886
10208 4887
10209 4888
10210 4889
10211 4890
10212 4891
10213 4892
10214 4893
10215 4894
10216 4895
10217 4896
10218 4897
10219 4898
10220 4899
10221 4900
10222 4901
10223 4902
10224 4903
10225 4904
10226 4905
10227 4906
10228 4907
10229 4908
10230 4909
10231 4910
10232 4911
10233 4912
10234 4913
10235 4914
10236 4915
10237 4916
10238 4917
10239 4918
10240 4919
10241 4920
10242 4921
10243 4922
10244 4923
10245 4924
10246 4925
10247 4926
10248 4927
10249 4928
10250 4929
10251 4930
10252 4931
10253 4932
10254 4933
10255 4934
10256 4935
10257 4936
10258 4937
10259 4938
10260 4939
10261 4940
10262 4941
10263 4942
10264 4943
10265 4944
10266 4945
10267 4946
10268 4947
10269 4948
10270 4949
10271 4950
10272 4951
10273 4952
10274 4953
10275 4954
10276 4955
10277 4956
10278 4957
10279 4958
10280 4959
10281 4960
10282 4961
10283 4962
10284 4963
10285 4964
10286 4965
10287 4966
10288 4967
10289 4968
10290 4969
10291 4970
10292 4971
10293 4972
10294 4973
10295 4974
10296 4975
10297 4976
10298 4977
10299 4978
10300 4979
10301 4980
10302 4981
10303 4982
10304 4983
10305 4984
10306 4985
10307 4986
10308 4987
10309 4988
10310 4989
10311 4990
10312 4991
10313 4608
10314 4609
10315 4610
10316 4611
10317 4612
10318 4613
10319 4614
10320 4615
10321 4616
10322 4617
10323 4618
10324 4619
10325 4620
10326 4621
10327 4622
10328 4623
10329 4624
10330 4625
10331 4626
10332 4627
10333 4628
10334 4629
10335 4630
10336 4631
10337 4632
10338 4633
10339 4634
10340 4635
10341 4636
10342 4637
10343 4638
10344 4639
10345 4640
10346 4641
10347 4642
10348 4643
10349 4644
10350 4645
10351 4646
10352 4647
10353 4648
10354 4649
10355 4650
10356 4651
10357 4652
10358 4653
10359 4654
10360 4655
10361 4656
10362 4657
10363 4658
10364 4659
10365 4660
10366 4661
10367 4662
9984 5077
9985 5078
9986 5079
9987 5080
9988 5081
9989 5082
9990 5083
9991 5084
9992 5085
9993 5086
9994 5087
9995 5088
9996 5089
9997 5090
9998 5091
9999 5092
10000 5093
10001 5094
10002 5095
10003 5096
10004 5097
10005 5098
10006 5099
10007 5100
10008 5101
10009 5102
10010 5103
10011 5104
10012 5105
10013 5106
10014 5107
10015 5108
10016 5109
10017 5110
10018 5111
10019 5112
10020 5113
10021 5114
10022 5115
10023 5116
10024 5117
10025 5118
10026 5119
10027 5120
10028 5121
10029 5122
10030 5123
10031 5124
10032 5125
10033 5126
10034 5127
10035 5128
10036 5129
10037 5130
10038 5131
10039 5132
10040 5133
10041 5134
10042 5135
10043 5136
10044 5137
10045 5138
10046 5139
10047 5140
10048 5141
10049 5142
10050 5143
10051 5144
10052 5145
10053 5146
10054 5147
10055 5148
10056 5149
10057 5150
10058 5151
10059 5152
10060 5153
10061 5154
10062 5155
10063 5156
10064 5157
10065 5158
10066 5159
10067 5160
10068 5161
10069 5162
10070 5163
10071 5164
10072 5165
10073 5166
10074 5167
10075 5168
10076 5169
10077 5170
10078 5171
10079 5172
10080 5173
10081 5174
10082 5175
10083 5176
10084 5177
10085 5178
10086 5179
10087 5180
10088 5181
10089 5182
10090 5183
10091 5184
10092 5185
10093 5186
10094 5187
10095 5188
10096 5189
10097 5190
10098 5191
10099 5192
10100 5193
10101 5194
10102 5195
10103 5196
10104 5197
10105 5198
10106 5199
10107 5200
10108 5201
10109 5202
10110 5203
10111 5204
10112 5205
10113 5206
10114 5207
10115 5208
10116 5209
10117 5210
10118 5211
10119 5212
10120 5213
10121 5214
10122 5215
10123 5216
10124 5217
10125 5218
10126 5219
10127 5220
10128 5221
10129 5222
10130 5223
10131 5224
10132 5225
10133 5226
10134 5227
10135 5228
10136 5229
10137 5230
10138 5231
10139 5232
10140 5233
10141 5234
10142 5235
10143 5236
10144 5237
10145 5238
10146 5239
10147 5240
10148 5241
10149 5242
10150 5243
10151 5244
10152 5245
10153 5246
10154 5247
10155 5248
10156 5249
10157 5250
10158 5251
10159 5252
10160 5253
10161 5254
10162 5255
10163 5256
10164 5257
10165 5258
10166 5259
10167 5260
10168 5261
10169 5262
10170 5263
10171 5264
10172 5265
10173 5266
10174 5267
10175 5268
10176 5269
10177 5270
10178 5271
10179 5272
10180 5273
10181 5274
10182 5275
10183 5276
10184 5277
10185 5278
10186 5279
10187 5280
10188 5281
10189 5282
10190 5283
10191 5284
10192 5285
10193 5286
10194 5287
10195 5288
10196 5289
10197 5290
10198 5291
10199 5292
10200 5293
10201 5294
10202 5295
10203 5296
10204 5297
10205 5298
10206 5299
10207 5300
10208 5301
10209 5302
10210 5303
10211 5304
10212 5305
10213 5306
10214 5307
10215 5308
10216 5309
10217 5310
10218 5311
10219 5312
10220 5313
10221 5314
10222 5315
10223 5316
10224 5317
10225 5318
10226 5319
10227 5320
10228 5321
10229 5322
10230 5323
10231 5324
10232 5325
10233 5326
10234 5327
10235 5328
10236 5329
10237 5330
10238 5331
10239 5332
10240 5333
10241 5334
10242 5335
10243 5336
10244 5337
10245 5338
10246 5339
10247 5340
10248 5341
10249 5342
10250 5343
10251 5344
10252 5345
10253 5346
10254 5347
10255 5348
10256 5349
10257 5350
10258 5351
10259 5352
10260 5353
10261 5354
10262 5355
10263 5356
10264 5357
10265 5358
10266 5359
10267 5360
10268 5361
10269 5362
10270 5363
10271 5364
10272 5365
10273 5366
10274 5367
10275 5368
10276 5369
10277 5370
10278 5371
10279 5372
10280 5373
10281 5374
10282 5375
10283 4992
10284 4993
10285 4994
10286 4995
10287 4996
10288 4997
10289 4998
10290 4999
10291 5000
10292 5001
10293 5002
10294 5003
10295 5004
10296 5005
10297 5006
10298 5007
10299 5008
10300 5009
10301 5010
10302 5011
10303 5012
10304 5013
10305 5014
10306 5015
10307 5016
10308 5017
10309 5018
10310 5019
10311 5020
10312 5021
10313 5022
10314 5023
10315 5024
10316 5025
10317 5026
10318 5027
10319 5028
10320 5029
10321 5030
10322 5031
10323 5032
10324 5033
10325 5034
10326 5035
10327 5036
10328 5037
10329 5038
10330 5039
10331 5040
10332 5041
10333 5042
10334 5043
10335 5044
10336 5045
10337 5046
10338 5047
10339 5048
10340 5049
10341 5050
10342 5051
10343 5052
10344 5053
10345 5054
10346 5055
10347 5056
10348 5057
10349 5058
10350 5059
10351 5060
10352 5061
10353 5062
10354 5063
10355 5064
10356 5065
10357 5066
10358 5067
10359 5068
10360 5069
10361 5070
10362 5071
10363 5072
10364 5073
10365 5074
10366 5075
10367 5076
9984 13824
9985 13825
9986 13826
9987 13827
9988 13828
9989 13829
9990 13830
9991 13831
9992 13832
9993 13833
9994 13834
9995 13835
9996 13836
9997 13837
9998 13838
9999 13839
10000 13840
10001 13841
10002 13842
10003 13843
10004 13844
10005 13845
10006 13846
10007 13847
10008 13848
10009 13849
10010 13850
10011 13851
10012 13852
10013 13853
10014 13854
10015 13855
10016 13856
10017 13857
10018 13858
10019 13859
10020 13860
10021 13861
10022 13862
10023 13863
10024 13864
10025 13865
10026 13866
10027 13867
10028 13868
10029 13869
10030 13870
10031 13871
10032 13872
10033 13873
10034 13874
10035 13875
10036 13876
10037 13877
10038 13878
10039 13879
10040 13880
10041 13881
10042 13882
10043 13883
10044 13884
10045 13885
10046 13886
10047 13887
10048 13888
10049 13889
10050 13890
10051 13891
10052 13892
10053 13893
10054 13894
10055 13895
10056 13896
10057 13897
10058 13898
10059 13899
10060 13900
10061 13901
10062 13902
10063 13903
10064 13904
10065 13905
10066 13906
10067 13907
10068 13908
10069 13909
10070 13910
10071 13911
10072 13912
10073 13913
10074 13914
10075 13915
10076 13916
10077 13917
10078 13918
10079 13919
10080 13920
10081 13921
10082 13922
10083 13923
10084 13924
10085 13925
10086 13926
10087 13927
10088 13928
10089 13929
10090 13930
10091 13931
10092 13932
10093 13933
10094 13934
10095 13935
10096 13936
10097 13937
10098 13938
10099 13939
10100 13940
10101 13941
10102 13942
10103 13943
10104 13944
10105 13945
10106 13946
10107 13947
10108 13948
10109 13949
10110 13950
10111 13951
10112 13952
10113 13953
10114 13954
10115 13955
10116 13956
10117 13957
10118 13958
10119 13959
10120 13960
10121 13961
10122 13962
10123 13963
10124 13964
10125 13965
10126 13966
10127 13967
10128 13968
10129 13969
10130 13970
10131 13971
10132 13972
10133 13973
10134 13974
10135 13975
10136 13976
10137 13977
10138 13978
10139 13979
10140 13980
10141 13981
10142 13982
10143 13983
10144 13984
10145 13985
10146 13986
10147 13987
10148 13988
10149 13989
10150 13990
10151 13991
10152 13992
10153 13993
10154 13994
10155 13995
10156 13996
10157 13997
10158 13998
10159 13999
10160 14000
10161 14001
10162 14002
10163 14003
10164 14004
10165 14005
10166 14006
10167 14007
10168 14008
10169 14009
10170 14010
10171 14011
10172 14012
10173 14013
10174 14014
10175 14015
10176 14016
10177 14017
10178 14018
10179 14019
10180 14020
10181 14021
10182 14022
10183 14023
10184 14024
10185 14025
10186 14026
10187 14027
10188 14028
10189 14029
10190 14030
10191 14031
10192 14032
10193 14033
10194 14034
10195 14035
10196 14036
10197 14037
10198 14038
10199 14039
10200 14040
10201 14041
10202 14042
10203 14043
10204 14044
10205 14045
10206 14046
10207 14047
10208 14048
10209 14049
10210 14050
10211 14051
10212 14052
10213 14053
10214 14054
10215 14055
10216 14056
10217 14057
10218 14058
10219 14059
10220 14060
10221 14061
10222 14062
10223 14063
10224 14064
10225 14065
10226 14066
10227 14067
10228 14068
10229 14069
10230 14070
10231 14071
10232 14072
10233 14073
10234 14074
10235 14075
10236 14076
10237 14077
10238 14078
10239 14079
10240 14080
10241 14081
10242 14082
10243 14083
10244 14084
10245 14085
10246 14086
10247 14087
10248 14088
10249 14089
10250 14090
10251 14091
10252 14092
10253 14093
10254 14094
10255 14095
10256 14096
10257 14097
10258 14098
10259 14099
10260 14100
10261 14101
10262 14102
10263 14103
10264 14104
10265 14105
10266 14106
10267 14107
10268 14108
10269 14109
10270 14110
10271 14111
10272 14112
10273 14113
10274 14114
10275 14115
10276 14116
10277 14117
10278 14118
10279 14119
10280 14120
10281 14121
10282 14122
10283 14123
10284 14124
10285 14125
10286 14126
10287 14127
10288 14128
10289 14129
10290 14130
10291 14131
10292 14132
10293 14133
10294 14134
10295 14135
10296 14136
10297 14137
10298 14138
10299 14139
10300 14140
10301 14141
10302 14142
10303 14143
10304 14144
10305 14145
10306 14146
10307 14147
10308 14148
10309 14149
10310 14150
10311 14151
10312 14152
10313 14153
10314 14154
10315 14155
10316 14156
10317 14157
10318 14158
10319 14159
10320 14160
10321 14161
10322 14162
10323 14163
10324 14164
10325 14165
10326 14166
10327 14167
10328 14168
10329 14169
10330 14170
10331 14171
10332 14172
10333 14173
10334 14174
10335 14175
10336 14176
10337 14177
10338 14178
10339 14179
10340 14180
10341 14181
10342 14182
10343 14183
10344 14184
10345 14185
10346 14186
10347 14187
10348 14188
10349 14189
10350 14190
10351 14191
10352 14192
10353 14193
10354 14194
10355 14195
10356 14196
10357 14197
10358 14198
10359 14199
10360 14200
10361 14201
10362 14202
10363 14203
10364 14204
10365 14205
10366 14206
10367 14207
10368 103
10369 104
10370 105
10371 106
10372 107
10373 108
10374 109
10375 110
10376 111
10377 112
10378 113
10379 114
10380 115
10381 116
10382 117
10383 118
10384 119
10385 120
10386 121
10387 122
10388 123
10389 124
10390 125
10391 126
10392 127
10393 128
10394 129
10395 130
10396 131
10397 132
10398 133
10399 134
10400 135
10401 136
10402 137
10403 138
10404 139
10405 140
10406 141
10407 142
10408 143
10409 144
10410 145
10411 146
10412 147
10413 148
10414 149
10415 150
10416 151
10417 152
10418 153
10419 154
10420 155
10421 156
10422 157
10423 158
10424 159
10425 160
10426 161
10427 162
10428 163
10429 164
10430 165
10431 166
10432 167
10433 168
10434 169
10435 170
10436 171
10437 172
10438 173
10439 174
10440 175
10441 176
10442 177
10443 178
10444 179
10445 180
10446 181
10447 182
10448 183
10449 184
10450 185
10451 186
10452 187
10453 188
10454 189
10455 190
10456 191
10457 192
10458 193
10459 194
10460 195
10461 196
10462 197
10463 198
10464 199
10465 200
10466 201
10467 202
10468 203
10469 204
10470 205
10471 206
10472 207
10473 208
10474 209
10475 210
10476 211
10477 212
10478 213
10479 214
10480 215
10481 216
10482 217
10483 218
10484 219
10485 220
10486 221
10487 222
10488 223
10489 224
10490 225
10491 226
10492 227
10493 228
10494 229
10495 230
10496 231
10497 232
10498 233
10499 234
10500 235
10501 236
10502 237
10503 238
10504 239
10505 240
10506 241
10507 242
10508 243
10509 244
10510 245
10511 246
10512 247
10513 248
10514 249
10515 250
10516 251
10517 252
10518 253
10519 254
10520 255
10521 256
10522 257
10523 258
10524 259
10525 260
10526 261
10527 262
10528 263
10529 264
10530 265
10531 266
10532 267
10533 268
10534 269
10535 270
10536 271
10537 272
10538 273
10539 274
10540 275
10541 276
10542 277
10543 278
10544 279
10545 280
10546 281
10547 282
10548 283
10549 284
10550 285
10551 286
10552 287
10553 288
10554 289
10555 290
10556 291
10557 292
10558 293
10559 294
10560 295
10561 296
10562 297
10563 298
10564 299
10565 300
10566 301
10567 302
10568 303
10569 304
10570 305
10571 306
10572 307
10573 308
10574 309
10575 310
10576 311
10577 312
10578 313
10579 314
10580 315
10581 316
10582 317
10583 318
10584 319
10585 320
10586 321
10587 322
10588 323
10589 324
10590 325
10591 326
10592 327
10593 328
10594 329
10595 330
10596 331
10597 332
10598 333
10599 334
10600 335
10601 336
10602 337
10603 338
10604 339
10605 340
10606 341
10607 342
10608 343
10609 344
10610 345
10611 346
10612 347
10613 348
10614 349
10615 350
10616 351
10617 352
10618 353
10619 354
10620 355
10621 356
10622 357
10623 358
10624 359
10625 360
10626 361
10627 362
10628 363
10629 364
10630 365
10631 366
10632 367
10633 368
10634 369
10635 370
10636 371
10637 372
10638 373
10639 374
10640 375
10641 376
10642 377
10643 378
10644 379
10645 380
10646 381
10647 382
10648 383
10649 0
10650 1
10651 2
10652 3
10653 4
10654 5
10655 6
10656 7
10657 8
10658 9
10659 10
10660 11
10661 12
10662 13
10663 14
10664 15
10665 16
10666 17
10667 18
10668 19
10669 20
10670 21
10671 22
10672 23
10673 24
10674 25
10675 26
10676 27
10677 28
10678 29
10679 30
10680 31
10681 32
10682 33
10683 34
10684 35
10685 36
10686 37
10687 38
10688 39
10689 40
10690 41
10691 42
10692 43
10693 44
10694 45
10695 46
10696 47
10697 48
10698 49
10699 50
10700 51
10701 52
10702 53
10703 54
10704 55
10705 56
10706 57
10707 58
10708 59
10709 60
10710 61
10711 62
10712 63
10713 64
10714 65
10715 66
10716 67
10717 68
10718 69
10719 70
10720 71
10721 72
10722 73
10723 74
10724 75
10725 76
10726 77
10727 78
10728 79
10729 80
10730 81
10731 82
10732 83
10733 84
10734 85
10735 86
10736 87
10737 88
10738 89
10739 90
10740 91
10741 92
10742 93
10743 94
10744 95
10745 96
10746 97
10747 98
10748 99
10749 100
10750 101
10751 102
10368 2354
10369 2355
10370 2356
10371 2357
10372 2358
10373 2359
10374 2360
10375 2361
10376 2362
10377 2363
10378 2364
10379 2365
10380 2366
10381 2367
10382 2368
10383 2369
10384 2370
10385 2371
10386 2372
10387 2373
10388 2374
10389 2375
10390 2376
10391 2377
10392 2378
10393 2379
10394 2380
10395 2381
10396 2382
10397 2383
10398 2384
10399 2385
10400 2386
10401 2387
10402 2388
10403 2389
10404 2390
10405 2391
10406 2392
10407 2393
10408 2394
10409 2395
10410 2396
10411 2397
10412 2398
10413 2399
10414 2400
10415 2401
10416 2402
10417 2403
10418 2404
10419 2405
10420 2406
10421 2407
10422 2408
10423 2409
10424 2410
10425 2411
10426 2412
10427 2413
10428 2414
10429 2415
10430 2416
10431 2417
10432 2418
10433 2419
10434 2420
10435 2421
10436 2422
10437 2423
10438 2424
10439 2425
10440 2426
10441 2427
10442 2428
10443 2429
10444 2430
10445 2431
10446 2432
10447 2433
10448 2434
10449 2435
10450 2436
10451 2437
10452 2438
10453 2439
10454 2440
10455 2441
10456 2442
10457 2443
10458 2444
10459 2445
10460 2446
10461 2447
10462 2448
10463 2449
10464 2450
10465 2451
10466 2452
10467 2453
10468 2454
10469 2455
10470 2456
10471 2457
10472 2458
10473 2459
10474 2460
10475 2461
10476 2462
10477 2463
10478 2464
10479 2465
10480 2466
10481 2467
10482 2468
10483 2469
10484 2470
10485 2471
10486 2472
10487 2473
10488 2474
10489 2475
10490 2476
10491 2477
10492 2478
10493 2479
10494 2480
10495 2481
10496 2482
10497 2483
10498 2484
10499 2485
10500 2486
10501 2487
10502 2488
10503 2489
10504 2490
10505 2491
10506 2492
10507 2493
10508 2494
10509 2495
10510 2496
10511 2497
10512 2498
10513 2499
10514 2500
10515 2501
10516 2502
10517 2503
10518 2504
10519 2505
10520 2506
10521 2507
10522 2508
10523 2509
10524 2510
10525 2511
10526 2512
10527 2513
10528 2514
10529 2515
10530 2516
10531 2517
10532 2518
10533 2519
10534 2520
10535 2521
10536 2522
10537 2523
10538 2524
10539 2525
10540 2526
10541 2527
10542 2528
10543 2529
10544 2530
10545 2531
10546 2532
10547 2533
10548 2534
10549 2535
10550 2536
10551 2537
10552 2538
10553 2539
10554 2540
10555 2541
10556 2542
10557 2543
10558 2544
10559 2545
10560 2546
10561 2547
10562 2548
10563 2549
10564 2550
10565 2551
10566 2552
10567 2553
10568 2554
10569 2555
10570 2556
10571 2557
10572 2558
10573 2559
10574 2560
10575 2561
10576 2562
10577 2563
10578 2564
10579 2565
10580 2566
10581 2567
10582 2568
10583 2569
10584 2570
10585 2571
10586 2572
10587 2573
10588 2574
10589 2575
10590 2576
10591 2577
10592 2578
10593 2579
10594 2580
10595 2581
10596 2582
10597 2583
10598 2584
10599 2585
10600 2586
10601 2587
10602 2588
10603 2589
10604 2590
10605 2591
10606 2592
10607 2593
10608 2594
10609 2595
10610 2596
10611 2597
10612 2598
10613 2599
10614 2600
10615 2601
10616 2602
10617 2603
10618 2604
10619 2605
10620 2606
10621 2607
10622 2608
10623 2609
10624 2610
10625 2611
10626 2612
10627 2613
10628 2614
10629 2615
10630 2616
10631 2617
10632 2618
10633 2619
10634 2620
10635 2621
10636 2622
10637 2623
10638 2624
10639 2625
10640 2626
10641 2627
10642 2628
10643 2629
10644 2630
10645 2631
10646 2632
10647 2633
10648 2634
10649 2635
10650 2636
10651 2637
10652 2638
10653 2639
10654 2640
10655 2641
10656 2642
10657 2643
10658 2644
10659 2645
10660 2646
10661 2647
10662 2648
10663 2649
10664 2650
10665 2651
10666 2652
10667 2653
10668 2654
10669 2655
10670 2656
10671 2657
10672 2658
10673 2659
10674 2660
10675 2661
10676 2662
10677 2663
10678 2664
10679 2665
10680 2666
10681 2667
10682 2668
10683 2669
10684 2670
10685 2671
10686 2672
10687 2673
10688 2674
10689 2675
10690 2676
10691 2677
10692 2678
10693 2679
10694 2680
10695 2681
10696 2682
10697 2683
10698 2684
10699 2685
10700 2686
10701 2687
10702 2304
10703 2305
10704 2306
10705 2307
10706 2308
10707 2309
10708 2310
10709 2311
10710 2312
10711 2313
10712 2314
10713 2315
10714 2316
10715 2317
10716 2318
10717 2319
10718 2320
10719 2321
10720 2322
10721 2323
10722 2324
10723 2325
10724 2326
10725 2327
10726 2328
10727 2329
10728 2330
10729 2331
10730 2332
10731 2333
10732 2334
10733 2335
10734 2336
10735 2337
10736 2338
10737 2339
10738 2340
10739 2341
10740 2342
10741 2343
10742 2344
10743 2345
10744 2346
10745 2347
10746 2348
10747 2349
10748 2350
10749 2351
10750 2352
10751 2353
10368 14208
10369 14209
10370 14210
10371 14211
10372 14212
10373 14213
10374 14214
10375 14215
10376 14216
10377 14217
10378 14218
10379 14219
10380 14220
10381 14221
10382 14222
10383 14223
10384 14224
10385 14225
10386 14226
10387 14227
10388 14228
10389 14229
10390 14230
10391 14231
10392 14232
10393 14233
10394 14234
10395 14235
10396 14236
10397 14237
10398 14238
10399 14239
10400 14240
10401 14241
10402 14242
10403 14243
10404 14244
10405 14245
10406 14246
10407 14247
10408 14248
10409 14249
10410 14250
10411 14251
10412 14252
10413 14253
10414 14254
10415 14255
10416 14256
10417 14257
10418 14258
10419 14259
10420 14260
10421 14261
10422 14262
10423 14263
10424 14264
10425 14265
10426 14266
10427 14267
10428 14268
10429 14269
10430 14270
10431 14271
10432 14272
10433 14273
10434 14274
10435 14275
10436 14276
10437 14277
10438 14278
10439 14279
10440 14280
10441 14281
10442 14282
10443 14283
10444 14284
10445 14285
10446 14286
10447 14287
10448 14288
10449 14289
10450 14290
10451 14291
10452 14292
10453 14293
10454 14294
10455 14295
10456 14296
10457 14297
10458 14298
10459 14299
10460 14300
10461 14301
10462 14302
10463 14303
10464 14304
10465 14305
10466 14306
10467 14307
10468 14308
10469 14309
10470 14310
10471 14311
10472 14312
10473 14313
10474 14314
10475 14315
10476 14316
10477 14317
10478 14318
10479 14319
10480 14320
10481 14321
10482 14322
10483 14323
10484 14324
10485 14325
10486 14326
10487 14327
10488 14328
10489 14329
10490 14330
10491 14331
10492 14332
10493 14333
10494 14334
10495 14335
10496 14336
10497 14337
10498 14338
10499 14339
10500 14340
10501 14341
10502 14342
10503 14343
10504 14344
10505 14345
10506 14346
10507 14347
10508 14348
10509 14349
10510 14350
10511 14351
10512 14352
10513 14353
10514 14354
10515 14355
10516 14356
10517 14357
10518 14358
10519 14359
10520 14360
10521 14361
10522 14362
10523 14363
10524 14364
10525 14365
10526 14366
10527 14367
10528 14368
10529 14369
10530 14370
10531 14371
10532 14372
10533 14373
10534 14374
10535 14375
10536 14376
10537 14377
10538 14378
10539 14379
10540 14380
10541 14381
10542 14382
10543 14383
10544 14384
10545 14385
10546 14386
10547 14387
10548 14388
10549 14389
10550 14390
10551 14391
10552 14392
10553 14393
10554 14394
10555 14395
10556 14396
10557 14397
10558 14398
10559 14399
10560 14400
10561 14401
10562 14402
10563 14403
10564 14404
10565 14405
10566 14406
10567 14407
10568 14408
10569 14409
10570 14410
10571 14411
10572 14412
10573 14413
10574 14414
10575 14415
10576 14416
10577 14417
10578 14418
10579 14419
10580 14420
10581 14421
10582 14422
10583 14423
10584 14424
10585 14425
10586 14426
10587 14427
10588 14428
10589 14429
10590 14430
10591 14431
10592 14432
10593 14433
10594 14434
10595 14435
10596 14436
10597 14437
10598 14438
10599 14439
10600 14440
10601 14441
10602 14442
10603 14443
10604 14444
10605 14445
10606 14446
10607 14447
10608 14448
10609 14449
10610 14450
10611 14451
10612 14452
10613 14453
10614 14454
10615 14455
10616 14456
10617 14457
10618 14458
10619 14459
10620 14460
10621 14461
10622 14462
10623 14463
10624 14464
10625 14465
10626 14466
10627 14467
10628 14468
10629 14469
10630 14470
10631 14471
10632 14472
10633 14473
10634 14474
10635 14475
10636 14476
10637 14477
10638 14478
10639 14479
10640 14480
10641 14481
10642 14482
10643 14483
10644 14484
10645 14485
10646 14486
10647 14487
10648 14488
10649 14489
10650 14490
10651 14491
10652 14492
10653 14493
10654 14494
10655 14495
10656 14496
10657 14497
10658 14498
10659 14499
10660 14500
10661 14501
10662 14502
10663 14503
10664 14504
10665 14505
10666 14506
10667 14507
10668 14508
10669 14509
10670 14510
10671 14511
10672 14512
10673 14513
10674 14514
10675 14515
10676 14516
10677 14517
10678 14518
10679 14519
10680 14520
10681 14521
10682 14522
10683 14523
10684 14524
10685 14525
10686 14526
10687 14527
10688 14528
10689 14529
10690 14530
10691 14531
10692 14532
10693 14533
10694 14534
10695 14535
10696 14536
10697 14537
10698 14538
10699 14539
10700 14540
10701 14541
10702 14542
10703 14543
10704 14544
10705 14545
10706 14546
10707 14547
10708 14548
10709 14549
10710 14550
10711 14551
10712 14552
10713 14553
10714 14554
10715 14555
10716 14556
10717 14557
10718 14558
10719 14559
10720 14560
10721 14561
10722 14562
10723 14563
10724 14564
10725 14565
10726 14566
10727 14567
10728 14568
10729 14569
10730 14570
10731 14571
10732 14572
10733 14573
10734 14574
10735 14575
10736 14576
10737 14577
10738 14578
10739 14579
10740 14580
10741 14581
10742 14582
10743 14583
10744 14584
10745 14585
10746 14586
10747 14587
10748 14588
10749 14589
10750 14590
10751 14591
10752 454
10753 455
10754 456
10755 457
10756 458
10757 459
10758 460
10759 461
10760 462
10761 463
10762 464
10763 465
10764 466
10765 467
10766 468
10767 469
10768 470
10769 471
10770 472
10771 473
10772 474
10773 475
10774 476
10775 477
10776 478
10777 479
10778 480
10779 481
10780 482
10781 483
10782 484
10783 485
10784 486
10785 487
10786 488
10787 489
10788 490
10789 491
10790 492
10791 493
10792 494
10793 495
10794 496
10795 497
10796 498
10797 499
10798 500
10799 501
10800 502
10801 503
10802 504
10803 505
10804 506
10805 507
10806 508
10807 509
10808 510
10809 511
10810 512
10811 513
10812 514
10813 515
10814 516
10815 517
10816 518
10817 519
10818 520
10819 521
10820 522
10821 523
10822 524
10823 525
10824 526
10825 527
10826 528
10827 529
10828 530
10829 531
10830 532
10831 533
10832 534
10833 535
10834 536
10835 537
10836 538
10837 539
10838 540
10839 541
10840 542
10841 543
10842 544
10843 545
10844 546
10845 547
10846 548
10847 549
10848 550
10849 551
10850 552
10851 553
10852 554
10853 555
10854 556
10855 557
10856 558
10857 559
10858 560
10859 561
10860 562
10861 563
10862 564
10863 565
10864 566
10865 567
10866 568
10867 569
10868 570
10869 571
10870 572
10871 573
10872 574
10873 575
10874 576
10875 577
10876 578
10877 579
10878 580
10879 581
10880 582
10881 583
10882 584
10883 585
10884 586
10885 587
10886 588
10887 589
10888 590
10889 591
10890 592
10891 593
10892 594
10893 595
10894 596
10895 597
10896 598
10897 599
10898 600
10899 601
10900 602
10901 603
10902 604
10903 605
10904 606
10905 607
10906 608
10907 609
10908 610
10909 611
10910 612
10911 613
10912 614
10913 615
10914 616
10915 617
10916 618
10917 619
10918 620
10919 621
10920 622
10921 623
10922 624
10923 625
10924 626
10925 627
10926 628
10927 629
10928 630
10929 631
10930 632
10931 633
10932 634
10933 635
10934 636
10935 637
10936 638
10937 639
10938 640
10939 641
10940 642
10941 643
10942 644
10943 645
10944 646
10945 647
10946 648
10947 649
10948 650
10949 651
10950 652
10951 653
10952 654
10953 655
10954 656
10955 657
10956 658
10957 659
10958 660
10959 661
10960 662
10961 663
10962 664
10963 665
10964 666
10965 667
10966 668
10967 669
10968 670
10969 671
10970 672
10971 673
10972 674
10973 675
10974 676
10975 677
10976 678
10977 679
10978 680
10979 681
10980 682
10981 683
10982 684
10983 685
10984 686
10985 687
10986 688
10987 689
10988 690
10989 691
10990 692
10991 693
10992 694
10993 695
10994 696
10995 697
10996 698
10997 699
10998 700
10999 701
11000 702
11001 703
11002 704
11003 705
11004 706
11005 707
11006 708
11007 709
11008 710
11009 711
11010 712
11011 713
11012 714
11013 715
11014 716
11015 717
11016 718
11017 719
11018 720
11019 721
11020 722
11021 723
11022 724
11023 725
11024 726
11025 727
11026 728
11027 729
11028 730
11029 731
11030 732
11031 733
11032 734
11033 735
11034 736
11035 737
11036 738
11037 739
11038 740
11039 741
11040 742
11041 743
11042 744
11043 745
11044 746
11045 747
11046 748
11047 749
11048 750
11049 751
11050 752
11051 753
11052 754
11053 755
11054 756
11055 757
11056 758
11057 759
11058 760
11059 761
11060 762
11061 763
11062 764
11063 765
11064 766
11065 767
11066 384
11067 385
11068 386
11069 387
11070 388
11071 389
11072 390
11073 391
11074 392
11075 393
11076 394
11077 395
11078 396
11079 397
11080 398
11081 399
11082 400
11083 401
11084 402
11085 403
11086 404
11087 405
11088 406
11089 407
11090 408
11091 409
11092 410
11093 411
11094 412
11095 413
11096 414
11097 415
11098 416
11099 417
11100 418
11101 419
11102 420
11103 421
11104 422
11105 423
11106 424
11107 425
11108 426
11109 427
11110 428
11111 429
11112 430
11113 431
11114 432
11115 433
11116 434
11117 435
11118 436
11119 437
11120 438
11121 439
11122 440
11123 441
11124 442
11125 443
11126 444
11127 445
11128 446
11129 447
11130 448
11131 449
11132 450
11133 451
11134 452
11135 453
10752 879
10753 880
10754 881
10755 882
10756 883
10757 884
10758 885
10759 886
10760 887
10761 888
10762 889
10763 890
10764 891
10765 892
10766 893
10767 894
10768 895
10769 896
10770 897
10771 898
10772 899
10773 900
10774 901
10775 902
10776 903
10777 904
10778 905
10779 906
10780 907
10781 908
10782 909
10783 910
10784 911
10785 912
10786 913
10787 914
10788 915
10789 916
10790 917
10791 918
10792 919
10793 920
10794 921
10795 922
10796 923
10797 924
10798 925
10799 926
10800 927
10801 928
10802 929
10803 930
10804 931
10805 932
10806 933
10807 934
10808 935
10809 936
10810 937
10811 938
10812 939
10813 940
10814 941
10815 942
10816 943
10817 944
10818 945
10819 946
10820 947
10821 948
10822 949
10823 950
10824 951
10825 952
10826 953
10827 954
10828 955
10829 956
10830 957
10831 958
10832 959
10833 960
10834 961
10835 962
10836 963
10837 964
10838 965
10839 966
10840 967
10841 968
10842 969
10843 970
10844 971
10845 972
10846 973
10847 974
10848 975
10849 976
10850 977
10851 978
10852 979
10853 980
10854 981
10855 982
10856 983
10857 984
10858 985
10859 986
10860 987
10861 988
10862 989
10863 990
10864 991
10865 992
10866 993
10867 994
10868 995
10869 996
10870 997
10871 998
10872 999
10873 1000
10874 1001
10875 1002
10876 1003
10877 1004
10878 1005
10879 1006
10880 1007
10881 1008
10882 1009
10883 1010
10884 1011
10885 1012
10886 1013
10887 1014
10888 1015
10889 1016
10890 1017
10891 1018
10892 1019
10893 1020
10894 1021
10895 1022
10896 1023
10897 1024
10898 1025
10899 1026
10900 1027
10901 1028
10902 1029
10903 1030
10904 1031
10905 1032
10906 1033
10907 1034
10908 1035
10909 1036
10910 1037
10911 1038
10912 1039
10913 1040
10914 1041
10915 1042
10916 1043
10917 1044
10918 1045
10919 1046
10920 1047
10921 1048
10922 1049
10923 1050
10924 1051
10925 1052
10926 1053
10927 1054
10928 1055
10929 1056
10930 1057
10931 1058
10932 1059
10933 1060
10934 1061
10935 1062
10936 1063
10937 1064
10938 1065
10939 1066
10940 1067
10941 1068
10942 1069
10943 1070
10944 1071
10945 1072
10946 1073
10947 1074
10948 1075
10949 1076
10950 1077
10951 1078
10952 1079
10953 1080
10954 1081
10955 1082
10956 1083
10957 1084
10958 1085
10959 1086
10960 1087
10961 1088
10962 1089
10963 1090
10964 1091
10965 1092
10966 1093
10967 1094
10968 1095
10969 1096
10970 1097
10971 1098
10972 1099
10973 1100
10974 1101
10975 1102
10976 1103
10977 1104
10978 1105
10979 1106
10980 1107
10981 1108
10982 1109
10983 1110
10984 1111
10985 1112
10986 1113
10987 1114
10988 1115
10989 1116
10990 1117
10991 1118
10992 1119
10993 1120
10994 1121
10995 1122
10996 1123
10997 1124
10998 1125
10999 1126
11000 1127
11001 1128
11002 1129
11003 1130
11004 1131
11005 1132
11006 1133
11007 1134
11008 1135
11009 1136
11010 1137
11011 1138
11012 1139
11013 1140
11014 1141
11015 1142
11016 1143
11017 1144
11018 1145
11019 1146
11020 1147
11021 1148
11022 1149
11023 1150
11024 1151
11025 768
11026 769
11027 770
11028 771
11029 772
11030 773
11031 774
11032 775
11033 776
11034 777
11035 778
11036 779
11037 780
11038 781
11039 782
11040 783
11041 784
11042 785
11043 786
11044 787
11045 788
11046 789
11047 790
11048 791
11049 792
11050 793
11051 794
11052 795
11053 796
11054 797
11055 798
11056 799
11057 800
11058 801
11059 802
11060 803
11061 804
11062 805
11063 806
11064 807
11065 808
11066 809
11067 810
11068 811
11069 812
11070 813
11071 814
11072 815
11073 816
11074 817
11075 818
11076 819
11077 820
11078 821
11079 822
11080 823
11081 824
11082 825
11083 826
11084 827
11085 828
11086 829
11087 830
11088 831
11089 832
11090 833
11091 834
11092 835
11093 836
11094 837
11095 838
11096 839
11097 840
11098 841
11099 842
11100 843
11101 844
11102 845
11103 846
11104 847
11105 848
11106 849
11107 850
11108 851
11109 852
11110 853
11111 854
11112 855
11113 856
11114 857
11115 858
11116 859
11117 860
11118 861
11119 862
11120 863
11121 864
11122 865
11123 866
11124 867
11125 868
11126 869
11127 870
11128 871
11129 872
11130 873
11131 874
11132 875
11133 876
11134 877
11135 878
10752 2088
10753 2089
10754 2090
10755 2091
10756 2092
10757 2093
10758 2094
10759 2095
10760 2096
10761 2097
10762 2098
10763 2099
10764 2100
10765 2101
10766 2102
10767 2103
10768 2104
10769 2105
10770 2106
10771 2107
10772 2108
10773 2109
10774 2110
10775 2111
10776 2112
10777 2113
10778 2114
10779 2115
10780 2116
10781 2117
10782 2118
10783 2119
10784 2120
10785 2121
10786 2122
10787 2123
10788 2124
10789 2125
10790 2126
10791 2127
10792 2128
10793 2129
10794 2130
10795 2131
10796 2132
10797 2133
10798 2134
10799 2135
10800 2136
10801 2137
10802 2138
10803 2139
10804 2140
10805 2141
10806 2142
10807 2143
10808 2144
10809 2145
10810 2146
10811 2147
10812 2148
10813 2149
10814 2150
10815 2151
10816 2152
10817 2153
10818 2154
10819 2155
10820 2156
10821 2157
10822 2158
10823 2159
10824 2160
10825 2161
10826 2162
10827 2163
10828 2164
10829 2165
10830 2166
10831 2167
10832 2168
10833 2169
10834 2170
10835 2171
10836 2172
10837 2173
10838 2174
10839 2175
10840 2176
10841 2177
10842 2178
10843 2179
10844 2180
10845 2181
10846 2182
10847 2183
10848 2184
10849 2185
10850 2186
10851 2187
10852 2188
10853 2189
10854 2190
10855 2191
10856 2192
10857 2193
10858 2194
10859 2195
10860 2196
10861 2197
10862 2198
10863 2199
10864 2200
10865 2201
10866 2202
10867 2203
10868 2204
10869 2205
10870 2206
10871 2207
10872 2208
10873 2209
10874 2210
10875 2211
10876 2212
10877 2213
10878 2214
10879 2215
10880 2216
10881 2217
10882 2218
10883 2219
10884 2220
10885 2221
10886 2222
10887 2223
10888 2224
10889 2225
10890 2226
10891 2227
10892 2228
10893 2229
10894 2230
10895 2231
10896 2232
10897 2233
10898 2234
10899 2235
10900 2236
10901 2237
10902 2238
10903 2239
10904 2240
10905 2241
10906 2242
10907 2243
10908 2244
10909 2245
10910 2246
10911 2247
10912 2248
10913 2249
10914 2250
10915 2251
10916 2252
10917 2253
10918 2254
10919 2255
10920 2256
10921 2257
10922 2258
10923 2259
10924 2260
10925 2261
10926 2262
10927 2263
10928 2264
10929 2265
10930 2266
10931 2267
10932 2268
10933 2269
10934 2270
10935 2271
10936 2272
10937 2273
10938 2274
10939 2275
10940 2276
10941 2277
10942 2278
10943 2279
10944 2280
10945 2281
10946 2282
10947 2283
10948 2284
10949 2285
10950 2286
10951 2287
10952 2288
10953 2289
10954 2290
10955 2291
10956 2292
10957 2293
10958 2294
10959 2295
10960 2296
10961 2297
10962 2298
10963 2299
10964 2300
10965 2301
10966 2302
10967 2303
10968 1920
10969 1921
10970 1922
10971 1923
10972 1924
10973 1925
10974 1926
10975 1927
10976 1928
10977 1929
10978 1930
10979 1931
10980 1932
10981 1933
10982 1934
10983 1935
10984 1936
10985 1937
10986 1938
10987 1939
10988 1940
10989 1941
10990 1942
10991 1943
10992 1944
10993 1945
10994 1946
10995 1947
10996 1948
10997 1949
10998 1950
10999 1951
11000 1952
11001 1953
11002 1954
11003 1955
11004 1956
11005 1957
11006 1958
11007 1959
11008 1960
11009 1961
11010 1962
11011 1963
11012 1964
11013 1965
11014 1966
11015 1967
11016 1968
11017 1969
11018 1970
11019 1971
11020 1972
11021 1973
11022 1974
11023 1975
11024 1976
11025 1977
11026 1978
11027 1979
11028 1980
11029 1981
11030 1982
11031 1983
11032 1984
11033 1985
11034 1986
11035 1987
11036 1988
11037 1989
11038 1990
11039 1991
11040 1992
11041 1993
11042 1994
11043 1995
11044 1996
11045 1997
11046 1998
11047 1999
11048 2000
11049 2001
11050 2002
11051 2003
11052 2004
11053 2005
11054 2006
11055 2007
11056 2008
11057 2009
11058 2010
11059 2011
11060 2012
11061 2013
11062 2014
11063 2015
11064 2016
11065 2017
11066 2018
11067 2019
11068 2020
11069 2021
11070 2022
11071 2023
11072 2024
11073 2025
11074 2026
11075 2027
11076 2028
11077 2029
11078 2030
11079 2031
11080 2032
11081 2033
11082 2034
11083 2035
11084 2036
11085 2037
11086 2038
11087 2039
11088 2040
11089 2041
11090 2042
11091 2043
11092 2044
11093 2045
11094 2046
11095 2047
11096 2048
11097 2049
11098 2050
11099 2051
11100 2052
11101 2053
11102 2054
11103 2055
11104 2056
11105 2057
11106 2058
11107 2059
11108 2060
11109 2061
11110 2062
11111 2063
11112 2064
11113 2065
11114 2066
11115 2067
11116 2068
11117 2069
11118 2070
11119 2071
11120 2072
11121 2073
11122 2074
11123 2075
11124 2076
11125 2077
11126 2078
11127 2079
11128 2080
11129 2081
11130 2082
11131 2083
11132 2084
11133 2085
11134 2086
11135 2087
10752 14592
10753 14593
10754 14594
10755 14595
10756 14596
10757 14597
10758 14598
10759 14599
10760 14600
10761 14601
10762 14602
10763 14603
10764 14604
10765 14605
10766 14606
10767 14607
10768 14608
10769 14609
10770 14610
10771 14611
10772 14612
10773 14613
10774 14614
10775 14615
10776 14616
10777 14617
10778 14618
10779 14619
10780 14620
10781 14621
10782 14622
10783 14623
10784 14624
10785 14625
10786 14626
10787 14627
10788 14628
10789 14629
10790 14630
10791 14631
10792 14632
10793 14633
10794 14634
10795 14635
10796 14636
10797 14637
10798 14638
10799 14639
10800 14640
10801 14641
10802 14642
10803 14643
10804 14644
10805 14645
10806 14646
10807 14647
10808 14648
10809 14649
10810 14650
10811 14651
10812 14652
10813 14653
10814 14654
10815 14655
10816 14656
10817 14657
10818 14658
10819 14659
10820 14660
10821 14661
10822 14662
10823 14663
10824 14664
10825 14665
10826 14666
10827 14667
10828 14668
10829 14669
10830 14670
10831 14671
10832 14672
10833 14673
10834 14674
10835 14675
10836 14676
10837 14677
10838 14678
10839 14679
10840 14680
10841 14681
10842 14682
10843 14683
10844 14684
10845 14685
10846 14686
10847 14687
10848 14688
10849 14689
10850 14690
10851 14691
10852 14692
10853 14693
10854 14694
10855 14695
10856 14696
10857 14697
10858 14698
10859 14699
10860 14700
10861 14701
10862 14702
10863 14703
10864 14704
10865 14705
10866 14706
10867 14707
10868 14708
10869 14709
10870 14710
10871 14711
10872 14712
10873 14713
10874 14714
10875 14715
10876 14716
10877 14717
10878 14718
10879 14719
10880 14720
10881 14721
10882 14722
10883 14723
10884 14724
10885 14725
10886 14726
10887 14727
10888 14728
10889 14729
10890 14730
10891 14731
10892 14732
10893 14733
10894 14734
10895 14735
10896 14736
10897 14737
10898 14738
10899 14739
10900 14740
10901 14741
10902 14742
10903 14743
10904 14744
10905 14745
10906 14746
10907 14747
10908 14748
10909 14749
10910 14750
10911 14751
10912 14752
10913 14753
10914 14754
10915 14755
10916 14756
10917 14757
10918 14758
10919 14759
10920 14760
10921 14761
10922 14762
10923 14763
10924 14764
10925 14765
10926 14766
10927 14767
10928 14768
10929 14769
10930 14770
10931 14771
10932 14772
10933 14773
10934 14774
10935 14775
10936 14776
10937 14777
10938 14778
10939 14779
10940 14780
10941 14781
10942 14782
10943 14783
10944 14784
10945 14785
10946 14786
10947 14787
10948 14788
10949 14789
10950 14790
10951 14791
10952 14792
10953 14793
10954 14794
10955 14795
10956 14796
10957 14797
10958 14798
10959 14799
10960 14800
10961 14801
10962 14802
10963 14803
10964 14804
10965 14805
10966 14806
10967 14807
10968 14808
10969 14809
10970 14810
10971 14811
10972 14812
10973 14813
10974 14814
10975 14815
10976 14816
10977 14817
10978 14818
10979 14819
10980 14820
10981 14821
10982 14822
10983 14823
10984 14824
10985 14825
10986 14826
10987 14827
10988 14828
10989 14829
10990 14830
10991 14831
10992 14832
10993 14833
10994 14834
10995 14835
10996 14836
10997 14837
10998 14838
10999 14839
11000 14840
11001 14841
11002 14842
11003 14843
11004 14844
11005 14845
11006 14846
11007 14847
11008 14848
11009 14849
11010 14850
11011 14851
11012 14852
11013 14853
11014 14854
11015 14855
11016 14856
11017 14857
11018 14858
11019 14859
11020 14860
11021 14861
11022 14862
11023 14863
11024 14864
11025 14865
11026 14866
11027 14867
11028 14868
11029 14869
11030 14870
11031 14871
11032 14872
11033 14873
11034 14874
11035 14875
11036 14876
11037 14877
11038 14878
11039 14879
11040 14880
11041 14881
11042 14882
11043 14883
11044 14884
11045 14885
11046 14886
11047 14887
11048 14888
11049 14889
11050 14890
11051 14891
11052 14892
11053 14893
11054 14894
11055 14895
11056 14896
11057 14897
11058 14898
11059 14899
11060 14900
11061 14901
11062 14902
11063 14903
11064 14904
11065 14905
11066 14906
11067 14907
11068 14908
11069 14909
11070 14910
11071 14911
11072 14912
11073 14913
11074 14914
11075 14915
11076 14916
11077 14917
11078 14918
11079 14919
11080 14920
11081 14921
11082 14922
11083 14923
11084 14924
11085 14925
11086 14926
11087 14927
11088 14928
11089 14929
11090 14930
11091 14931
11092 14932
11093 14933
11094 14934
11095 14935
11096 14936
11097 14937
11098 14938
11099 14939
11100 14940
11101 14941
11102 14942
11103 14943
11104 14944
11105 14945
11106 14946
11107 14947
11108 14948
11109 14949
11110 14950
11111 14951
11112 14952
11113 14953
11114 14954
11115 14955
11116 14956
11117 14957
11118 14958
11119 14959
11120 14960
11121 14961
11122 14962
11123 14963
11124 14964
11125 14965
11126 14966
11127 14967
11128 14968
11129 14969
11130 14970
11131 14971
11132 14972
11133 14973
11134 14974
11135 14975
11136 110
11137 111
11138 112
11139 113
11140 114
11141 115
11142 116
11143 117
11144 118
11145 119
11146 120
11147 121
11148 122
11149 123
11150 124
11151 125
11152 126
11153 127
11154 128
11155 129
11156 130
11157 131
11158 132
11159 133
11160 134
11161 135
11162 136
11163 137
11164 138
11165 139
11166 140
11167 141
11168 142
11169 143
11170 144
11171 145
11172 146
11173 147
11174 148
11175 149
11176 150
11177 151
11178 152
11179 153
11180 154
11181 155
11182 156
11183 157
11184 158
11185 159
11186 160
11187 161
11188 162
11189 163
11190 164
11191 165
11192 166
11193 167
11194 168
11195 169
11196 170
11197 171
11198 172
11199 173
11200 174
11201 175
11202 176
11203 177
11204 178
11205 179
11206 180
11207 181
11208 182
11209 183
11210 184
11211 185
11212 186
11213 187
11214 188
11215 189
11216 190
11217 191
11218 192
11219 193
11220 194
11221 195
11222 196
11223 197
11224 198
11225 199
11226 200
11227 201
11228 202
11229 203
11230 204
11231 205
11232 206
11233 207
11234 208
11235 209
11236 210
11237 211
11238 212
11239 213
11240 214
11241 215
11242 216
11243 217
11244 218
11245 219
11246 220
11247 221
11248 222
11249 223
11250 224
11251 225
11252 226
11253 227
11254 228
11255 229
11256 230
11257 231
11258 232
11259 233
11260 234
11261 235
11262 236
11263 237
11264 238
11265 239
11266 240
11267 241
11268 242
11269 243
11270 244
11271 245
11272 246
11273 247
11274 248
11275 249
11276 250
11277 251
11278 252
11279 253
11280 254
11281 255
11282 256
11283 257
11284 258
11285 259
11286 260
11287 261
11288 262
11289 263
11290 264
11291 265
11292 266
11293 267
11294 268
11295 269
11296 270
11297 271
11298 272
11299 273
11300 274
11301 275
11302 276
11303 277
11304 278
11305 279
11306 280
11307 281
11308 282
11309 283
11310 284
11311 285
11312 286
11313 287
11314 288
11315 289
11316 290
11317 291
11318 292
11319 293
11320 294
11321 295
11322 296
11323 297
11324 298
11325 299
11326 300
11327 301
11328 302
11329 303
11330 304
11331 305
11332 306
11333 307
11334 308
11335 309
11336 310
11337 311
11338 312
11339 313
11340 314
11341 315
11342 316
11343 317
11344 318
11345 319
11346 320
11347 321
11348 322
11349 323
11350 324
11351 325
11352 326
11353 327
11354 328
11355 329
11356 330
11357 331
11358 332
11359 333
11360 334
11361 335
11362 336
11363 337
11364 338
11365 339
11366 340
11367 341
11368 342
11369 343
11370 344
11371 345
11372 346
11373 347
11374 348
11375 349
11376 350
11377 351
11378 352
11379 353
11380 354
11381 355
11382 356
11383 357
11384 358
11385 359
11386 360
11387 361
11388 362
11389 363
11390 364
11391 365
11392 366
11393 367
11394 368
11395 369
11396 370
11397 371
11398 372
11399 373
11400 374
11401 375
11402 376
11403 377
11404 378
11405 379
11406 380
11407 381
11408 382
11409 383
11410 0
11411 1
11412 2
11413 3
11414 4
11415 5
11416 6
11417 7
11418 8
11419 9
11420 10
11421 11
11422 12
11423 13
11424 14
11425 15
11426 16
11427 17
11428 18
11429 19
11430 20
11431 21
11432 22
11433 23
11434 24
11435 25
11436 26
11437 27
11438 28
11439 29
11440 30
11441 31
11442 32
11443 33
11444 34
11445 35
11446 36
11447 37
11448 38
11449 39
11450 40
11451 41
11452 42
11453 43
11454 44
11455 45
11456 46
11457 47
11458 48
11459 49
11460 50
11461 51
11462 52
11463 53
11464 54
11465 55
11466 56
11467 57
11468 58
11469 59
11470 60
11471 61
11472 62
11473 63
11474 64
11475 65
11476 66
11477 67
11478 68
11479 69
11480 70
11481 71
11482 72
11483 73
11484 74
11485 75
11486 76
11487 77
11488 78
11489 79
11490 80
11491 81
11492 82
11493 83
11494 84
11495 85
11496 86
11497 87
11498 88
11499 89
11500 90
11501 91
11502 92
11503 93
11504 94
11505 95
11506 96
11507 97
11508 98
11509 99
11510 100
11511 101
11512 102
11513 103
11514 104
11515 105
11516 106
11517 107
11518 108
11519 109
11136 1553
11137 1554
11138 1555
11139 1556
11140 1557
11141 1558
11142 1559
11143 1560
11144 1561
11145 1562
11146 1563
11147 1564
11148 1565
11149 1566
11150 1567
11151 1568
11152 1569
11153 1570
11154 1571
11155 1572
11156 1573
11157 1574
11158 1575
11159 1576
11160 1577
11161 1578
11162 1579
11163 1580
11164 1581
11165 1582
11166 1583
11167 1584
11168 1585
11169 1586
11170 1587
11171 1588
11172 1589
11173 1590
11174 1591
11175 1592
11176 1593
11177 1594
11178 1595
11179 1596
11180 1597
11181 1598
11182 1599
11183 1600
11184 1601
11185 1602
11186 1603
11187 1604
11188 1605
11189 1606
11190 1607
11191 1608
11192 1609
11193 1610
11194 1611
11195 1612
11196 1613
11197 1614
11198 1615
11199 1616
11200 1617
11201 1618
11202 1619
11203 1620
11204 1621
11205 1622
11206 1623
11207 1624
11208 1625
11209 1626
11210 1627
11211 1628
11212 1629
11213 1630
11214 1631
11215 1632
11216 1633
11217 1634
11218 1635
11219 1636
11220 1637
11221 1638
11222 1639
11223 1640
11224 1641
11225 1642
11226 1643
11227 1644
11228 1645
11229 1646
11230 1647
11231 1648
11232 1649
11233 1650
11234 1651
11235 1652
11236 1653
11237 1654
11238 1655
11239 1656
11240 1657
11241 1658
11242 1659
11243 1660
11244 1661
11245 1662
11246 1663
11247 1664
11248 1665
11249 1666
11250 1667
11251 1668
11252 1669
11253 1670
11254 1671
11255 1672
11256 1673
11257 1674
11258 1675
11259 1676
11260 1677
11261 1678
11262 1679
11263 1680
11264 1681
11265 1682
11266 1683
11267 1684
11268 1685
11269 1686
11270 1687
11271 1688
11272 1689
11273 1690
11274 1691
11275 1692
11276 1693
11277 1694
11278 1695
11279 1696
11280 1697
11281 1698
11282 1699
11283 1700
11284 1701
11285 1702
11286 1703
11287 1704
11288 1705
11289 1706
11290 1707
11291 1708
11292 1709
11293 1710
11294 1711
11295 1712
11296 1713
11297 1714
11298 1715
11299 1716
11300 1717
11301 1718
11302 1719
11303 1720
11304 1721
11305 1722
11306 1723
11307 1724
11308 1725
11309 1726
11310 1727
11311 1728
11312 1729
11313 1730
11314 1731
11315 1732
11316 1733
11317 1734
11318 1735
11319 1736
11320 1737
11321 1738
11322 1739
11323 1740
11324 1741
11325 1742
11326 1743
11327 1744
11328 1745
11329 1746
11330 1747
11331 1748
11332 1749
11333 1750
11334 1751
11335 1752
11336 1753
11337 1754
11338 1755
11339 1756
11340 1757
11341 1758
11342 1759
11343 1760
11344 1761
11345 1762
11346 1763
11347 1764
11348 1765
11349 1766
11350 1767
11351 1768
11352 1769
11353 1770
11354 1771
11355 1772
11356 1773
11357 1774
11358 1775
11359 1776
11360 1777
11361 1778
11362 1779
11363 1780
11364 1781
11365 1782
11366 1783
11367 1784
11368 1785
11369 1786
11370 1787
11371 1788
11372 1789
11373 1790
11374 1791
11375 1792
11376 1793
11377 1794
11378 1795
11379 1796
11380 1797
11381 1798
11382 1799
11383 1800
11384 1801
11385 1802
11386 1803
11387 1804
11388 1805
11389 1806
11390 1807
11391 1808
11392 1809
11393 1810
11394 1811
11395 1812
11396 1813
11397 1814
11398 1815
11399 1816
11400 1817
11401 1818
11402 1819
11403 1820
11404 1821
11405 1822
11406 1823
11407 1824
11408 1825
11409 1826
11410 1827
11411 1828
11412 1829
11413 1830
11414 1831
11415 1832
11416 1833
11417 1834
11418 1835
11419 1836
11420 1837
11421 1838
11422 1839
11423 1840
11424 1841
11425 1842
11426 1843
11427 1844
11428 1845
11429 1846
11430 1847
11431 1848
11432 1849
11433 1850
11434 1851
11435 1852
11436 1853
11437 1854
11438 1855
11439 1856
11440 1857
11441 1858
11442 1859
11443 1860
11444 1861
11445 1862
11446 1863
11447 1864
11448 1865
11449 1866
11450 1867
11451 1868
11452 1869
11453 1870
11454 1871
11455 1872
11456 1873
11457 1874
11458 1875
11459 1876
11460 1877
11461 1878
11462 1879
11463 1880
11464 1881
11465 1882
11466 1883
11467 1884
11468 1885
11469 1886
11470 1887
11471 1888
11472 1889
11473 1890
11474 1891
11475 1892
11476 1893
11477 1894
11478 1895
11479 1896
11480 1897
11481 1898
11482 1899
11483 1900
11484 1901
11485 1902
11486 1903
11487 1904
11488 1905
11489 1906
11490 1907
11491 1908
11492 1909
11493 1910
11494 1911
11495 1912
11496 1913
11497 1914
11498 1915
11499 1916
11500 1917
11501 1918
11502 1919
11503 1536
11504 1537
11505 1538
11506 1539
11507 1540
11508 1541
11509 1542
11510 1543
11511 1544
11512 1545
11513 1546
11514 1547
11515 1548
11516 1549
11517 1550
11518 1551
11519 1552
11136 14976
11137 14977
11138 14978
11139 14979
11140 14980
11141 14981
11142 14982
11143 14983
11144 14984
11145 14985
11146 14986
11147 14987
11148 14988
11149 14989
11150 14990
11151 14991
11152 14992
11153 14993
11154 14994
11155 14995
11156 14996
11157 14997
11158 14998
11159 14999
11160 15000
11161 15001
11162 15002
11163 15003
11164 15004
11165 15005
11166 15006
11167 15007
11168 15008
11169 15009
11170 15010
11171 15011
11172 15012
11173 15013
11174 15014
11175 15015
11176 15016
11177 15017
11178 15018
11179 15019
11180 15020
11181 15021
11182 15022
11183 15023
11184 15024
11185 15025
11186 15026
11187 15027
11188 15028
11189 15029
11190 15030
11191 15031
11192 15032
11193 15033
11194 15034
11195 15035
11196 15036
11197 15037
11198 15038
11199 15039
11200 15040
11201 15041
11202 15042
11203 15043
11204 15044
11205 15045
11206 15046
11207 15047
11208 15048
11209 15049
11210 15050
11211 15051
11212 15052
11213 15053
11214 15054
11215 15055
11216 15056
11217 15057
11218 15058
11219 15059
11220 15060
11221 15061
11222 15062
11223 15063
11224 15064
11225 15065
11226 15066
11227 15067
11228 15068
11229 15069
11230 15070
11231 15071
11232 15072
11233 15073
11234 15074
11235 15075
11236 15076
11237 15077
11238 15078
11239 15079
11240 15080
11241 15081
11242 15082
11243 15083
11244 15084
11245 15085
11246 15086
11247 15087
11248 15088
11249 15089
11250 15090
11251 15091
11252 15092
11253 15093
11254 15094
11255 15095
11256 15096
11257 15097
11258 15098
11259 15099
11260 15100
11261 15101
11262 15102
11263 15103
11264 15104
11265 15105
11266 15106
11267 15107
11268 15108
11269 15109
11270 15110
11271 15111
11272 15112
11273 15113
11274 15114
11275 15115
11276 15116
11277 15117
11278 15118
11279 15119
11280 15120
11281 15121
11282 15122
11283 15123
11284 15124
11285 15125
11286 15126
11287 15127
11288 15128
11289 15129
11290 15130
11291 15131
11292 15132
11293 15133
11294 15134
11295 15135
11296 15136
11297 15137
11298 15138
11299 15139
11300 15140
11301 15141
11302 15142
11303 15143
11304 15144
11305 15145
11306 15146
11307 15147
11308 15148
11309 15149
11310 15150
11311 15151
11312 15152
11313 15153
11314 15154
11315 15155
11316 15156
11317 15157
11318 15158
11319 15159
11320 15160
11321 15161
11322 15162
11323 15163
11324 15164
11325 15165
11326 15166
11327 15167
11328 15168
11329 15169
11330 15170
11331 15171
11332 15172
11333 15173
11334 15174
11335 15175
11336 15176
11337 15177
11338 15178
11339 15179
11340 15180
11341 15181
11342 15182
11343 15183
11344 15184
11345 15185
11346 15186
11347 15187
11348 15188
11349 15189
11350 15190
11351 15191
11352 15192
11353 15193
11354 15194
11355 15195
11356 15196
11357 15197
11358 15198
11359 15199
11360 15200
11361 15201
11362 15202
11363 15203
11364 15204
11365 15205
11366 15206
11367 15207
11368 15208
11369 15209
11370 15210
11371 15211
11372 15212
11373 15213
11374 15214
11375 15215
11376 15216
11377 15217
11378 15218
11379 15219
11380 15220
11381 15221
11382 15222
11383 15223
11384 15224
11385 15225
11386 15226
11387 15227
11388 15228
11389 15229
11390 15230
11391 15231
11392 15232
11393 15233
11394 15234
11395 15235
11396 15236
11397 15237
11398 15238
11399 15239
11400 15240
11401 15241
11402 15242
11403 15243
11404 15244
11405 15245
11406 15246
11407 15247
11408 15248
11409 15249
11410 15250
11411 15251
11412 15252
11413 15253
11414 15254
11415 15255
11416 15256
11417 15257
11418 15258
11419 15259
11420 15260
11421 15261
11422 15262
11423 15263
11424 15264
11425 15265
11426 15266
11427 15267
11428 15268
11429 15269
11430 15270
11431 15271
11432 15272
11433 15273
11434 15274
11435 15275
11436 15276
11437 15277
11438 15278
11439 15279
11440 15280
11441 15281
11442 15282
11443 15283
11444 15284
11445 15285
11446 15286
11447 15287
11448 15288
11449 15289
11450 15290
11451 15291
11452 15292
11453 15293
11454 15294
11455 15295
11456 15296
11457 15297
11458 15298
11459 15299
11460 15300
11461 15301
11462 15302
11463 15303
11464 15304
11465 15305
11466 15306
11467 15307
11468 15308
11469 15309
11470 15310
11471 15311
11472 15312
11473 15313
11474 15314
11475 15315
11476 15316
11477 15317
11478 15318
11479 15319
11480 15320
11481 15321
11482 15322
11483 15323
11484 15324
11485 15325
11486 15326
11487 15327
11488 15328
11489 15329
11490 15330
11491 15331
11492 15332
11493 15333
11494 15334
11495 15335
11496 15336
11497 15337
11498 15338
11499 15339
11500 15340
11501 15341
11502 15342
11503 15343
11504 15344
11505 15345
11506 15346
11507 15347
11508 15348
11509 15349
11510 15350
11511 15351
11512 15352
11513 15353
11514 15354
11515 15355
11516 15356
11517 15357
11518 15358
11519 15359
11520 888
11521 889
11522 890
11523 891
11524 892
11525 893
11526 894
11527 895
11528 896
11529 897
11530 898
11531 899
11532 900
11533 901
11534 902
11535 903
11536 904
11537 905
11538 906
11539 907
11540 908
11541 909
11542 910
11543 911
11544 912
11545 913
11546 914
11547 915
11548 916
11549 917
11550 918
11551 919
11552 920
11553 921
11554 922
11555 923
11556 924
11557 925
11558 926
11559 927
11560 928
11561 929
11562 930
11563 931
11564 932
11565 933
11566 934
11567 935
11568 936
11569 937
11570 938
11571 939
11572 940
11573 941
11574 942
11575 943
11576 944
11577 945
11578 946
11579 947
11580 948
11581 949
11582 950
11583 951
11584 952
11585 953
11586 954
11587 955
11588 956
11589 957
11590 958
11591 959
11592 960
11593 961
11594 962
11595 963
11596 964
11597 965
11598 966
11599 967
11600 968
11601 969
11602 970
11603 971
11604 972
11605 973
11606 974
11607 975
11608 976
11609 977
11610 978
11611 979
11612 980
11613 981
11614 982
11615 983
11616 984
11617 985
11618 986
11619 987
11620 988
11621 989
11622 990
11623 991
11624 992
11625 993
11626 994
11627 995
11628 996
11629 997
11630 998
11631 999
11632 1000
11633 1001
11634 1002
11635 1003
11636 1004
11637 1005
11638 1006
11639 1007
11640 1008
11641 1009
11642 1010
11643 1011
11644 1012
11645 1013
11646 1014
11647 1015
11648 1016
11649 1017
11650 1018
11651 1019
11652 1020
11653 1021
11654 1022
11655 1023
11656 1024
11657 1025
11658 1026
11659 1027
11660 1028
11661 1029
11662 1030
11663 1031
11664 1032
11665 1033
11666 1034
11667 1035
11668 1036
11669 1037
11670 1038
11671 1039
11672 1040
11673 1041
11674 1042
11675 1043
11676 1044
11677 1045
11678 1046
11679 1047
11680 1048
11681 1049
11682 1050
11683 1051
11684 1052
11685 1053
11686 1054
11687 1055
11688 1056
11689 1057
11690 1058
11691 1059
11692 1060
11693 1061
11694 1062
11695 1063
11696 1064
11697 1065
11698 1066
11699 1067
11700 1068
11701 1069
11702 1070
11703 1071
11704 1072
11705 1073
11706 1074
11707 1075
11708 1076
11709 1077
11710 1078
11711 1079
11712 1080
11713 1081
11714 1082
11715 1083
11716 1084
11717 1085
11718 1086
11719 1087
11720 1088
11721 1089
11722 1090
11723 1091
11724 1092
11725 1093
11726 1094
11727 1095
11728 1096
11729 1097
11730 1098
11731 1099
11732 1100
11733 1101
11734 1102
11735 1103
11736 1104
11737 1105
11738 1106
11739 1107
11740 1108
11741 1109
11742 1110
11743 1111
11744 1112
11745 1113
11746 1114
11747 1115
11748 1116
11749 1117
11750 1118
11751 1119
11752 1120
11753 1121
11754 1122
11755 1123
11756 1124
11757 1125
11758 1126
11759 1127
11760 1128
11761 1129
11762 1130
11763 1131
11764 1132
11765 1133
11766 1134
11767 1135
11768 1136
11769 1137
11770 1138
11771 1139
11772 1140
11773 1141
11774 1142
11775 1143
11776 1144
11777 1145
11778 1146
11779 1147
11780 1148
11781 1149
11782 1150
11783 1151
11784 768
11785 769
11786 770
11787 771
11788 772
11789 773
11790 774
11791 775
11792 776
11793 777
11794 778
11795 779
11796 780
11797 781
11798 782
11799 783
11800 784
11801 785
11802 786
11803 787
11804 788
11805 789
11806 790
11807 791
11808 792
11809 793
11810 794
11811 795
11812 796
11813 797
11814 798
11815 799
11816 800
11817 801
11818 802
11819 803
11820 804
11821 805
11822 806
11823 807
11824 808
11825 809
11826 810
11827 811
11828 812
11829 813
11830 814
11831 815
11832 816
11833 817
11834 818
11835 819
11836 820
11837 821
11838 822
11839 823
11840 824
11841 825
11842 826
11843 827
11844 828
11845 829
11846 830
11847 831
11848 832
11849 833
11850 834
11851 835
11852 836
11853 837
11854 838
11855 839
11856 840
11857 841
11858 842
11859 843
11860 844
11861 845
11862 846
11863 847
11864 848
11865 849
11866 850
11867 851
11868 852
11869 853
11870 854
11871 855
11872 856
11873 857
11874 858
11875 859
11876 860
11877 861
11878 862
11879 863
11880 864
11881 865
11882 866
11883 867
11884 868
11885 869
11886 870
11887 871
11888 872
11889 873
11890 874
11891 875
11892 876
11893 877
11894 878
11895 879
11896 880
11897 881
11898 882
11899 883
11900 884
11901 885
11902 886
11903 887
11520 2074
11521 2075
11522 2076
11523 2077
11524 2078
11525 2079
11526 2080
11527 2081
11528 2082
11529 2083
11530 2084
11531 2085
11532 2086
11533 2087
11534 2088
11535 2089
11536 2090
11537 2091
11538 2092
11539 2093
11540 2094
11541 2095
11542 2096
11543 2097
11544 2098
11545 2099
11546 2100
11547 2101
11548 2102
11549 2103
11550 2104
11551 2105
11552 2106
11553 2107
11554 2108
11555 2109
11556 2110
11557 2111
11558 2112
11559 2113
11560 2114
11561 2115
11562 2116
11563 2117
11564 2118
11565 2119
11566 2120
11567 2121
11568 2122
11569 2123
11570 2124
11571 2125
11572 2126
11573 2127
11574 2128
11575 2129
11576 2130
11577 2131
11578 2132
11579 2133
11580 2134
11581 2135
11582 2136
11583 2137
11584 2138
11585 2139
11586 2140
11587 2141
11588 2142
11589 2143
11590 2144
11591 2145
11592 2146
11593 2147
11594 2148
11595 2149
11596 2150
11597 2151
11598 2152
11599 2153
11600 2154
11601 2155
11602 2156
11603 2157
11604 2158
11605 2159
11606 2160
11607 2161
11608 2162
11609 2163
11610 2164
11611 2165
11612 2166
11613 2167
11614 2168
11615 2169
11616 2170
11617 2171
11618 2172
11619 2173
11620 2174
11621 2175
11622 2176
11623 2177
11624 2178
11625 2179
11626 2180
11627 2181
11628 2182
11629 2183
11630 2184
11631 2185
11632 2186
11633 2187
11634 2188
11635 2189
11636 2190
11637 2191
11638 2192
11639 2193
11640 2194
11641 2195
11642 2196
11643 2197
11644 2198
11645 2199
11646 2200
11647 2201
11648 2202
11649 2203
11650 2204
11651 2205
11652 2206
11653 2207
11654 2208
11655 2209
11656 2210
11657 2211
11658 2212
11659 2213
11660 2214
11661 2215
11662 2216
11663 2217
11664 2218
11665 2219
11666 2220
11667 2221
11668 2222
11669 2223
11670 2224
11671 2225
11672 2226
11673 2227
11674 2228
11675 2229
11676 2230
11677 2231
11678 2232
11679 2233
11680 2234
11681 2235
11682 2236
11683 2237
11684 2238
11685 2239
11686 2240
11687 2241
11688 2242
11689 2243
11690 2244
11691 2245
11692 2246
11693 2247
11694 2248
11695 2249
11696 2250
11697 2251
11698 2252
11699 2253
11700 2254
11701 2255
11702 2256
11703 2257
11704 2258
11705 2259
11706 2260
11707 2261
11708 2262
11709 2263
11710 2264
11711 2265
11712 2266
11713 2267
11714 2268
11715 2269
11716 2270
11717 2271
11718 2272
11719 2273
11720 2274
11721 2275
11722 2276
11723 2277
11724 2278
11725 2279
11726 2280
11727 2281
11728 2282
11729 2283
11730 2284
11731 2285
11732 2286
11733 2287
11734 2288
11735 2289
11736 2290
11737 2291
11738 2292
11739 2293
11740 2294
11741 2295
11742 2296
11743 2297
11744 2298
11745 2299
11746 2300
11747 2301
11748 2302
11749 2303
11750 1920
11751 1921
11752 1922
11753 1923
11754 1924
11755 1925
11756 1926
11757 1927
11758 1928
11759 1929
11760 1930
11761 1931
11762 1932
11763 1933
11764 1934
11765 1935
11766 1936
11767 1937
11768 1938
11769 1939
11770 1940
11771 1941
11772 1942
11773 1943
11774 1944
11775 1945
11776 1946
11777 1947
11778 1948
11779 1949
11780 1950
11781 1951
11782 1952
11783 1953
11784 1954
11785 1955
11786 1956
11787 1957
11788 1958
11789 1959
11790 1960
11791 1961
11792 1962
11793 1963
11794 1964
11795 1965
11796 1966
11797 1967
11798 1968
11799 1969
11800 1970
11801 1971
11802 1972
11803 1973
11804 1974
11805 1975
11806 1976
11807 1977
11808 1978
11809 1979
11810 1980
11811 1981
11812 1982
11813 1983
11814 1984
11815 1985
11816 1986
11817 1987
11818 1988
11819 1989
11820 1990
11821 1991
11822 1992
11823 1993
11824 1994
11825 1995
11826 1996
11827 1997
11828 1998
11829 1999
11830 2000
11831 2001
11832 2002
11833 2003
11834 2004
11835 2005
11836 2006
11837 2007
11838 2008
11839 2009
11840 2010
11841 2011
11842 2012
11843 2013
11844 2014
11845 2015
11846 2016
11847 2017
11848 2018
11849 2019
11850 2020
11851 2021
11852 2022
11853 2023
11854 2024
11855 2025
11856 2026
11857 2027
11858 2028
11859 2029
11860 2030
11861 2031
11862 2032
11863 2033
11864 2034
11865 2035
11866 2036
11867 2037
11868 2038
11869 2039
11870 2040
11871 2041
11872 2042
11873 2043
11874 2044
11875 2045
11876 2046
11877 2047
11878 2048
11879 2049
11880 2050
11881 2051
11882 2052
11883 2053
11884 2054
11885 2055
11886 2056
11887 2057
11888 2058
11889 2059
11890 2060
11891 2061
11892 2062
11893 2063
11894 2064
11895 2065
11896 2066
11897 2067
11898 2068
11899 2069
11900 2070
11901 2071
11902 2072
11903 2073
11520 2740
11521 2741
11522 2742
11523 2743
11524 2744
11525 2745
11526 2746
11527 2747
11528 2748
11529 2749
11530 2750
11531 2751
11532 2752
11533 2753
11534 2754
11535 2755
11536 2756
11537 2757
11538 2758
11539 2759
11540 2760
11541 2761
11542 2762
11543 2763
11544 2764
11545 2765
11546 2766
11547 2767
11548 2768
11549 2769
11550 2770
11551 2771
11552 2772
11553 2773
11554 2774
11555 2775
11556 2776
11557 2777
11558 2778
11559 2779
11560 2780
11561 2781
11562 2782
11563 2783
11564 2784
11565 2785
11566 2786
11567 2787
11568 2788
11569 2789
11570 2790
11571 2791
11572 2792
11573 2793
11574 2794
11575 2795
11576 2796
11577 2797
11578 2798
11579 2799
11580 2800
11581 2801
11582 2802
11583 2803
11584 2804
11585 2805
11586 2806
11587 2807
11588 2808
11589 2809
11590 2810
11591 2811
11592 2812
11593 2813
11594 2814
11595 2815
11596 2816
11597 2817
11598 2818
11599 2819
11600 2820
11601 2821
11602 2822
11603 2823
11604 2824
11605 2825
11606 2826
11607 2827
11608 2828
11609 2829
11610 2830
11611 2831
11612 2832
11613 2833
11614 2834
11615 2835
11616 2836
11617 2837
11618 2838
11619 2839
11620 2840
11621 2841
11622 2842
11623 2843
11624 2844
11625 2845
11626 2846
11627 2847
11628 2848
11629 2849
11630 2850
11631 2851
11632 2852
11633 2853
11634 2854
11635 2855
11636 2856
11637 2857
11638 2858
11639 2859
11640 2860
11641 2861
11642 2862
11643 2863
11644 2864
11645 2865
11646 2866
11647 2867
11648 2868
11649 2869
11650 2870
11651 2871
11652 2872
11653 2873
11654 2874
11655 2875
11656 2876
11657 2877
11658 2878
11659 2879
11660 2880
11661 2881
11662 2882
11663 2883
11664 2884
11665 2885
11666 2886
11667 2887
11668 2888
11669 2889
11670 2890
11671 2891
11672 2892
11673 2893
11674 2894
11675 2895
11676 2896
11677 2897
11678 2898
11679 2899
11680 2900
11681 2901
11682 2902
11683 2903
11684 2904
11685 2905
11686 2906
11687 2907
11688 2908
11689 2909
11690 2910
11691 2911
11692 2912
11693 2913
11694 2914
11695 2915
11696 2916
11697 2917
11698 2918
11699 2919
11700 2920
11701 2921
11702 2922
11703 2923
11704 2924
11705 2925
11706 2926
11707 2927
11708 2928
11709 2929
11710 2930
11711 2931
11712 2932
11713 2933
11714 2934
11715 2935
11716 2936
11717 2937
11718 2938
11719 2939
11720 2940
11721 2941
11722 2942
11723 2943
11724 2944
11725 2945
11726 2946
11727 2947
11728 2948
11729 2949
11730 2950
11731 2951
11732 2952
11733 2953
11734 2954
11735 2955
11736 2956
11737 2957
11738 2958
11739 2959
11740 2960
11741 2961
11742 2962
11743 2963
11744 2964
11745 2965
11746 2966
11747 2967
11748 2968
11749 2969
11750 2970
11751 2971
11752 2972
11753 2973
11754 2974
11755 2975
11756 2976
11757 2977
11758 2978
11759 2979
11760 2980
11761 2981
11762 2982
11763 2983
11764 2984
11765 2985
11766 2986
11767 2987
11768 2988
11769 2989
11770 2990
11771 2991
11772 2992
11773 2993
11774 2994
11775 2995
11776 2996
11777 2997
11778 2998
11779 2999
11780 3000
11781 3001
11782 3002
11783 3003
11784 3004
11785 3005
11786 3006
11787 3007
11788 3008
11789 3009
11790 3010
11791 3011
11792 3012
11793 3013
11794 3014
11795 3015
11796 3016
11797 3017
11798 3018
11799 3019
11800 3020
11801 3021
11802 3022
11803 3023
11804 3024
11805 3025
11806 3026
11807 3027
11808 3028
11809 3029
11810 3030
11811 3031
11812 3032
11813 3033
11814 3034
11815 3035
11816 3036
11817 3037
11818 3038
11819 3039
11820 3040
11821 3041
11822 3042
11823 3043
11824 3044
11825 3045
11826 3046
11827 3047
11828 3048
11829 3049
11830 3050
11831 3051
11832 3052
11833 3053
11834 3054
11835 3055
11836 3056
11837 3057
11838 3058
11839 3059
11840 3060
11841 3061
11842 3062
11843 3063
11844 3064
11845 3065
11846 3066
11847 3067
11848 3068
11849 3069
11850 3070
11851 3071
11852 2688
11853 2689
11854 2690
11855 2691
11856 2692
11857 2693
11858 2694
11859 2695
11860 2696
11861 2697
11862 2698
11863 2699
11864 2700
11865 2701
11866 2702
11867 2703
11868 2704
11869 2705
11870 2706
11871 2707
11872 2708
11873 2709
11874 2710
11875 2711
11876 2712
11877 2713
11878 2714
11879 2715
11880 2716
11881 2717
11882 2718
11883 2719
11884 2720
11885 2721
11886 2722
11887 2723
11888 2724
11889 2725
11890 2726
11891 2727
11892 2728
11893 2729
11894 2730
11895 2731
11896 2732
11897 2733
11898 2734
11899 2735
11900 2736
11901 2737
11902 2738
11903 2739
11520 3512
11521 3513
11522 3514
11523 3515
11524 3516
11525 3517
11526 3518
11527 3519
11528 3520
11529 3521
11530 3522
11531 3523
11532 3524
11533 3525
11534 3526
11535 3527
11536 3528
11537 3529
11538 3530
11539 3531
11540 3532
11541 3533
11542 3534
11543 3535
11544 3536
11545 3537
11546 3538
11547 3539
11548 3540
11549 3541
11550 3542
11551 3543
11552 3544
11553 3545
11554 3546
11555 3547
11556 3548
11557 3549
11558 3550
11559 3551
11560 3552
11561 3553
11562 3554
11563 3555
11564 3556
11565 3557
11566 3558
11567 3559
11568 3560
11569 3561
11570 3562
11571 3563
11572 3564
11573 3565
11574 3566
11575 3567
11576 3568
11577 3569
11578 3570
11579 3571
11580 3572
11581 3573
11582 3574
11583 3575
11584 3576
11585 3577
11586 3578
11587 3579
11588 3580
11589 3581
11590 3582
11591 3583
11592 3584
11593 3585
11594 3586
11595 3587
11596 3588
11597 3589
11598 3590
11599 3591
11600 3592
11601 3593
11602 3594
11603 3595
11604 3596
11605 3597
11606 3598
11607 3599
11608 3600
11609 3601
11610 3602
11611 3603
11612 3604
11613 3605
11614 3606
11615 3607
11616 3608
11617 3609
11618 3610
11619 3611
11620 3612
11621 3613
11622 3614
11623 3615
11624 3616
11625 3617
11626 3618
11627 3619
11628 3620
11629 3621
11630 3622
11631 3623
11632 3624
11633 3625
11634 3626
11635 3627
11636 3628
11637 3629
11638 3630
11639 3631
11640 3632
11641 3633
11642 3634
11643 3635
11644 3636
11645 3637
11646 3638
11647 3639
11648 3640
11649 3641
11650 3642
11651 3643
11652 3644
11653 3645
11654 3646
11655 3647
11656 3648
11657 3649
11658 3650
11659 3651
11660 3652
11661 3653
11662 3654
11663 3655
11664 3656
11665 3657
11666 3658
11667 3659
11668 3660
11669 3661
11670 3662
11671 3663
11672 3664
11673 3665
11674 3666
11675 3667
11676 3668
11677 3669
11678 3670
11679 3671
11680 3672
11681 3673
11682 3674
11683 3675
11684 3676
11685 3677
11686 3678
11687 3679
11688 3680
11689 3681
11690 3682
11691 3683
11692 3684
11693 3685
11694 3686
11695 3687
11696 3688
11697 3689
11698 3690
11699 3691
11700 3692
11701 3693
11702 3694
11703 3695
11704 3696
11705 3697
11706 3698
11707 3699
11708 3700
11709 3701
11710 3702
11711 3703
11712 3704
11713 3705
11714 3706
11715 3707
11716 3708
11717 3709
11718 3710
11719 3711
11720 3712
11721 3713
11722 3714
11723 3715
11724 3716
11725 3717
11726 3718
11727 3719
11728 3720
11729 3721
11730 3722
11731 3723
11732 3724
11733 3725
11734 3726
11735 3727
11736 3728
11737 3729
11738 3730
11739 3731
11740 3732
11741 3733
11742 3734
11743 3735
11744 3736
11745 3737
11746 3738
11747 3739
11748 3740
11749 3741
11750 3742
11751 3743
11752 3744
11753 3745
11754 3746
11755 3747
11756 3748
11757 3749
11758 3750
11759 3751
11760 3752
11761 3753
11762 3754
11763 3755
11764 3756
11765 3757
11766 3758
11767 3759
11768 3760
11769 3761
11770 3762
11771 3763
11772 3764
11773 3765
11774 3766
11775 3767
11776 3768
11777 3769
11778 3770
11779 3771
11780 3772
11781 3773
11782 3774
11783 3775
11784 3776
11785 3777
11786 3778
11787 3779
11788 3780
11789 3781
11790 3782
11791 3783
11792 3784
11793 3785
11794 3786
11795 3787
11796 3788
11797 3789
11798 3790
11799 3791
11800 3792
11801 3793
11802 3794
11803 3795
11804 3796
11805 3797
11806 3798
11807 3799
11808 3800
11809 3801
11810 3802
11811 3803
11812 3804
11813 3805
11814 3806
11815 3807
11816 3808
11817 3809
11818 3810
11819 3811
11820 3812
11821 3813
11822 3814
11823 3815
11824 3816
11825 3817
11826 3818
11827 3819
11828 3820
11829 3821
11830 3822
11831 3823
11832 3824
11833 3825
11834 3826
11835 3827
11836 3828
11837 3829
11838 3830
11839 3831
11840 3832
11841 3833
11842 3834
11843 3835
11844 3836
11845 3837
11846 3838
11847 3839
11848 3456
11849 3457
11850 3458
11851 3459
11852 3460
11853 3461
11854 3462
11855 3463
11856 3464
11857 3465
11858 3466
11859 3467
11860 3468
11861 3469
11862 3470
11863 3471
11864 3472
11865 3473
11866 3474
11867 3475
11868 3476
11869 3477
11870 3478
11871 3479
11872 3480
11873 3481
11874 3482
11875 3483
11876 3484
11877 3485
11878 3486
11879 3487
11880 3488
11881 3489
11882 3490
11883 3491
11884 3492
11885 3493
11886 3494
11887 3495
11888 3496
11889 3497
11890 3498
11891 3499
11892 3500
11893 3501
11894 3502
11895 3503
11896 3504
11897 3505
11898 3506
11899 3507
11900 3508
11901 3509
11902 3510
11903 3511
11520 15360
11521 15361
11522 15362
11523 15363
11524 15364
11525 15365
11526 15366
11527 15367
11528 15368
11529 15369
11530 15370
11531 15371
11532 15372
11533 15373
11534 15374
11535 15375
11536 15376
11537 15377
11538 15378
11539 15379
11540 15380
11541 15381
11542 15382
11543 15383
11544 15384
11545 15385
11546 15386
11547 15387
11548 15388
11549 15389
11550 15390
11551 15391
11552 15392
11553 15393
11554 15394
11555 15395
11556 15396
11557 15397
11558 15398
11559 15399
11560 15400
11561 15401
11562 15402
11563 15403
11564 15404
11565 15405
11566 15406
11567 15407
11568 15408
11569 15409
11570 15410
11571 15411
11572 15412
11573 15413
11574 15414
11575 15415
11576 15416
11577 15417
11578 15418
11579 15419
11580 15420
11581 15421
11582 15422
11583 15423
11584 15424
11585 15425
11586 15426
11587 15427
11588 15428
11589 15429
11590 15430
11591 15431
11592 15432
11593 15433
11594 15434
11595 15435
11596 15436
11597 15437
11598 15438
11599 15439
11600 15440
11601 15441
11602 15442
11603 15443
11604 15444
11605 15445
11606 15446
11607 15447
11608 15448
11609 15449
11610 15450
11611 15451
11612 15452
11613 15453
11614 15454
11615 15455
11616 15456
11617 15457
11618 15458
11619 15459
11620 15460
11621 15461
11622 15462
11623 15463
11624 15464
11625 15465
11626 15466
11627 15467
11628 15468
11629 15469
11630 15470
11631 15471
11632 15472
11633 15473
11634 15474
11635 15475
11636 15476
11637 15477
11638 15478
11639 15479
11640 15480
11641 15481
11642 15482
11643 15483
11644 15484
11645 15485
11646 15486
11647 15487
11648 15488
11649 15489
11650 15490
11651 15491
11652 15492
11653 15493
11654 15494
11655 15495
11656 15496
11657 15497
11658 15498
11659 15499
11660 15500
11661 15501
11662 15502
11663 15503
11664 15504
11665 15505
11666 15506
11667 15507
11668 15508
11669 15509
11670 15510
11671 15511
11672 15512
11673 15513
11674 15514
11675 15515
11676 15516
11677 15517
11678 15518
11679 15519
11680 15520
11681 15521
11682 15522
11683 15523
11684 15524
11685 15525
11686 15526
11687 15527
11688 15528
11689 15529
11690 15530
11691 15531
11692 15532
11693 15533
11694 15534
11695 15535
11696 15536
11697 15537
11698 15538
11699 15539
11700 15540
11701 15541
11702 15542
11703 15543
11704 15544
11705 15545
11706 15546
11707 15547
11708 15548
11709 15549
11710 15550
11711 15551
11712 15552
11713 15553
11714 15554
11715 15555
11716 15556
11717 15557
11718 15558
11719 15559
11720 15560
11721 15561
11722 15562
11723 15563
11724 15564
11725 15565
11726 15566
11727 15567
11728 15568
11729 15569
11730 15570
11731 15571
11732 15572
11733 15573
11734 15574
11735 15575
11736 15576
11737 15577
11738 15578
11739 15579
11740 15580
11741 15581
11742 15582
11743 15583
11744 15584
11745 15585
11746 15586
11747 15587
11748 15588
11749 15589
11750 15590
11751 15591
11752 15592
11753 15593
11754 15594
11755 15595
11756 15596
11757 15597
11758 15598
11759 15599
11760 15600
11761 15601
11762 15602
11763 15603
11764 15604
11765 15605
11766 15606
11767 15607
11768 15608
11769 15609
11770 15610
11771 15611
11772 15612
11773 15613
11774 15614
11775 15615
11776 15616
11777 15617
11778 15618
11779 15619
11780 15620
11781 15621
11782 15622
11783 15623
11784 15624
11785 15625
11786 15626
11787 15627
11788 15628
11789 15629
11790 15630
11791 15631
11792 15632
11793 15633
11794 15634
11795 15635
11796 15636
11797 15637
11798 15638
11799 15639
11800 15640
11801 15641
11802 15642
11803 15643
11804 15644
11805 15645
11806 15646
11807 15647
11808 15648
11809 15649
11810 15650
11811 15651
11812 15652
11813 15653
11814 15654
11815 15655
11816 15656
11817 15657
11818 15658
11819 15659
11820 15660
11821 15661
11822 15662
11823 15663
11824 15664
11825 15665
11826 15666
11827 15667
11828 15668
11829 15669
11830 15670
11831 15671
11832 15672
11833 15673
11834 15674
11835 15675
11836 15676
11837 15677
11838 15678
11839 15679
11840 15680
11841 15681
11842 15682
11843 15683
11844 15684
11845 15685
11846 15686
11847 15687
11848 15688
11849 15689
11850 15690
11851 15691
11852 15692
11853 15693
11854 15694
11855 15695
11856 15696
11857 15697
11858 15698
11859 15699
11860 15700
11861 15701
11862 15702
11863 15703
11864 15704
11865 15705
11866 15706
11867 15707
11868 15708
11869 15709
11870 15710
11871 15711
11872 15712
11873 15713
11874 15714
11875 15715
11876 15716
11877 15717
11878 15718
11879 15719
11880 15720
11881 15721
11882 15722
11883 15723
11884 15724
11885 15725
11886 15726
11887 15727
11888 15728
11889 15729
11890 15730
11891 15731
11892 15732
11893 15733
11894 15734
11895 15735
11896 15736
11897 15737
11898 15738
11899 15739
11900 15740
11901 15741
11902 15742
11903 15743
11904 387
11905 388
11906 389
11907 390
11908 391
11909 392
11910 393
11911 394
11912 395
11913 396
11914 397
11915 398
11916 399
11917 400
11918 401
11919 402
11920 403
11921 404
11922 405
11923 406
11924 407
11925 408
11926 409
11927 410
11928 411
11929 412
11930 413
11931 414
11932 415
11933 416
11934 417
11935 418
11936 419
11937 420
11938 421
11939 422
11940 423
11941 424
11942 425
11943 426
11944 427
11945 428
11946 429
11947 430
11948 431
11949 432
11950 433
11951 434
11952 435
11953 436
11954 437
11955 438
11956 439
11957 440
11958 441
11959 442
11960 443
11961 444
11962 445
11963 446
11964 447
11965 448
11966 449
11967 450
11968 451
11969 452
11970 453
11971 454
11972 455
11973 456
11974 457
11975 458
11976 459
11977 460
11978 461
11979 462
11980 463
11981 464
11982 465
11983 466
11984 467
11985 468
11986 469
11987 470
11988 471
11989 472
11990 473
11991 474
11992 475
11993 476
11994 477
11995 478
11996 479
11997 480
11998 481
11999 482
12000 483
12001 484
12002 485
12003 486
12004 487
12005 488
12006 489
12007 490
12008 491
12009 492
12010 493
12011 494
12012 495
12013 496
12014 497
12015 498
12016 499
12017 500
12018 501
12019 502
12020 503
12021 504
12022 505
12023 506
12024 507
12025 508
12026 509
12027 510
12028 511
12029 512
12030 513
12031 514
12032 515
12033 516
12034 517
12035 518
12036 519
12037 520
12038 521
12039 522
12040 523
12041 524
12042 525
12043 526
12044 527
12045 528
12046 529
12047 530
12048 531
12049 532
12050 533
12051 534
12052 535
12053 536
12054 537
12055 538
12056 539
12057 540
12058 541
12059 542
12060 543
12061 544
12062 545
12063 546
12064 547
12065 548
12066 549
12067 550
12068 551
12069 552
12070 553
12071 554
12072 555
12073 556
12074 557
12075 558
12076 559
12077 560
12078 561
12079 562
12080 563
12081 564
12082 565
12083 566
12084 567
12085 568
12086 569
12087 570
12088 571
12089 572
12090 573
12091 574
12092 575
12093 576
12094 577
12095 578
12096 579
12097 580
12098 581
12099 582
12100 583
12101 584
12102 585
12103 586
12104 587
12105 588
12106 589
12107 590
12108 591
12109 592
12110 593
12111 594
12112 595
12113 596
12114 597
12115 598
12116 599
12117 600
12118 601
12119 602
12120 603
12121 604
12122 605
12123 606
12124 607
12125 608
12126 609
12127 610
12128 611
12129 612
12130 613
12131 614
12132 615
12133 616
12134 617
12135 618
12136 619
12137 620
12138 621
12139 622
12140 623
12141 624
12142 625
12143 626
12144 627
12145 628
12146 629
12147 630
12148 631
12149 632
12150 633
12151 634
12152 635
12153 636
12154 637
12155 638
12156 639
12157 640
12158 641
12159 642
12160 643
12161 644
12162 645
12163 646
12164 647
12165 648
12166 649
12167 650
12168 651
12169 652
12170 653
12171 654
12172 655
12173 656
12174 657
12175 658
12176 659
12177 660
12178 661
12179 662
12180 663
12181 664
12182 665
12183 666
12184 667
12185 668
12186 669
12187 670
12188 671
12189 672
12190 673
12191 674
12192 675
12193 676
12194 677
12195 678
12196 679
12197 680
12198 681
12199 682
12200 683
12201 684
12202 685
12203 686
12204 687
12205 688
12206 689
12207 690
12208 691
12209 692
12210 693
12211 694
12212 695
12213 696
12214 697
12215 698
12216 699
12217 700
12218 701
12219 702
12220 703
12221 704
12222 705
12223 706
12224 707
12225 708
12226 709
12227 710
12228 711
12229 712
12230 713
12231 714
12232 715
12233 716
12234 717
12235 718
12236 719
12237 720
12238 721
12239 722
12240 723
12241 724
12242 725
12243 726
12244 727
12245 728
12246 729
12247 730
12248 731
12249 732
12250 733
12251 734
12252 735
12253 736
12254 737
12255 738
12256 739
12257 740
12258 741
12259 742
12260 743
12261 744
12262 745
12263 746
12264 747
12265 748
12266 749
12267 750
12268 751
12269 752
12270 753
12271 754
12272 755
12273 756
12274 757
12275 758
12276 759
12277 760
12278 761
12279 762
12280 763
12281 764
12282 765
12283 766
12284 767
12285 384
12286 385
12287 386
11904 5162
11905 5163
11906 5164
11907 5165
11908 5166
11909 5167
11910 5168
11911 5169
11912 5170
11913 5171
11914 5172
11915 5173
11916 5174
11917 5175
11918 5176
11919 5177
11920 5178
11921 5179
11922 5180
11923 5181
11924 5182
11925 5183
11926 5184
11927 5185
11928 5186
11929 5187
11930 5188
11931 5189
11932 5190
11933 5191
11934 5192
11935 5193
11936 5194
11937 5195
11938 5196
11939 5197
11940 5198
11941 5199
11942 5200
11943 5201
11944 5202
11945 5203
11946 5204
11947 5205
11948 5206
11949 5207
11950 5208
11951 5209
11952 5210
11953 5211
11954 5212
11955 5213
11956 5214
11957 5215
11958 5216
11959 5217
11960 5218
11961 5219
11962 5220
11963 5221
11964 5222
11965 5223
11966 5224
11967 5225
11968 5226
11969 5227
11970 5228
11971 5229
11972 5230
11973 5231
11974 5232
11975 5233
11976 5234
11977 5235
11978 5236
11979 5237
11980 5238
11981 5239
11982 5240
11983 5241
11984 5242
11985 5243
11986 5244
11987 5245
11988 5246
11989 5247
11990 5248
11991 5249
11992 5250
11993 5251
11994 5252
11995 5253
11996 5254
11997 5255
11998 5256
11999 5257
12000 5258
12001 5259
12002 5260
12003 5261
12004 5262
12005 5263
12006 5264
12007 5265
12008 5266
12009 5267
12010 5268
12011 5269
12012 5270
12013 5271
12014 5272
12015 5273
12016 5274
12017 5275
12018 5276
12019 5277
12020 5278
12021 5279
12022 5280
12023 5281
12024 5282
12025 5283
12026 5284
12027 5285
12028 5286
12029 5287
12030 5288
12031 5289
12032 5290
12033 5291
12034 5292
12035 5293
12036 5294
12037 5295
12038 5296
12039 5297
12040 5298
12041 5299
12042 5300
12043 5301
12044 5302
12045 5303
12046 5304
12047 5305
12048 5306
12049 5307
12050 5308
12051 5309
12052 5310
12053 5311
12054 5312
12055 5313
12056 5314
12057 5315
12058 5316
12059 5317
12060 5318
12061 5319
12062 5320
12063 5321
12064 5322
12065 5323
12066 5324
12067 5325
12068 5326
12069 5327
12070 5328
12071 5329
12072 5330
12073 5331
12074 5332
12075 5333
12076 5334
12077 5335
12078 5336
12079 5337
12080 5338
12081 5339
12082 5340
12083 5341
12084 5342
12085 5343
12086 5344
12087 5345
12088 5346
12089 5347
12090 5348
12091 5349
12092 5350
12093 5351
12094 5352
12095 5353
12096 5354
12097 5355
12098 5356
12099 5357
12100 5358
12101 5359
12102 5360
12103 5361
12104 5362
12105 5363
12106 5364
12107 5365
12108 5366
12109 5367
12110 5368
12111 5369
12112 5370
12113 5371
12114 5372
12115 5373
12116 5374
12117 5375
12118 4992
12119 4993
12120 4994
12121 4995
12122 4996
12123 4997
12124 4998
12125 4999
12126 5000
12127 5001
12128 5002
12129 5003
12130 5004
12131 5005
12132 5006
12133 5007
12134 5008
12135 5009
12136 5010
12137 5011
12138 5012
12139 5013
12140 5014
12141 5015
12142 5016
12143 5017
12144 5018
12145 5019
12146 5020
12147 5021
12148 5022
12149 5023
12150 5024
12151 5025
12152 5026
12153 5027
12154 5028
12155 5029
12156 5030
12157 5031
12158 5032
12159 5033
12160 5034
12161 5035
12162 5036
12163 5037
12164 5038
12165 5039
12166 5040
12167 5041
12168 5042
12169 5043
12170 5044
12171 5045
12172 5046
12173 5047
12174 5048
12175 5049
12176 5050
12177 5051
12178 5052
12179 5053
12180 5054
12181 5055
12182 5056
12183 5057
12184 5058
12185 5059
12186 5060
12187 5061
12188 5062
12189 5063
12190 5064
12191 5065
12192 5066
12193 5067
12194 5068
12195 5069
12196 5070
12197 5071
12198 5072
12199 5073
12200 5074
12201 5075
12202 5076
12203 5077
12204 5078
12205 5079
12206 5080
12207 5081
12208 5082
12209 5083
12210 5084
12211 5085
12212 5086
12213 5087
12214 5088
12215 5089
12216 5090
12217 5091
12218 5092
12219 5093
12220 5094
12221 5095
12222 5096
12223 5097
12224 5098
12225 5099
12226 5100
12227 5101
12228 5102
12229 5103
12230 5104
12231 5105
12232 5106
12233 5107
12234 5108
12235 5109
12236 5110
12237 5111
12238 5112
12239 5113
12240 5114
12241 5115
12242 5116
12243 5117
12244 5118
12245 5119
12246 5120
12247 5121
12248 5122
12249 5123
12250 5124
12251 5125
12252 5126
12253 5127
12254 5128
12255 5129
12256 5130
12257 5131
12258 5132
12259 5133
12260 5134
12261 5135
12262 5136
12263 5137
12264 5138
12265 5139
12266 5140
12267 5141
12268 5142
12269 5143
12270 5144
12271 5145
12272 5146
12273 5147
12274 5148
12275 5149
12276 5150
12277 5151
12278 5152
12279 5153
12280 5154
12281 5155
12282 5156
12283 5157
12284 5158
12285 5159
12286 5160
12287 5161
11904 15744
11905 15745
11906 15746
11907 15747
11908 15748
11909 15749
11910 15750
11911 15751
11912 15752
11913 15753
11914 15754
11915 15755
11916 15756
11917 15757
11918 15758
11919 15759
11920 15760
11921 15761
11922 15762
11923 15763
11924 15764
11925 15765
11926 15766
11927 15767
11928 15768
11929 15769
11930 15770
11931 15771
11932 15772
11933 15773
11934 15774
11935 15775
11936 15776
11937 15777
11938 15778
11939 15779
11940 15780
11941 15781
11942 15782
11943 15783
11944 15784
11945 15785
11946 15786
11947 15787
11948 15788
11949 15789
11950 15790
11951 15791
11952 15792
11953 15793
11954 15794
11955 15795
11956 15796
11957 15797
11958 15798
11959 15799
11960 15800
11961 15801
11962 15802
11963 15803
11964 15804
11965 15805
11966 15806
11967 15807
11968 15808
11969 15809
11970 15810
11971 15811
11972 15812
11973 15813
11974 15814
11975 15815
11976 15816
11977 15817
11978 15818
11979 15819
11980 15820
11981 15821
11982 15822
11983 15823
11984 15824
11985 15825
11986 15826
11987 15827
11988 15828
11989 15829
11990 15830
11991 15831
11992 15832
11993 15833
11994 15834
11995 15835
11996 15836
11997 15837
11998 15838
11999 15839
12000 15840
12001 15841
12002 15842
12003 15843
12004 15844
12005 15845
12006 15846
12007 15847
12008 15848
12009 15849
12010 15850
12011 15851
12012 15852
12013 15853
12014 15854
12015 15855
12016 15856
12017 15857
12018 15858
12019 15859
12020 15860
12021 15861
12022 15862
12023 15863
12024 15864
12025 15865
12026 15866
12027 15867
12028 15868
12029 15869
12030 15870
12031 15871
12032 15872
12033 15873
12034 15874
12035 15875
12036 15876
12037 15877
12038 15878
12039 15879
12040 15880
12041 15881
12042 15882
12043 15883
12044 15884
12045 15885
12046 15886
12047 15887
12048 15888
12049 15889
12050 15890
12051 15891
12052 15892
12053 15893
12054 15894
12055 15895
12056 15896
12057 15897
12058 15898
12059 15899
12060 15900
12061 15901
12062 15902
12063 15903
12064 15904
12065 15905
12066 15906
12067 15907
12068 15908
12069 15909
12070 15910
12071 15911
12072 15912
12073 15913
12074 15914
12075 15915
12076 15916
12077 15917
12078 15918
12079 15919
12080 15920
12081 15921
12082 15922
12083 15923
12084 15924
12085 15925
12086 15926
12087 15927
12088 15928
12089 15929
12090 15930
12091 15931
12092 15932
12093 15933
12094 15934
12095 15935
12096 15936
12097 15937
12098 15938
12099 15939
12100 15940
12101 15941
12102 15942
12103 15943
12104 15944
12105 15945
12106 15946
12107 15947
12108 15948
12109 15949
12110 15950
12111 15951
12112 15952
12113 15953
12114 15954
12115 15955
12116 15956
12117 15957
12118 15958
12119 15959
12120 15960
12121 15961
12122 15962
12123 15963
12124 15964
12125 15965
12126 15966
12127 15967
12128 15968
12129 15969
12130 15970
12131 15971
12132 15972
12133 15973
12134 15974
12135 15975
12136 15976
12137 15977
12138 15978
12139 15979
12140 15980
12141 15981
12142 15982
12143 15983
12144 15984
12145 15985
12146 15986
12147 15987
12148 15988
12149 15989
12150 15990
12151 15991
12152 15992
12153 15993
12154 15994
12155 15995
12156 15996
12157 15997
12158 15998
12159 15999
12160 16000
12161 16001
12162 16002
12163 16003
12164 16004
12165 16005
12166 16006
12167 16007
12168 16008
12169 16009
12170 16010
12171 16011
12172 16012
12173 16013
12174 16014
12175 16015
12176 16016
12177 16017
12178 16018
12179 16019
12180 16020
12181 16021
12182 16022
12183 16023
12184 16024
12185 16025
12186 16026
12187 16027
12188 16028
12189 16029
12190 16030
12191 16031
12192 16032
12193 16033
12194 16034
12195 16035
12196 16036
12197 16037
12198 16038
12199 16039
12200 16040
12201 16041
12202 16042
12203 16043
12204 16044
12205 16045
12206 16046
12207 16047
12208 16048
12209 16049
12210 16050
12211 16051
12212 16052
12213 16053
12214 16054
12215 16055
12216 16056
12217 16057
12218 16058
12219 16059
12220 16060
12221 16061
12222 16062
12223 16063
12224 16064
12225 16065
12226 16066
12227 16067
12228 16068
12229 16069
12230 16070
12231 16071
12232 16072
12233 16073
12234 16074
12235 16075
12236 16076
12237 16077
12238 16078
12239 16079
12240 16080
12241 16081
12242 16082
12243 16083
12244 16084
12245 16085
12246 16086
12247 16087
12248 16088
12249 16089
12250 16090
12251 16091
12252 16092
12253 16093
12254 16094
12255 16095
12256 16096
12257 16097
12258 16098
12259 16099
12260 16100
12261 16101
12262 16102
12263 16103
12264 16104
12265 16105
12266 16106
12267 16107
12268 16108
12269 16109
12270 16110
12271 16111
12272 16112
12273 16113
12274 16114
12275 16115
12276 16116
12277 16117
12278 16118
12279 16119
12280 16120
12281 16121
12282 16122
12283 16123
12284 16124
12285 16125
12286 16126
12287 16127
12288 84
12289 85
12290 86
12291 87
12292 88
12293 89
12294 90
12295 91
12296 92
12297 93
12298 94
12299 95
12300 96
12301 97
12302 98
12303 99
12304 100
12305 101
12306 102
12307 103
12308 104
12309 105
12310 106
12311 107
12312 108
12313 109
12314 110
12315 111
12316 112
12317 113
12318 114
12319 115
12320 116
12321 117
12322 118
12323 119
12324 120
12325 121
12326 122
12327 123
12328 124
12329 125
12330 126
12331 127
12332 128
12333 129
12334 130
12335 131
12336 132
12337 133
12338 134
12339 135
12340 136
12341 137
12342 138
12343 139
12344 140
12345 141
12346 142
12347 143
12348 144
12349 145
12350 146
12351 147
12352 148
12353 149
12354 150
12355 151
12356 152
12357 153
12358 154
12359 155
12360 156
12361 157
12362 158
12363 159
12364 160
12365 161
12366 162
12367 163
12368 164
12369 165
12370 166
12371 167
12372 168
12373 169
12374 170
12375 171
12376 172
12377 173
12378 174
12379 175
12380 176
12381 177
12382 178
12383 179
12384 180
12385 181
12386 182
12387 183
12388 184
12389 185
12390 186
12391 187
12392 188
12393 189
12394 190
12395 191
12396 192
12397 193
12398 194
12399 195
12400 196
12401 197
12402 198
12403 199
12404 200
12405 201
12406 202
12407 203
12408 204
12409 205
12410 206
12411 207
12412 208
12413 209
12414 210
12415 211
12416 212
12417 213
12418 214
12419 215
12420 216
12421 217
12422 218
12423 219
12424 220
12425 221
12426 222
12427 223
12428 224
12429 225
12430 226
12431 227
12432 228
12433 229
12434 230
12435 231
12436 232
12437 233
12438 234
12439 235
12440 236
12441 237
12442 238
12443 239
12444 240
12445 241
12446 242
12447 243
12448 244
12449 245
12450 246
12451 247
12452 248
12453 249
12454 250
12455 251
12456 252
12457 253
12458 254
12459 255
12460 256
12461 257
12462 258
12463 259
12464 260
12465 261
12466 262
12467 263
12468 264
12469 265
12470 266
12471 267
12472 268
12473 269
12474 270
12475 271
12476 272
12477 273
12478 274
12479 275
12480 276
12481 277
12482 278
12483 279
12484 280
12485 281
12486 282
12487 283
12488 284
12489 285
12490 286
12491 287
12492 288
12493 289
12494 290
12495 291
12496 292
12497 293
12498 294
12499 295
12500 296
12501 297
12502 298
12503 299
12504 300
12505 301
12506 302
12507 303
12508 304
12509 305
12510 306
12511 307
12512 308
12513 309
12514 310
12515 311
12516 312
12517 313
12518 314
12519 315
12520 316
12521 317
12522 318
12523 319
12524 320
12525 321
12526 322
12527 323
12528 324
12529 325
12530 326
12531 327
12532 328
12533 329
12534 330
12535 331
12536 332
12537 333
12538 334
12539 335
12540 336
12541 337
12542 338
12543 339
12544 340
12545 341
12546 342
12547 343
12548 344
12549 345
12550 346
12551 347
12552 348
12553 349
12554 350
12555 351
12556 352
12557 353
12558 354
12559 355
12560 356
12561 357
12562 358
12563 359
12564 360
12565 361
12566 362
12567 363
12568 364
12569 365
12570 366
12571 367
12572 368
12573 369
12574 370
12575 371
12576 372
12577 373
12578 374
12579 375
12580 376
12581 377
12582 378
12583 379
12584 380
12585 381
12586 382
12587 383
12588 0
12589 1
12590 2
12591 3
12592 4
12593 5
12594 6
12595 7
12596 8
12597 9
12598 10
12599 11
12600 12
12601 13
12602 14
12603 15
12604 16
12605 17
12606 18
12607 19
12608 20
12609 21
12610 22
12611 23
12612 24
12613 25
12614 26
12615 27
12616 28
12617 29
12618 30
12619 31
12620 32
12621 33
12622 34
12623 35
12624 36
12625 37
12626 38
12627 39
12628 40
12629 41
12630 42
12631 43
12632 44
12633 45
12634 46
12635 47
12636 48
12637 49
12638 50
12639 51
12640 52
12641 53
12642 54
12643 55
12644 56
12645 57
12646 58
12647 59
12648 60
12649 61
12650 62
12651 63
12652 64
12653 65
12654 66
12655 67
12656 68
12657 69
12658 70
12659 71
12660 72
12661 73
12662 74
12663 75
12664 76
12665 77
12666 78
12667 79
12668 80
12669 81
12670 82
12671 83
12288 1928
12289 1929
12290 1930
12291 1931
12292 1932
12293 1933
12294 1934
12295 1935
12296 1936
12297 1937
12298 1938
12299 1939
12300 1940
12301 1941
12302 1942
12303 1943
12304 1944
12305 1945
12306 1946
12307 1947
12308 1948
12309 1949
12310 1950
12311 1951
12312 1952
12313 1953
12314 1954
12315 1955
12316 1956
12317 1957
12318 1958
12319 1959
12320 1960
12321 1961
12322 1962
12323 1963
12324 1964
12325 1965
12326 1966
12327 1967
12328 1968
12329 1969
12330 1970
12331 1971
12332 1972
12333 1973
12334 1974
12335 1975
12336 1976
12337 1977
12338 1978
12339 1979
12340 1980
12341 1981
12342 1982
12343 1983
12344 1984
12345 1985
12346 1986
12347 1987
12348 1988
12349 1989
12350 1990
12351 1991
12352 1992
12353 1993
12354 1994
12355 1995
12356 1996
12357 1997
12358 1998
12359 1999
12360 2000
12361 2001
12362 2002
12363 2003
12364 2004
12365 2005
12366 2006
12367 2007
12368 2008
12369 2009
12370 2010
12371 2011
12372 2012
12373 2013
12374 2014
12375 2015
12376 2016
12377 2017
12378 2018
12379 2019
12380 2020
12381 2021
12382 2022
12383 2023
12384 2024
12385 2025
12386 2026
12387 2027
12388 2028
12389 2029
12390 2030
12391 2031
12392 2032
12393 2033
12394 2034
12395 2035
12396 2036
12397 2037
12398 2038
12399 2039
12400 2040
12401 2041
12402 2042
12403 2043
12404 2044
12405 2045
12406 2046
12407 2047
12408 2048
12409 2049
12410 2050
12411 2051
12412 2052
12413 2053
12414 2054
12415 2055
12416 2056
12417 2057
12418 2058
12419 2059
12420 2060
12421 2061
12422 2062
12423 2063
12424 2064
12425 2065
12426 2066
12427 2067
12428 2068
12429 2069
12430 2070
12431 2071
12432 2072
12433 2073
12434 2074
12435 2075
12436 2076
12437 2077
12438 2078
12439 2079
12440 2080
12441 2081
12442 2082
12443 2083
12444 2084
12445 2085
12446 2086
12447 2087
12448 2088
12449 2089
12450 2090
12451 2091
12452 2092
12453 2093
12454 2094
12455 2095
12456 2096
12457 2097
12458 2098
12459 2099
12460 2100
12461 2101
12462 2102
12463 2103
12464 2104
12465 2105
12466 2106
12467 2107
12468 2108
12469 2109
12470 2110
12471 2111
12472 2112
12473 2113
12474 2114
12475 2115
12476 2116
12477 2117
12478 2118
12479 2119
12480 2120
12481 2121
12482 2122
12483 2123
12484 2124
12485 2125
12486 2126
12487 2127
12488 2128
12489 2129
12490 2130
12491 2131
12492 2132
12493 2133
12494 2134
12495 2135
12496 2136
12497 2137
12498 2138
12499 2139
12500 2140
12501 2141
12502 2142
12503 2143
12504 2144
12505 2145
12506 2146
12507 2147
12508 2148
12509 2149
12510 2150
12511 2151
12512 2152
12513 2153
12514 2154
12515 2155
12516 2156
12517 2157
12518 2158
12519 2159
12520 2160
12521 2161
12522 2162
12523 2163
12524 2164
12525 2165
12526 2166
12527 2167
12528 2168
12529 2169
12530 2170
12531 2171
12532 2172
12533 2173
12534 2174
12535 2175
12536 2176
12537 2177
12538 2178
12539 2179
12540 2180
12541 2181
12542 2182
12543 2183
12544 2184
12545 2185
12546 2186
12547 2187
12548 2188
12549 2189
12550 2190
12551 2191
12552 2192
12553 2193
12554 2194
12555 2195
12556 2196
12557 2197
12558 2198
12559 2199
12560 2200
12561 2201
12562 2202
12563 2203
12564 2204
12565 2205
12566 2206
12567 2207
12568 2208
12569 2209
12570 2210
12571 2211
12572 2212
12573 2213
12574 2214
12575 2215
12576 2216
12577 2217
12578 2218
12579 2219
12580 2220
12581 2221
12582 2222
12583 2223
12584 2224
12585 2225
12586 2226
12587 2227
12588 2228
12589 2229
12590 2230
12591 2231
12592 2232
12593 2233
12594 2234
12595 2235
12596 2236
12597 2237
12598 2238
12599 2239
12600 2240
12601 2241
12602 2242
12603 2243
12604 2244
12605 2245
12606 2246
12607 2247
12608 2248
12609 2249
12610 2250
12611 2251
12612 2252
12613 2253
12614 2254
12615 2255
12616 2256
12617 2257
12618 2258
12619 2259
12620 2260
12621 2261
12622 2262
12623 2263
12624 2264
12625 2265
12626 2266
12627 2267
12628 2268
12629 2269
12630 2270
12631 2271
12632 2272
12633 2273
12634 2274
12635 2275
12636 2276
12637 2277
12638 2278
12639 2279
12640 2280
12641 2281
12642 2282
12643 2283
12644 2284
12645 2285
12646 2286
12647 2287
12648 2288
12649 2289
12650 2290
12651 2291
12652 2292
12653 2293
12654 2294
12655 2295
12656 2296
12657 2297
12658 2298
12659 2299
12660 2300
12661 2301
12662 2302
12663 2303
12664 1920
12665 1921
12666 1922
12667 1923
12668 1924
12669 1925
12670 1926
12671 1927
12288 4625
12289 4626
12290 4627
12291 4628
12292 4629
12293 4630
12294 4631
12295 4632
12296 4633
12297 4634
12298 4635
12299 4636
12300 4637
12301 4638
12302 4639
12303 4640
12304 4641
12305 4642
12306 4643
12307 4644
12308 4645
12309 4646
12310 4647
12311 4648
12312 4649
12313 4650
12314 4651
12315 4652
12316 4653
12317 4654
12318 4655
12319 4656
12320 4657
12321 4658
12322 4659
12323 4660
12324 4661
12325 4662
12326 4663
12327 4664
12328 4665
12329 4666
12330 4667
12331 4668
12332 4669
12333 4670
12334 4671
12335 4672
12336 4673
12337 4674
12338 4675
12339 4676
12340 4677
12341 4678
12342 4679
12343 4680
12344 4681
12345 4682
12346 4683
12347 4684
12348 4685
12349 4686
12350 4687
12351 4688
12352 4689
12353 4690
12354 4691
12355 4692
12356 4693
12357 4694
12358 4695
12359 4696
12360 4697
12361 4698
12362 4699
12363 4700
12364 4701
12365 4702
12366 4703
12367 4704
12368 4705
12369 4706
12370 4707
12371 4708
12372 4709
12373 4710
12374 4711
12375 4712
12376 4713
12377 4714
12378 4715
12379 4716
12380 4717
12381 4718
12382 4719
12383 4720
12384 4721
12385 4722
12386 4723
12387 4724
12388 4725
12389 4726
12390 4727
12391 4728
12392 4729
12393 4730
12394 4731
12395 4732
12396 4733
12397 4734
12398 4735
12399 4736
12400 4737
12401 4738
12402 4739
12403 4740
12404 4741
12405 4742
12406 4743
12407 4744
12408 4745
12409 4746
12410 4747
12411 4748
12412 4749
12413 4750
12414 4751
12415 4752
12416 4753
12417 4754
12418 4755
12419 4756
12420 4757
12421 4758
12422 4759
12423 4760
12424 4761
12425 4762
12426 4763
12427 4764
12428 4765
12429 4766
12430 4767
12431 4768
12432 4769
12433 4770
12434 4771
12435 4772
12436 4773
12437 4774
12438 4775
12439 4776
12440 4777
12441 4778
12442 4779
12443 4780
12444 4781
12445 4782
12446 4783
12447 4784
12448 4785
12449 4786
12450 4787
12451 4788
12452 4789
12453 4790
12454 4791
12455 4792
12456 4793
12457 4794
12458 4795
12459 4796
12460 4797
12461 4798
12462 4799
12463 4800
12464 4801
12465 4802
12466 4803
12467 4804
12468 4805
12469 4806
12470 4807
12471 4808
12472 4809
12473 4810
12474 4811
12475 4812
12476 4813
12477 4814
12478 4815
12479 4816
12480 4817
12481 4818
12482 4819
12483 4820
12484 4821
12485 4822
12486 4823
12487 4824
12488 4825
12489 4826
12490 4827
12491 4828
12492 4829
12493 4830
12494 4831
12495 4832
12496 4833
12497 4834
12498 4835
12499 4836
12500 4837
12501 4838
12502 4839
12503 4840
12504 4841
12505 4842
12506 4843
12507 4844
12508 4845
12509 4846
12510 4847
12511 4848
12512 4849
12513 4850
12514 4851
12515 4852
12516 4853
12517 4854
12518 4855
12519 4856
12520 4857
12521 4858
12522 4859
12523 4860
12524 4861
12525 4862
12526 4863
12527 4864
12528 4865
12529 4866
12530 4867
12531 4868
12532 4869
12533 4870
12534 4871
12535 4872
12536 4873
12537 4874
12538 4875
12539 4876
12540 4877
12541 4878
12542 4879
12543 4880
12544 4881
12545 4882
12546 4883
12547 4884
12548 4885
12549 4886
12550 4887
12551 4888
12552 4889
12553 4890
12554 4891
12555 4892
12556 4893
12557 4894
12558 4895
12559 4896
12560 4897
12561 4898
12562 4899
12563 4900
12564 4901
12565 4902
12566 4903
12567 4904
12568 4905
12569 4906
12570 4907
12571 4908
12572 4909
12573 4910
12574 4911
12575 4912
12576 4913
12577 4914
12578 4915
12579 4916
12580 4917
12581 4918
12582 4919
12583 4920
12584 4921
12585 4922
12586 4923
12587 4924
12588 4925
12589 4926
12590 4927
12591 4928
12592 4929
12593 4930
12594 4931
12595 4932
12596 4933
12597 4934
12598 4935
12599 4936
12600 4937
12601 4938
12602 4939
12603 4940
12604 4941
12605 4942
12606 4943
12607 4944
12608 4945
12609 4946
12610 4947
12611 4948
12612 4949
12613 4950
12614 4951
12615 4952
12616 4953
12617 4954
12618 4955
12619 4956
12620 4957
12621 4958
12622 4959
12623 4960
12624 4961
12625 4962
12626 4963
12627 4964
12628 4965
12629 4966
12630 4967
12631 4968
12632 4969
12633 4970
12634 4971
12635 4972
12636 4973
12637 4974
12638 4975
12639 4976
12640 4977
12641 4978
12642 4979
12643 4980
12644 4981
12645 4982
12646 4983
12647 4984
12648 4985
12649 4986
12650 4987
12651 4988
12652 4989
12653 4990
12654 4991
12655 4608
12656 4609
12657 4610
12658 4611
12659 4612
12660 4613
12661 4614
12662 4615
12663 4616
12664 4617
12665 4618
12666 4619
12667 4620
12668 4621
12669 4622
12670 4623
12671 4624
12288 16128
12289 16129
12290 16130
12291 16131
12292 16132
12293 16133
12294 16134
12295 16135
12296 16136
12297 16137
12298 16138
12299 16139
12300 16140
12301 16141
12302 16142
12303 16143
12304 16144
12305 16145
12306 16146
12307 16147
12308 16148
12309 16149
12310 16150
12311 16151
12312 16152
12313 16153
12314 16154
12315 16155
12316 16156
12317 16157
12318 16158
12319 16159
12320 16160
12321 16161
12322 16162
12323 16163
12324 16164
12325 16165
12326 16166
12327 16167
12328 16168
12329 16169
12330 16170
12331 16171
12332 16172
12333 16173
12334 16174
12335 16175
12336 16176
12337 16177
12338 16178
12339 16179
12340 16180
12341 16181
12342 16182
12343 16183
12344 16184
12345 16185
12346 16186
12347 16187
12348 16188
12349 16189
12350 16190
12351 16191
12352 16192
12353 16193
12354 16194
12355 16195
12356 16196
12357 16197
12358 16198
12359 16199
12360 16200
12361 16201
12362 16202
12363 16203
12364 16204
12365 16205
12366 16206
12367 16207
12368 16208
12369 16209
12370 16210
12371 16211
12372 16212
12373 16213
12374 16214
12375 16215
12376 16216
12377 16217
12378 16218
12379 16219
12380 16220
12381 16221
12382 16222
12383 16223
12384 16224
12385 16225
12386 16226
12387 16227
12388 16228
12389 16229
12390 16230
12391 16231
12392 16232
12393 16233
12394 16234
12395 16235
12396 16236
12397 16237
12398 16238
12399 16239
12400 16240
12401 16241
12402 16242
12403 16243
12404 16244
12405 16245
12406 16246
12407 16247
12408 16248
12409 16249
12410 16250
12411 16251
12412 16252
12413 16253
12414 16254
12415 16255
12416 16256
12417 16257
12418 16258
12419 16259
12420 16260
12421 16261
12422 16262
12423 16263
12424 16264
12425 16265
12426 16266
12427 16267
12428 16268
12429 16269
12430 16270
12431 16271
12432 16272
12433 16273
12434 16274
12435 16275
12436 16276
12437 16277
12438 16278
12439 16279
12440 16280
12441 16281
12442 16282
12443 16283
12444 16284
12445 16285
12446 16286
12447 16287
12448 16288
12449 16289
12450 16290
12451 16291
12452 16292
12453 16293
12454 16294
12455 16295
12456 16296
12457 16297
12458 16298
12459 16299
12460 16300
12461 16301
12462 16302
12463 16303
12464 16304
12465 16305
12466 16306
12467 16307
12468 16308
12469 16309
12470 16310
12471 16311
12472 16312
12473 16313
12474 16314
12475 16315
12476 16316
12477 16317
12478 16318
12479 16319
12480 16320
12481 16321
12482 16322
12483 16323
12484 16324
12485 16325
12486 16326
12487 16327
12488 16328
12489 16329
12490 16330
12491 16331
12492 16332
12493 16333
12494 16334
12495 16335
12496 16336
12497 16337
12498 16338
12499 16339
12500 16340
12501 16341
12502 16342
12503 16343
12504 16344
12505 16345
12506 16346
12507 16347
12508 16348
12509 16349
12510 16350
12511 16351
12512 16352
12513 16353
12514 16354
12515 16355
12516 16356
12517 16357
12518 16358
12519 16359
12520 16360
12521 16361
12522 16362
12523 16363
12524 16364
12525 16365
12526 16366
12527 16367
12528 16368
12529 16369
12530 16370
12531 16371
12532 16372
12533 16373
12534 16374
12535 16375
12536 16376
12537 16377
12538 16378
12539 16379
12540 16380
12541 16381
12542 16382
12543 16383
12544 16384
12545 16385
12546 16386
12547 16387
12548 16388
12549 16389
12550 16390
12551 16391
12552 16392
12553 16393
12554 16394
12555 16395
12556 16396
12557 16397
12558 16398
12559 16399
12560 16400
12561 16401
12562 16402
12563 16403
12564 16404
12565 16405
12566 16406
12567 16407
12568 16408
12569 16409
12570 16410
12571 16411
12572 16412
12573 16413
12574 16414
12575 16415
12576 16416
12577 16417
12578 16418
12579 16419
12580 16420
12581 16421
12582 16422
12583 16423
12584 16424
12585 16425
12586 16426
12587 16427
12588 16428
12589 16429
12590 16430
12591 16431
12592 16432
12593 16433
12594 16434
12595 16435
12596 16436
12597 16437
12598 16438
12599 16439
12600 16440
12601 16441
12602 16442
12603 16443
12604 16444
12605 16445
12606 16446
12607 16447
12608 16448
12609 16449
12610 16450
12611 16451
12612 16452
12613 16453
12614 16454
12615 16455
12616 16456
12617 16457
12618 16458
12619 16459
12620 16460
12621 16461
12622 16462
12623 16463
12624 16464
12625 16465
12626 16466
12627 16467
12628 16468
12629 16469
12630 16470
12631 16471
12632 16472
12633 16473
12634 16474
12635 16475
12636 16476
12637 16477
12638 16478
12639 16479
12640 16480
12641 16481
12642 16482
12643 16483
12644 16484
12645 16485
12646 16486
12647 16487
12648 16488
12649 16489
12650 16490
12651 16491
12652 16492
12653 16493
12654 16494
12655 16495
12656 16496
12657 16497
12658 16498
12659 16499
12660 16500
12661 16501
12662 16502
12663 16503
12664 16504
12665 16505
12666 16506
12667 16507
12668 16508
12669 16509
12670 16510
12671 16511
12672 933
12673 934
12674 935
12675 936
12676 937
12677 938
12678 939
12679 940
12680 941
12681 942
12682 943
12683 944
12684 945
12685 946
12686 947
12687 948
12688 949
12689 950
12690 951
12691 952
12692 953
12693 954
12694 955
12695 956
12696 957
12697 958
12698 959
12699 960
12700 961
12701 962
12702 963
12703 964
12704 965
12705 966
12706 967
12707 968
12708 969
12709 970
12710 971
12711 972
12712 973
12713 974
12714 975
12715 976
12716 977
12717 978
12718 979
12719 980
12720 981
12721 982
12722 983
12723 984
12724 985
12725 986
12726 987
12727 988
12728 989
12729 990
12730 991
12731 992
12732 993
12733 994
12734 995
12735 996
12736 997
12737 998
12738 999
12739 1000
12740 1001
12741 1002
12742 1003
12743 1004
12744 1005
12745 1006
12746 1007
12747 1008
12748 1009
12749 1010
12750 1011
12751 1012
12752 1013
12753 1014
12754 1015
12755 1016
12756 1017
12757 1018
12758 1019
12759 1020
12760 1021
12761 1022
12762 1023
12763 1024
12764 1025
12765 1026
12766 1027
12767 1028
12768 1029
12769 1030
12770 1031
12771 1032
12772 1033
12773 1034
12774 1035
12775 1036
12776 1037
12777 1038
12778 1039
12779 1040
12780 1041
12781 1042
12782 1043
12783 1044
12784 1045
12785 1046
12786 1047
12787 1048
12788 1049
12789 1050
12790 1051
12791 1052
12792 1053
12793 1054
12794 1055
12795 1056
12796 1057
12797 1058
12798 1059
12799 1060
12800 1061
12801 1062
12802 1063
12803 1064
12804 1065
12805 1066
12806 1067
12807 1068
12808 1069
12809 1070
12810 1071
12811 1072
12812 1073
12813 1074
12814 1075
12815 1076
12816 1077
12817 1078
12818 1079
12819 1080
12820 1081
12821 1082
12822 1083
12823 1084
12824 1085
12825 1086
12826 1087
12827 1088
12828 1089
12829 1090
12830 1091
12831 1092
12832 1093
12833 1094
12834 1095
12835 1096
12836 1097
12837 1098
12838 1099
12839 1100
12840 1101
12841 1102
12842 1103
12843 1104
12844 1105
12845 1106
12846 1107
12847 1108
12848 1109
12849 1110
12850 1111
12851 1112
12852 1113
12853 1114
12854 1115
12855 1116
12856 1117
12857 1118
12858 1119
12859 1120
12860 1121
12861 1122
12862 1123
12863 1124
12864 1125
12865 1126
12866 1127
12867 1128
12868 1129
12869 1130
12870 1131
12871 1132
12872 1133
12873 1134
12874 1135
12875 1136
12876 1137
12877 1138
12878 1139
12879 1140
12880 1141
12881 1142
12882 1143
12883 1144
12884 1145
12885 1146
12886 1147
12887 1148
12888 1149
12889 1150
12890 1151
12891 768
12892 769
12893 770
12894 771
12895 772
12896 773
12897 774
12898 775
12899 776
12900 777
12901 778
12902 779
12903 780
12904 781
12905 782
12906 783
12907 784
12908 785
12909 786
12910 787
12911 788
12912 789
12913 790
12914 791
12915 792
12916 793
12917 794
12918 795
12919 796
12920 797
12921 798
12922 799
12923 800
12924 801
12925 802
12926 803
12927 804
12928 805
12929 806
12930 807
12931 808
12932 809
12933 810
12934 811
12935 812
12936 813
12937 814
12938 815
12939 816
12940 817
12941 818
12942 819
12943 820
12944 821
12945 822
12946 823
12947 824
12948 825
12949 826
12950 827
12951 828
12952 829
12953 830
12954 831
12955 832
12956 833
12957 834
12958 835
12959 836
12960 837
12961 838
12962 839
12963 840
12964 841
12965 842
12966 843
12967 844
12968 845
12969 846
12970 847
12971 848
12972 849
12973 850
12974 851
12975 852
12976 853
12977 854
12978 855
12979 856
12980 857
12981 858
12982 859
12983 860
12984 861
12985 862
12986 863
12987 864
12988 865
12989 866
12990 867
12991 868
12992 869
12993 870
12994 871
12995 872
12996 873
12997 874
12998 875
12999 876
13000 877
13001 878
13002 879
13003 880
13004 881
13005 882
13006 883
13007 884
13008 885
13009 886
13010 887
13011 888
13012 889
13013 890
13014 891
13015 892
13016 893
13017 894
13018 895
13019 896
13020 897
13021 898
13022 899
13023 900
13024 901
13025 902
13026 903
13027 904
13028 905
13029 906
13030 907
13031 908
13032 909
13033 910
13034 911
13035 912
13036 913
13037 914
13038 915
13039 916
13040 917
13041 918
13042 919
13043 920
13044 921
13045 922
13046 923
13047 924
13048 925
13049 926
13050 927
13051 928
13052 929
13053 930
13054 931
13055 932
12672 2867
12673 2868
12674 2869
12675 2870
12676 2871
12677 2872
12678 2873
12679 2874
12680 2875
12681 2876
12682 2877
12683 2878
12684 2879
12685 2880
12686 2881
12687 2882
12688 2883
12689 2884
12690 2885
12691 2886
12692 2887
12693 2888
12694 2889
12695 2890
12696 2891
12697 2892
12698 2893
12699 2894
12700 2895
12701 2896
12702 2897
12703 2898
12704 2899
12705 2900
12706 2901
12707 2902
12708 2903
12709 2904
12710 2905
12711 2906
12712 2907
12713 2908
12714 2909
12715 2910
12716 2911
12717 2912
12718 2913
12719 2914
12720 2915
12721 2916
12722 2917
12723 2918
12724 2919
12725 2920
12726 2921
12727 2922
12728 2923
12729 2924
12730 2925
12731 2926
12732 2927
12733 2928
12734 2929
12735 2930
12736 2931
12737 2932
12738 2933
12739 2934
12740 2935
12741 2936
12742 2937
12743 2938
12744 2939
12745 2940
12746 2941
12747 2942
12748 2943
12749 2944
12750 2945
12751 2946
12752 2947
12753 2948
12754 2949
12755 2950
12756 2951
12757 2952
12758 2953
12759 2954
12760 2955
12761 2956
12762 2957
12763 2958
12764 2959
12765 2960
12766 2961
12767 2962
12768 2963
12769 2964
12770 2965
12771 2966
12772 2967
12773 2968
12774 2969
12775 2970
12776 2971
12777 2972
12778 2973
12779 2974
12780 2975
12781 2976
12782 2977
12783 2978
12784 2979
12785 2980
12786 2981
12787 2982
12788 2983
12789 2984
12790 2985
12791 2986
12792 2987
12793 2988
12794 2989
12795 2990
12796 2991
12797 2992
12798 2993
12799 2994
12800 2995
12801 2996
12802 2997
12803 2998
12804 2999
12805 3000
12806 3001
12807 3002
12808 3003
12809 3004
12810 3005
12811 3006
12812 3007
12813 3008
12814 3009
12815 3010
12816 3011
12817 3012
12818 3013
12819 3014
12820 3015
12821 3016
12822 3017
12823 3018
12824 3019
12825 3020
12826 3021
12827 3022
12828 3023
12829 3024
12830 3025
12831 3026
12832 3027
12833 3028
12834 3029
12835 3030
12836 3031
12837 3032
12838 3033
12839 3034
12840 3035
12841 3036
12842 3037
12843 3038
12844 3039
12845 3040
12846 3041
12847 3042
12848 3043
12849 3044
12850 3045
12851 3046
12852 3047
12853 3048
12854 3049
12855 3050
12856 3051
12857 3052
12858 3053
12859 3054
12860 3055
12861 3056
12862 3057
12863 3058
12864 3059
12865 3060
12866 3061
12867 3062
12868 3063
12869 3064
12870 3065
12871 3066
12872 3067
12873 3068
12874 3069
12875 3070
12876 3071
12877 2688
12878 2689
12879 2690
12880 2691
12881 2692
12882 2693
12883 2694
12884 2695
12885 2696
12886 2697
12887 2698
12888 2699
12889 2700
12890 2701
12891 2702
12892 2703
12893 2704
12894 2705
12895 2706
12896 2707
12897 2708
12898 2709
12899 2710
12900 2711
12901 2712
12902 2713
12903 2714
12904 2715
12905 2716
12906 2717
12907 2718
12908 2719
12909 2720
12910 2721
12911 2722
12912 2723
12913 2724
12914 2725
12915 2726
12916 2727
12917 2728
12918 2729
12919 2730
12920 2731
12921 2732
12922 2733
12923 2734
12924 2735
12925 2736
12926 2737
12927 2738
12928 2739
12929 2740
12930 2741
12931 2742
12932 2743
12933 2744
12934 2745
12935 2746
12936 2747
12937 2748
12938 2749
12939 2750
12940 2751
12941 2752
12942 2753
12943 2754
12944 2755
12945 2756
12946 2757
12947 2758
12948 2759
12949 2760
12950 2761
12951 2762
12952 2763
12953 2764
12954 2765
12955 2766
12956 2767
12957 2768
12958 2769
12959 2770
12960 2771
12961 2772
12962 2773
12963 2774
12964 2775
12965 2776
12966 2777
12967 2778
12968 2779
12969 2780
12970 2781
12971 2782
12972 2783
12973 2784
12974 2785
12975 2786
12976 2787
12977 2788
12978 2789
12979 2790
12980 2791
12981 2792
12982 2793
12983 2794
12984 2795
12985 2796
12986 2797
12987 2798
12988 2799
12989 2800
12990 2801
12991 2802
12992 2803
12993 2804
12994 2805
12995 2806
12996 2807
12997 2808
12998 2809
12999 2810
13000 2811
13001 2812
13002 2813
13003 2814
13004 2815
13005 2816
13006 2817
13007 2818
13008 2819
13009 2820
13010 2821
13011 2822
13012 2823
13013 2824
13014 2825
13015 2826
13016 2827
13017 2828
13018 2829
13019 2830
13020 2831
13021 2832
13022 2833
13023 2834
13024 2835
13025 2836
13026 2837
13027 2838
13028 2839
13029 2840
13030 2841
13031 2842
13032 2843
13033 2844
13034 2845
13035 2846
13036 2847
13037 2848
13038 2849
13039 2850
13040 2851
13041 2852
13042 2853
13043 2854
13044 2855
13045 2856
13046 2857
13047 2858
13048 2859
13049 2860
13050 2861
13051 2862
13052 2863
13053 2864
13054 2865
13055 2866
12672 3964
12673 3965
12674 3966
12675 3967
12676 3968
12677 3969
12678 3970
12679 3971
12680 3972
12681 3973
12682 3974
12683 3975
12684 3976
12685 3977
12686 3978
12687 3979
12688 3980
12689 3981
12690 3982
12691 3983
12692 3984
12693 3985
12694 3986
12695 3987
12696 3988
12697 3989
12698 3990
12699 3991
12700 3992
12701 3993
12702 3994
12703 3995
12704 3996
12705 3997
12706 3998
12707 3999
12708 4000
12709 4001
12710 4002
12711 4003
12712 4004
12713 4005
12714 4006
12715 4007
12716 4008
12717 4009
12718 4010
12719 4011
12720 4012
12721 4013
12722 4014
12723 4015
12724 4016
12725 4017
12726 4018
12727 4019
12728 4020
12729 4021
12730 4022
12731 4023
12732 4024
12733 4025
12734 4026
12735 4027
12736 4028
12737 4029
12738 4030
12739 4031
12740 4032
12741 4033
12742 4034
12743 4035
12744 4036
12745 4037
12746 4038
12747 4039
12748 4040
12749 4041
12750 4042
12751 4043
12752 4044
12753 4045
12754 4046
12755 4047
12756 4048
12757 4049
12758 4050
12759 4051
12760 4052
12761 4053
12762 4054
12763 4055
12764 4056
12765 4057
12766 4058
12767 4059
12768 4060
12769 4061
12770 4062
12771 4063
12772 4064
12773 4065
12774 4066
12775 4067
12776 4068
12777 4069
12778 4070
12779 4071
12780 4072
12781 4073
12782 4074
12783 4075
12784 4076
12785 4077
12786 4078
12787 4079
12788 4080
12789 4081
12790 4082
12791 4083
12792 4084
12793 4085
12794 4086
12795 4087
12796 4088
12797 4089
12798 4090
12799 4091
12800 4092
12801 4093
12802 4094
12803 4095
12804 4096
12805 4097
12806 4098
12807 4099
12808 4100
12809 4101
12810 4102
12811 4103
12812 4104
12813 4105
12814 4106
12815 4107
12816 4108
12817 4109
12818 4110
12819 4111
12820 4112
12821 4113
12822 4114
12823 4115
12824 4116
12825 4117
12826 4118
12827 4119
12828 4120
12829 4121
12830 4122
12831 4123
12832 4124
12833 4125
12834 4126
12835 4127
12836 4128
12837 4129
12838 4130
12839 4131
12840 4132
12841 4133
12842 4134
12843 4135
12844 4136
12845 4137
12846 4138
12847 4139
12848 4140
12849 4141
12850 4142
12851 4143
12852 4144
12853 4145
12854 4146
12855 4147
12856 4148
12857 4149
12858 4150
12859 4151
12860 4152
12861 4153
12862 4154
12863 4155
12864 4156
12865 4157
12866 4158
12867 4159
12868 4160
12869 4161
12870 4162
12871 4163
12872 4164
12873 4165
12874 4166
12875 4167
12876 4168
12877 4169
12878 4170
12879 4171
12880 4172
12881 4173
12882 4174
12883 4175
12884 4176
12885 4177
12886 4178
12887 4179
12888 4180
12889 4181
12890 4182
12891 4183
12892 4184
12893 4185
12894 4186
12895 4187
12896 4188
12897 4189
12898 4190
12899 4191
12900 4192
12901 4193
12902 4194
12903 4195
12904 4196
12905 4197
12906 4198
12907 4199
12908 4200
12909 4201
12910 4202
12911 4203
12912 4204
12913 4205
12914 4206
12915 4207
12916 4208
12917 4209
12918 4210
12919 4211
12920 4212
12921 4213
12922 4214
12923 4215
12924 4216
12925 4217
12926 4218
12927 4219
12928 4220
12929 4221
12930 4222
12931 4223
12932 3840
12933 3841
12934 3842
12935 3843
12936 3844
12937 3845
12938 3846
12939 3847
12940 3848
12941 3849
12942 3850
12943 3851
12944 3852
12945 3853
12946 3854
12947 3855
12948 3856
12949 3857
12950 3858
12951 3859
12952 3860
12953 3861
12954 3862
12955 3863
12956 3864
12957 3865
12958 3866
12959 3867
12960 3868
12961 3869
12962 3870
12963 3871
12964 3872
12965 3873
12966 3874
12967 3875
12968 3876
12969 3877
12970 3878
12971 3879
12972 3880
12973 3881
12974 3882
12975 3883
12976 3884
12977 3885
12978 3886
12979 3887
12980 3888
12981 3889
12982 3890
12983 3891
12984 3892
12985 3893
12986 3894
12987 3895
12988 3896
12989 3897
12990 3898
12991 3899
12992 3900
12993 3901
12994 3902
12995 3903
12996 3904
12997 3905
12998 3906
12999 3907
13000 3908
13001 3909
13002 3910
13003 3911
13004 3912
13005 3913
13006 3914
13007 3915
13008 3916
13009 3917
13010 3918
13011 3919
13012 3920
13013 3921
13014 3922
13015 3923
13016 3924
13017 3925
13018 3926
13019 3927
13020 3928
13021 3929
13022 3930
13023 3931
13024 3932
13025 3933
13026 3934
13027 3935
13028 3936
13029 3937
13030 3938
13031 3939
13032 3940
13033 3941
13034 3942
13035 3943
13036 3944
13037 3945
13038 3946
13039 3947
13040 3948
13041 3949
13042 3950
13043 3951
13044 3952
13045 3953
13046 3954
13047 3955
13048 3956
13049 3957
13050 3958
13051 3959
13052 3960
13053 3961
13054 3962
13055 3963
12672 16512
12673 16513
12674 16514
12675 16515
12676 16516
12677 16517
12678 16518
12679 16519
12680 16520
12681 16521
12682 16522
12683 16523
12684 16524
12685 16525
12686 16526
12687 16527
12688 16528
12689 16529
12690 16530
12691 16531
12692 16532
12693 16533
12694 16534
12695 16535
12696 16536
12697 16537
12698 16538
12699 16539
12700 16540
12701 16541
12702 16542
12703 16543
12704 16544
12705 16545
12706 16546
12707 16547
12708 16548
12709 16549
12710 16550
12711 16551
12712 16552
12713 16553
12714 16554
12715 16555
12716 16556
12717 16557
12718 16558
12719 16559
12720 16560
12721 16561
12722 16562
12723 16563
12724 16564
12725 16565
12726 16566
12727 16567
12728 16568
12729 16569
12730 16570
12731 16571
12732 16572
12733 16573
12734 16574
12735 16575
12736 16576
12737 16577
12738 16578
12739 16579
12740 16580
12741 16581
12742 16582
12743 16583
12744 16584
12745 16585
12746 16586
12747 16587
12748 16588
12749 16589
12750 16590
12751 16591
12752 16592
12753 16593
12754 16594
12755 16595
12756 16596
12757 16597
12758 16598
12759 16599
12760 16600
12761 16601
12762 16602
12763 16603
12764 16604
12765 16605
12766 16606
12767 16607
12768 16608
12769 16609
12770 16610
12771 16611
12772 16612
12773 16613
12774 16614
12775 16615
12776 16616
12777 16617
12778 16618
12779 16619
12780 16620
12781 16621
12782 16622
12783 16623
12784 16624
12785 16625
12786 16626
12787 16627
12788 16628
12789 16629
12790 16630
12791 16631
12792 16632
12793 16633
12794 16634
12795 16635
12796 16636
12797 16637
12798 16638
12799 16639
12800 16640
12801 16641
12802 16642
12803 16643
12804 16644
12805 16645
12806 16646
12807 16647
12808 16648
12809 16649
12810 16650
12811 16651
12812 16652
12813 16653
12814 16654
12815 16655
12816 16656
12817 16657
12818 16658
12819 16659
12820 16660
12821 16661
12822 16662
12823 16663
12824 16664
12825 16665
12826 16666
12827 16667
12828 16668
12829 16669
12830 16670
12831 16671
12832 16672
12833 16673
12834 16674
12835 16675
12836 16676
12837 16677
12838 16678
12839 16679
12840 16680
12841 16681
12842 16682
12843 16683
12844 16684
12845 16685
12846 16686
12847 16687
12848 16688
12849 16689
12850 16690
12851 16691
12852 16692
12853 16693
12854 16694
12855 16695
12856 16696
12857 16697
12858 16698
12859 16699
12860 16700
12861 16701
12862 16702
12863 16703
12864 16704
12865 16705
12866 16706
12867 16707
12868 16708
12869 16709
12870 16710
12871 16711
12872 16712
12873 16713
12874 16714
12875 16715
12876 16716
12877 16717
12878 16718
12879 16719
12880 16720
12881 16721
12882 16722
12883 16723
12884 16724
12885 16725
12886 16726
12887 16727
12888 16728
12889 16729
12890 16730
12891 16731
12892 16732
12893 16733
12894 16734
12895 16735
12896 16736
12897 16737
12898 16738
12899 16739
12900 16740
12901 16741
12902 16742
12903 16743
12904 16744
12905 16745
12906 16746
12907 16747
12908 16748
12909 16749
12910 16750
12911 16751
12912 16752
12913 16753
12914 16754
12915 16755
12916 16756
12917 16757
12918 16758
12919 16759
12920 16760
12921 16761
12922 16762
12923 16763
12924 16764
12925 16765
12926 16766
12927 16767
12928 16768
12929 16769
12930 16770
12931 16771
12932 16772
12933 16773
12934 16774
12935 16775
12936 16776
12937 16777
12938 16778
12939 16779
12940 16780
12941 16781
12942 16782
12943 16783
12944 16784
12945 16785
12946 16786
12947 16787
12948 16788
12949 16789
12950 16790
12951 16791
12952 16792
12953 16793
12954 16794
12955 16795
12956 16796
12957 16797
12958 16798
12959 16799
12960 16800
12961 16801
12962 16802
12963 16803
12964 16804
12965 16805
12966 16806
12967 16807
12968 16808
12969 16809
12970 16810
12971 16811
12972 16812
12973 16813
12974 16814
12975 16815
12976 16816
12977 16817
12978 16818
12979 16819
12980 16820
12981 16821
12982 16822
12983 16823
12984 16824
12985 16825
12986 16826
12987 16827
12988 16828
12989 16829
12990 16830
12991 16831
12992 16832
12993 16833
12994 16834
12995 16835
12996 16836
12997 16837
12998 16838
12999 16839
13000 16840
13001 16841
13002 16842
13003 16843
13004 16844
13005 16845
13006 16846
13007 16847
13008 16848
13009 16849
13010 16850
13011 16851
13012 16852
13013 16853
13014 16854
13015 16855
13016 16856
13017 16857
13018 16858
13019 16859
13020 16860
13021 16861
13022 16862
13023 16863
13024 16864
13025 16865
13026 16866
13027 16867
13028 16868
13029 16869
13030 16870
13031 16871
13032 16872
13033 16873
13034 16874
13035 16875
13036 16876
13037 16877
13038 16878
13039 16879
13040 16880
13041 16881
13042 16882
13043 16883
13044 16884
13045 16885
13046 16886
13047 16887
13048 16888
13049 16889
13050 16890
13051 16891
13052 16892
13053 16893
13054 16894
13055 16895
13056 173
13057 174
13058 175
13059 176
13060 177
13061 178
13062 179
13063 180
13064 181
13065 182
13066 183
13067 184
13068 185
13069 186
13070 187
13071 188
13072 189
13073 190
13074 191
13075 192
13076 193
13077 194
13078 195
13079 196
13080 197
13081 198
13082 199
13083 200
13084 201
13085 202
13086 203
13087 204
13088 205
13089 206
13090 207
13091 208
13092 209
13093 210
13094 211
13095 212
13096 213
13097 214
13098 215
13099 216
13100 217
13101 218
13102 219
13103 220
13104 221
13105 222
13106 223
13107 224
13108 225
13109 226
13110 227
13111 228
13112 229
13113 230
13114 231
13115 232
13116 233
13117 234
13118 235
13119 236
13120 237
13121 238
13122 239
13123 240
13124 241
13125 242
13126 243
13127 244
13128 245
13129 246
13130 247
13131 248
13132 249
13133 250
13134 251
13135 252
13136 253
13137 254
13138 255
13139 256
13140 257
13141 258
13142 259
13143 260
13144 261
13145 262
13146 263
13147 264
13148 265
13149 266
13150 267
13151 268
13152 269
13153 270
13154 271
13155 272
13156 273
13157 274
13158 275
13159 276
13160 277
13161 278
13162 279
13163 280
13164 281
13165 282
13166 283
13167 284
13168 285
13169 286
13170 287
13171 288
13172 289
13173 290
13174 291
13175 292
13176 293
13177 294
13178 295
13179 296
13180 297
13181 298
13182 299
13183 300
13184 301
13185 302
13186 303
13187 304
13188 305
13189 306
13190 307
13191 308
13192 309
13193 310
13194 311
13195 312
13196 313
13197 314
13198 315
13199 316
13200 317
13201 318
13202 319
13203 320
13204 321
13205 322
13206 323
13207 324
13208 325
13209 326
13210 327
13211 328
13212 329
13213 330
13214 331
13215 332
13216 333
13217 334
13218 335
13219 336
13220 337
13221 338
13222 339
13223 340
13224 341
13225 342
13226 343
13227 344
13228 345
13229 346
13230 347
13231 348
13232 349
13233 350
13234 351
13235 352
13236 353
13237 354
13238 355
13239 356
13240 357
13241 358
13242 359
13243 360
13244 361
13245 362
13246 363
13247 364
13248 365
13249 366
13250 367
13251 368
13252 369
13253 370
13254 371
13255 372
13256 373
13257 374
13258 375
13259 376
13260 377
13261 378
13262 379
13263 380
13264 381
13265 382
13266 383
13267 0
13268 1
13269 2
13270 3
13271 4
13272 5
13273 6
13274 7
13275 8
13276 9
13277 10
13278 11
13279 12
13280 13
13281 14
13282 15
13283 16
13284 17
13285 18
13286 19
13287 20
13288 21
13289 22
13290 23
13291 24
13292 25
13293 26
13294 27
13295 28
13296 29
13297 30
13298 31
13299 32
13300 33
13301 34
13302 35
13303 36
13304 37
13305 38
13306 39
13307 40
13308 41
13309 42
13310 43
13311 44
13312 45
13313 46
13314 47
13315 48
13316 49
13317 50
13318 51
13319 52
13320 53
13321 54
13322 55
13323 56
13324 57
13325 58
13326 59
13327 60
13328 61
13329 62
13330 63
13331 64
13332 65
13333 66
13334 67
13335 68
13336 69
13337 70
13338 71
13339 72
13340 73
13341 74
13342 75
13343 76
13344 77
13345 78
13346 79
13347 80
13348 81
13349 82
13350 83
13351 84
13352 85
13353 86
13354 87
13355 88
13356 89
13357 90
13358 91
13359 92
13360 93
13361 94
13362 95
13363 96
13364 97
13365 98
13366 99
13367 100
13368 101
13369 102
13370 103
13371 104
13372 105
13373 106
13374 107
13375 108
13376 109
13377 110
13378 111
13379 112
13380 113
13381 114
13382 115
13383 116
13384 117
13385 118
13386 119
13387 120
13388 121
13389 122
13390 123
13391 124
13392 125
13393 126
13394 127
13395 128
13396 129
13397 130
13398 131
13399 132
13400 133
13401 134
13402 135
13403 136
13404 137
13405 138
13406 139
13407 140
13408 141
13409 142
13410 143
13411 144
13412 145
13413 146
13414 147
13415 148
13416 149
13417 150
13418 151
13419 152
13420 153
13421 154
13422 155
13423 156
13424 157
13425 158
13426 159
13427 160
13428 161
13429 162
13430 163
13431 164
13432 165
13433 166
13434 167
13435 168
13436 169
13437 170
13438 171
13439 172
13056 4785
13057 4786
13058 4787
13059 4788
13060 4789
13061 4790
13062 4791
13063 4792
13064 4793
13065 4794
13066 4795
13067 4796
13068 4797
13069 4798
13070 4799
13071 4800
13072 4801
13073 4802
13074 4803
13075 4804
13076 4805
13077 4806
13078 4807
13079 4808
13080 4809
13081 4810
13082 4811
13083 4812
13084 4813
13085 4814
13086 4815
13087 4816
13088 4817
13089 4818
13090 4819
13091 4820
13092 4821
13093 4822
13094 4823
13095 4824
13096 4825
13097 4826
13098 4827
13099 4828
13100 4829
13101 4830
13102 4831
13103 4832
13104 4833
13105 4834
13106 4835
13107 4836
13108 4837
13109 4838
13110 4839
13111 4840
13112 4841
13113 4842
13114 4843
13115 4844
13116 4845
13117 4846
13118 4847
13119 4848
13120 4849
13121 4850
13122 4851
13123 4852
13124 4853
13125 4854
13126 4855
13127 4856
13128 4857
13129 4858
13130 4859
13131 4860
13132 4861
13133 4862
13134 4863
13135 4864
13136 4865
13137 4866
13138 4867
13139 4868
13140 4869
13141 4870
13142 4871
13143 4872
13144 4873
13145 4874
13146 4875
13147 4876
13148 4877
13149 4878
13150 4879
13151 4880
13152 4881
13153 4882
13154 4883
13155 4884
13156 4885
13157 4886
13158 4887
13159 4888
13160 4889
13161 4890
13162 4891
13163 4892
13164 4893
13165 4894
13166 4895
13167 4896
13168 4897
13169 4898
13170 4899
13171 4900
13172 4901
13173 4902
13174 4903
13175 4904
13176 4905
13177 4906
13178 4907
13179 4908
13180 4909
13181 4910
13182 4911
13183 4912
13184 4913
13185 4914
13186 4915
13187 4916
13188 4917
13189 4918
13190 4919
13191 4920
13192 4921
13193 4922
13194 4923
13195 4924
13196 4925
13197 4926
13198 4927
13199 4928
13200 4929
13201 4930
13202 4931
13203 4932
13204 4933
13205 4934
13206 4935
13207 4936
13208 4937
13209 4938
13210 4939
13211 4940
13212 4941
13213 4942
13214 4943
13215 4944
13216 4945
13217 4946
13218 4947
13219 4948
13220 4949
13221 4950
13222 4951
13223 4952
13224 4953
13225 4954
13226 4955
13227 4956
13228 4957
13229 4958
13230 4959
13231 4960
13232 4961
13233 4962
13234 4963
13235 4964
13236 4965
13237 4966
13238 4967
13239 4968
13240 4969
13241 4970
13242 4971
13243 4972
13244 4973
13245 4974
13246 4975
13247 4976
13248 4977
13249 4978
13250 4979
13251 4980
13252 4981
13253 4982
13254 4983
13255 4984
13256 4985
13257 4986
13258 4987
13259 4988
13260 4989
13261 4990
13262 4991
13263 4608
13264 4609
13265 4610
13266 4611
13267 4612
13268 4613
13269 4614
13270 4615
13271 4616
13272 4617
13273 4618
13274 4619
13275 4620
13276 4621
13277 4622
13278 4623
13279 4624
13280 4625
13281 4626
13282 4627
13283 4628
13284 4629
13285 4630
13286 4631
13287 4632
13288 4633
13289 4634
13290 4635
13291 4636
13292 4637
13293 4638
13294 4639
13295 4640
13296 4641
13297 4642
13298 4643
13299 4644
13300 4645
13301 4646
13302 4647
13303 4648
13304 4649
13305 4650
13306 4651
13307 4652
13308 4653
13309 4654
13310 4655
13311 4656
13312 4657
13313 4658
13314 4659
13315 4660
13316 4661
13317 4662
13318 4663
13319 4664
13320 4665
13321 4666
13322 4667
13323 4668
13324 4669
13325 4670
13326 4671
13327 4672
13328 4673
13329 4674
13330 4675
13331 4676
13332 4677
13333 4678
13334 4679
13335 4680
13336 4681
13337 4682
13338 4683
13339 4684
13340 4685
13341 4686
13342 4687
13343 4688
13344 4689
13345 4690
13346 4691
13347 4692
13348 4693
13349 4694
13350 4695
13351 4696
13352 4697
13353 4698
13354 4699
13355 4700
13356 4701
13357 4702
13358 4703
13359 4704
13360 4705
13361 4706
13362 4707
13363 4708
13364 4709
13365 4710
13366 4711
13367 4712
13368 4713
13369 4714
13370 4715
13371 4716
13372 4717
13373 4718
13374 4719
13375 4720
13376 4721
13377 4722
13378 4723
13379 4724
13380 4725
13381 4726
13382 4727
13383 4728
13384 4729
13385 4730
13386 4731
13387 4732
13388 4733
13389 4734
13390 4735
13391 4736
13392 4737
13393 4738
13394 4739
13395 4740
13396 4741
13397 4742
13398 4743
13399 4744
13400 4745
13401 4746
13402 4747
13403 4748
13404 4749
13405 4750
13406 4751
13407 4752
13408 4753
13409 4754
13410 4755
13411 4756
13412 4757
13413 4758
13414 4759
13415 4760
13416 4761
13417 4762
13418 4763
13419 4764
13420 4765
13421 4766
13422 4767
13423 4768
13424 4769
13425 4770
13426 4771
13427 4772
13428 4773
13429 4774
13430 4775
13431 4776
13432 4777
13433 4778
13434 4779
13435 4780
13436 4781
13437 4782
13438 4783
13439 4784
13056 5004
13057 5005
13058 5006
13059 5007
13060 5008
13061 5009
13062 5010
13063 5011
13064 5012
13065 5013
13066 5014
13067 5015
13068 5016
13069 5017
13070 5018
13071 5019
13072 5020
13073 5021
13074 5022
13075 5023
13076 5024
13077 5025
13078 5026
13079 5027
13080 5028
13081 5029
13082 5030
13083 5031
13084 5032
13085 5033
13086 5034
13087 5035
13088 5036
13089 5037
13090 5038
13091 5039
13092 5040
13093 5041
13094 5042
13095 5043
13096 5044
13097 5045
13098 5046
13099 5047
13100 5048
13101 5049
13102 5050
13103 5051
13104 5052
13105 5053
13106 5054
13107 5055
13108 5056
13109 5057
13110 5058
13111 5059
13112 5060
13113 5061
13114 5062
13115 5063
13116 5064
13117 5065
13118 5066
13119 5067
13120 5068
13121 5069
13122 5070
13123 5071
13124 5072
13125 5073
13126 5074
13127 5075
13128 5076
13129 5077
13130 5078
13131 5079
13132 5080
13133 5081
13134 5082
13135 5083
13136 5084
13137 5085
13138 5086
13139 5087
13140 5088
13141 5089
13142 5090
13143 5091
13144 5092
13145 5093
13146 5094
13147 5095
13148 5096
13149 5097
13150 5098
13151 5099
13152 5100
13153 5101
13154 5102
13155 5103
13156 5104
13157 5105
13158 5106
13159 5107
13160 5108
13161 5109
13162 5110
13163 5111
13164 5112
13165 5113
13166 5114
13167 5115
13168 5116
13169 5117
13170 5118
13171 5119
13172 5120
13173 5121
13174 5122
13175 5123
13176 5124
13177 5125
13178 5126
13179 5127
13180 5128
13181 5129
13182 5130
13183 5131
13184 5132
13185 5133
13186 5134
13187 5135
13188 5136
13189 5137
13190 5138
13191 5139
13192 5140
13193 5141
13194 5142
13195 5143
13196 5144
13197 5145
13198 5146
13199 5147
13200 5148
13201 5149
13202 5150
13203 5151
13204 5152
13205 5153
13206 5154
13207 5155
13208 5156
13209 5157
13210 5158
13211 5159
13212 5160
13213 5161
13214 5162
13215 5163
13216 5164
13217 5165
13218 5166
13219 5167
13220 5168
13221 5169
13222 5170
13223 5171
13224 5172
13225 5173
13226 5174
13227 5175
13228 5176
13229 5177
13230 5178
13231 5179
13232 5180
13233 5181
13234 5182
13235 5183
13236 5184
13237 5185
13238 5186
13239 5187
13240 5188
13241 5189
13242 5190
13243 5191
13244 5192
13245 5193
13246 5194
13247 5195
13248 5196
13249 5197
13250 5198
13251 5199
13252 5200
13253 5201
13254 5202
13255 5203
13256 5204
13257 5205
13258 5206
13259 5207
13260 5208
13261 5209
13262 5210
13263 5211
13264 5212
13265 5213
13266 5214
13267 5215
13268 5216
13269 5217
13270 5218
13271 5219
13272 5220
13273 5221
13274 5222
13275 5223
13276 5224
13277 5225
13278 5226
13279 5227
13280 5228
13281 5229
13282 5230
13283 5231
13284 5232
13285 5233
13286 5234
13287 5235
13288 5236
13289 5237
13290 5238
13291 5239
13292 5240
13293 5241
13294 5242
13295 5243
13296 5244
13297 5245
13298 5246
13299 5247
13300 5248
13301 5249
13302 5250
13303 5251
13304 5252
13305 5253
13306 5254
13307 5255
13308 5256
13309 5257
13310 5258
13311 5259
13312 5260
13313 5261
13314 5262
13315 5263
13316 5264
13317 5265
13318 5266
13319 5267
13320 5268
13321 5269
13322 5270
13323 5271
13324 5272
13325 5273
13326 5274
13327 5275
13328 5276
13329 5277
13330 5278
13331 5279
13332 5280
13333 5281
13334 5282
13335 5283
13336 5284
13337 5285
13338 5286
13339 5287
13340 5288
13341 5289
13342 5290
13343 5291
13344 5292
13345 5293
13346 5294
13347 5295
13348 5296
13349 5297
13350 5298
13351 5299
13352 5300
13353 5301
13354 5302
13355 5303
13356 5304
13357 5305
13358 5306
13359 5307
13360 5308
13361 5309
13362 5310
13363 5311
13364 5312
13365 5313
13366 5314
13367 5315
13368 5316
13369 5317
13370 5318
13371 5319
13372 5320
13373 5321
13374 5322
13375 5323
13376 5324
13377 5325
13378 5326
13379 5327
13380 5328
13381 5329
13382 5330
13383 5331
13384 5332
13385 5333
13386 5334
13387 5335
13388 5336
13389 5337
13390 5338
13391 5339
13392 5340
13393 5341
13394 5342
13395 5343
13396 5344
13397 5345
13398 5346
13399 5347
13400 5348
13401 5349
13402 5350
13403 5351
13404 5352
13405 5353
13406 5354
13407 5355
13408 5356
13409 5357
13410 5358
13411 5359
13412 5360
13413 5361
13414 5362
13415 5363
13416 5364
13417 5365
13418 5366
13419 5367
13420 5368
13421 5369
13422 5370
13423 5371
13424 5372
13425 5373
13426 5374
13427 5375
13428 4992
13429 4993
13430 4994
13431 4995
13432 4996
13433 4997
13434 4998
13435 4999
13436 5000
13437 5001
13438 5002
13439 5003
13056 16896
13057 16897
13058 16898
13059 16899
13060 16900
13061 16901
13062 16902
13063 16903
13064 16904
13065 16905
13066 16906
13067 16907
13068 16908
13069 16909
13070 16910
13071 16911
13072 16912
13073 16913
13074 16914
13075 16915
13076 16916
13077 16917
13078 16918
13079 16919
13080 16920
13081 16921
13082 16922
13083 16923
13084 16924
13085 16925
13086 16926
13087 16927
13088 16928
13089 16929
13090 16930
13091 16931
13092 16932
13093 16933
13094 16934
13095 16935
13096 16936
13097 16937
13098 16938
13099 16939
13100 16940
13101 16941
13102 16942
13103 16943
13104 16944
13105 16945
13106 16946
13107 16947
13108 16948
13109 16949
13110 16950
13111 16951
13112 16952
13113 16953
13114 16954
13115 16955
13116 16956
13117 16957
13118 16958
13119 16959
13120 16960
13121 16961
13122 16962
13123 16963
13124 16964
13125 16965
13126 16966
13127 16967
13128 16968
13129 16969
13130 16970
13131 16971
13132 16972
13133 16973
13134 16974
13135 16975
13136 16976
13137 16977
13138 16978
13139 16979
13140 16980
13141 16981
13142 16982
13143 16983
13144 16984
13145 16985
13146 16986
13147 16987
13148 16988
13149 16989
13150 16990
13151 16991
13152 16992
13153 16993
13154 16994
13155 16995
13156 16996
13157 16997
13158 16998
13159 16999
13160 17000
13161 17001
13162 17002
13163 17003
13164 17004
13165 17005
13166 17006
13167 17007
13168 17008
13169 17009
13170 17010
13171 17011
13172 17012
13173 17013
13174 17014
13175 17015
13176 17016
13177 17017
13178 17018
13179 17019
13180 17020
13181 17021
13182 17022
13183 17023
13184 17024
13185 17025
13186 17026
13187 17027
13188 17028
13189 17029
13190 17030
13191 17031
13192 17032
13193 17033
13194 17034
13195 17035
13196 17036
13197 17037
13198 17038
13199 17039
13200 17040
13201 17041
13202 17042
13203 17043
13204 17044
13205 17045
13206 17046
13207 17047
13208 17048
13209 17049
13210 17050
13211 17051
13212 17052
13213 17053
13214 17054
13215 17055
13216 17056
13217 17057
13218 17058
13219 17059
13220 17060
13221 17061
13222 17062
13223 17063
13224 17064
13225 17065
13226 17066
13227 17067
13228 17068
13229 17069
13230 17070
13231 17071
13232 17072
13233 17073
13234 17074
13235 17075
13236 17076
13237 17077
13238 17078
13239 17079
13240 17080
13241 17081
13242 17082
13243 17083
13244 17084
13245 17085
13246 17086
13247 17087
13248 17088
13249 17089
13250 17090
13251 17091
13252 17092
13253 17093
13254 17094
13255 17095
13256 17096
13257 17097
13258 17098
13259 17099
13260 17100
13261 17101
13262 17102
13263 17103
13264 17104
13265 17105
13266 17106
13267 17107
13268 17108
13269 17109
13270 17110
13271 17111
13272 17112
13273 17113
13274 17114
13275 17115
13276 17116
13277 17117
13278 17118
13279 17119
13280 17120
13281 17121
13282 17122
13283 17123
13284 17124
13285 17125
13286 17126
13287 17127
13288 17128
13289 17129
13290 17130
13291 17131
13292 17132
13293 17133
13294 17134
13295 17135
13296 17136
13297 17137
13298 17138
13299 17139
13300 17140
13301 17141
13302 17142
13303 17143
13304 17144
13305 17145
13306 17146
13307 17147
13308 17148
13309 17149
13310 17150
13311 17151
13312 17152
13313 17153
13314 17154
13315 17155
13316 17156
13317 17157
13318 17158
13319 17159
13320 17160
13321 17161
13322 17162
13323 17163
13324 17164
13325 17165
13326 17166
13327 17167
13328 17168
13329 17169
13330 17170
13331 17171
13332 17172
13333 17173
13334 17174
13335 17175
13336 17176
13337 17177
13338 17178
13339 17179
13340 17180
13341 17181
13342 17182
13343 17183
13344 17184
13345 17185
13346 17186
13347 17187
13348 17188
13349 17189
13350 17190
13351 17191
13352 17192
13353 17193
13354 17194
13355 17195
13356 17196
13357 17197
13358 17198
13359 17199
13360 17200
13361 17201
13362 17202
13363 17203
13364 17204
13365 17205
13366 17206
13367 17207
13368 17208
13369 17209
13370 17210
13371 17211
13372 17212
13373 17213
13374 17214
13375 17215
13376 17216
13377 17217
13378 17218
13379 17219
13380 17220
13381 17221
13382 17222
13383 17223
13384 17224
13385 17225
13386 17226
13387 17227
13388 17228
13389 17229
13390 17230
13391 17231
13392 17232
13393 17233
13394 17234
13395 17235
13396 17236
13397 17237
13398 17238
13399 17239
13400 17240
13401 17241
13402 17242
13403 17243
13404 17244
13405 17245
13406 17246
13407 17247
13408 17248
13409 17249
13410 17250
13411 17251
13412 17252
13413 17253
13414 17254
13415 17255
13416 17256
13417 17257
13418 17258
13419 17259
13420 17260
13421 17261
13422 17262
13423 17263
13424 17264
13425 17265
13426 17266
13427 17267
13428 17268
13429 17269
13430 17270
13431 17271
13432 17272
13433 17273
13434 17274
13435 17275
13436 17276
13437 17277
13438 17278
13439 17279
13440 461
13441 462
13442 463
13443 464
13444 465
13445 466
13446 467
13447 468
13448 469
13449 470
13450 471
13451 472
13452 473
13453 474
13454 475
13455 476
13456 477
13457 478
13458 479
13459 480
13460 481
13461 482
13462 483
13463 484
13464 485
13465 486
13466 487
13467 488
13468 489
13469 490
13470 491
13471 492
13472 493
13473 494
13474 495
13475 496
13476 497
13477 498
13478 499
13479 500
13480 501
13481 502
13482 503
13483 504
13484 505
13485 506
13486 507
13487 508
13488 509
13489 510
13490 511
13491 512
13492 513
13493 514
13494 515
13495 516
13496 517
13497 518
13498 519
13499 520
13500 521
13501 522
13502 523
13503 524
13504 525
13505 526
13506 527
13507 528
13508 529
13509 530
13510 531
13511 532
13512 533
13513 534
13514 535
13515 536
13516 537
13517 538
13518 539
13519 540
13520 541
13521 542
13522 543
13523 544
13524 545
13525 546
13526 547
13527 548
13528 549
13529 550
13530 551
13531 552
13532 553
13533 554
13534 555
13535 556
13536 557
13537 558
13538 559
13539 560
13540 561
13541 562
13542 563
13543 564
13544 565
13545 566
13546 567
13547 568
13548 569
13549 570
13550 571
13551 572
13552 573
13553 574
13554 575
13555 576
13556 577
13557 578
13558 579
13559 580
13560 581
13561 582
13562 583
13563 584
13564 585
13565 586
13566 587
13567 588
13568 589
13569 590
13570 591
13571 592
13572 593
13573 594
13574 595
13575 596
13576 597
13577 598
13578 599
13579 600
13580 601
13581 602
13582 603
13583 604
13584 605
13585 606
13586 607
13587 608
13588 609
13589 610
13590 611
13591 612
13592 613
13593 614
13594 615
13595 616
13596 617
13597 618
13598 619
13599 620
13600 621
13601 622
13602 623
13603 624
13604 625
13605 626
13606 627
13607 628
13608 629
13609 630
13610 631
13611 632
13612 633
13613 634
13614 635
13615 636
13616 637
13617 638
13618 639
13619 640
13620 641
13621 642
13622 643
13623 644
13624 645
13625 646
13626 647
13627 648
13628 649
13629 650
13630 651
13631 652
13632 653
13633 654
13634 655
13635 656
13636 657
13637 658
13638 659
13639 660
13640 661
13641 662
13642 663
13643 664
13644 665
13645 666
13646 667
13647 668
13648 669
13649 670
13650 671
13651 672
13652 673
13653 674
13654 675
13655 676
13656 677
13657 678
13658 679
13659 680
13660 681
13661 682
13662 683
13663 684
13664 685
13665 686
13666 687
13667 688
13668 689
13669 690
13670 691
13671 692
13672 693
13673 694
13674 695
13675 696
13676 697
13677 698
13678 699
13679 700
13680 701
13681 702
13682 703
13683 704
13684 705
13685 706
13686 707
13687 708
13688 709
13689 710
13690 711
13691 712
13692 713
13693 714
13694 715
13695 716
13696 717
13697 718
13698 719
13699 720
13700 721
13701 722
13702 723
13703 724
13704 725
13705 726
13706 727
13707 728
13708 729
13709 730
13710 731
13711 732
13712 733
13713 734
13714 735
13715 736
13716 737
13717 738
13718 739
13719 740
13720 741
13721 742
13722 743
13723 744
13724 745
13725 746
13726 747
13727 748
13728 749
13729 750
13730 751
13731 752
13732 753
13733 754
13734 755
13735 756
13736 757
13737 758
13738 759
13739 760
13740 761
13741 762
13742 763
13743 764
13744 765
13745 766
13746 767
13747 384
13748 385
13749 386
13750 387
13751 388
13752 389
13753 390
13754 391
13755 392
13756 393
13757 394
13758 395
13759 396
13760 397
13761 398
13762 399
13763 400
13764 401
13765 402
13766 403
13767 404
13768 405
13769 406
13770 407
13771 408
13772 409
13773 410
13774 411
13775 412
13776 413
13777 414
13778 415
13779 416
13780 417
13781 418
13782 419
13783 420
13784 421
13785 422
13786 423
13787 424
13788 425
13789 426
13790 427
13791 428
13792 429
13793 430
13794 431
13795 432
13796 433
13797 434
13798 435
13799 436
13800 437
13801 438
13802 439
13803 440
13804 441
13805 442
13806 443
13807 444
13808 445
13809 446
13810 447
13811 448
13812 449
13813 450
13814 451
13815 452
13816 453
13817 454
13818 455
13819 456
13820 457
13821 458
13822 459
13823 460
13440 2104
13441 2105
13442 2106
13443 2107
13444 2108
13445 2109
13446 2110
13447 2111
13448 2112
13449 2113
13450 2114
13451 2115
13452 2116
13453 2117
13454 2118
13455 2119
13456 2120
13457 2121
13458 2122
13459 2123
13460 2124
13461 2125
13462 2126
13463 2127
13464 2128
13465 2129
13466 2130
13467 2131
13468 2132
13469 2133
13470 2134
13471 2135
13472 2136
13473 2137
13474 2138
13475 2139
13476 2140
13477 2141
13478 2142
13479 2143
13480 2144
13481 2145
13482 2146
13483 2147
13484 2148
13485 2149
13486 2150
13487 2151
13488 2152
13489 2153
13490 2154
13491 2155
13492 2156
13493 2157
13494 2158
13495 2159
13496 2160
13497 2161
13498 2162
13499 2163
13500 2164
13501 2165
13502 2166
13503 2167
13504 2168
13505 2169
13506 2170
13507 2171
13508 2172
13509 2173
13510 2174
13511 2175
13512 2176
13513 2177
13514 2178
13515 2179
13516 2180
13517 2181
13518 2182
13519 2183
13520 2184
13521 2185
13522 2186
13523 2187
13524 2188
13525 2189
13526 2190
13527 2191
13528 2192
13529 2193
13530 2194
13531 2195
13532 2196
13533 2197
13534 2198
13535 2199
13536 2200
13537 2201
13538 2202
13539 2203
13540 2204
13541 2205
13542 2206
13543 2207
13544 2208
13545 2209
13546 2210
13547 2211
13548 2212
13549 2213
13550 2214
13551 2215
13552 2216
13553 2217
13554 2218
13555 2219
13556 2220
13557 2221
13558 2222
13559 2223
13560 2224
13561 2225
13562 2226
13563 2227
13564 2228
13565 2229
13566 2230
13567 2231
13568 2232
13569 2233
13570 2234
13571 2235
13572 2236
13573 2237
13574 2238
13575 2239
13576 2240
13577 2241
13578 2242
13579 2243
13580 2244
13581 2245
13582 2246
13583 2247
13584 2248
13585 2249
13586 2250
13587 2251
13588 2252
13589 2253
13590 2254
13591 2255
13592 2256
13593 2257
13594 2258
13595 2259
13596 2260
13597 2261
13598 2262
13599 2263
13600 2264
13601 2265
13602 2266
13603 2267
13604 2268
13605 2269
13606 2270
13607 2271
13608 2272
13609 2273
13610 2274
13611 2275
13612 2276
13613 2277
13614 2278
13615 2279
13616 2280
13617 2281
13618 2282
13619 2283
13620 2284
13621 2285
13622 2286
13623 2287
13624 2288
13625 2289
13626 2290
13627 2291
13628 2292
13629 2293
13630 2294
13631 2295
13632 2296
13633 2297
13634 2298
13635 2299
13636 2300
13637 2301
13638 2302
13639 2303
13640 1920
13641 1921
13642 1922
13643 1923
13644 1924
13645 1925
13646 1926
13647 1927
13648 1928
13649 1929
13650 1930
13651 1931
13652 1932
13653 1933
13654 1934
13655 1935
13656 1936
13657 1937
13658 1938
13659 1939
13660 1940
13661 1941
13662 1942
13663 1943
13664 1944
13665 1945
13666 1946
13667 1947
13668 1948
13669 1949
13670 1950
13671 1951
13672 1952
13673 1953
13674 1954
13675 1955
13676 1956
13677 1957
13678 1958
13679 1959
13680 1960
13681 1961
13682 1962
13683 1963
13684 1964
13685 1965
13686 1966
13687 1967
13688 1968
13689 1969
13690 1970
13691 1971
13692 1972
13693 1973
13694 1974
13695 1975
13696 1976
13697 1977
13698 1978
13699 1979
13700 1980
13701 1981
13702 1982
13703 1983
13704 1984
13705 1985
13706 1986
13707 1987
13708 1988
13709 1989
13710 1990
13711 1991
13712 1992
13713 1993
13714 1994
13715 1995
13716 1996
13717 1997
13718 1998
13719 1999
13720 2000
13721 2001
13722 2002
13723 2003
13724 2004
13725 2005
13726 2006
13727 2007
13728 2008
13729 2009
13730 2010
13731 2011
13732 2012
13733 2013
13734 2014
13735 2015
13736 2016
13737 2017
13738 2018
13739 2019
13740 2020
13741 2021
13742 2022
13743 2023
13744 2024
13745 2025
13746 2026
13747 2027
13748 2028
13749 2029
13750 2030
13751 2031
13752 2032
13753 2033
13754 2034
13755 2035
13756 2036
13757 2037
13758 2038
13759 2039
13760 2040
13761 2041
13762 2042
13763 2043
13764 2044
13765 2045
13766 2046
13767 2047
13768 2048
13769 2049
13770 2050
13771 2051
13772 2052
13773 2053
13774 2054
13775 2055
13776 2056
13777 2057
13778 2058
13779 2059
13780 2060
13781 2061
13782 2062
13783 2063
13784 2064
13785 2065
13786 2066
13787 2067
13788 2068
13789 2069
13790 2070
13791 2071
13792 2072
13793 2073
13794 2074
13795 2075
13796 2076
13797 2077
13798 2078
13799 2079
13800 2080
13801 2081
13802 2082
13803 2083
13804 2084
13805 2085
13806 2086
13807 2087
13808 2088
13809 2089
13810 2090
13811 2091
13812 2092
13813 2093
13814 2094
13815 2095
13816 2096
13817 2097
13818 2098
13819 2099
13820 2100
13821 2101
13822 2102
13823 2103
13440 4242
13441 4243
13442 4244
13443 4245
13444 4246
13445 4247
13446 4248
13447 4249
13448 4250
13449 4251
13450 4252
13451 4253
13452 4254
13453 4255
13454 4256
13455 4257
13456 4258
13457 4259
13458 4260
13459 4261
13460 4262
13461 4263
13462 4264
13463 4265
13464 4266
13465 4267
13466 4268
13467 4269
13468 4270
13469 4271
13470 4272
13471 4273
13472 4274
13473 4275
13474 4276
13475 4277
13476 4278
13477 4279
13478 4280
13479 4281
13480 4282
13481 4283
13482 4284
13483 4285
13484 4286
13485 4287
13486 4288
13487 4289
13488 4290
13489 4291
13490 4292
13491 4293
13492 4294
13493 4295
13494 4296
13495 4297
13496 4298
13497 4299
13498 4300
13499 4301
13500 4302
13501 4303
13502 4304
13503 4305
13504 4306
13505 4307
13506 4308
13507 4309
13508 4310
13509 4311
13510 4312
13511 4313
13512 4314
13513 4315
13514 4316
13515 4317
13516 4318
13517 4319
13518 4320
13519 4321
13520 4322
13521 4323
13522 4324
13523 4325
13524 4326
13525 4327
13526 4328
13527 4329
13528 4330
13529 4331
13530 4332
13531 4333
13532 4334
13533 4335
13534 4336
13535 4337
13536 4338
13537 4339
13538 4340
13539 4341
13540 4342
13541 4343
13542 4344
13543 4345
13544 4346
13545 4347
13546 4348
13547 4349
13548 4350
13549 4351
13550 4352
13551 4353
13552 4354
13553 4355
13554 4356
13555 4357
13556 4358
13557 4359
13558 4360
13559 4361
13560 4362
13561 4363
13562 4364
13563 4365
13564 4366
13565 4367
13566 4368
13567 4369
13568 4370
13569 4371
13570 4372
13571 4373
13572 4374
13573 4375
13574 4376
13575 4377
13576 4378
13577 4379
13578 4380
13579 4381
13580 4382
13581 4383
13582 4384
13583 4385
13584 4386
13585 4387
13586 4388
13587 4389
13588 4390
13589 4391
13590 4392
13591 4393
13592 4394
13593 4395
13594 4396
13595 4397
13596 4398
13597 4399
13598 4400
13599 4401
13600 4402
13601 4403
13602 4404
13603 4405
13604 4406
13605 4407
13606 4408
13607 4409
13608 4410
13609 4411
13610 4412
13611 4413
13612 4414
13613 4415
13614 4416
13615 4417
13616 4418
13617 4419
13618 4420
13619 4421
13620 4422
13621 4423
13622 4424
13623 4425
13624 4426
13625 4427
13626 4428
13627 4429
13628 4430
13629 4431
13630 4432
13631 4433
13632 4434
13633 4435
13634 4436
13635 4437
13636 4438
13637 4439
13638 4440
13639 4441
13640 4442
13641 4443
13642 4444
13643 4445
13644 4446
13645 4447
13646 4448
13647 4449
13648 4450
13649 4451
13650 4452
13651 4453
13652 4454
13653 4455
13654 4456
13655 4457
13656 4458
13657 4459
13658 4460
13659 4461
13660 4462
13661 4463
13662 4464
13663 4465
13664 4466
13665 4467
13666 4468
13667 4469
13668 4470
13669 4471
13670 4472
13671 4473
13672 4474
13673 4475
13674 4476
13675 4477
13676 4478
13677 4479
13678 4480
13679 4481
13680 4482
13681 4483
13682 4484
13683 4485
13684 4486
13685 4487
13686 4488
13687 4489
13688 4490
13689 4491
13690 4492
13691 4493
13692 4494
13693 4495
13694 4496
13695 4497
13696 4498
13697 4499
13698 4500
13699 4501
13700 4502
13701 4503
13702 4504
13703 4505
13704 4506
13705 4507
13706 4508
13707 4509
13708 4510
13709 4511
13710 4512
13711 4513
13712 4514
13713 4515
13714 4516
13715 4517
13716 4518
13717 4519
13718 4520
13719 4521
13720 4522
13721 4523
13722 4524
13723 4525
13724 4526
13725 4527
13726 4528
13727 4529
13728 4530
13729 4531
13730 4532
13731 4533
13732 4534
13733 4535
13734 4536
13735 4537
13736 4538
13737 4539
13738 4540
13739 4541
13740 4542
13741 4543
13742 4544
13743 4545
13744 4546
13745 4547
13746 4548
13747 4549
13748 4550
13749 4551
13750 4552
13751 4553
13752 4554
13753 4555
13754 4556
13755 4557
13756 4558
13757 4559
13758 4560
13759 4561
13760 4562
13761 4563
13762 4564
13763 4565
13764 4566
13765 4567
13766 4568
13767 4569
13768 4570
13769 4571
13770 4572
13771 4573
13772 4574
13773 4575
13774 4576
13775 4577
13776 4578
13777 4579
13778 4580
13779 4581
13780 4582
13781 4583
13782 4584
13783 4585
13784 4586
13785 4587
13786 4588
13787 4589
13788 4590
13789 4591
13790 4592
13791 4593
13792 4594
13793 4595
13794 4596
13795 4597
13796 4598
13797 4599
13798 4600
13799 4601
13800 4602
13801 4603
13802 4604
13803 4605
13804 4606
13805 4607
13806 4224
13807 4225
13808 4226
13809 4227
13810 4228
13811 4229
13812 4230
13813 4231
13814 4232
13815 4233
13816 4234
13817 4235
13818 4236
13819 4237
13820 4238
13821 4239
13822 4240
13823 4241
13440 17280
13441 17281
13442 17282
13443 17283
13444 17284
13445 17285
13446 17286
13447 17287
13448 17288
13449 17289
13450 17290
13451 17291
13452 17292
13453 17293
13454 17294
13455 17295
13456 17296
13457 17297
13458 17298
13459 17299
13460 17300
13461 17301
13462 17302
13463 17303
13464 17304
13465 17305
13466 17306
13467 17307
13468 17308
13469 17309
13470 17310
13471 17311
13472 17312
13473 17313
13474 17314
13475 17315
13476 17316
13477 17317
13478 17318
13479 17319
13480 17320
13481 17321
13482 17322
13483 17323
13484 17324
13485 17325
13486 17326
13487 17327
13488 17328
13489 17329
13490 17330
13491 17331
13492 17332
13493 17333
13494 17334
13495 17335
13496 17336
13497 17337
13498 17338
13499 17339
13500 17340
13501 17341
13502 17342
13503 17343
13504 17344
13505 17345
13506 17346
13507 17347
13508 17348
13509 17349
13510 17350
13511 17351
13512 17352
13513 17353
13514 17354
13515 17355
13516 17356
13517 17357
13518 17358
13519 17359
13520 17360
13521 17361
13522 17362
13523 17363
13524 17364
13525 17365
13526 17366
13527 17367
13528 17368
13529 17369
13530 17370
13531 17371
13532 17372
13533 17373
13534 17374
13535 17375
13536 17376
13537 17377
13538 17378
13539 17379
13540 17380
13541 17381
13542 17382
13543 17383
13544 17384
13545 17385
13546 17386
13547 17387
13548 17388
13549 17389
13550 17390
13551 17391
13552 17392
13553 17393
13554 17394
13555 17395
13556 17396
13557 17397
13558 17398
13559 17399
13560 17400
13561 17401
13562 17402
13563 17403
13564 17404
13565 17405
13566 17406
13567 17407
13568 17408
13569 17409
13570 17410
13571 17411
13572 17412
13573 17413
13574 17414
13575 17415
13576 17416
13577 17417
13578 17418
13579 17419
13580 17420
13581 17421
13582 17422
13583 17423
13584 17424
13585 17425
13586 17426
13587 17427
13588 17428
13589 17429
13590 17430
13591 17431
13592 17432
13593 17433
13594 17434
13595 17435
13596 17436
13597 17437
13598 17438
13599 17439
13600 17440
13601 17441
13602 17442
13603 17443
13604 17444
13605 17445
13606 17446
13607 17447
13608 17448
13609 17449
13610 17450
13611 17451
13612 17452
13613 17453
13614 17454
13615 17455
13616 17456
13617 17457
13618 17458
13619 17459
13620 17460
13621 17461
13622 17462
13623 17463
13624 17464
13625 17465
13626 17466
13627 17467
13628 17468
13629 17469
13630 17470
13631 17471
13632 17472
13633 17473
13634 17474
13635 17475
13636 17476
13637 17477
13638 17478
13639 17479
13640 17480
13641 17481
13642 17482
13643 17483
13644 17484
13645 17485
13646 17486
13647 17487
13648 17488
13649 17489
13650 17490
13651 17491
13652 17492
13653 17493
13654 17494
13655 17495
13656 17496
13657 17497
13658 17498
13659 17499
13660 17500
13661 17501
13662 17502
13663 17503
13664 17504
13665 17505
13666 17506
13667 17507
13668 17508
13669 17509
13670 17510
13671 17511
13672 17512
13673 17513
13674 17514
13675 17515
13676 17516
13677 17517
13678 17518
13679 17519
13680 17520
13681 17521
13682 17522
13683 17523
13684 17524
13685 17525
13686 17526
13687 17527
13688 17528
13689 17529
13690 17530
13691 17531
13692 17532
13693 17533
13694 17534
13695 17535
13696 17536
13697 17537
13698 17538
13699 17539
13700 17540
13701 17541
13702 17542
13703 17543
13704 17544
13705 17545
13706 17546
13707 17547
13708 17548
13709 17549
13710 17550
13711 17551
13712 17552
13713 17553
13714 17554
13715 17555
13716 17556
13717 17557
13718 17558
13719 17559
13720 17560
13721 17561
13722 17562
13723 17563
13724 17564
13725 17565
13726 17566
13727 17567
13728 17568
13729 17569
13730 17570
13731 17571
13732 17572
13733 17573
13734 17574
13735 17575
13736 17576
13737 17577
13738 17578
13739 17579
13740 17580
13741 17581
13742 17582
13743 17583
13744 17584
13745 17585
13746 17586
13747 17587
13748 17588
13749 17589
13750 17590
13751 17591
13752 17592
13753 17593
13754 17594
13755 17595
13756 17596
13757 17597
13758 17598
13759 17599
13760 17600
13761 17601
13762 17602
13763 17603
13764 17604
13765 17605
13766 17606
13767 17607
13768 17608
13769 17609
13770 17610
13771 17611
13772 17612
13773 17613
13774 17614
13775 17615
13776 17616
13777 17617
13778 17618
13779 17619
13780 17620
13781 17621
13782 17622
13783 17623
13784 17624
13785 17625
13786 17626
13787 17627
13788 17628
13789 17629
13790 17630
13791 17631
13792 17632
13793 17633
13794 17634
13795 17635
13796 17636
13797 17637
13798 17638
13799 17639
13800 17640
13801 17641
13802 17642
13803 17643
13804 17644
13805 17645
13806 17646
13807 17647
13808 17648
13809 17649
13810 17650
13811 17651
13812 17652
13813 17653
13814 17654
13815 17655
13816 17656
13817 17657
13818 17658
13819 17659
13820 17660
13821 17661
13822 17662
13823 17663
13824 25
13825 26
13826 27
13827 28
13828 29
13829 30
13830 31
13831 32
13832 33
13833 34
13834 35
13835 36
13836 37
13837 38
13838 39
13839 40
13840 41
13841 42
13842 43
13843 44
13844 45
13845 46
13846 47
13847 48
13848 49
13849 50
13850 51
13851 52
13852 53
13853 54
13854 55
13855 56
13856 57
13857 58
13858 59
13859 60
13860 61
13861 62
13862 63
13863 64
13864 65
13865 66
13866 67
13867 68
13868 69
13869 70
13870 71
13871 72
13872 73
13873 74
13874 75
13875 76
13876 77
13877 78
13878 79
13879 80
13880 81
13881 82
13882 83
13883 84
13884 85
13885 86
13886 87
13887 88
13888 89
13889 90
13890 91
13891 92
13892 93
13893 94
13894 95
13895 96
13896 97
13897 98
13898 99
13899 100
13900 101
13901 102
13902 103
13903 104
13904 105
13905 106
13906 107
13907 108
13908 109
13909 110
13910 111
13911 112
13912 113
13913 114
13914 115
13915 116
13916 117
13917 118
13918 119
13919 120
13920 121
13921 122
13922 123
13923 124
13924 125
13925 126
13926 127
13927 128
13928 129
13929 130
13930 131
13931 132
13932 133
13933 134
13934 135
13935 136
13936 137
13937 138
13938 139
13939 140
13940 141
13941 142
13942 143
13943 144
13944 145
13945 146
13946 147
13947 148
13948 149
13949 150
13950 151
13951 152
13952 153
13953 154
13954 155
13955 156
13956 157
13957 158
13958 159
13959 160
13960 161
13961 162
13962 163
13963 164
13964 165
13965 166
13966 167
13967 168
13968 169
13969 170
13970 171
13971 172
13972 173
13973 174
13974 175
13975 176
13976 177
13977 178
13978 179
13979 180
13980 181
13981 182
13982 183
13983 184
13984 185
13985 186
13986 187
13987 188
13988 189
13989 190
13990 191
13991 192
13992 193
13993 194
13994 195
13995 196
13996 197
13997 198
13998 199
13999 200
14000 201
14001 202
14002 203
14003 204
14004 205
14005 206
14006 207
14007 208
14008 209
14009 210
14010 211
14011 212
14012 213
14013 214
14014 215
14015 216
14016 217
14017 218
14018 219
14019 220
14020 221
14021 222
14022 223
14023 224
14024 225
14025 226
14026 227
14027 228
14028 229
14029 230
14030 231
14031 232
14032 233
14033 234
14034 235
14035 236
14036 237
14037 238
14038 239
14039 240
14040 241
14041 242
14042 243
14043 244
14044 245
14045 246
14046 247
14047 248
14048 249
14049 250
14050 251
14051 252
14052 253
14053 254
14054 255
14055 256
14056 257
14057 258
14058 259
14059 260
14060 261
14061 262
14062 263
14063 264
14064 265
14065 266
14066 267
14067 268
14068 269
14069 270
14070 271
14071 272
14072 273
14073 274
14074 275
14075 276
14076 277
14077 278
14078 279
14079 280
14080 281
14081 282
14082 283
14083 284
14084 285
14085 286
14086 287
14087 288
14088 289
14089 290
14090 291
14091 292
14092 293
14093 294
14094 295
14095 296
14096 297
14097 298
14098 299
14099 300
14100 301
14101 302
14102 303
14103 304
14104 305
14105 306
14106 307
14107 308
14108 309
14109 310
14110 311
14111 312
14112 313
14113 314
14114 315
14115 316
14116 317
14117 318
14118 319
14119 320
14120 321
14121 322
14122 323
14123 324
14124 325
14125 326
14126 327
14127 328
14128 329
14129 330
14130 331
14131 332
14132 333
14133 334
14134 335
14135 336
14136 337
14137 338
14138 339
14139 340
14140 341
14141 342
14142 343
14143 344
14144 345
14145 346
14146 347
14147 348
14148 349
14149 350
14150 351
14151 352
14152 353
14153 354
14154 355
14155 356
14156 357
14157 358
14158 359
14159 360
14160 361
14161 362
14162 363
14163 364
14164 365
14165 366
14166 367
14167 368
14168 369
14169 370
14170 371
14171 372
14172 373
14173 374
14174 375
14175 376
14176 377
14177 378
14178 379
14179 380
14180 381
14181 382
14182 383
14183 0
14184 1
14185 2
14186 3
14187 4
14188 5
14189 6
14190 7
14191 8
14192 9
14193 10
14194 11
14195 12
14196 13
14197 14
14198 15
14199 16
14200 17
14201 18
14202 19
14203 20
14204 21
14205 22
14206 23
14207 24
13824 919
13825 920
13826 921
13827 922
13828 923
13829 924
13830 925
13831 926
13832 927
13833 928
13834 929
13835 930
13836 931
13837 932
13838 933
13839 934
13840 935
13841 936
13842 937
13843 938
13844 939
13845 940
13846 941
13847 942
13848 943
13849 944
13850 945
13851 946
13852 947
13853 948
13854 949
13855 950
13856 951
13857 952
13858 953
13859 954
13860 955
13861 956
13862 957
13863 958
13864 959
13865 960
13866 961
13867 962
13868 963
13869 964
13870 965
13871 966
13872 967
13873 968
13874 969
13875 970
13876 971
13877 972
13878 973
13879 974
13880 975
13881 976
13882 977
13883 978
13884 979
13885 980
13886 981
13887 982
13888 983
13889 984
13890 985
13891 986
13892 987
13893 988
13894 989
13895 990
13896 991
13897 992
13898 993
13899 994
13900 995
13901 996
13902 997
13903 998
13904 999
13905 1000
13906 1001
13907 1002
13908 1003
13909 1004
13910 1005
13911 1006
13912 1007
13913 1008
13914 1009
13915 1010
13916 1011
13917 1012
13918 1013
13919 1014
13920 1015
13921 1016
13922 1017
13923 1018
13924 1019
13925 1020
13926 1021
13927 1022
13928 1023
13929 1024
13930 1025
13931 1026
13932 1027
13933 1028
13934 1029
13935 1030
13936 1031
13937 1032
13938 1033
13939 1034
13940 1035
13941 1036
13942 1037
13943 1038
13944 1039
13945 1040
13946 1041
13947 1042
13948 1043
13949 1044
13950 1045
13951 1046
13952 1047
13953 1048
13954 1049
13955 1050
13956 1051
13957 1052
13958 1053
13959 1054
13960 1055
13961 1056
13962 1057
13963 1058
13964 1059
13965 1060
13966 1061
13967 1062
13968 1063
13969 1064
13970 1065
13971 1066
13972 1067
13973 1068
13974 1069
13975 1070
13976 1071
13977 1072
13978 1073
13979 1074
13980 1075
13981 1076
13982 1077
13983 1078
13984 1079
13985 1080
13986 1081
13987 1082
13988 1083
13989 1084
13990 1085
13991 1086
13992 1087
13993 1088
13994 1089
13995 1090
13996 1091
13997 1092
13998 1093
13999 1094
14000 1095
14001 1096
14002 1097
14003 1098
14004 1099
14005 1100
14006 1101
14007 1102
14008 1103
14009 1104
14010 1105
14011 1106
14012 1107
14013 1108
14014 1109
14015 1110
14016 1111
14017 1112
14018 1113
14019 1114
14020 1115
14021 1116
14022 1117
14023 1118
14024 1119
14025 1120
14026 1121
14027 1122
14028 1123
14029 1124
14030 1125
14031 1126
14032 1127
14033 1128
14034 1129
14035 1130
14036 1131
14037 1132
14038 1133
14039 1134
14040 1135
14041 1136
14042 1137
14043 1138
14044 1139
14045 1140
14046 1141
14047 1142
14048 1143
14049 1144
14050 1145
14051 1146
14052 1147
14053 1148
14054 1149
14055 1150
14056 1151
14057 768
14058 769
14059 770
14060 771
14061 772
14062 773
14063 774
14064 775
14065 776
14066 777
14067 778
14068 779
14069 780
14070 781
14071 782
14072 783
14073 784
14074 785
14075 786
14076 787
14077 788
14078 789
14079 790
14080 791
14081 792
14082 793
14083 794
14084 795
14085 796
14086 797
14087 798
14088 799
14089 800
14090 801
14091 802
14092 803
14093 804
14094 805
14095 806
14096 807
14097 808
14098 809
14099 810
14100 811
14101 812
14102 813
14103 814
14104 815
14105 816
14106 817
14107 818
14108 819
14109 820
14110 821
14111 822
14112 823
14113 824
14114 825
14115 826
14116 827
14117 828
14118 829
14119 830
14120 831
14121 832
14122 833
14123 834
14124 835
14125 836
14126 837
14127 838
14128 839
14129 840
14130 841
14131 842
14132 843
14133 844
14134 845
14135 846
14136 847
14137 848
14138 849
14139 850
14140 851
14141 852
14142 853
14143 854
14144 855
14145 856
14146 857
14147 858
14148 859
14149 860
14150 861
14151 862
14152 863
14153 864
14154 865
14155 866
14156 867
14157 868
14158 869
14159 870
14160 871
14161 872
14162 873
14163 874
14164 875
14165 876
14166 877
14167 878
14168 879
14169 880
14170 881
14171 882
14172 883
14173 884
14174 885
14175 886
14176 887
14177 888
14178 889
14179 890
14180 891
14181 892
14182 893
14183 894
14184 895
14185 896
14186 897
14187 898
14188 899
14189 900
14190 901
14191 902
14192 903
14193 904
14194 905
14195 906
14196 907
14197 908
14198 909
14199 910
14200 911
14201 912
14202 913
14203 914
14204 915
14205 916
14206 917
14207 918
13824 2858
13825 2859
13826 2860
13827 2861
13828 2862
13829 2863
13830 2864
13831 2865
13832 2866
13833 2867
13834 2868
13835 2869
13836 2870
13837 2871
13838 2872
13839 2873
13840 2874
13841 2875
13842 2876
13843 2877
13844 2878
13845 2879
13846 2880
13847 2881
13848 2882
13849 2883
13850 2884
13851 2885
13852 2886
13853 2887
13854 2888
13855 2889
13856 2890
13857 2891
13858 2892
13859 2893
13860 2894
13861 2895
13862 2896
13863 2897
13864 2898
13865 2899
13866 2900
13867 2901
13868 2902
13869 2903
13870 2904
13871 2905
13872 2906
13873 2907
13874 2908
13875 2909
13876 2910
13877 2911
13878 2912
13879 2913
13880 2914
13881 2915
13882 2916
13883 2917
13884 2918
13885 2919
13886 2920
13887 2921
13888 2922
13889 2923
13890 2924
13891 2925
13892 2926
13893 2927
13894 2928
13895 2929
13896 2930
13897 2931
13898 2932
13899 2933
13900 2934
13901 2935
13902 2936
13903 2937
13904 2938
13905 2939
13906 2940
13907 2941
13908 2942
13909 2943
13910 2944
13911 2945
13912 2946
13913 2947
13914 2948
13915 2949
13916 2950
13917 2951
13918 2952
13919 2953
13920 2954
13921 2955
13922 2956
13923 2957
13924 2958
13925 2959
13926 2960
13927 2961
13928 2962
13929 2963
13930 2964
13931 2965
13932 2966
13933 2967
13934 2968
13935 2969
13936 2970
13937 2971
13938 2972
13939 2973
13940 2974
13941 2975
13942 2976
13943 2977
13944 2978
13945 2979
13946 2980
13947 2981
13948 2982
13949 2983
13950 2984
13951 2985
13952 2986
13953 2987
13954 2988
13955 2989
13956 2990
13957 2991
13958 2992
13959 2993
13960 2994
13961 2995
13962 2996
13963 2997
13964 2998
13965 2999
13966 3000
13967 3001
13968 3002
13969 3003
13970 3004
13971 3005
13972 3006
13973 3007
13974 3008
13975 3009
13976 3010
13977 3011
13978 3012
13979 3013
13980 3014
13981 3015
13982 3016
13983 3017
13984 3018
13985 3019
13986 3020
13987 3021
13988 3022
13989 3023
13990 3024
13991 3025
13992 3026
13993 3027
13994 3028
13995 3029
13996 3030
13997 3031
13998 3032
13999 3033
14000 3034
14001 3035
14002 3036
14003 3037
14004 3038
14005 3039
14006 3040
14007 3041
14008 3042
14009 3043
14010 3044
14011 3045
14012 3046
14013 3047
14014 3048
14015 3049
14016 3050
14017 3051
14018 3052
14019 3053
14020 3054
14021 3055
14022 3056
14023 3057
14024 3058
14025 3059
14026 3060
14027 3061
14028 3062
14029 3063
14030 3064
14031 3065
14032 3066
14033 3067
14034 3068
14035 3069
14036 3070
14037 3071
14038 2688
14039 2689
14040 2690
14041 2691
14042 2692
14043 2693
14044 2694
14045 2695
14046 2696
14047 2697
14048 2698
14049 2699
14050 2700
14051 2701
14052 2702
14053 2703
14054 2704
14055 2705
14056 2706
14057 2707
14058 2708
14059 2709
14060 2710
14061 2711
14062 2712
14063 2713
14064 2714
14065 2715
14066 2716
14067 2717
14068 2718
14069 2719
14070 2720
14071 2721
14072 2722
14073 2723
14074 2724
14075 2725
14076 2726
14077 2727
14078 2728
14079 2729
14080 2730
14081 2731
14082 2732
14083 2733
14084 2734
14085 2735
14086 2736
14087 2737
14088 2738
14089 2739
14090 2740
14091 2741
14092 2742
14093 2743
14094 2744
14095 2745
14096 2746
14097 2747
14098 2748
14099 2749
14100 2750
14101 2751
14102 2752
14103 2753
14104 2754
14105 2755
14106 2756
14107 2757
14108 2758
14109 2759
14110 2760
14111 2761
14112 2762
14113 2763
14114 2764
14115 2765
14116 2766
14117 2767
14118 2768
14119 2769
14120 2770
14121 2771
14122 2772
14123 2773
14124 2774
14125 2775
14126 2776
14127 2777
14128 2778
14129 2779
14130 2780
14131 2781
14132 2782
14133 2783
14134 2784
14135 2785
14136 2786
14137 2787
14138 2788
14139 2789
14140 2790
14141 2791
14142 2792
14143 2793
14144 2794
14145 2795
14146 2796
14147 2797
14148 2798
14149 2799
14150 2800
14151 2801
14152 2802
14153 2803
14154 2804
14155 2805
14156 2806
14157 2807
14158 2808
14159 2809
14160 2810
14161 2811
14162 2812
14163 2813
14164 2814
14165 2815
14166 2816
14167 2817
14168 2818
14169 2819
14170 2820
14171 2821
14172 2822
14173 2823
14174 2824
14175 2825
14176 2826
14177 2827
14178 2828
14179 2829
14180 2830
14181 2831
14182 2832
14183 2833
14184 2834
14185 2835
14186 2836
14187 2837
14188 2838
14189 2839
14190 2840
14191 2841
14192 2842
14193 2843
14194 2844
14195 2845
14196 2846
14197 2847
14198 2848
14199 2849
14200 2850
14201 2851
14202 2852
14203 2853
14204 2854
14205 2855
14206 2856
14207 2857
13824 17664
13825 17665
13826 17666
13827 17667
13828 17668
13829 17669
13830 17670
13831 17671
13832 17672
13833 17673
13834 17674
13835 17675
13836 17676
13837 17677
13838 17678
13839 17679
13840 17680
13841 17681
13842 17682
13843 17683
13844 17684
13845 17685
13846 17686
13847 17687
13848 17688
13849 17689
13850 17690
13851 17691
13852 17692
13853 17693
13854 17694
13855 17695
13856 17696
13857 17697
13858 17698
13859 17699
13860 17700
13861 17701
13862 17702
13863 17703
13864 17704
13865 17705
13866 17706
13867 17707
13868 17708
13869 17709
13870 17710
13871 17711
13872 17712
13873 17713
13874 17714
13875 17715
13876 17716
13877 17717
13878 17718
13879 17719
13880 17720
13881 17721
13882 17722
13883 17723
13884 17724
13885 17725
13886 17726
13887 17727
13888 17728
13889 17729
13890 17730
13891 17731
13892 17732
13893 17733
13894 17734
13895 17735
13896 17736
13897 17737
13898 17738
13899 17739
13900 17740
13901 17741
13902 17742
13903 17743
13904 17744
13905 17745
13906 17746
13907 17747
13908 17748
13909 17749
13910 17750
13911 17751
13912 17752
13913 17753
13914 17754
13915 17755
13916 17756
13917 17757
13918 17758
13919 17759
13920 17760
13921 17761
13922 17762
13923 17763
13924 17764
13925 17765
13926 17766
13927 17767
13928 17768
13929 17769
13930 17770
13931 17771
13932 17772
13933 17773
13934 17774
13935 17775
13936 17776
13937 17777
13938 17778
13939 17779
13940 17780
13941 17781
13942 17782
13943 17783
13944 17784
13945 17785
13946 17786
13947 17787
13948 17788
13949 17789
13950 17790
13951 17791
13952 17792
13953 17793
13954 17794
13955 17795
13956 17796
13957 17797
13958 17798
13959 17799
13960 17800
13961 17801
13962 17802
13963 17803
13964 17804
13965 17805
13966 17806
13967 17807
13968 17808
13969 17809
13970 17810
13971 17811
13972 17812
13973 17813
13974 17814
13975 17815
13976 17816
13977 17817
13978 17818
13979 17819
13980 17820
13981 17821
13982 17822
13983 17823
13984 17824
13985 17825
13986 17826
13987 17827
13988 17828
13989 17829
13990 17830
13991 17831
13992 17832
13993 17833
13994 17834
13995 17835
13996 17836
13997 17837
13998 17838
13999 17839
14000 17840
14001 17841
14002 17842
14003 17843
14004 17844
14005 17845
14006 17846
14007 17847
14008 17848
14009 17849
14010 17850
14011 17851
14012 17852
14013 17853
14014 17854
14015 17855
14016 17856
14017 17857
14018 17858
14019 17859
14020 17860
14021 17861
14022 17862
14023 17863
14024 17864
14025 17865
14026 17866
14027 17867
14028 17868
14029 17869
14030 17870
14031 17871
14032 17872
14033 17873
14034 17874
14035 17875
14036 17876
14037 17877
14038 17878
14039 17879
14040 17880
14041 17881
14042 17882
14043 17883
14044 17884
14045 17885
14046 17886
14047 17887
14048 17888
14049 17889
14050 17890
14051 17891
14052 17892
14053 17893
14054 17894
14055 17895
14056 17896
14057 17897
14058 17898
14059 17899
14060 17900
14061 17901
14062 17902
14063 17903
14064 17904
14065 17905
14066 17906
14067 17907
14068 17908
14069 17909
14070 17910
14071 17911
14072 17912
14073 17913
14074 17914
14075 17915
14076 17916
14077 17917
14078 17918
14079 17919
14080 17920
14081 17921
14082 17922
14083 17923
14084 17924
14085 17925
14086 17926
14087 17927
14088 17928
14089 17929
14090 17930
14091 17931
14092 17932
14093 17933
14094 17934
14095 17935
14096 17936
14097 17937
14098 17938
14099 17939
14100 17940
14101 17941
14102 17942
14103 17943
14104 17944
14105 17945
14106 17946
14107 17947
14108 17948
14109 17949
14110 17950
14111 17951
14112 17952
14113 17953
14114 17954
14115 17955
14116 17956
14117 17957
14118 17958
14119 17959
14120 17960
14121 17961
14122 17962
14123 17963
14124 17964
14125 17965
14126 17966
14127 17967
14128 17968
14129 17969
14130 17970
14131 17971
14132 17972
14133 17973
14134 17974
14135 17975
14136 17976
14137 17977
14138 17978
14139 17979
14140 17980
14141 17981
14142 17982
14143 17983
14144 17984
14145 17985
14146 17986
14147 17987
14148 17988
14149 17989
14150 17990
14151 17991
14152 17992
14153 17993
14154 17994
14155 17995
14156 17996
14157 17997
14158 17998
14159 17999
14160 18000
14161 18001
14162 18002
14163 18003
14164 18004
14165 18005
14166 18006
14167 18007
14168 18008
14169 18009
14170 18010
14171 18011
14172 18012
14173 18013
14174 18014
14175 18015
14176 18016
14177 18017
14178 18018
14179 18019
14180 18020
14181 18021
14182 18022
14183 18023
14184 18024
14185 18025
14186 18026
14187 18027
14188 18028
14189 18029
14190 18030
14191 18031
14192 18032
14193 18033
14194 18034
14195 18035
14196 18036
14197 18037
14198 18038
14199 18039
14200 18040
14201 18041
14202 18042
14203 18043
14204 18044
14205 18045
14206 18046
14207 18047
14208 3877
14209 3878
14210 3879
14211 3880
14212 3881
14213 3882
14214 3883
14215 3884
14216 3885
14217 3886
14218 3887
14219 3888
14220 3889
14221 3890
14222 3891
14223 3892
14224 3893
14225 3894
14226 3895
14227 3896
14228 3897
14229 3898
14230 3899
14231 3900
14232 3901
14233 3902
14234 3903
14235 3904
14236 3905
14237 3906
14238 3907
14239 3908
14240 3909
14241 3910
14242 3911
14243 3912
14244 3913
14245 3914
14246 3915
14247 3916
14248 3917
14249 3918
14250 3919
14251 3920
14252 3921
14253 3922
14254 3923
14255 3924
14256 3925
14257 3926
14258 3927
14259 3928
14260 3929
14261 3930
14262 3931
14263 3932
14264 3933
14265 3934
14266 3935
14267 3936
14268 3937
14269 3938
14270 3939
14271 3940
14272 3941
14273 3942
14274 3943
14275 3944
14276 3945
14277 3946
14278 3947
14279 3948
14280 3949
14281 3950
14282 3951
14283 3952
14284 3953
14285 3954
14286 3955
14287 3956
14288 3957
14289 3958
14290 3959
14291 3960
14292 3961
14293 3962
14294 3963
14295 3964
14296 3965
14297 3966
14298 3967
14299 3968
14300 3969
14301 3970
14302 3971
14303 3972
14304 3973
14305 3974
14306 3975
14307 3976
14308 3977
14309 3978
14310 3979
14311 3980
14312 3981
14313 3982
14314 3983
14315 3984
14316 3985
14317 3986
14318 3987
14319 3988
14320 3989
14321 3990
14322 3991
14323 3992
14324 3993
14325 3994
14326 3995
14327 3996
14328 3997
14329 3998
14330 3999
14331 4000
14332 4001
14333 4002
14334 4003
14335 4004
14336 4005
14337 4006
14338 4007
14339 4008
14340 4009
14341 4010
14342 4011
14343 4012
14344 4013
14345 4014
14346 4015
14347 4016
14348 4017
14349 4018
14350 4019
14351 4020
14352 4021
14353 4022
14354 4023
14355 4024
14356 4025
14357 4026
14358 4027
14359 4028
14360 4029
14361 4030
14362 4031
14363 4032
14364 4033
14365 4034
14366 4035
14367 4036
14368 4037
14369 4038
14370 4039
14371 4040
14372 4041
14373 4042
14374 4043
14375 4044
14376 4045
14377 4046
14378 4047
14379 4048
14380 4049
14381 4050
14382 4051
14383 4052
14384 4053
14385 4054
14386 4055
14387 4056
14388 4057
14389 4058
14390 4059
14391 4060
14392 4061
14393 4062
14394 4063
14395 4064
14396 4065
14397 4066
14398 4067
14399 4068
14400 4069
14401 4070
14402 4071
14403 4072
14404 4073
14405 4074
14406 4075
14407 4076
14408 4077
14409 4078
14410 4079
14411 4080
14412 4081
14413 4082
14414 4083
14415 4084
14416 4085
14417 4086
14418 4087
14419 4088
14420 4089
14421 4090
14422 4091
14423 4092
14424 4093
14425 4094
14426 4095
14427 4096
14428 4097
14429 4098
14430 4099
14431 4100
14432 4101
14433 4102
14434 4103
14435 4104
14436 4105
14437 4106
14438 4107
14439 4108
14440 4109
14441 4110
14442 4111
14443 4112
14444 4113
14445 4114
14446 4115
14447 4116
14448 4117
14449 4118
14450 4119
14451 4120
14452 4121
14453 4122
14454 4123
14455 4124
14456 4125
14457 4126
14458 4127
14459 4128
14460 4129
14461 4130
14462 4131
14463 4132
14464 4133
14465 4134
14466 4135
14467 4136
14468 4137
14469 4138
14470 4139
14471 4140
14472 4141
14473 4142
14474 4143
14475 4144
14476 4145
14477 4146
14478 4147
14479 4148
14480 4149
14481 4150
14482 4151
14483 4152
14484 4153
14485 4154
14486 4155
14487 4156
14488 4157
14489 4158
14490 4159
14491 4160
14492 4161
14493 4162
14494 4163
14495 4164
14496 4165
14497 4166
14498 4167
14499 4168
14500 4169
14501 4170
14502 4171
14503 4172
14504 4173
14505 4174
14506 4175
14507 4176
14508 4177
14509 4178
14510 4179
14511 4180
14512 4181
14513 4182
14514 4183
14515 4184
14516 4185
14517 4186
14518 4187
14519 4188
14520 4189
14521 4190
14522 4191
14523 4192
14524 4193
14525 4194
14526 4195
14527 4196
14528 4197
14529 4198
14530 4199
14531 4200
14532 4201
14533 4202
14534 4203
14535 4204
14536 4205
14537 4206
14538 4207
14539 4208
14540 4209
14541 4210
14542 4211
14543 4212
14544 4213
14545 4214
14546 4215
14547 4216
14548 4217
14549 4218
14550 4219
14551 4220
14552 4221
14553 4222
14554 4223
14555 3840
14556 3841
14557 3842
14558 3843
14559 3844
14560 3845
14561 3846
14562 3847
14563 3848
14564 3849
14565 3850
14566 3851
14567 3852
14568 3853
14569 3854
14570 3855
14571 3856
14572 3857
14573 3858
14574 3859
14575 3860
14576 3861
14577 3862
14578 3863
14579 3864
14580 3865
14581 3866
14582 3867
14583 3868
14584 3869
14585 3870
14586 3871
14587 3872
14588 3873
14589 3874
14590 3875
14591 3876
14208 5023
14209 5024
14210 5025
14211 5026
14212 5027
14213 5028
14214 5029
14215 5030
14216 5031
14217 5032
14218 5033
14219 5034
14220 5035
14221 5036
14222 5037
14223 5038
14224 5039
14225 5040
14226 5041
14227 5042
14228 5043
14229 5044
14230 5045
14231 5046
14232 5047
14233 5048
14234 5049
14235 5050
14236 5051
14237 5052
14238 5053
14239 5054
14240 5055
14241 5056
14242 5057
14243 5058
14244 5059
14245 5060
14246 5061
14247 5062
14248 5063
14249 5064
14250 5065
14251 5066
14252 5067
14253 5068
14254 5069
14255 5070
14256 5071
14257 5072
14258 5073
14259 5074
14260 5075
14261 5076
14262 5077
14263 5078
14264 5079
14265 5080
14266 5081
14267 5082
14268 5083
14269 5084
14270 5085
14271 5086
14272 5087
14273 5088
14274 5089
14275 5090
14276 5091
14277 5092
14278 5093
14279 5094
14280 5095
14281 5096
14282 5097
14283 5098
14284 5099
14285 5100
14286 5101
14287 5102
14288 5103
14289 5104
14290 5105
14291 5106
14292 5107
14293 5108
14294 5109
14295 5110
14296 5111
14297 5112
14298 5113
14299 5114
14300 5115
14301 5116
14302 5117
14303 5118
14304 5119
14305 5120
14306 5121
14307 5122
14308 5123
14309 5124
14310 5125
14311 5126
14312 5127
14313 5128
14314 5129
14315 5130
14316 5131
14317 5132
14318 5133
14319 5134
14320 5135
14321 5136
14322 5137
14323 5138
14324 5139
14325 5140
14326 5141
14327 5142
14328 5143
14329 5144
14330 5145
14331 5146
14332 5147
14333 5148
14334 5149
14335 5150
14336 5151
14337 5152
14338 5153
14339 5154
14340 5155
14341 5156
14342 5157
14343 5158
14344 5159
14345 5160
14346 5161
14347 5162
14348 5163
14349 5164
14350 5165
14351 5166
14352 5167
14353 5168
14354 5169
14355 5170
14356 5171
14357 5172
14358 5173
14359 5174
14360 5175
14361 5176
14362 5177
14363 5178
14364 5179
14365 5180
14366 5181
14367 5182
14368 5183
14369 5184
14370 5185
14371 5186
14372 5187
14373 5188
14374 5189
14375 5190
14376 5191
14377 5192
14378 5193
14379 5194
14380 5195
14381 5196
14382 5197
14383 5198
14384 5199
14385 5200
14386 5201
14387 5202
14388 5203
14389 5204
14390 5205
14391 5206
14392 5207
14393 5208
14394 5209
14395 5210
14396 5211
14397 5212
14398 5213
14399 5214
14400 5215
14401 5216
14402 5217
14403 5218
14404 5219
14405 5220
14406 5221
14407 5222
14408 5223
14409 5224
14410 5225
14411 5226
14412 5227
14413 5228
14414 5229
14415 5230
14416 5231
14417 5232
14418 5233
14419 5234
14420 5235
14421 5236
14422 5237
14423 5238
14424 5239
14425 5240
14426 5241
14427 5242
14428 5243
14429 5244
14430 5245
14431 5246
14432 5247
14433 5248
14434 5249
14435 5250
14436 5251
14437 5252
14438 5253
14439 5254
14440 5255
14441 5256
14442 5257
14443 5258
14444 5259
14445 5260
14446 5261
14447 5262
14448 5263
14449 5264
14450 5265
14451 5266
14452 5267
14453 5268
14454 5269
14455 5270
14456 5271
14457 5272
14458 5273
14459 5274
14460 5275
14461 5276
14462 5277
14463 5278
14464 5279
14465 5280
14466 5281
14467 5282
14468 5283
14469 5284
14470 5285
14471 5286
14472 5287
14473 5288
14474 5289
14475 5290
14476 5291
14477 5292
14478 5293
14479 5294
14480 5295
14481 5296
14482 5297
14483 5298
14484 5299
14485 5300
14486 5301
14487 5302
14488 5303
14489 5304
14490 5305
14491 5306
14492 5307
14493 5308
14494 5309
14495 5310
14496 5311
14497 5312
14498 5313
14499 5314
14500 5315
14501 5316
14502 5317
14503 5318
14504 5319
14505 5320
14506 5321
14507 5322
14508 5323
14509 5324
14510 5325
14511 5326
14512 5327
14513 5328
14514 5329
14515 5330
14516 5331
14517 5332
14518 5333
14519 5334
14520 5335
14521 5336
14522 5337
14523 5338
14524 5339
14525 5340
14526 5341
14527 5342
14528 5343
14529 5344
14530 5345
14531 5346
14532 5347
14533 5348
14534 5349
14535 5350
14536 5351
14537 5352
14538 5353
14539 5354
14540 5355
14541 5356
14542 5357
14543 5358
14544 5359
14545 5360
14546 5361
14547 5362
14548 5363
14549 5364
14550 5365
14551 5366
14552 5367
14553 5368
14554 5369
14555 5370
14556 5371
14557 5372
14558 5373
14559 5374
14560 5375
14561 4992
14562 4993
14563 4994
14564 4995
14565 4996
14566 4997
14567 4998
14568 4999
14569 5000
14570 5001
14571 5002
14572 5003
14573 5004
14574 5005
14575 5006
14576 5007
14577 5008
14578 5009
14579 5010
14580 5011
14581 5012
14582 5013
14583 5014
14584 5015
14585 5016
14586 5017
14587 5018
14588 5019
14589 5020
14590 5021
14591 5022
14208 18048
14209 18049
14210 18050
14211 18051
14212 18052
14213 18053
14214 18054
14215 18055
14216 18056
14217 18057
14218 18058
14219 18059
14220 18060
14221 18061
14222 18062
14223 18063
14224 18064
14225 18065
14226 18066
14227 18067
14228 18068
14229 18069
14230 18070
14231 18071
14232 18072
14233 18073
14234 18074
14235 18075
14236 18076
14237 18077
14238 18078
14239 18079
14240 18080
14241 18081
14242 18082
14243 18083
14244 18084
14245 18085
14246 18086
14247 18087
14248 18088
14249 18089
14250 18090
14251 18091
14252 18092
14253 18093
14254 18094
14255 18095
14256 18096
14257 18097
14258 18098
14259 18099
14260 18100
14261 18101
14262 18102
14263 18103
14264 18104
14265 18105
14266 18106
14267 18107
14268 18108
14269 18109
14270 18110
14271 18111
14272 18112
14273 18113
14274 18114
14275 18115
14276 18116
14277 18117
14278 18118
14279 18119
14280 18120
14281 18121
14282 18122
14283 18123
14284 18124
14285 18125
14286 18126
14287 18127
14288 18128
14289 18129
14290 18130
14291 18131
14292 18132
14293 18133
14294 18134
14295 18135
14296 18136
14297 18137
14298 18138
14299 18139
14300 18140
14301 18141
14302 18142
14303 18143
14304 18144
14305 18145
14306 18146
14307 18147
14308 18148
14309 18149
14310 18150
14311 18151
14312 18152
14313 18153
14314 18154
14315 18155
14316 18156
14317 18157
14318 18158
14319 18159
14320 18160
14321 18161
14322 18162
14323 18163
14324 18164
14325 18165
14326 18166
14327 18167
14328 18168
14329 18169
14330 18170
14331 18171
14332 18172
14333 18173
14334 18174
14335 18175
14336 18176
14337 18177
14338 18178
14339 18179
14340 18180
14341 18181
14342 18182
14343 18183
14344 18184
14345 18185
14346 18186
14347 18187
14348 18188
14349 18189
14350 18190
14351 18191
14352 18192
14353 18193
14354 18194
14355 18195
14356 18196
14357 18197
14358 18198
14359 18199
14360 18200
14361 18201
14362 18202
14363 18203
14364 18204
14365 18205
14366 18206
14367 18207
14368 18208
14369 18209
14370 18210
14371 18211
14372 18212
14373 18213
14374 18214
14375 18215
14376 18216
14377 18217
14378 18218
14379 18219
14380 18220
14381 18221
14382 18222
14383 18223
14384 18224
14385 18225
14386 18226
14387 18227
14388 18228
14389 18229
14390 18230
14391 18231
14392 18232
14393 18233
14394 18234
14395 18235
14396 18236
14397 18237
14398 18238
14399 18239
14400 18240
14401 18241
14402 18242
14403 18243
14404 18244
14405 18245
14406 18246
14407 18247
14408 18248
14409 18249
14410 18250
14411 18251
14412 18252
14413 18253
14414 18254
14415 18255
14416 18256
14417 18257
14418 18258
14419 18259
14420 18260
14421 18261
14422 18262
14423 18263
14424 18264
14425 18265
14426 18266
14427 18267
14428 18268
14429 18269
14430 18270
14431 18271
14432 18272
14433 18273
14434 18274
14435 18275
14436 18276
14437 18277
14438 18278
14439 18279
14440 18280
14441 18281
14442 18282
14443 18283
14444 18284
14445 18285
14446 18286
14447 18287
14448 18288
14449 18289
14450 18290
14451 18291
14452 18292
14453 18293
14454 18294
14455 18295
14456 18296
14457 18297
14458 18298
14459 18299
14460 18300
14461 18301
14462 18302
14463 18303
14464 18304
14465 18305
14466 18306
14467 18307
14468 18308
14469 18309
14470 18310
14471 18311
14472 18312
14473 18313
14474 18314
14475 18315
14476 18316
14477 18317
14478 18318
14479 18319
14480 18320
14481 18321
14482 18322
14483 18323
14484 18324
14485 18325
14486 18326
14487 18327
14488 18328
14489 18329
14490 18330
14491 18331
14492 18332
14493 18333
14494 18334
14495 18335
14496 18336
14497 18337
14498 18338
14499 18339
14500 18340
14501 18341
14502 18342
14503 18343
14504 18344
14505 18345
14506 18346
14507 18347
14508 18348
14509 18349
14510 18350
14511 18351
14512 18352
14513 18353
14514 18354
14515 18355
14516 18356
14517 18357
14518 18358
14519 18359
14520 18360
14521 18361
14522 18362
14523 18363
14524 18364
14525 18365
14526 18366
14527 18367
14528 18368
14529 18369
14530 18370
14531 18371
14532 18372
14533 18373
14534 18374
14535 18375
14536 18376
14537 18377
14538 18378
14539 18379
14540 18380
14541 18381
14542 18382
14543 18383
14544 18384
14545 18385
14546 18386
14547 18387
14548 18388
14549 18389
14550 18390
14551 18391
14552 18392
14553 18393
14554 18394
14555 18395
14556 18396
14557 18397
14558 18398
14559 18399
14560 18400
14561 18401
14562 18402
14563 18403
14564 18404
14565 18405
14566 18406
14567 18407
14568 18408
14569 18409
14570 18410
14571 18411
14572 18412
14573 18413
14574 18414
14575 18415
14576 18416
14577 18417
14578 18418
14579 18419
14580 18420
14581 18421
14582 18422
14583 18423
14584 18424
14585 18425
14586 18426
14587 18427
14588 18428
14589 18429
14590 18430
14591 18431
14592 468
14593 469
14594 470
14595 471
14596 472
14597 473
14598 474
14599 475
14600 476
14601 477
14602 478
14603 479
14604 480
14605 481
14606 482
14607 483
14608 484
14609 485
14610 486
14611 487
14612 488
14613 489
14614 490
14615 491
14616 492
14617 493
14618 494
14619 495
14620 496
14621 497
14622 498
14623 499
14624 500
14625 501
14626 502
14627 503
14628 504
14629 505
14630 506
14631 507
14632 508
14633 509
14634 510
14635 511
14636 512
14637 513
14638 514
14639 515
14640 516
14641 517
14642 518
14643 519
14644 520
14645 521
14646 522
14647 523
14648 524
14649 525
14650 526
14651 527
14652 528
14653 529
14654 530
14655 531
14656 532
14657 533
14658 534
14659 535
14660 536
14661 537
14662 538
14663 539
14664 540
14665 541
14666 542
14667 543
14668 544
14669 545
14670 546
14671 547
14672 548
14673 549
14674 550
14675 551
14676 552
14677 553
14678 554
14679 555
14680 556
14681 557
14682 558
14683 559
14684 560
14685 561
14686 562
14687 563
14688 564
14689 565
14690 566
14691 567
14692 568
14693 569
14694 570
14695 571
14696 572
14697 573
14698 574
14699 575
14700 576
14701 577
14702 578
14703 579
14704 580
14705 581
14706 582
14707 583
14708 584
14709 585
14710 586
14711 587
14712 588
14713 589
14714 590
14715 591
14716 592
14717 593
14718 594
14719 595
14720 596
14721 597
14722 598
14723 599
14724 600
14725 601
14726 602
14727 603
14728 604
14729 605
14730 606
14731 607
14732 608
14733 609
14734 610
14735 611
14736 612
14737 613
14738 614
14739 615
14740 616
14741 617
14742 618
14743 619
14744 620
14745 621
14746 622
14747 623
14748 624
14749 625
14750 626
14751 627
14752 628
14753 629
14754 630
14755 631
14756 632
14757 633
14758 634
14759 635
14760 636
14761 637
14762 638
14763 639
14764 640
14765 641
14766 642
14767 643
14768 644
14769 645
14770 646
14771 647
14772 648
14773 649
14774 650
14775 651
14776 652
14777 653
14778 654
14779 655
14780 656
14781 657
14782 658
14783 659
14784 660
14785 661
14786 662
14787 663
14788 664
14789 665
14790 666
14791 667
14792 668
14793 669
14794 670
14795 671
14796 672
14797 673
14798 674
14799 675
14800 676
14801 677
14802 678
14803 679
14804 680
14805 681
14806 682
14807 683
14808 684
14809 685
14810 686
14811 687
14812 688
14813 689
14814 690
14815 691
14816 692
14817 693
14818 694
14819 695
14820 696
14821 697
14822 698
14823 699
14824 700
14825 701
14826 702
14827 703
14828 704
14829 705
14830 706
14831 707
14832 708
14833 709
14834 710
14835 711
14836 712
14837 713
14838 714
14839 715
14840 716
14841 717
14842 718
14843 719
14844 720
14845 721
14846 722
14847 723
14848 724
14849 725
14850 726
14851 727
14852 728
14853 729
14854 730
14855 731
14856 732
14857 733
14858 734
14859 735
14860 736
14861 737
14862 738
14863 739
14864 740
14865 741
14866 742
14867 743
14868 744
14869 745
14870 746
14871 747
14872 748
14873 749
14874 750
14875 751
14876 752
14877 753
14878 754
14879 755
14880 756
14881 757
14882 758
14883 759
14884 760
14885 761
14886 762
14887 763
14888 764
14889 765
14890 766
14891 767
14892 384
14893 385
14894 386
14895 387
14896 388
14897 389
14898 390
14899 391
14900 392
14901 393
14902 394
14903 395
14904 396
14905 397
14906 398
14907 399
14908 400
14909 401
14910 402
14911 403
14912 404
14913 405
14914 406
14915 407
14916 408
14917 409
14918 410
14919 411
14920 412
14921 413
14922 414
14923 415
14924 416
14925 417
14926 418
14927 419
14928 420
14929 421
14930 422
14931 423
14932 424
14933 425
14934 426
14935 427
14936 428
14937 429
14938 430
14939 431
14940 432
14941 433
14942 434
14943 435
14944 436
14945 437
14946 438
14947 439
14948 440
14949 441
14950 442
14951 443
14952 444
14953 445
14954 446
14955 447
14956 448
14957 449
14958 450
14959 451
14960 452
14961 453
14962 454
14963 455
14964 456
14965 457
14966 458
14967 459
14968 460
14969 461
14970 462
14971 463
14972 464
14973 465
14974 466
14975 467
14592 2071
14593 2072
14594 2073
14595 2074
14596 2075
14597 2076
14598 2077
14599 2078
14600 2079
14601 2080
14602 2081
14603 2082
14604 2083
14605 2084
14606 2085
14607 2086
14608 2087
14609 2088
14610 2089
14611 2090
14612 2091
14613 2092
14614 2093
14615 2094
14616 2095
14617 2096
14618 2097
14619 2098
14620 2099
14621 2100
14622 2101
14623 2102
14624 2103
14625 2104
14626 2105
14627 2106
14628 2107
14629 2108
14630 2109
14631 2110
14632 2111
14633 2112
14634 2113
14635 2114
14636 2115
14637 2116
14638 2117
14639 2118
14640 2119
14641 2120
14642 2121
14643 2122
14644 2123
14645 2124
14646 2125
14647 2126
14648 2127
14649 2128
14650 2129
14651 2130
14652 2131
14653 2132
14654 2133
14655 2134
14656 2135
14657 2136
14658 2137
14659 2138
14660 2139
14661 2140
14662 2141
14663 2142
14664 2143
14665 2144
14666 2145
14667 2146
14668 2147
14669 2148
14670 2149
14671 2150
14672 2151
14673 2152
14674 2153
14675 2154
14676 2155
14677 2156
14678 2157
14679 2158
14680 2159
14681 2160
14682 2161
14683 2162
14684 2163
14685 2164
14686 2165
14687 2166
14688 2167
14689 2168
14690 2169
14691 2170
14692 2171
14693 2172
14694 2173
14695 2174
14696 2175
14697 2176
14698 2177
14699 2178
14700 2179
14701 2180
14702 2181
14703 2182
14704 2183
14705 2184
14706 2185
14707 2186
14708 2187
14709 2188
14710 2189
14711 2190
14712 2191
14713 2192
14714 2193
14715 2194
14716 2195
14717 2196
14718 2197
14719 2198
14720 2199
14721 2200
14722 2201
14723 2202
14724 2203
14725 2204
14726 2205
14727 2206
14728 2207
14729 2208
14730 2209
14731 2210
14732 2211
14733 2212
14734 2213
14735 2214
14736 2215
14737 2216
14738 2217
14739 2218
14740 2219
14741 2220
14742 2221
14743 2222
14744 2223
14745 2224
14746 2225
14747 2226
14748 2227
14749 2228
14750 2229
14751 2230
14752 2231
14753 2232
14754 2233
14755 2234
14756 2235
14757 2236
14758 2237
14759 2238
14760 2239
14761 2240
14762 2241
14763 2242
14764 2243
14765 2244
14766 2245
14767 2246
14768 2247
14769 2248
14770 2249
14771 2250
14772 2251
14773 2252
14774 2253
14775 2254
14776 2255
14777 2256
14778 2257
14779 2258
14780 2259
14781 2260
14782 2261
14783 2262
14784 2263
14785 2264
14786 2265
14787 2266
14788 2267
14789 2268
14790 2269
14791 2270
14792 2271
14793 2272
14794 2273
14795 2274
14796 2275
14797 2276
14798 2277
14799 2278
14800 2279
14801 2280
14802 2281
14803 2282
14804 2283
14805 2284
14806 2285
14807 2286
14808 2287
14809 2288
14810 2289
14811 2290
14812 2291
14813 2292
14814 2293
14815 2294
14816 2295
14817 2296
14818 2297
14819 2298
14820 2299
14821 2300
14822 2301
14823 2302
14824 2303
14825 1920
14826 1921
14827 1922
14828 1923
14829 1924
14830 1925
14831 1926
14832 1927
14833 1928
14834 1929
14835 1930
14836 1931
14837 1932
14838 1933
14839 1934
14840 1935
14841 1936
14842 1937
14843 1938
14844 1939
14845 1940
14846 1941
14847 1942
14848 1943
14849 1944
14850 1945
14851 1946
14852 1947
14853 1948
14854 1949
14855 1950
14856 1951
14857 1952
14858 1953
14859 1954
14860 1955
14861 1956
14862 1957
14863 1958
14864 1959
14865 1960
14866 1961
14867 1962
14868 1963
14869 1964
14870 1965
14871 1966
14872 1967
14873 1968
14874 1969
14875 1970
14876 1971
14877 1972
14878 1973
14879 1974
14880 1975
14881 1976
14882 1977
14883 1978
14884 1979
14885 1980
14886 1981
14887 1982
14888 1983
14889 1984
14890 1985
14891 1986
14892 1987
14893 1988
14894 1989
14895 1990
14896 1991
14897 1992
14898 1993
14899 1994
14900 1995
14901 1996
14902 1997
14903 1998
14904 1999
14905 2000
14906 2001
14907 2002
14908 2003
14909 2004
14910 2005
14911 2006
14912 2007
14913 2008
14914 2009
14915 2010
14916 2011
14917 2012
14918 2013
14919 2014
14920 2015
14921 2016
14922 2017
14923 2018
14924 2019
14925 2020
14926 2021
14927 2022
14928 2023
14929 2024
14930 2025
14931 2026
14932 2027
14933 2028
14934 2029
14935 2030
14936 2031
14937 2032
14938 2033
14939 2034
14940 2035
14941 2036
14942 2037
14943 2038
14944 2039
14945 2040
14946 2041
14947 2042
14948 2043
14949 2044
14950 2045
14951 2046
14952 2047
14953 2048
14954 2049
14955 2050
14956 2051
14957 2052
14958 2053
14959 2054
14960 2055
14961 2056
14962 2057
14963 2058
14964 2059
14965 2060
14966 2061
14967 2062
14968 2063
14969 2064
14970 2065
14971 2066
14972 2067
14973 2068
14974 2069
14975 2070
14592 4414
14593 4415
14594 4416
14595 4417
14596 4418
14597 4419
14598 4420
14599 4421
14600 4422
14601 4423
14602 4424
14603 4425
14604 4426
14605 4427
14606 4428
14607 4429
14608 4430
14609 4431
14610 4432
14611 4433
14612 4434
14613 4435
14614 4436
14615 4437
14616 4438
14617 4439
14618 4440
14619 4441
14620 4442
14621 4443
14622 4444
14623 4445
14624 4446
14625 4447
14626 4448
14627 4449
14628 4450
14629 4451
14630 4452
14631 4453
14632 4454
14633 4455
14634 4456
14635 4457
14636 4458
14637 4459
14638 4460
14639 4461
14640 4462
14641 4463
14642 4464
14643 4465
14644 4466
14645 4467
14646 4468
14647 4469
14648 4470
14649 4471
14650 4472
14651 4473
14652 4474
14653 4475
14654 4476
14655 4477
14656 4478
14657 4479
14658 4480
14659 4481
14660 4482
14661 4483
14662 4484
14663 4485
14664 4486
14665 4487
14666 4488
14667 4489
14668 4490
14669 4491
14670 4492
14671 4493
14672 4494
14673 4495
14674 4496
14675 4497
14676 4498
14677 4499
14678 4500
14679 4501
14680 4502
14681 4503
14682 4504
14683 4505
14684 4506
14685 4507
14686 4508
14687 4509
14688 4510
14689 4511
14690 4512
14691 4513
14692 4514
14693 4515
14694 4516
14695 4517
14696 4518
14697 4519
14698 4520
14699 4521
14700 4522
14701 4523
14702 4524
14703 4525
14704 4526
14705 4527
14706 4528
14707 4529
14708 4530
14709 4531
14710 4532
14711 4533
14712 4534
14713 4535
14714 4536
14715 4537
14716 4538
14717 4539
14718 4540
14719 4541
14720 4542
14721 4543
14722 4544
14723 4545
14724 4546
14725 4547
14726 4548
14727 4549
14728 4550
14729 4551
14730 4552
14731 4553
14732 4554
14733 4555
14734 4556
14735 4557
14736 4558
14737 4559
14738 4560
14739 4561
14740 4562
14741 4563
14742 4564
14743 4565
14744 4566
14745 4567
14746 4568
14747 4569
14748 4570
14749 4571
14750 4572
14751 4573
14752 4574
14753 4575
14754 4576
14755 4577
14756 4578
14757 4579
14758 4580
14759 4581
14760 4582
14761 4583
14762 4584
14763 4585
14764 4586
14765 4587
14766 4588
14767 4589
14768 4590
14769 4591
14770 4592
14771 4593
14772 4594
14773 4595
14774 4596
14775 4597
14776 4598
14777 4599
14778 4600
14779 4601
14780 4602
14781 4603
14782 4604
14783 4605
14784 4606
14785 4607
14786 4224
14787 4225
14788 4226
14789 4227
14790 4228
14791 4229
14792 4230
14793 4231
14794 4232
14795 4233
14796 4234
14797 4235
14798 4236
14799 4237
14800 4238
14801 4239
14802 4240
14803 4241
14804 4242
14805 4243
14806 4244
14807 4245
14808 4246
14809 4247
14810 4248
14811 4249
14812 4250
14813 4251
14814 4252
14815 4253
14816 4254
14817 4255
14818 4256
14819 4257
14820 4258
14821 4259
14822 4260
14823 4261
14824 4262
14825 4263
14826 4264
14827 4265
14828 4266
14829 4267
14830 4268
14831 4269
14832 4270
14833 4271
14834 4272
14835 4273
14836 4274
14837 4275
14838 4276
14839 4277
14840 4278
14841 4279
14842 4280
14843 4281
14844 4282
14845 4283
14846 4284
14847 4285
14848 4286
14849 4287
14850 4288
14851 4289
14852 4290
14853 4291
14854 4292
14855 4293
14856 4294
14857 4295
14858 4296
14859 4297
14860 4298
14861 4299
14862 4300
14863 4301
14864 4302
14865 4303
14866 4304
14867 4305
14868 4306
14869 4307
14870 4308
14871 4309
14872 4310
14873 4311
14874 4312
14875 4313
14876 4314
14877 4315
14878 4316
14879 4317
14880 4318
14881 4319
14882 4320
14883 4321
14884 4322
14885 4323
14886 4324
14887 4325
14888 4326
14889 4327
14890 4328
14891 4329
14892 4330
14893 4331
14894 4332
14895 4333
14896 4334
14897 4335
14898 4336
14899 4337
14900 4338
14901 4339
14902 4340
14903 4341
14904 4342
14905 4343
14906 4344
14907 4345
14908 4346
14909 4347
14910 4348
14911 4349
14912 4350
14913 4351
14914 4352
14915 4353
14916 4354
14917 4355
14918 4356
14919 4357
14920 4358
14921 4359
14922 4360
14923 4361
14924 4362
14925 4363
14926 4364
14927 4365
14928 4366
14929 4367
14930 4368
14931 4369
14932 4370
14933 4371
14934 4372
14935 4373
14936 4374
14937 4375
14938 4376
14939 4377
14940 4378
14941 4379
14942 4380
14943 4381
14944 4382
14945 4383
14946 4384
14947 4385
14948 4386
14949 4387
14950 4388
14951 4389
14952 4390
14953 4391
14954 4392
14955 4393
14956 4394
14957 4395
14958 4396
14959 4397
14960 4398
14961 4399
14962 4400
14963 4401
14964 4402
14965 4403
14966 4404
14967 4405
14968 4406
14969 4407
14970 4408
14971 4409
14972 4410
14973 4411
14974 4412
14975 4413
14592 18432
14593 18433
14594 18434
14595 18435
14596 18436
14597 18437
14598 18438
14599 18439
14600 18440
14601 18441
14602 18442
14603 18443
14604 18444
14605 18445
14606 18446
14607 18447
14608 18448
14609 18449
14610 18450
14611 18451
14612 18452
14613 18453
14614 18454
14615 18455
14616 18456
14617 18457
14618 18458
14619 18459
14620 18460
14621 18461
14622 18462
14623 18463
14624 18464
14625 18465
14626 18466
14627 18467
14628 18468
14629 18469
14630 18470
14631 18471
14632 18472
14633 18473
14634 18474
14635 18475
14636 18476
14637 18477
14638 18478
14639 18479
14640 18480
14641 18481
14642 18482
14643 18483
14644 18484
14645 18485
14646 18486
14647 18487
14648 18488
14649 18489
14650 18490
14651 18491
14652 18492
14653 18493
14654 18494
14655 18495
14656 18496
14657 18497
14658 18498
14659 18499
14660 18500
14661 18501
14662 18502
14663 18503
14664 18504
14665 18505
14666 18506
14667 18507
14668 18508
14669 18509
14670 18510
14671 18511
14672 18512
14673 18513
14674 18514
14675 18515
14676 18516
14677 18517
14678 18518
14679 18519
14680 18520
14681 18521
14682 18522
14683 18523
14684 18524
14685 18525
14686 18526
14687 18527
14688 18528
14689 18529
14690 18530
14691 18531
14692 18532
14693 18533
14694 18534
14695 18535
14696 18536
14697 18537
14698 18538
14699 18539
14700 18540
14701 18541
14702 18542
14703 18543
14704 18544
14705 18545
14706 18546
14707 18547
14708 18548
14709 18549
14710 18550
14711 18551
14712 18552
14713 18553
14714 18554
14715 18555
14716 18556
14717 18557
14718 18558
14719 18559
14720 18560
14721 18561
14722 18562
14723 18563
14724 18564
14725 18565
14726 18566
14727 18567
14728 18568
14729 18569
14730 18570
14731 18571
14732 18572
14733 18573
14734 18574
14735 18575
14736 18576
14737 18577
14738 18578
14739 18579
14740 18580
14741 18581
14742 18582
14743 18583
14744 18584
14745 18585
14746 18586
14747 18587
14748 18588
14749 18589
14750 18590
14751 18591
14752 18592
14753 18593
14754 18594
14755 18595
14756 18596
14757 18597
14758 18598
14759 18599
14760 18600
14761 18601
14762 18602
14763 18603
14764 18604
14765 18605
14766 18606
14767 18607
14768 18608
14769 18609
14770 18610
14771 18611
14772 18612
14773 18613
14774 18614
14775 18615
14776 18616
14777 18617
14778 18618
14779 18619
14780 18620
14781 18621
14782 18622
14783 18623
14784 18624
14785 18625
14786 18626
14787 18627
14788 18628
14789 18629
14790 18630
14791 18631
14792 18632
14793 18633
14794 18634
14795 18635
14796 18636
14797 18637
14798 18638
14799 18639
14800 18640
14801 18641
14802 18642
14803 18643
14804 18644
14805 18645
14806 18646
14807 18647
14808 18648
14809 18649
14810 18650
14811 18651
14812 18652
14813 18653
14814 18654
14815 18655
14816 18656
14817 18657
14818 18658
14819 18659
14820 18660
14821 18661
14822 18662
14823 18663
14824 18664
14825 18665
14826 18666
14827 18667
14828 18668
14829 18669
14830 18670
14831 18671
14832 18672
14833 18673
14834 18674
14835 18675
14836 18676
14837 18677
14838 18678
14839 18679
14840 18680
14841 18681
14842 18682
14843 18683
14844 18684
14845 18685
14846 18686
14847 18687
14848 18688
14849 18689
14850 18690
14851 18691
14852 18692
14853 18693
14854 18694
14855 18695
14856 18696
14857 18697
14858 18698
14859 18699
14860 18700
14861 18701
14862 18702
14863 18703
14864 18704
14865 18705
14866 18706
14867 18707
14868 18708
14869 18709
14870 18710
14871 18711
14872 18712
14873 18713
14874 18714
14875 18715
14876 18716
14877 18717
14878 18718
14879 18719
14880 18720
14881 18721
14882 18722
14883 18723
14884 18724
14885 18725
14886 18726
14887 18727
14888 18728
14889 18729
14890 18730
14891 18731
14892 18732
14893 18733
14894 18734
14895 18735
14896 18736
14897 18737
14898 18738
14899 18739
14900 18740
14901 18741
14902 18742
14903 18743
14904 18744
14905 18745
14906 18746
14907 18747
14908 18748
14909 18749
14910 18750
14911 18751
14912 18752
14913 18753
14914 18754
14915 18755
14916 18756
14917 18757
14918 18758
14919 18759
14920 18760
14921 18761
14922 18762
14923 18763
14924 18764
14925 18765
14926 18766
14927 18767
14928 18768
14929 18769
14930 18770
14931 18771
14932 18772
14933 18773
14934 18774
14935 18775
14936 18776
14937 18777
14938 18778
14939 18779
14940 18780
14941 18781
14942 18782
14943 18783
14944 18784
14945 18785
14946 18786
14947 18787
14948 18788
14949 18789
14950 18790
14951 18791
14952 18792
14953 18793
14954 18794
14955 18795
14956 18796
14957 18797
14958 18798
14959 18799
14960 18800
14961 18801
14962 18802
14963 18803
14964 18804
14965 18805
14966 18806
14967 18807
14968 18808
14969 18809
14970 18810
14971 18811
14972 18812
14973 18813
14974 18814
14975 18815
14976 93
14977 94
14978 95
14979 96
14980 97
14981 98
14982 99
14983 100
14984 101
14985 102
14986 103
14987 104
14988 105
14989 106
14990 107
14991 108
14992 109
14993 110
14994 111
14995 112
14996 113
14997 114
14998 115
14999 116
15000 117
15001 118
15002 119
15003 120
15004 121
15005 122
15006 123
15007 124
15008 125
15009 126
15010 127
15011 128
15012 129
15013 130
15014 131
15015 132
15016 133
15017 134
15018 135
15019 136
15020 137
15021 138
15022 139
15023 140
15024 141
15025 142
15026 143
15027 144
15028 145
15029 146
15030 147
15031 148
15032 149
15033 150
15034 151
15035 152
15036 153
15037 154
15038 155
15039 156
15040 157
15041 158
15042 159
15043 160
15044 161
15045 162
15046 163
15047 164
15048 165
15049 166
15050 167
15051 168
15052 169
15053 170
15054 171
15055 172
15056 173
15057 174
15058 175
15059 176
15060 177
15061 178
15062 179
15063 180
15064 181
15065 182
15066 183
15067 184
15068 185
15069 186
15070 187
15071 188
15072 189
15073 190
15074 191
15075 192
15076 193
15077 194
15078 195
15079 196
15080 197
15081 198
15082 199
15083 200
15084 201
15085 202
15086 203
15087 204
15088 205
15089 206
15090 207
15091 208
15092 209
15093 210
15094 211
15095 212
15096 213
15097 214
15098 215
15099 216
15100 217
15101 218
15102 219
15103 220
15104 221
15105 222
15106 223
15107 224
15108 225
15109 226
15110 227
15111 228
15112 229
15113 230
15114 231
15115 232
15116 233
15117 234
15118 235
15119 236
15120 237
15121 238
15122 239
15123 240
15124 241
15125 242
15126 243
15127 244
15128 245
15129 246
15130 247
15131 248
15132 249
15133 250
15134 251
15135 252
15136 253
15137 254
15138 255
15139 256
15140 257
15141 258
15142 259
15143 260
15144 261
15145 262
15146 263
15147 264
15148 265
15149 266
15150 267
15151 268
15152 269
15153 270
15154 271
15155 272
15156 273
15157 274
15158 275
15159 276
15160 277
15161 278
15162 279
15163 280
15164 281
15165 282
15166 283
15167 284
15168 285
15169 286
15170 287
15171 288
15172 289
15173 290
15174 291
15175 292
15176 293
15177 294
15178 295
15179 296
15180 297
15181 298
15182 299
15183 300
15184 301
15185 302
15186 303
15187 304
15188 305
15189 306
15190 307
15191 308
15192 309
15193 310
15194 311
15195 312
15196 313
15197 314
15198 315
15199 316
15200 317
15201 318
15202 319
15203 320
15204 321
15205 322
15206 323
15207 324
15208 325
15209 326
15210 327
15211 328
15212 329
15213 330
15214 331
15215 332
15216 333
15217 334
15218 335
15219 336
15220 337
15221 338
15222 339
15223 340
15224 341
15225 342
15226 343
15227 344
15228 345
15229 346
15230 347
15231 348
15232 349
15233 350
15234 351
15235 352
15236 353
15237 354
15238 355
15239 356
15240 357
15241 358
15242 359
15243 360
15244 361
15245 362
15246 363
15247 364
15248 365
15249 366
15250 367
15251 368
15252 369
15253 370
15254 371
15255 372
15256 373
15257 374
15258 375
15259 376
15260 377
15261 378
15262 379
15263 380
15264 381
15265 382
15266 383
15267 0
15268 1
15269 2
15270 3
15271 4
15272 5
15273 6
15274 7
15275 8
15276 9
15277 10
15278 11
15279 12
15280 13
15281 14
15282 15
15283 16
15284 17
15285 18
15286 19
15287 20
15288 21
15289 22
15290 23
15291 24
15292 25
15293 26
15294 27
15295 28
15296 29
15297 30
15298 31
15299 32
15300 33
15301 34
15302 35
15303 36
15304 37
15305 38
15306 39
15307 40
15308 41
15309 42
15310 43
15311 44
15312 45
15313 46
15314 47
15315 48
15316 49
15317 50
15318 51
15319 52
15320 53
15321 54
15322 55
15323 56
15324 57
15325 58
15326 59
15327 60
15328 61
15329 62
15330 63
15331 64
15332 65
15333 66
15334 67
15335 68
15336 69
15337 70
15338 71
15339 72
15340 73
15341 74
15342 75
15343 76
15344 77
15345 78
15346 79
15347 80
15348 81
15349 82
15350 83
15351 84
15352 85
15353 86
15354 87
15355 88
15356 89
15357 90
15358 91
15359 92
14976 2820
14977 2821
14978 2822
14979 2823
14980 2824
14981 2825
14982 2826
14983 2827
14984 2828
14985 2829
14986 2830
14987 2831
14988 2832
14989 2833
14990 2834
14991 2835
14992 2836
14993 2837
14994 2838
14995 2839
14996 2840
14997 2841
14998 2842
14999 2843
15000 2844
15001 2845
15002 2846
15003 2847
15004 2848
15005 2849
15006 2850
15007 2851
15008 2852
15009 2853
15010 2854
15011 2855
15012 2856
15013 2857
15014 2858
15015 2859
15016 2860
15017 2861
15018 2862
15019 2863
15020 2864
15021 2865
15022 2866
15023 2867
15024 2868
15025 2869
15026 2870
15027 2871
15028 2872
15029 2873
15030 2874
15031 2875
15032 2876
15033 2877
15034 2878
15035 2879
15036 2880
15037 2881
15038 2882
15039 2883
15040 2884
15041 2885
15042 2886
15043 2887
15044 2888
15045 2889
15046 2890
15047 2891
15048 2892
15049 2893
15050 2894
15051 2895
15052 2896
15053 2897
15054 2898
15055 2899
15056 2900
15057 2901
15058 2902
15059 2903
15060 2904
15061 2905
15062 2906
15063 2907
15064 2908
15065 2909
15066 2910
15067 2911
15068 2912
15069 2913
15070 2914
15071 2915
15072 2916
15073 2917
15074 2918
15075 2919
15076 2920
15077 2921
15078 2922
15079 2923
15080 2924
15081 2925
15082 2926
15083 2927
15084 2928
15085 2929
15086 2930
15087 2931
15088 2932
15089 2933
15090 2934
15091 2935
15092 2936
15093 2937
15094 2938
15095 2939
15096 2940
15097 2941
15098 2942
15099 2943
15100 2944
15101 2945
15102 2946
15103 2947
15104 2948
15105 2949
15106 2950
15107 2951
15108 2952
15109 2953
15110 2954
15111 2955
15112 2956
15113 2957
15114 2958
15115 2959
15116 2960
15117 2961
15118 2962
15119 2963
15120 2964
15121 2965
15122 2966
15123 2967
15124 2968
15125 2969
15126 2970
15127 2971
15128 2972
15129 2973
15130 2974
15131 2975
15132 2976
15133 2977
15134 2978
15135 2979
15136 2980
15137 2981
15138 2982
15139 2983
15140 2984
15141 2985
15142 2986
15143 2987
15144 2988
15145 2989
15146 2990
15147 2991
15148 2992
15149 2993
15150 2994
15151 2995
15152 2996
15153 2997
15154 2998
15155 2999
15156 3000
15157 3001
15158 3002
15159 3003
15160 3004
15161 3005
15162 3006
15163 3007
15164 3008
15165 3009
15166 3010
15167 3011
15168 3012
15169 3013
15170 3014
15171 3015
15172 3016
15173 3017
15174 3018
15175 3019
15176 3020
15177 3021
15178 3022
15179 3023
15180 3024
15181 3025
15182 3026
15183 3027
15184 3028
15185 3029
15186 3030
15187 3031
15188 3032
15189 3033
15190 3034
15191 3035
15192 3036
15193 3037
15194 3038
15195 3039
15196 3040
15197 3041
15198 3042
15199 3043
15200 3044
15201 3045
15202 3046
15203 3047
15204 3048
15205 3049
15206 3050
15207 3051
15208 3052
15209 3053
15210 3054
15211 3055
15212 3056
15213 3057
15214 3058
15215 3059
15216 3060
15217 3061
15218 3062
15219 3063
15220 3064
15221 3065
15222 3066
15223 3067
15224 3068
15225 3069
15226 3070
15227 3071
15228 2688
15229 2689
15230 2690
15231 2691
15232 2692
15233 2693
15234 2694
15235 2695
15236 2696
15237 2697
15238 2698
15239 2699
15240 2700
15241 2701
15242 2702
15243 2703
15244 2704
15245 2705
15246 2706
15247 2707
15248 2708
15249 2709
15250 2710
15251 2711
15252 2712
15253 2713
15254 2714
15255 2715
15256 2716
15257 2717
15258 2718
15259 2719
15260 2720
15261 2721
15262 2722
15263 2723
15264 2724
15265 2725
15266 2726
15267 2727
15268 2728
15269 2729
15270 2730
15271 2731
15272 2732
15273 2733
15274 2734
15275 2735
15276 2736
15277 2737
15278 2738
15279 2739
15280 2740
15281 2741
15282 2742
15283 2743
15284 2744
15285 2745
15286 2746
15287 2747
15288 2748
15289 2749
15290 2750
15291 2751
15292 2752
15293 2753
15294 2754
15295 2755
15296 2756
15297 2757
15298 2758
15299 2759
15300 2760
15301 2761
15302 2762
15303 2763
15304 2764
15305 2765
15306 2766
15307 2767
15308 2768
15309 2769
15310 2770
15311 2771
15312 2772
15313 2773
15314 2774
15315 2775
15316 2776
15317 2777
15318 2778
15319 2779
15320 2780
15321 2781
15322 2782
15323 2783
15324 2784
15325 2785
15326 2786
15327 2787
15328 2788
15329 2789
15330 2790
15331 2791
15332 2792
15333 2793
15334 2794
15335 2795
15336 2796
15337 2797
15338 2798
15339 2799
15340 2800
15341 2801
15342 2802
15343 2803
15344 2804
15345 2805
15346 2806
15347 2807
15348 2808
15349 2809
15350 2810
15351 2811
15352 2812
15353 2813
15354 2814
15355 2815
15356 2816
15357 2817
15358 2818
15359 2819
14976 4665
14977 4666
14978 4667
14979 4668
14980 4669
14981 4670
14982 4671
14983 4672
14984 4673
14985 4674
14986 4675
14987 4676
14988 4677
14989 4678
14990 4679
14991 4680
14992 4681
14993 4682
14994 4683
14995 4684
14996 4685
14997 4686
14998 4687
14999 4688
15000 4689
15001 4690
15002 4691
15003 4692
15004 4693
15005 4694
15006 4695
15007 4696
15008 4697
15009 4698
15010 4699
15011 4700
15012 4701
15013 4702
15014 4703
15015 4704
15016 4705
15017 4706
15018 4707
15019 4708
15020 4709
15021 4710
15022 4711
15023 4712
15024 4713
15025 4714
15026 4715
15027 4716
15028 4717
15029 4718
15030 4719
15031 4720
15032 4721
15033 4722
15034 4723
15035 4724
15036 4725
15037 4726
15038 4727
15039 4728
15040 4729
15041 4730
15042 4731
15043 4732
15044 4733
15045 4734
15046 4735
15047 4736
15048 4737
15049 4738
15050 4739
15051 4740
15052 4741
15053 4742
15054 4743
15055 4744
15056 4745
15057 4746
15058 4747
15059 4748
15060 4749
15061 4750
15062 4751
15063 4752
15064 4753
15065 4754
15066 4755
15067 4756
15068 4757
15069 4758
15070 4759
15071 4760
15072 4761
15073 4762
15074 4763
15075 4764
15076 4765
15077 4766
15078 4767
15079 4768
15080 4769
15081 4770
15082 4771
15083 4772
15084 4773
15085 4774
15086 4775
15087 4776
15088 4777
15089 4778
15090 4779
15091 4780
15092 4781
15093 4782
15094 4783
15095 4784
15096 4785
15097 4786
15098 4787
15099 4788
15100 4789
15101 4790
15102 4791
15103 4792
15104 4793
15105 4794
15106 4795
15107 4796
15108 4797
15109 4798
15110 4799
15111 4800
15112 4801
15113 4802
15114 4803
15115 4804
15116 4805
15117 4806
15118 4807
15119 4808
15120 4809
15121 4810
15122 4811
15123 4812
15124 4813
15125 4814
15126 4815
15127 4816
15128 4817
15129 4818
15130 4819
15131 4820
15132 4821
15133 4822
15134 4823
15135 4824
15136 4825
15137 4826
15138 4827
15139 4828
15140 4829
15141 4830
15142 4831
15143 4832
15144 4833
15145 4834
15146 4835
15147 4836
15148 4837
15149 4838
15150 4839
15151 4840
15152 4841
15153 4842
15154 4843
15155 4844
15156 4845
15157 4846
15158 4847
15159 4848
15160 4849
15161 4850
15162 4851
15163 4852
15164 4853
15165 4854
15166 4855
15167 4856
15168 4857
15169 4858
15170 4859
15171 4860
15172 4861
15173 4862
15174 4863
15175 4864
15176 4865
15177 4866
15178 4867
15179 4868
15180 4869
15181 4870
15182 4871
15183 4872
15184 4873
15185 4874
15186 4875
15187 4876
15188 4877
15189 4878
15190 4879
15191 4880
15192 4881
15193 4882
15194 4883
15195 4884
15196 4885
15197 4886
15198 4887
15199 4888
15200 4889
15201 4890
15202 4891
15203 4892
15204 4893
15205 4894
15206 4895
15207 4896
15208 4897
15209 4898
15210 4899
15211 4900
15212 4901
15213 4902
15214 4903
15215 4904
15216 4905
15217 4906
15218 4907
15219 4908
15220 4909
15221 4910
15222 4911
15223 4912
15224 4913
15225 4914
15226 4915
15227 4916
15228 4917
15229 4918
15230 4919
15231 4920
15232 4921
15233 4922
15234 4923
15235 4924
15236 4925
15237 4926
15238 4927
15239 4928
15240 4929
15241 4930
15242 4931
15243 4932
15244 4933
15245 4934
15246 4935
15247 4936
15248 4937
15249 4938
15250 4939
15251 4940
15252 4941
15253 4942
15254 4943
15255 4944
15256 4945
15257 4946
15258 4947
15259 4948
15260 4949
15261 4950
15262 4951
15263 4952
15264 4953
15265 4954
15266 4955
15267 4956
15268 4957
15269 4958
15270 4959
15271 4960
15272 4961
15273 4962
15274 4963
15275 4964
15276 4965
15277 4966
15278 4967
15279 4968
15280 4969
15281 4970
15282 4971
15283 4972
15284 4973
15285 4974
15286 4975
15287 4976
15288 4977
15289 4978
15290 4979
15291 4980
15292 4981
15293 4982
15294 4983
15295 4984
15296 4985
15297 4986
15298 4987
15299 4988
15300 4989
15301 4990
15302 4991
15303 4608
15304 4609
15305 4610
15306 4611
15307 4612
15308 4613
15309 4614
15310 4615
15311 4616
15312 4617
15313 4618
15314 4619
15315 4620
15316 4621
15317 4622
15318 4623
15319 4624
15320 4625
15321 4626
15322 4627
15323 4628
15324 4629
15325 4630
15326 4631
15327 4632
15328 4633
15329 4634
15330 4635
15331 4636
15332 4637
15333 4638
15334 4639
15335 4640
15336 4641
15337 4642
15338 4643
15339 4644
15340 4645
15341 4646
15342 4647
15343 4648
15344 4649
15345 4650
15346 4651
15347 4652
15348 4653
15349 4654
15350 4655
15351 4656
15352 4657
15353 4658
15354 4659
15355 4660
15356 4661
15357 4662
15358 4663
15359 4664
14976 18816
14977 18817
14978 18818
14979 18819
14980 18820
14981 18821
14982 18822
14983 18823
14984 18824
14985 18825
14986 18826
14987 18827
14988 18828
14989 18829
14990 18830
14991 18831
14992 18832
14993 18833
14994 18834
14995 18835
14996 18836
14997 18837
14998 18838
14999 18839
15000 18840
15001 18841
15002 18842
15003 18843
15004 18844
15005 18845
15006 18846
15007 18847
15008 18848
15009 18849
15010 18850
15011 18851
15012 18852
15013 18853
15014 18854
15015 18855
15016 18856
15017 18857
15018 18858
15019 18859
15020 18860
15021 18861
15022 18862
15023 18863
15024 18864
15025 18865
15026 18866
15027 18867
15028 18868
15029 18869
15030 18870
15031 18871
15032 18872
15033 18873
15034 18874
15035 18875
15036 18876
15037 18877
15038 18878
15039 18879
15040 18880
15041 18881
15042 18882
15043 18883
15044 18884
15045 18885
15046 18886
15047 18887
15048 18888
15049 18889
15050 18890
15051 18891
15052 18892
15053 18893
15054 18894
15055 18895
15056 18896
15057 18897
15058 18898
15059 18899
15060 18900
15061 18901
15062 18902
15063 18903
15064 18904
15065 18905
15066 18906
15067 18907
15068 18908
15069 18909
15070 18910
15071 18911
15072 18912
15073 18913
15074 18914
15075 18915
15076 18916
15077 18917
15078 18918
15079 18919
15080 18920
15081 18921
15082 18922
15083 18923
15084 18924
15085 18925
15086 18926
15087 18927
15088 18928
15089 18929
15090 18930
15091 18931
15092 18932
15093 18933
15094 18934
15095 18935
15096 18936
15097 18937
15098 18938
15099 18939
15100 18940
15101 18941
15102 18942
15103 18943
15104 18944
15105 18945
15106 18946
15107 18947
15108 18948
15109 18949
15110 18950
15111 18951
15112 18952
15113 18953
15114 18954
15115 18955
15116 18956
15117 18957
15118 18958
15119 18959
15120 18960
15121 18961
15122 18962
15123 18963
15124 18964
15125 18965
15126 18966
15127 18967
15128 18968
15129 18969
15130 18970
15131 18971
15132 18972
15133 18973
15134 18974
15135 18975
15136 18976
15137 18977
15138 18978
15139 18979
15140 18980
15141 18981
15142 18982
15143 18983
15144 18984
15145 18985
15146 18986
15147 18987
15148 18988
15149 18989
15150 18990
15151 18991
15152 18992
15153 18993
15154 18994
15155 18995
15156 18996
15157 18997
15158 18998
15159 18999
15160 19000
15161 19001
15162 19002
15163 19003
15164 19004
15165 19005
15166 19006
15167 19007
15168 19008
15169 19009
15170 19010
15171 19011
15172 19012
15173 19013
15174 19014
15175 19015
15176 19016
15177 19017
15178 19018
15179 19019
15180 19020
15181 19021
15182 19022
15183 19023
15184 19024
15185 19025
15186 19026
15187 19027
15188 19028
15189 19029
15190 19030
15191 19031
15192 19032
15193 19033
15194 19034
15195 19035
15196 19036
15197 19037
15198 19038
15199 19039
15200 19040
15201 19041
15202 19042
15203 19043
15204 19044
15205 19045
15206 19046
15207 19047
15208 19048
15209 19049
15210 19050
15211 19051
15212 19052
15213 19053
15214 19054
15215 19055
15216 19056
15217 19057
15218 19058
15219 19059
15220 19060
15221 19061
15222 19062
15223 19063
15224 19064
15225 19065
15226 19066
15227 19067
15228 19068
15229 19069
15230 19070
15231 19071
15232 19072
15233 19073
15234 19074
15235 19075
15236 19076
15237 19077
15238 19078
15239 19079
15240 19080
15241 19081
15242 19082
15243 19083
15244 19084
15245 19085
15246 19086
15247 19087
15248 19088
15249 19089
15250 19090
15251 19091
15252 19092
15253 19093
15254 19094
15255 19095
15256 19096
15257 19097
15258 19098
15259 19099
15260 19100
15261 19101
15262 19102
15263 19103
15264 19104
15265 19105
15266 19106
15267 19107
15268 19108
15269 19109
15270 19110
15271 19111
15272 19112
15273 19113
15274 19114
15275 19115
15276 19116
15277 19117
15278 19118
15279 19119
15280 19120
15281 19121
15282 19122
15283 19123
15284 19124
15285 19125
15286 19126
15287 19127
15288 19128
15289 19129
15290 19130
15291 19131
15292 19132
15293 19133
15294 19134
15295 19135
15296 19136
15297 19137
15298 19138
15299 19139
15300 19140
15301 19141
15302 19142
15303 19143
15304 19144
15305 19145
15306 19146
15307 19147
15308 19148
15309 19149
15310 19150
15311 19151
15312 19152
15313 19153
15314 19154
15315 19155
15316 19156
15317 19157
15318 19158
15319 19159
15320 19160
15321 19161
15322 19162
15323 19163
15324 19164
15325 19165
15326 19166
15327 19167
15328 19168
15329 19169
15330 19170
15331 19171
15332 19172
15333 19173
15334 19174
15335 19175
15336 19176
15337 19177
15338 19178
15339 19179
15340 19180
15341 19181
15342 19182
15343 19183
15344 19184
15345 19185
15346 19186
15347 19187
15348 19188
15349 19189
15350 19190
15351 19191
15352 19192
15353 19193
15354 19194
15355 19195
15356 19196
15357 19197
15358 19198
15359 19199
15360 871
15361 872
15362 873
15363 874
15364 875
15365 876
15366 877
15367 878
15368 879
15369 880
15370 881
15371 882
15372 883
15373 884
15374 885
15375 886
15376 887
15377 888
15378 889
15379 890
15380 891
15381 892
15382 893
15383 894
15384 895
15385 896
15386 897
15387 898
15388 899
15389 900
15390 901
15391 902
15392 903
15393 904
15394 905
15395 906
15396 907
15397 908
15398 909
15399 910
15400 911
15401 912
15402 913
15403 914
15404 915
15405 916
15406 917
15407 918
15408 919
15409 920
15410 921
15411 922
15412 923
15413 924
15414 925
15415 926
15416 927
15417 928
15418 929
15419 930
15420 931
15421 932
15422 933
15423 934
15424 935
15425 936
15426 937
15427 938
15428 939
15429 940
15430 941
15431 942
15432 943
15433 944
15434 945
15435 946
15436 947
15437 948
15438 949
15439 950
15440 951
15441 952
15442 953
15443 954
15444 955
15445 956
15446 957
15447 958
15448 959
15449 960
15450 961
15451 962
15452 963
15453 964
15454 965
15455 966
15456 967
15457 968
15458 969
15459 970
15460 971
15461 972
15462 973
15463 974
15464 975
15465 976
15466 977
15467 978
15468 979
15469 980
15470 981
15471 982
15472 983
15473 984
15474 985
15475 986
15476 987
15477 988
15478 989
15479 990
15480 991
15481 992
15482 993
15483 994
15484 995
15485 996
15486 997
15487 998
15488 999
15489 1000
15490 1001
15491 1002
15492 1003
15493 1004
15494 1005
15495 1006
15496 1007
15497 1008
15498 1009
15499 1010
15500 1011
15501 1012
15502 1013
15503 1014
15504 1015
15505 1016
15506 1017
15507 1018
15508 1019
15509 1020
15510 1021
15511 1022
15512 1023
15513 1024
15514 1025
15515 1026
15516 1027
15517 1028
15518 1029
15519 1030
15520 1031
15521 1032
15522 1033
15523 1034
15524 1035
15525 1036
15526 1037
15527 1038
15528 1039
15529 1040
15530 1041
15531 1042
15532 1043
15533 1044
15534 1045
15535 1046
15536 1047
15537 1048
15538 1049
15539 1050
15540 1051
15541 1052
15542 1053
15543 1054
15544 1055
15545 1056
15546 1057
15547 1058
15548 1059
15549 1060
15550 1061
15551 1062
15552 1063
15553 1064
15554 1065
15555 1066
15556 1067
15557 1068
15558 1069
15559 1070
15560 1071
15561 1072
15562 1073
15563 1074
15564 1075
15565 1076
15566 1077
15567 1078
15568 1079
15569 1080
15570 1081
15571 1082
15572 1083
15573 1084
15574 1085
15575 1086
15576 1087
15577 1088
15578 1089
15579 1090
15580 1091
15581 1092
15582 1093
15583 1094
15584 1095
15585 1096
15586 1097
15587 1098
15588 1099
15589 1100
15590 1101
15591 1102
15592 1103
15593 1104
15594 1105
15595 1106
15596 1107
15597 1108
15598 1109
15599 1110
15600 1111
15601 1112
15602 1113
15603 1114
15604 1115
15605 1116
15606 1117
15607 1118
15608 1119
15609 1120
15610 1121
15611 1122
15612 1123
15613 1124
15614 1125
15615 1126
15616 1127
15617 1128
15618 1129
15619 1130
15620 1131
15621 1132
15622 1133
15623 1134
15624 1135
15625 1136
15626 1137
15627 1138
15628 1139
15629 1140
15630 1141
15631 1142
15632 1143
15633 1144
15634 1145
15635 1146
15636 1147
15637 1148
15638 1149
15639 1150
15640 1151
15641 768
15642 769
15643 770
15644 771
15645 772
15646 773
15647 774
15648 775
15649 776
15650 777
15651 778
15652 779
15653 780
15654 781
15655 782
15656 783
15657 784
15658 785
15659 786
15660 787
15661 788
15662 789
15663 790
15664 791
15665 792
15666 793
15667 794
15668 795
15669 796
15670 797
15671 798
15672 799
15673 800
15674 801
15675 802
15676 803
15677 804
15678 805
15679 806
15680 807
15681 808
15682 809
15683 810
15684 811
15685 812
15686 813
15687 814
15688 815
15689 816
15690 817
15691 818
15692 819
15693 820
15694 821
15695 822
15696 823
15697 824
15698 825
15699 826
15700 827
15701 828
15702 829
15703 830
15704 831
15705 832
15706 833
15707 834
15708 835
15709 836
15710 837
15711 838
15712 839
15713 840
15714 841
15715 842
15716 843
15717 844
15718 845
15719 846
15720 847
15721 848
15722 849
15723 850
15724 851
15725 852
15726 853
15727 854
15728 855
15729 856
15730 857
15731 858
15732 859
15733 860
15734 861
15735 862
15736 863
15737 864
15738 865
15739 866
15740 867
15741 868
15742 869
15743 870
15360 3947
15361 3948
15362 3949
15363 3950
15364 3951
15365 3952
15366 3953
15367 3954
15368 3955
15369 3956
15370 3957
15371 3958
15372 3959
15373 3960
15374 3961
15375 3962
15376 3963
15377 3964
15378 3965
15379 3966
15380 3967
15381 3968
15382 3969
15383 3970
15384 3971
15385 3972
15386 3973
15387 3974
15388 3975
15389 3976
15390 3977
15391 3978
15392 3979
15393 3980
15394 3981
15395 3982
15396 3983
15397 3984
15398 3985
15399 3986
15400 3987
15401 3988
15402 3989
15403 3990
15404 3991
15405 3992
15406 3993
15407 3994
15408 3995
15409 3996
15410 3997
15411 3998
15412 3999
15413 4000
15414 4001
15415 4002
15416 4003
15417 4004
15418 4005
15419 4006
15420 4007
15421 4008
15422 4009
15423 4010
15424 4011
15425 4012
15426 4013
15427 4014
15428 4015
15429 4016
15430 4017
15431 4018
15432 4019
15433 4020
15434 4021
15435 4022
15436 4023
15437 4024
15438 4025
15439 4026
15440 4027
15441 4028
15442 4029
15443 4030
15444 4031
15445 4032
15446 4033
15447 4034
15448 4035
15449 4036
15450 4037
15451 4038
15452 4039
15453 4040
15454 4041
15455 4042
15456 4043
15457 4044
15458 4045
15459 4046
15460 4047
15461 4048
15462 4049
15463 4050
15464 4051
15465 4052
15466 4053
15467 4054
15468 4055
15469 4056
15470 4057
15471 4058
15472 4059
15473 4060
15474 4061
15475 4062
15476 4063
15477 4064
15478 4065
15479 4066
15480 4067
15481 4068
15482 4069
15483 4070
15484 4071
15485 4072
15486 4073
15487 4074
15488 4075
15489 4076
15490 4077
15491 4078
15492 4079
15493 4080
15494 4081
15495 4082
15496 4083
15497 4084
15498 4085
15499 4086
15500 4087
15501 4088
15502 4089
15503 4090
15504 4091
15505 4092
15506 4093
15507 4094
15508 4095
15509 4096
15510 4097
15511 4098
15512 4099
15513 4100
15514 4101
15515 4102
15516 4103
15517 4104
15518 4105
15519 4106
15520 4107
15521 4108
15522 4109
15523 4110
15524 4111
15525 4112
15526 4113
15527 4114
15528 4115
15529 4116
15530 4117
15531 4118
15532 4119
15533 4120
15534 4121
15535 4122
15536 4123
15537 4124
15538 4125
15539 4126
15540 4127
15541 4128
15542 4129
15543 4130
15544 4131
15545 4132
15546 4133
15547 4134
15548 4135
15549 4136
15550 4137
15551 4138
15552 4139
15553 4140
15554 4141
15555 4142
15556 4143
15557 4144
15558 4145
15559 4146
15560 4147
15561 4148
15562 4149
15563 4150
15564 4151
15565 4152
15566 4153
15567 4154
15568 4155
15569 4156
15570 4157
15571 4158
15572 4159
15573 4160
15574 4161
15575 4162
15576 4163
15577 4164
15578 4165
15579 4166
15580 4167
15581 4168
15582 4169
15583 4170
15584 4171
15585 4172
15586 4173
15587 4174
15588 4175
15589 4176
15590 4177
15591 4178
15592 4179
15593 4180
15594 4181
15595 4182
15596 4183
15597 4184
15598 4185
15599 4186
15600 4187
15601 4188
15602 4189
15603 4190
15604 4191
15605 4192
15606 4193
15607 4194
15608 4195
15609 4196
15610 4197
15611 4198
15612 4199
15613 4200
15614 4201
15615 4202
15616 4203
15617 4204
15618 4205
15619 4206
15620 4207
15621 4208
15622 4209
15623 4210
15624 4211
15625 4212
15626 4213
15627 4214
15628 4215
15629 4216
15630 4217
15631 4218
15632 4219
15633 4220
15634 4221
15635 4222
15636 4223
15637 3840
15638 3841
15639 3842
15640 3843
15641 3844
15642 3845
15643 3846
15644 3847
15645 3848
15646 3849
15647 3850
15648 3851
15649 3852
15650 3853
15651 3854
15652 3855
15653 3856
15654 3857
15655 3858
15656 3859
15657 3860
15658 3861
15659 3862
15660 3863
15661 3864
15662 3865
15663 3866
15664 3867
15665 3868
15666 3869
15667 3870
15668 3871
15669 3872
15670 3873
15671 3874
15672 3875
15673 3876
15674 3877
15675 3878
15676 3879
15677 3880
15678 3881
15679 3882
15680 3883
15681 3884
15682 3885
15683 3886
15684 3887
15685 3888
15686 3889
15687 3890
15688 3891
15689 3892
15690 3893
15691 3894
15692 3895
15693 3896
15694 3897
15695 3898
15696 3899
15697 3900
15698 3901
15699 3902
15700 3903
15701 3904
15702 3905
15703 3906
15704 3907
15705 3908
15706 3909
15707 3910
15708 3911
15709 3912
15710 3913
15711 3914
15712 3915
15713 3916
15714 3917
15715 3918
15716 3919
15717 3920
15718 3921
15719 3922
15720 3923
15721 3924
15722 3925
15723 3926
15724 3927
15725 3928
15726 3929
15727 3930
15728 3931
15729 3932
15730 3933
15731 3934
15732 3935
15733 3936
15734 3937
15735 3938
15736 3939
15737 3940
15738 3941
15739 3942
15740 3943
15741 3944
15742 3945
15743 3946
15360 5155
15361 5156
15362 5157
15363 5158
15364 5159
15365 5160
15366 5161
15367 5162
15368 5163
15369 5164
15370 5165
15371 5166
15372 5167
15373 5168
15374 5169
15375 5170
15376 5171
15377 5172
15378 5173
15379 5174
15380 5175
15381 5176
15382 5177
15383 5178
15384 5179
15385 5180
15386 5181
15387 5182
15388 5183
15389 5184
15390 5185
15391 5186
15392 5187
15393 5188
15394 5189
15395 5190
15396 5191
15397 5192
15398 5193
15399 5194
15400 5195
15401 5196
15402 5197
15403 5198
15404 5199
15405 5200
15406 5201
15407 5202
15408 5203
15409 5204
15410 5205
15411 5206
15412 5207
15413 5208
15414 5209
15415 5210
15416 5211
15417 5212
15418 5213
15419 5214
15420 5215
15421 5216
15422 5217
15423 5218
15424 5219
15425 5220
15426 5221
15427 5222
15428 5223
15429 5224
15430 5225
15431 5226
15432 5227
15433 5228
15434 5229
15435 5230
15436 5231
15437 5232
15438 5233
15439 5234
15440 5235
15441 5236
15442 5237
15443 5238
15444 5239
15445 5240
15446 5241
15447 5242
15448 5243
15449 5244
15450 5245
15451 5246
15452 5247
15453 5248
15454 5249
15455 5250
15456 5251
15457 5252
15458 5253
15459 5254
15460 5255
15461 5256
15462 5257
15463 5258
15464 5259
15465 5260
15466 5261
15467 5262
15468 5263
15469 5264
15470 5265
15471 5266
15472 5267
15473 5268
15474 5269
15475 5270
15476 5271
15477 5272
15478 5273
15479 5274
15480 5275
15481 5276
15482 5277
15483 5278
15484 5279
15485 5280
15486 5281
15487 5282
15488 5283
15489 5284
15490 5285
15491 5286
15492 5287
15493 5288
15494 5289
15495 5290
15496 5291
15497 5292
15498 5293
15499 5294
15500 5295
15501 5296
15502 5297
15503 5298
15504 5299
15505 5300
15506 5301
15507 5302
15508 5303
15509 5304
15510 5305
15511 5306
15512 5307
15513 5308
15514 5309
15515 5310
15516 5311
15517 5312
15518 5313
15519 5314
15520 5315
15521 5316
15522 5317
15523 5318
15524 5319
15525 5320
15526 5321
15527 5322
15528 5323
15529 5324
15530 5325
15531 5326
15532 5327
15533 5328
15534 5329
15535 5330
15536 5331
15537 5332
15538 5333
15539 5334
15540 5335
15541 5336
15542 5337
15543 5338
15544 5339
15545 5340
15546 5341
15547 5342
15548 5343
15549 5344
15550 5345
15551 5346
15552 5347
15553 5348
15554 5349
15555 5350
15556 5351
15557 5352
15558 5353
15559 5354
15560 5355
15561 5356
15562 5357
15563 5358
15564 5359
15565 5360
15566 5361
15567 5362
15568 5363
15569 5364
15570 5365
15571 5366
15572 5367
15573 5368
15574 5369
15575 5370
15576 5371
15577 5372
15578 5373
15579 5374
15580 5375
15581 4992
15582 4993
15583 4994
15584 4995
15585 4996
15586 4997
15587 4998
15588 4999
15589 5000
15590 5001
15591 5002
15592 5003
15593 5004
15594 5005
15595 5006
15596 5007
15597 5008
15598 5009
15599 5010
15600 5011
15601 5012
15602 5013
15603 5014
15604 5015
15605 5016
15606 5017
15607 5018
15608 5019
15609 5020
15610 5021
15611 5022
15612 5023
15613 5024
15614 5025
15615 5026
15616 5027
15617 5028
15618 5029
15619 5030
15620 5031
15621 5032
15622 5033
15623 5034
15624 5035
15625 5036
15626 5037
15627 5038
15628 5039
15629 5040
15630 5041
15631 5042
15632 5043
15633 5044
15634 5045
15635 5046
15636 5047
15637 5048
15638 5049
15639 5050
15640 5051
15641 5052
15642 5053
15643 5054
15644 5055
15645 5056
15646 5057
15647 5058
15648 5059
15649 5060
15650 5061
15651 5062
15652 5063
15653 5064
15654 5065
15655 5066
15656 5067
15657 5068
15658 5069
15659 5070
15660 5071
15661 5072
15662 5073
15663 5074
15664 5075
15665 5076
15666 5077
15667 5078
15668 5079
15669 5080
15670 5081
15671 5082
15672 5083
15673 5084
15674 5085
15675 5086
15676 5087
15677 5088
15678 5089
15679 5090
15680 5091
15681 5092
15682 5093
15683 5094
15684 5095
15685 5096
15686 5097
15687 5098
15688 5099
15689 5100
15690 5101
15691 5102
15692 5103
15693 5104
15694 5105
15695 5106
15696 5107
15697 5108
15698 5109
15699 5110
15700 5111
15701 5112
15702 5113
15703 5114
15704 5115
15705 5116
15706 5117
15707 5118
15708 5119
15709 5120
15710 5121
15711 5122
15712 5123
15713 5124
15714 5125
15715 5126
15716 5127
15717 5128
15718 5129
15719 5130
15720 5131
15721 5132
15722 5133
15723 5134
15724 5135
15725 5136
15726 5137
15727 5138
15728 5139
15729 5140
15730 5141
15731 5142
15732 5143
15733 5144
15734 5145
15735 5146
15736 5147
15737 5148
15738 5149
15739 5150
15740 5151
15741 5152
15742 5153
15743 5154
15360 19200
15361 19201
15362 19202
15363 19203
15364 19204
15365 19205
15366 19206
15367 19207
15368 19208
15369 19209
15370 19210
15371 19211
15372 19212
15373 19213
15374 19214
15375 19215
15376 19216
15377 19217
15378 19218
15379 19219
15380 19220
15381 19221
15382 19222
15383 19223
15384 19224
15385 19225
15386 19226
15387 19227
15388 19228
15389 19229
15390 19230
15391 19231
15392 19232
15393 19233
15394 19234
15395 19235
15396 19236
15397 19237
15398 19238
15399 19239
15400 19240
15401 19241
15402 19242
15403 19243
15404 19244
15405 19245
15406 19246
15407 19247
15408 19248
15409 19249
15410 19250
15411 19251
15412 19252
15413 19253
15414 19254
15415 19255
15416 19256
15417 19257
15418 19258
15419 19259
15420 19260
15421 19261
15422 19262
15423 19263
15424 19264
15425 19265
15426 19266
15427 19267
15428 19268
15429 19269
15430 19270
15431 19271
15432 19272
15433 19273
15434 19274
15435 19275
15436 19276
15437 19277
15438 19278
15439 19279
15440 19280
15441 19281
15442 19282
15443 19283
15444 19284
15445 19285
15446 19286
15447 19287
15448 19288
15449 19289
15450 19290
15451 19291
15452 19292
15453 19293
15454 19294
15455 19295
15456 19296
15457 19297
15458 19298
15459 19299
15460 19300
15461 19301
15462 19302
15463 19303
15464 19304
15465 19305
15466 19306
15467 19307
15468 19308
15469 19309
15470 19310
15471 19311
15472 19312
15473 19313
15474 19314
15475 19315
15476 19316
15477 19317
15478 19318
15479 19319
15480 19320
15481 19321
15482 19322
15483 19323
15484 19324
15485 19325
15486 19326
15487 19327
15488 19328
15489 19329
15490 19330
15491 19331
15492 19332
15493 19333
15494 19334
15495 19335
15496 19336
15497 19337
15498 19338
15499 19339
15500 19340
15501 19341
15502 19342
15503 19343
15504 19344
15505 19345
15506 19346
15507 19347
15508 19348
15509 19349
15510 19350
15511 19351
15512 19352
15513 19353
15514 19354
15515 19355
15516 19356
15517 19357
15518 19358
15519 19359
15520 19360
15521 19361
15522 19362
15523 19363
15524 19364
15525 19365
15526 19366
15527 19367
15528 19368
15529 19369
15530 19370
15531 19371
15532 19372
15533 19373
15534 19374
15535 19375
15536 19376
15537 19377
15538 19378
15539 19379
15540 19380
15541 19381
15542 19382
15543 19383
15544 19384
15545 19385
15546 19386
15547 19387
15548 19388
15549 19389
15550 19390
15551 19391
15552 19392
15553 19393
15554 19394
15555 19395
15556 19396
15557 19397
15558 19398
15559 19399
15560 19400
15561 19401
15562 19402
15563 19403
15564 19404
15565 19405
15566 19406
15567 19407
15568 19408
15569 19409
15570 19410
15571 19411
15572 19412
15573 19413
15574 19414
15575 19415
15576 19416
15577 19417
15578 19418
15579 19419
15580 19420
15581 19421
15582 19422
15583 19423
15584 19424
15585 19425
15586 19426
15587 19427
15588 19428
15589 19429
15590 19430
15591 19431
15592 19432
15593 19433
15594 19434
15595 19435
15596 19436
15597 19437
15598 19438
15599 19439
15600 19440
15601 19441
15602 19442
15603 19443
15604 19444
15605 19445
15606 19446
15607 19447
15608 19448
15609 19449
15610 19450
15611 19451
15612 19452
15613 19453
15614 19454
15615 19455
15616 19456
15617 19457
15618 19458
15619 19459
15620 19460
15621 19461
15622 19462
15623 19463
15624 19464
15625 19465
15626 19466
15627 19467
15628 19468
15629 19469
15630 19470
15631 19471
15632 19472
15633 19473
15634 19474
15635 19475
15636 19476
15637 19477
15638 19478
15639 19479
15640 19480
15641 19481
15642 19482
15643 19483
15644 19484
15645 19485
15646 19486
15647 19487
15648 19488
15649 19489
15650 19490
15651 19491
15652 19492
15653 19493
15654 19494
15655 19495
15656 19496
15657 19497
15658 19498
15659 19499
15660 19500
15661 19501
15662 19502
15663 19503
15664 19504
15665 19505
15666 19506
15667 19507
15668 19508
15669 19509
15670 19510
15671 19511
15672 19512
15673 19513
15674 19514
15675 19515
15676 19516
15677 19517
15678 19518
15679 19519
15680 19520
15681 19521
15682 19522
15683 19523
15684 19524
15685 19525
15686 19526
15687 19527
15688 19528
15689 19529
15690 19530
15691 19531
15692 19532
15693 19533
15694 19534
15695 19535
15696 19536
15697 19537
15698 19538
15699 19539
15700 19540
15701 19541
15702 19542
15703 19543
15704 19544
15705 19545
15706 19546
15707 19547
15708 19548
15709 19549
15710 19550
15711 19551
15712 19552
15713 19553
15714 19554
15715 19555
15716 19556
15717 19557
15718 19558
15719 19559
15720 19560
15721 19561
15722 19562
15723 19563
15724 19564
15725 19565
15726 19566
15727 19567
15728 19568
15729 19569
15730 19570
15731 19571
15732 19572
15733 19573
15734 19574
15735 19575
15736 19576
15737 19577
15738 19578
15739 19579
15740 19580
15741 19581
15742 19582
15743 19583
15744 531
15745 532
15746 533
15747 534
15748 535
15749 536
15750 537
15751 538
15752 539
15753 540
15754 541
15755 542
15756 543
15757 544
15758 545
15759 546
15760 547
15761 548
15762 549
15763 550
15764 551
15765 552
15766 553
15767 554
15768 555
15769 556
15770 557
15771 558
15772 559
15773 560
15774 561
15775 562
15776 563
15777 564
15778 565
15779 566
15780 567
15781 568
15782 569
15783 570
15784 571
15785 572
15786 573
15787 574
15788 575
15789 576
15790 577
15791 578
15792 579
15793 580
15794 581
15795 582
15796 583
15797 584
15798 585
15799 586
15800 587
15801 588
15802 589
15803 590
15804 591
15805 592
15806 593
15807 594
15808 595
15809 596
15810 597
15811 598
15812 599
15813 600
15814 601
15815 602
15816 603
15817 604
15818 605
15819 606
15820 607
15821 608
15822 609
15823 610
15824 611
15825 612
15826 613
15827 614
15828 615
15829 616
15830 617
15831 618
15832 619
15833 620
15834 621
15835 622
15836 623
15837 624
15838 625
15839 626
15840 627
15841 628
15842 629
15843 630
15844 631
15845 632
15846 633
15847 634
15848 635
15849 636
15850 637
15851 638
15852 639
15853 640
15854 641
15855 642
15856 643
15857 644
15858 645
15859 646
15860 647
15861 648
15862 649
15863 650
15864 651
15865 652
15866 653
15867 654
15868 655
15869 656
15870 657
15871 658
15872 659
15873 660
15874 661
15875 662
15876 663
15877 664
15878 665
15879 666
15880 667
15881 668
15882 669
15883 670
15884 671
15885 672
15886 673
15887 674
15888 675
15889 676
15890 677
15891 678
15892 679
15893 680
15894 681
15895 682
15896 683
15897 684
15898 685
15899 686
15900 687
15901 688
15902 689
15903 690
15904 691
15905 692
15906 693
15907 694
15908 695
15909 696
15910 697
15911 698
15912 699
15913 700
15914 701
15915 702
15916 703
15917 704
15918 705
15919 706
15920 707
15921 708
15922 709
15923 710
15924 711
15925 712
15926 713
15927 714
15928 715
15929 716
15930 717
15931 718
15932 719
15933 720
15934 721
15935 722
15936 723
15937 724
15938 725
15939 726
15940 727
15941 728
15942 729
15943 730
15944 731
15945 732
15946 733
15947 734
15948 735
15949 736
15950 737
15951 738
15952 739
15953 740
15954 741
15955 742
15956 743
15957 744
15958 745
15959 746
15960 747
15961 748
15962 749
15963 750
15964 751
15965 752
15966 753
15967 754
15968 755
15969 756
15970 757
15971 758
15972 759
15973 760
15974 761
15975 762
15976 763
15977 764
15978 765
15979 766
15980 767
15981 384
15982 385
15983 386
15984 387
15985 388
15986 389
15987 390
15988 391
15989 392
15990 393
15991 394
15992 395
15993 396
15994 397
15995 398
15996 399
15997 400
15998 401
15999 402
16000 403
16001 404
16002 405
16003 406
16004 407
16005 408
16006 409
16007 410
16008 411
16009 412
16010 413
16011 414
16012 415
16013 416
16014 417
16015 418
16016 419
16017 420
16018 421
16019 422
16020 423
16021 424
16022 425
16023 426
16024 427
16025 428
16026 429
16027 430
16028 431
16029 432
16030 433
16031 434
16032 435
16033 436
16034 437
16035 438
16036 439
16037 440
16038 441
16039 442
16040 443
16041 444
16042 445
16043 446
16044 447
16045 448
16046 449
16047 450
16048 451
16049 452
16050 453
16051 454
16052 455
16053 456
16054 457
16055 458
16056 459
16057 460
16058 461
16059 462
16060 463
16061 464
16062 465
16063 466
16064 467
16065 468
16066 469
16067 470
16068 471
16069 472
16070 473
16071 474
16072 475
16073 476
16074 477
16075 478
16076 479
16077 480
16078 481
16079 482
16080 483
16081 484
16082 485
16083 486
16084 487
16085 488
16086 489
16087 490
16088 491
16089 492
16090 493
16091 494
16092 495
16093 496
16094 497
16095 498
16096 499
16097 500
16098 501
16099 502
16100 503
16101 504
16102 505
16103 506
16104 507
16105 508
16106 509
16107 510
16108 511
16109 512
16110 513
16111 514
16112 515
16113 516
16114 517
16115 518
16116 519
16117 520
16118 521
16119 522
16120 523
16121 524
16122 525
16123 526
16124 527
16125 528
16126 529
16127 530
15744 1927
15745 1928
15746 1929
15747 1930
15748 1931
15749 1932
15750 1933
15751 1934
15752 1935
15753 1936
15754 1937
15755 1938
15756 1939
15757 1940
15758 1941
15759 1942
15760 1943
15761 1944
15762 1945
15763 1946
15764 1947
15765 1948
15766 1949
15767 1950
15768 1951
15769 1952
15770 1953
15771 1954
15772 1955
15773 1956
15774 1957
15775 1958
15776 1959
15777 1960
15778 1961
15779 1962
15780 1963
15781 1964
15782 1965
15783 1966
15784 1967
15785 1968
15786 1969
15787 1970
15788 1971
15789 1972
15790 1973
15791 1974
15792 1975
15793 1976
15794 1977
15795 1978
15796 1979
15797 1980
15798 1981
15799 1982
15800 1983
15801 1984
15802 1985
15803 1986
15804 1987
15805 1988
15806 1989
15807 1990
15808 1991
15809 1992
15810 1993
15811 1994
15812 1995
15813 1996
15814 1997
15815 1998
15816 1999
15817 2000
15818 2001
15819 2002
15820 2003
15821 2004
15822 2005
15823 2006
15824 2007
15825 2008
15826 2009
15827 2010
15828 2011
15829 2012
15830 2013
15831 2014
15832 2015
15833 2016
15834 2017
15835 2018
15836 2019
15837 2020
15838 2021
15839 2022
15840 2023
15841 2024
15842 2025
15843 2026
15844 2027
15845 2028
15846 2029
15847 2030
15848 2031
15849 2032
15850 2033
15851 2034
15852 2035
15853 2036
15854 2037
15855 2038
15856 2039
15857 2040
15858 2041
15859 2042
15860 2043
15861 2044
15862 2045
15863 2046
15864 2047
15865 2048
15866 2049
15867 2050
15868 2051
15869 2052
15870 2053
15871 2054
15872 2055
15873 2056
15874 2057
15875 2058
15876 2059
15877 2060
15878 2061
15879 2062
15880 2063
15881 2064
15882 2065
15883 2066
15884 2067
15885 2068
15886 2069
15887 2070
15888 2071
15889 2072
15890 2073
15891 2074
15892 2075
15893 2076
15894 2077
15895 2078
15896 2079
15897 2080
15898 2081
15899 2082
15900 2083
15901 2084
15902 2085
15903 2086
15904 2087
15905 2088
15906 2089
15907 2090
15908 2091
15909 2092
15910 2093
15911 2094
15912 2095
15913 2096
15914 2097
15915 2098
15916 2099
15917 2100
15918 2101
15919 2102
15920 2103
15921 2104
15922 2105
15923 2106
15924 2107
15925 2108
15926 2109
15927 2110
15928 2111
15929 2112
15930 2113
15931 2114
15932 2115
15933 2116
15934 2117
15935 2118
15936 2119
15937 2120
15938 2121
15939 2122
15940 2123
15941 2124
15942 2125
15943 2126
15944 2127
15945 2128
15946 2129
15947 2130
15948 2131
15949 2132
15950 2133
15951 2134
15952 2135
15953 2136
15954 2137
15955 2138
15956 2139
15957 2140
15958 2141
15959 2142
15960 2143
15961 2144
15962 2145
15963 2146
15964 2147
15965 2148
15966 2149
15967 2150
15968 2151
15969 2152
15970 2153
15971 2154
15972 2155
15973 2156
15974 2157
15975 2158
15976 2159
15977 2160
15978 2161
15979 2162
15980 2163
15981 2164
15982 2165
15983 2166
15984 2167
15985 2168
15986 2169
15987 2170
15988 2171
15989 2172
15990 2173
15991 2174
15992 2175
15993 2176
15994 2177
15995 2178
15996 2179
15997 2180
15998 2181
15999 2182
16000 2183
16001 2184
16002 2185
16003 2186
16004 2187
16005 2188
16006 2189
16007 2190
16008 2191
16009 2192
16010 2193
16011 2194
16012 2195
16013 2196
16014 2197
16015 2198
16016 2199
16017 2200
16018 2201
16019 2202
16020 2203
16021 2204
16022 2205
16023 2206
16024 2207
16025 2208
16026 2209
16027 2210
16028 2211
16029 2212
16030 2213
16031 2214
16032 2215
16033 2216
16034 2217
16035 2218
16036 2219
16037 2220
16038 2221
16039 2222
16040 2223
16041 2224
16042 2225
16043 2226
16044 2227
16045 2228
16046 2229
16047 2230
16048 2231
16049 2232
16050 2233
16051 2234
16052 2235
16053 2236
16054 2237
16055 2238
16056 2239
16057 2240
16058 2241
16059 2242
16060 2243
16061 2244
16062 2245
16063 2246
16064 2247
16065 2248
16066 2249
16067 2250
16068 2251
16069 2252
16070 2253
16071 2254
16072 2255
16073 2256
16074 2257
16075 2258
16076 2259
16077 2260
16078 2261
16079 2262
16080 2263
16081 2264
16082 2265
16083 2266
16084 2267
16085 2268
16086 2269
16087 2270
16088 2271
16089 2272
16090 2273
16091 2274
16092 2275
16093 2276
16094 2277
16095 2278
16096 2279
16097 2280
16098 2281
16099 2282
16100 2283
16101 2284
16102 2285
16103 2286
16104 2287
16105 2288
16106 2289
16107 2290
16108 2291
16109 2292
16110 2293
16111 2294
16112 2295
16113 2296
16114 2297
16115 2298
16116 2299
16117 2300
16118 2301
16119 2302
16120 2303
16121 1920
16122 1921
16123 1922
16124 1923
16125 1924
16126 1925
16127 1926
15744 4284
15745 4285
15746 4286
15747 4287
15748 4288
15749 4289
15750 4290
15751 4291
15752 4292
15753 4293
15754 4294
15755 4295
15756 4296
15757 4297
15758 4298
15759 4299
15760 4300
15761 4301
15762 4302
15763 4303
15764 4304
15765 4305
15766 4306
15767 4307
15768 4308
15769 4309
15770 4310
15771 4311
15772 4312
15773 4313
15774 4314
15775 4315
15776 4316
15777 4317
15778 4318
15779 4319
15780 4320
15781 4321
15782 4322
15783 4323
15784 4324
15785 4325
15786 4326
15787 4327
15788 4328
15789 4329
15790 4330
15791 4331
15792 4332
15793 4333
15794 4334
15795 4335
15796 4336
15797 4337
15798 4338
15799 4339
15800 4340
15801 4341
15802 4342
15803 4343
15804 4344
15805 4345
15806 4346
15807 4347
15808 4348
15809 4349
15810 4350
15811 4351
15812 4352
15813 4353
15814 4354
15815 4355
15816 4356
15817 4357
15818 4358
15819 4359
15820 4360
15821 4361
15822 4362
15823 4363
15824 4364
15825 4365
15826 4366
15827 4367
15828 4368
15829 4369
15830 4370
15831 4371
15832 4372
15833 4373
15834 4374
15835 4375
15836 4376
15837 4377
15838 4378
15839 4379
15840 4380
15841 4381
15842 4382
15843 4383
15844 4384
15845 4385
15846 4386
15847 4387
15848 4388
15849 4389
15850 4390
15851 4391
15852 4392
15853 4393
15854 4394
15855 4395
15856 4396
15857 4397
15858 4398
15859 4399
15860 4400
15861 4401
15862 4402
15863 4403
15864 4404
15865 4405
15866 4406
15867 4407
15868 4408
15869 4409
15870 4410
15871 4411
15872 4412
15873 4413
15874 4414
15875 4415
15876 4416
15877 4417
15878 4418
15879 4419
15880 4420
15881 4421
15882 4422
15883 4423
15884 4424
15885 4425
15886 4426
15887 4427
15888 4428
15889 4429
15890 4430
15891 4431
15892 4432
15893 4433
15894 4434
15895 4435
15896 4436
15897 4437
15898 4438
15899 4439
15900 4440
15901 4441
15902 4442
15903 4443
15904 4444
15905 4445
15906 4446
15907 4447
15908 4448
15909 4449
15910 4450
15911 4451
15912 4452
15913 4453
15914 4454
15915 4455
15916 4456
15917 4457
15918 4458
15919 4459
15920 4460
15921 4461
15922 4462
15923 4463
15924 4464
15925 4465
15926 4466
15927 4467
15928 4468
15929 4469
15930 4470
15931 4471
15932 4472
15933 4473
15934 4474
15935 4475
15936 4476
15937 4477
15938 4478
15939 4479
15940 4480
15941 4481
15942 4482
15943 4483
15944 4484
15945 4485
15946 4486
15947 4487
15948 4488
15949 4489
15950 4490
15951 4491
15952 4492
15953 4493
15954 4494
15955 4495
15956 4496
15957 4497
15958 4498
15959 4499
15960 4500
15961 4501
15962 4502
15963 4503
15964 4504
15965 4505
15966 4506
15967 4507
15968 4508
15969 4509
15970 4510
15971 4511
15972 4512
15973 4513
15974 4514
15975 4515
15976 4516
15977 4517
15978 4518
15979 4519
15980 4520
15981 4521
15982 4522
15983 4523
15984 4524
15985 4525
15986 4526
15987 4527
15988 4528
15989 4529
15990 4530
15991 4531
15992 4532
15993 4533
15994 4534
15995 4535
15996 4536
15997 4537
15998 4538
15999 4539
16000 4540
16001 4541
16002 4542
16003 4543
16004 4544
16005 4545
16006 4546
16007 4547
16008 4548
16009 4549
16010 4550
16011 4551
16012 4552
16013 4553
16014 4554
16015 4555
16016 4556
16017 4557
16018 4558
16019 4559
16020 4560
16021 4561
16022 4562
16023 4563
16024 4564
16025 4565
16026 4566
16027 4567
16028 4568
16029 4569
16030 4570
16031 4571
16032 4572
16033 4573
16034 4574
16035 4575
16036 4576
16037 4577
16038 4578
16039 4579
16040 4580
16041 4581
16042 4582
16043 4583
16044 4584
16045 4585
16046 4586
16047 4587
16048 4588
16049 4589
16050 4590
16051 4591
16052 4592
16053 4593
16054 4594
16055 4595
16056 4596
16057 4597
16058 4598
16059 4599
16060 4600
16061 4601
16062 4602
16063 4603
16064 4604
16065 4605
16066 4606
16067 4607
16068 4224
16069 4225
16070 4226
16071 4227
16072 4228
16073 4229
16074 4230
16075 4231
16076 4232
16077 4233
16078 4234
16079 4235
16080 4236
16081 4237
16082 4238
16083 4239
16084 4240
16085 4241
16086 4242
16087 4243
16088 4244
16089 4245
16090 4246
16091 4247
16092 4248
16093 4249
16094 4250
16095 4251
16096 4252
16097 4253
16098 4254
16099 4255
16100 4256
16101 4257
16102 4258
16103 4259
16104 4260
16105 4261
16106 4262
16107 4263
16108 4264
16109 4265
16110 4266
16111 4267
16112 4268
16113 4269
16114 4270
16115 4271
16116 4272
16117 4273
16118 4274
16119 4275
16120 4276
16121 4277
16122 4278
16123 4279
16124 4280
16125 4281
16126 4282
16127 4283
15744 19584
15745 19585
15746 19586
15747 19587
15748 19588
15749 19589
15750 19590
15751 19591
15752 19592
15753 19593
15754 19594
15755 19595
15756 19596
15757 19597
15758 19598
15759 19599
15760 19600
15761 19601
15762 19602
15763 19603
15764 19604
15765 19605
15766 19606
15767 19607
15768 19608
15769 19609
15770 19610
15771 19611
15772 19612
15773 19613
15774 19614
15775 19615
15776 19616
15777 19617
15778 19618
15779 19619
15780 19620
15781 19621
15782 19622
15783 19623
15784 19624
15785 19625
15786 19626
15787 19627
15788 19628
15789 19629
15790 19630
15791 19631
15792 19632
15793 19633
15794 19634
15795 19635
15796 19636
15797 19637
15798 19638
15799 19639
15800 19640
15801 19641
15802 19642
15803 19643
15804 19644
15805 19645
15806 19646
15807 19647
15808 19648
15809 19649
15810 19650
15811 19651
15812 19652
15813 19653
15814 19654
15815 19655
15816 19656
15817 19657
15818 19658
15819 19659
15820 19660
15821 19661
15822 19662
15823 19663
15824 19664
15825 19665
15826 19666
15827 19667
15828 19668
15829 19669
15830 19670
15831 19671
15832 19672
15833 19673
15834 19674
15835 19675
15836 19676
15837 19677
15838 19678
15839 19679
15840 19680
15841 19681
15842 19682
15843 19683
15844 19684
15845 19685
15846 19686
15847 19687
15848 19688
15849 19689
15850 19690
15851 19691
15852 19692
15853 19693
15854 19694
15855 19695
15856 19696
15857 19697
15858 19698
15859 19699
15860 19700
15861 19701
15862 19702
15863 19703
15864 19704
15865 19705
15866 19706
15867 19707
15868 19708
15869 19709
15870 19710
15871 19711
15872 19712
15873 19713
15874 19714
15875 19715
15876 19716
15877 19717
15878 19718
15879 19719
15880 19720
15881 19721
15882 19722
15883 19723
15884 19724
15885 19725
15886 19726
15887 19727
15888 19728
15889 19729
15890 19730
15891 19731
15892 19732
15893 19733
15894 19734
15895 19735
15896 19736
15897 19737
15898 19738
15899 19739
15900 19740
15901 19741
15902 19742
15903 19743
15904 19744
15905 19745
15906 19746
15907 19747
15908 19748
15909 19749
15910 19750
15911 19751
15912 19752
15913 19753
15914 19754
15915 19755
15916 19756
15917 19757
15918 19758
15919 19759
15920 19760
15921 19761
15922 19762
15923 19763
15924 19764
15925 19765
15926 19766
15927 19767
15928 19768
15929 19769
15930 19770
15931 19771
15932 19772
15933 19773
15934 19774
15935 19775
15936 19776
15937 19777
15938 19778
15939 19779
15940 19780
15941 19781
15942 19782
15943 19783
15944 19784
15945 19785
15946 19786
15947 19787
15948 19788
15949 19789
15950 19790
15951 19791
15952 19792
15953 19793
15954 19794
15955 19795
15956 19796
15957 19797
15958 19798
15959 19799
15960 19800
15961 19801
15962 19802
15963 19803
15964 19804
15965 19805
15966 19806
15967 19807
15968 19808
15969 19809
15970 19810
15971 19811
15972 19812
15973 19813
15974 19814
15975 19815
15976 19816
15977 19817
15978 19818
15979 19819
15980 19820
15981 19821
15982 19822
15983 19823
15984 19824
15985 19825
15986 19826
15987 19827
15988 19828
15989 19829
15990 19830
15991 19831
15992 19832
15993 19833
15994 19834
15995 19835
15996 19836
15997 19837
15998 19838
15999 19839
16000 19840
16001 19841
16002 19842
16003 19843
16004 19844
16005 19845
16006 19846
16007 19847
16008 19848
16009 19849
16010 19850
16011 19851
16012 19852
16013 19853
16014 19854
16015 19855
16016 19856
16017 19857
16018 19858
16019 19859
16020 19860
16021 19861
16022 19862
16023 19863
16024 19864
16025 19865
16026 19866
16027 19867
16028 19868
16029 19869
16030 19870
16031 19871
16032 19872
16033 19873
16034 19874
16035 19875
16036 19876
16037 19877
16038 19878
16039 19879
16040 19880
16041 19881
16042 19882
16043 19883
16044 19884
16045 19885
16046 19886
16047 19887
16048 19888
16049 19889
16050 19890
16051 19891
16052 19892
16053 19893
16054 19894
16055 19895
16056 19896
16057 19897
16058 19898
16059 19899
16060 19900
16061 19901
16062 19902
16063 19903
16064 19904
16065 19905
16066 19906
16067 19907
16068 19908
16069 19909
16070 19910
16071 19911
16072 19912
16073 19913
16074 19914
16075 19915
16076 19916
16077 19917
16078 19918
16079 19919
16080 19920
16081 19921
16082 19922
16083 19923
16084 19924
16085 19925
16086 19926
16087 19927
16088 19928
16089 19929
16090 19930
16091 19931
16092 19932
16093 19933
16094 19934
16095 19935
16096 19936
16097 19937
16098 19938
16099 19939
16100 19940
16101 19941
16102 19942
16103 19943
16104 19944
16105 19945
16106 19946
16107 19947
16108 19948
16109 19949
16110 19950
16111 19951
16112 19952
16113 19953
16114 19954
16115 19955
16116 19956
16117 19957
16118 19958
16119 19959
16120 19960
16121 19961
16122 19962
16123 19963
16124 19964
16125 19965
16126 19966
16127 19967
