source,mode,cluster_size,iteration,cluster_id,max_abs_llr,snr_db
baseline,layered,24,0,0,11.98446703038838,0.0
baseline,layered,24,0,1,13.910658656703198,0.0
baseline,layered,24,0,2,10.539534529999276,0.0
baseline,layered,24,0,3,13.910658656703198,0.0
baseline,layered,24,0,4,10.231835547627476,0.0
baseline,layered,24,0,5,12.449944836550111,0.0
baseline,layered,24,0,6,11.98446703038838,0.0
baseline,layered,24,0,7,12.419469064873883,0.0
baseline,layered,24,0,8,11.98446703038838,0.0
baseline,layered,24,0,9,10.274590426751153,0.0
baseline,layered,24,0,10,10.539534529999276,0.0
baseline,layered,24,0,11,10.274590426751153,0.0
baseline,layered,24,0,12,11.521265082748544,0.0
baseline,layered,24,0,13,10.742216797477518,0.0
baseline,layered,24,0,14,11.521265082748544,0.0
baseline,layered,24,0,15,11.733449642086557,0.0
baseline,layered,24,0,16,10.539534529999276,0.0
baseline,layered,24,0,17,12.449944836550111,0.0
baseline,layered,24,0,18,10.274590426751153,0.0
baseline,layered,24,0,19,12.419469064873883,0.0
baseline,layered,24,0,20,10.392159241475682,0.0
baseline,layered,24,0,21,11.555174310775236,0.0
baseline,layered,24,0,22,10.539534529999276,0.0
baseline,layered,24,0,23,10.274590426751153,0.0
baseline,layered,24,1,0,12.317217362647401,0.0
baseline,layered,24,1,1,13.910658656703198,0.0
baseline,layered,24,1,2,10.274590426751153,0.0
baseline,layered,24,1,3,13.910658656703198,0.0
baseline,layered,24,1,4,10.231835547627476,0.0
baseline,layered,24,1,5,12.449944836550111,0.0
baseline,layered,24,1,6,12.317217362647401,0.0
baseline,layered,24,1,7,12.419469064873883,0.0
baseline,layered,24,1,8,11.803253462868541,0.0
baseline,layered,24,1,9,10.274590426751153,0.0
baseline,layered,24,1,10,9.576854454378998,0.0
baseline,layered,24,1,11,10.274590426751153,0.0
baseline,layered,24,1,12,12.317217362647401,0.0
baseline,layered,24,1,13,10.742216797477518,0.0
baseline,layered,24,1,14,12.317217362647401,0.0
baseline,layered,24,1,15,11.733449642086557,0.0
baseline,layered,24,1,16,10.274590426751153,0.0
baseline,layered,24,1,17,12.449944836550111,0.0
baseline,layered,24,1,18,10.274590426751153,0.0
baseline,layered,24,1,19,12.419469064873883,0.0
baseline,layered,24,1,20,10.392159241475682,0.0
baseline,layered,24,1,21,11.555174310775236,0.0
baseline,layered,24,1,22,9.576854454378998,0.0
baseline,layered,24,1,23,10.274590426751153,0.0
baseline,layered,24,2,0,12.317217362647401,0.0
baseline,layered,24,2,1,13.941639522388442,0.0
baseline,layered,24,2,2,10.231835547627476,0.0
baseline,layered,24,2,3,13.941639522388442,0.0
baseline,layered,24,2,4,10.231835547627476,0.0
baseline,layered,24,2,5,11.555174310775236,0.0
baseline,layered,24,2,6,12.317217362647401,0.0
baseline,layered,24,2,7,12.419469064873883,0.0
baseline,layered,24,2,8,11.803253462868541,0.0
baseline,layered,24,2,9,10.203166126479301,0.0
baseline,layered,24,2,10,9.576854454378998,0.0
baseline,layered,24,2,11,10.203166126479301,0.0
baseline,layered,24,2,12,12.317217362647401,0.0
baseline,layered,24,2,13,10.742216797477518,0.0
baseline,layered,24,2,14,12.317217362647401,0.0
baseline,layered,24,2,15,11.913109784648531,0.0
baseline,layered,24,2,16,10.203166126479301,0.0
baseline,layered,24,2,17,11.913109784648531,0.0
baseline,layered,24,2,18,10.203166126479301,0.0
baseline,layered,24,2,19,12.419469064873883,0.0
baseline,layered,24,2,20,10.392159241475682,0.0
baseline,layered,24,2,21,11.555174310775236,0.0
baseline,layered,24,2,22,9.576854454378998,0.0
baseline,layered,24,2,23,10.203166126479301,0.0
baseline,layered,24,3,0,12.317217362647401,0.0
baseline,layered,24,3,1,13.941639522388442,0.0
baseline,layered,24,3,2,10.916041007074654,0.0
baseline,layered,24,3,3,13.941639522388442,0.0
baseline,layered,24,3,4,10.339957495734748,0.0
baseline,layered,24,3,5,11.555174310775236,0.0
baseline,layered,24,3,6,12.317217362647401,0.0
baseline,layered,24,3,7,12.419469064873883,0.0
baseline,layered,24,3,8,11.803253462868541,0.0
baseline,layered,24,3,9,10.232537071927478,0.0
baseline,layered,24,3,10,10.47999330247284,0.0
baseline,layered,24,3,11,10.232537071927478,0.0
baseline,layered,24,3,12,12.317217362647401,0.0
baseline,layered,24,3,13,10.742216797477518,0.0
baseline,layered,24,3,14,12.317217362647401,0.0
baseline,layered,24,3,15,11.913109784648531,0.0
baseline,layered,24,3,16,10.811206468552676,0.0
baseline,layered,24,3,17,11.913109784648531,0.0
baseline,layered,24,3,18,10.339957495734748,0.0
baseline,layered,24,3,19,12.419469064873883,0.0
baseline,layered,24,3,20,10.392159241475682,0.0
baseline,layered,24,3,21,11.555174310775236,0.0
baseline,layered,24,3,22,10.47999330247284,0.0
baseline,layered,24,3,23,10.232537071927478,0.0
baseline,layered,24,4,0,12.317217362647401,0.0
baseline,layered,24,4,1,16.655015245828967,0.0
baseline,layered,24,4,2,10.916041007074654,0.0
baseline,layered,24,4,3,16.655015245828967,0.0
baseline,layered,24,4,4,10.376084716507021,0.0
baseline,layered,24,4,5,12.659752906507352,0.0
baseline,layered,24,4,6,12.317217362647401,0.0
baseline,layered,24,4,7,12.659752906507352,0.0
baseline,layered,24,4,8,11.803253462868541,0.0
baseline,layered,24,4,9,11.374102069086586,0.0
baseline,layered,24,4,10,10.47999330247284,0.0
baseline,layered,24,4,11,11.374102069086586,0.0
baseline,layered,24,4,12,12.317217362647401,0.0
baseline,layered,24,4,13,11.374102069086586,0.0
baseline,layered,24,4,14,12.317217362647401,0.0
baseline,layered,24,4,15,13.824564465033573,0.0
baseline,layered,24,4,16,11.374102069086586,0.0
baseline,layered,24,4,17,13.824564465033573,0.0
baseline,layered,24,4,18,11.374102069086586,0.0
baseline,layered,24,4,19,12.659752906507352,0.0
baseline,layered,24,4,20,11.374102069086586,0.0
baseline,layered,24,4,21,12.659752906507352,0.0
baseline,layered,24,4,22,10.47999330247284,0.0
baseline,layered,24,4,23,11.374102069086586,0.0
baseline,layered,24,5,0,12.373759629866878,0.0
baseline,layered,24,5,1,16.655015245828967,0.0
baseline,layered,24,5,2,12.373759629866878,0.0
baseline,layered,24,5,3,16.655015245828967,0.0
baseline,layered,24,5,4,12.373759629866878,0.0
baseline,layered,24,5,5,12.659752906507352,0.0
baseline,layered,24,5,6,12.317217362647401,0.0
baseline,layered,24,5,7,12.659752906507352,0.0
baseline,layered,24,5,8,11.803253462868541,0.0
baseline,layered,24,5,9,11.793694956235349,0.0
baseline,layered,24,5,10,10.47999330247284,0.0
baseline,layered,24,5,11,11.793694956235349,0.0
baseline,layered,24,5,12,12.317217362647401,0.0
baseline,layered,24,5,13,11.793694956235349,0.0
baseline,layered,24,5,14,12.317217362647401,0.0
baseline,layered,24,5,15,13.824564465033573,0.0
baseline,layered,24,5,16,12.373759629866878,0.0
baseline,layered,24,5,17,13.824564465033573,0.0
baseline,layered,24,5,18,12.373759629866878,0.0
baseline,layered,24,5,19,12.659752906507352,0.0
baseline,layered,24,5,20,11.793694956235349,0.0
baseline,layered,24,5,21,12.659752906507352,0.0
baseline,layered,24,5,22,10.47999330247284,0.0
baseline,layered,24,5,23,11.793694956235349,0.0
baseline,layered,24,6,0,12.373759629866878,0.0
baseline,layered,24,6,1,16.655015245828967,0.0
baseline,layered,24,6,2,12.373759629866878,0.0
baseline,layered,24,6,3,16.655015245828967,0.0
baseline,layered,24,6,4,12.373759629866878,0.0
baseline,layered,24,6,5,13.948662340449474,0.0
baseline,layered,24,6,6,12.317217362647401,0.0
baseline,layered,24,6,7,13.948662340449474,0.0
baseline,layered,24,6,8,11.803253462868541,0.0
baseline,layered,24,6,9,12.275499352789947,0.0
baseline,layered,24,6,10,10.48905244678413,0.0
baseline,layered,24,6,11,12.275499352789947,0.0
baseline,layered,24,6,12,12.317217362647401,0.0
baseline,layered,24,6,13,12.275499352789947,0.0
baseline,layered,24,6,14,12.317217362647401,0.0
baseline,layered,24,6,15,13.824564465033573,0.0
baseline,layered,24,6,16,12.373759629866878,0.0
baseline,layered,24,6,17,13.824564465033573,0.0
baseline,layered,24,6,18,12.373759629866878,0.0
baseline,layered,24,6,19,13.948662340449474,0.0
baseline,layered,24,6,20,12.275499352789947,0.0
baseline,layered,24,6,21,13.948662340449474,0.0
baseline,layered,24,6,22,10.48905244678413,0.0
baseline,layered,24,6,23,12.275499352789947,0.0
baseline,layered,24,7,0,15.711772655916292,0.0
baseline,layered,24,7,1,16.655015245828967,0.0
baseline,layered,24,7,2,15.110158778231558,0.0
baseline,layered,24,7,3,16.655015245828967,0.0
baseline,layered,24,7,4,15.110158778231558,0.0
baseline,layered,24,7,5,13.948662340449474,0.0
baseline,layered,24,7,6,15.711772655916292,0.0
baseline,layered,24,7,7,13.948662340449474,0.0
baseline,layered,24,7,8,14.642710835760143,0.0
baseline,layered,24,7,9,14.633153553894724,0.0
baseline,layered,24,7,10,12.060243422334086,0.0
baseline,layered,24,7,11,14.633153553894724,0.0
baseline,layered,24,7,12,15.711772655916292,0.0
baseline,layered,24,7,13,14.633153553894724,0.0
baseline,layered,24,7,14,15.711772655916292,0.0
baseline,layered,24,7,15,13.824564465033573,0.0
baseline,layered,24,7,16,12.373759629866878,0.0
baseline,layered,24,7,17,14.633153553894724,0.0
baseline,layered,24,7,18,15.110158778231558,0.0
baseline,layered,24,7,19,13.948662340449474,0.0
baseline,layered,24,7,20,15.110158778231558,0.0
baseline,layered,24,7,21,13.948662340449474,0.0
baseline,layered,24,7,22,12.32717957208538,0.0
baseline,layered,24,7,23,14.633153553894724,0.0
baseline,layered,24,8,0,15.711772655916292,0.0
baseline,layered,24,8,1,16.655015245828967,0.0
baseline,layered,24,8,2,15.110158778231558,0.0
baseline,layered,24,8,3,17.760140640425472,0.0
baseline,layered,24,8,4,15.110158778231558,0.0
baseline,layered,24,8,5,17.760140640425472,0.0
baseline,layered,24,8,6,15.711772655916292,0.0
baseline,layered,24,8,7,17.760140640425472,0.0
baseline,layered,24,8,8,14.642710835760143,0.0
baseline,layered,24,8,9,14.633153553894724,0.0
baseline,layered,24,8,10,12.060243422334086,0.0
baseline,layered,24,8,11,14.633153553894724,0.0
baseline,layered,24,8,12,15.711772655916292,0.0
baseline,layered,24,8,13,14.633153553894724,0.0
baseline,layered,24,8,14,15.711772655916292,0.0
baseline,layered,24,8,15,13.824564465033573,0.0
baseline,layered,24,8,16,14.237928070693666,0.0
baseline,layered,24,8,17,14.633153553894724,0.0
baseline,layered,24,8,18,15.110158778231558,0.0
baseline,layered,24,8,19,17.760140640425472,0.0
baseline,layered,24,8,20,15.110158778231558,0.0
baseline,layered,24,8,21,17.760140640425472,0.0
baseline,layered,24,8,22,12.32717957208538,0.0
baseline,layered,24,8,23,14.633153553894724,0.0
baseline,layered,24,9,0,16.55675381673685,0.0
baseline,layered,24,9,1,16.655015245828967,0.0
baseline,layered,24,9,2,15.866058172057038,0.0
baseline,layered,24,9,3,17.760140640425472,0.0
baseline,layered,24,9,4,15.110158778231558,0.0
baseline,layered,24,9,5,17.760140640425472,0.0
baseline,layered,24,9,6,16.55675381673685,0.0
baseline,layered,24,9,7,17.760140640425472,0.0
baseline,layered,24,9,8,16.55675381673685,0.0
baseline,layered,24,9,9,14.633153553894724,0.0
baseline,layered,24,9,10,15.866058172057038,0.0
baseline,layered,24,9,11,14.633153553894724,0.0
baseline,layered,24,9,12,15.866058172057038,0.0
baseline,layered,24,9,13,14.633153553894724,0.0
baseline,layered,24,9,14,15.711772655916292,0.0
baseline,layered,24,9,15,15.866058172057038,0.0
baseline,layered,24,9,16,15.866058172057038,0.0
baseline,layered,24,9,17,14.633153553894724,0.0
baseline,layered,24,9,18,15.110158778231558,0.0
baseline,layered,24,9,19,17.760140640425472,0.0
baseline,layered,24,9,20,15.110158778231558,0.0
baseline,layered,24,9,21,17.760140640425472,0.0
baseline,layered,24,9,22,15.866058172057038,0.0
baseline,layered,24,9,23,14.633153553894724,0.0
baseline,layered,24,10,0,16.55675381673685,0.0
baseline,layered,24,10,1,16.655015245828967,0.0
baseline,layered,24,10,2,16.156343213031334,0.0
baseline,layered,24,10,3,17.760140640425472,0.0
baseline,layered,24,10,4,15.110158778231558,0.0
baseline,layered,24,10,5,17.760140640425472,0.0
baseline,layered,24,10,6,16.55675381673685,0.0
baseline,layered,24,10,7,17.760140640425472,0.0
baseline,layered,24,10,8,16.55675381673685,0.0
baseline,layered,24,10,9,16.156343213031334,0.0
baseline,layered,24,10,10,15.866058172057038,0.0
baseline,layered,24,10,11,16.156343213031334,0.0
baseline,layered,24,10,12,15.866058172057038,0.0
baseline,layered,24,10,13,16.156343213031334,0.0
baseline,layered,24,10,14,16.156343213031334,0.0
baseline,layered,24,10,15,15.866058172057038,0.0
baseline,layered,24,10,16,16.156343213031334,0.0
baseline,layered,24,10,17,14.80464230167291,0.0
baseline,layered,24,10,18,16.156343213031334,0.0
baseline,layered,24,10,19,17.760140640425472,0.0
baseline,layered,24,10,20,15.110158778231558,0.0
baseline,layered,24,10,21,17.760140640425472,0.0
baseline,layered,24,10,22,15.866058172057038,0.0
baseline,layered,24,10,23,16.156343213031334,0.0
baseline,layered,24,11,0,16.55675381673685,0.0
baseline,layered,24,11,1,16.655015245828967,0.0
baseline,layered,24,11,2,16.156343213031334,0.0
baseline,layered,24,11,3,17.760140640425472,0.0
baseline,layered,24,11,4,15.110158778231558,0.0
baseline,layered,24,11,5,17.760140640425472,0.0
baseline,layered,24,11,6,16.55675381673685,0.0
baseline,layered,24,11,7,17.760140640425472,0.0
baseline,layered,24,11,8,16.55675381673685,0.0
baseline,layered,24,11,9,16.156343213031334,0.0
baseline,layered,24,11,10,15.173191224941538,0.0
baseline,layered,24,11,11,16.156343213031334,0.0
baseline,layered,24,11,12,15.711772655916292,0.0
baseline,layered,24,11,13,16.156343213031334,0.0
baseline,layered,24,11,14,16.156343213031334,0.0
baseline,layered,24,11,15,15.173191224941538,0.0
baseline,layered,24,11,16,16.156343213031334,0.0
baseline,layered,24,11,17,14.970551496765054,0.0
baseline,layered,24,11,18,16.156343213031334,0.0
baseline,layered,24,11,19,17.760140640425472,0.0
baseline,layered,24,11,20,15.110158778231558,0.0
baseline,layered,24,11,21,17.760140640425472,0.0
baseline,layered,24,11,22,15.173191224941538,0.0
baseline,layered,24,11,23,16.156343213031334,0.0
baseline,layered,24,12,0,16.55675381673685,0.0
baseline,layered,24,12,1,17.10407658844784,0.0
baseline,layered,24,12,2,17.10407658844784,0.0
baseline,layered,24,12,3,17.760140640425472,0.0
baseline,layered,24,12,4,15.110158778231558,0.0
baseline,layered,24,12,5,17.760140640425472,0.0
baseline,layered,24,12,6,16.55675381673685,0.0
baseline,layered,24,12,7,17.760140640425472,0.0
baseline,layered,24,12,8,16.55675381673685,0.0
baseline,layered,24,12,9,17.10407658844784,0.0
baseline,layered,24,12,10,15.173191224941538,0.0
baseline,layered,24,12,11,17.10407658844784,0.0
baseline,layered,24,12,12,15.711772655916292,0.0
baseline,layered,24,12,13,17.10407658844784,0.0
baseline,layered,24,12,14,17.10407658844784,0.0
baseline,layered,24,12,15,15.173191224941538,0.0
baseline,layered,24,12,16,17.10407658844784,0.0
baseline,layered,24,12,17,14.970551496765054,0.0
baseline,layered,24,12,18,17.10407658844784,0.0
baseline,layered,24,12,19,17.760140640425472,0.0
baseline,layered,24,12,20,15.110158778231558,0.0
baseline,layered,24,12,21,17.760140640425472,0.0
baseline,layered,24,12,22,15.173191224941538,0.0
baseline,layered,24,12,23,17.10407658844784,0.0
baseline,layered,24,13,0,19.647458121886473,0.0
baseline,layered,24,13,1,17.10407658844784,0.0
baseline,layered,24,13,2,19.647458121886473,0.0
baseline,layered,24,13,3,17.760140640425472,0.0
baseline,layered,24,13,4,19.647458121886473,0.0
baseline,layered,24,13,5,17.843286636737993,0.0
baseline,layered,24,13,6,19.647458121886473,0.0
baseline,layered,24,13,7,17.760140640425472,0.0
baseline,layered,24,13,8,19.647458121886473,0.0
baseline,layered,24,13,9,17.10407658844784,0.0
baseline,layered,24,13,10,19.647458121886473,0.0
baseline,layered,24,13,11,17.10407658844784,0.0
baseline,layered,24,13,12,19.647458121886473,0.0
baseline,layered,24,13,13,17.10407658844784,0.0
baseline,layered,24,13,14,17.190918526591545,0.0
baseline,layered,24,13,15,19.647458121886473,0.0
baseline,layered,24,13,16,17.843286636737993,0.0
baseline,layered,24,13,17,19.647458121886473,0.0
baseline,layered,24,13,18,17.10407658844784,0.0
baseline,layered,24,13,19,19.647458121886473,0.0
baseline,layered,24,13,20,15.110158778231558,0.0
baseline,layered,24,13,21,19.647458121886473,0.0
baseline,layered,24,13,22,19.647458121886473,0.0
baseline,layered,24,13,23,17.10407658844784,0.0
baseline,layered,24,14,0,19.647458121886473,0.0
baseline,layered,24,14,1,18.84767827807064,0.0
baseline,layered,24,14,2,19.647458121886473,0.0
baseline,layered,24,14,3,18.84767827807064,0.0
baseline,layered,24,14,4,19.647458121886473,0.0
baseline,layered,24,14,5,19.493555671560834,0.0
baseline,layered,24,14,6,19.647458121886473,0.0
baseline,layered,24,14,7,18.84767827807064,0.0
baseline,layered,24,14,8,19.647458121886473,0.0
baseline,layered,24,14,9,18.84767827807064,0.0
baseline,layered,24,14,10,19.647458121886473,0.0
baseline,layered,24,14,11,19.493555671560834,0.0
baseline,layered,24,14,12,19.647458121886473,0.0
baseline,layered,24,14,13,19.493555671560834,0.0
baseline,layered,24,14,14,18.84767827807064,0.0
baseline,layered,24,14,15,19.647458121886473,0.0
baseline,layered,24,14,16,17.843286636737993,0.0
baseline,layered,24,14,17,19.647458121886473,0.0
baseline,layered,24,14,18,18.84767827807064,0.0
baseline,layered,24,14,19,19.647458121886473,0.0
baseline,layered,24,14,20,18.84767827807064,0.0
baseline,layered,24,14,21,19.647458121886473,0.0
baseline,layered,24,14,22,19.647458121886473,0.0
baseline,layered,24,14,23,18.84767827807064,0.0
baseline,layered,24,15,0,19.647458121886473,0.0
baseline,layered,24,15,1,21.964298166264054,0.0
baseline,layered,24,15,2,19.647458121886473,0.0
baseline,layered,24,15,3,21.964298166264054,0.0
baseline,layered,24,15,4,21.964298166264054,0.0
baseline,layered,24,15,5,19.493555671560834,0.0
baseline,layered,24,15,6,19.647458121886473,0.0
baseline,layered,24,15,7,21.964298166264054,0.0
baseline,layered,24,15,8,19.647458121886473,0.0
baseline,layered,24,15,9,21.964298166264054,0.0
baseline,layered,24,15,10,19.647458121886473,0.0
baseline,layered,24,15,11,21.964298166264054,0.0
baseline,layered,24,15,12,19.647458121886473,0.0
baseline,layered,24,15,13,21.964298166264054,0.0
baseline,layered,24,15,14,21.964298166264054,0.0
baseline,layered,24,15,15,19.647458121886473,0.0
baseline,layered,24,15,16,17.88465593629682,0.0
baseline,layered,24,15,17,21.964298166264054,0.0
baseline,layered,24,15,18,21.964298166264054,0.0
baseline,layered,24,15,19,19.647458121886473,0.0
baseline,layered,24,15,20,21.964298166264054,0.0
baseline,layered,24,15,21,19.647458121886473,0.0
baseline,layered,24,15,22,19.647458121886473,0.0
baseline,layered,24,15,23,21.964298166264054,0.0
baseline,layered,24,16,0,19.773697493776787,0.0
baseline,layered,24,16,1,21.964298166264054,0.0
baseline,layered,24,16,2,19.773697493776787,0.0
baseline,layered,24,16,3,21.964298166264054,0.0
baseline,layered,24,16,4,21.964298166264054,0.0
baseline,layered,24,16,5,19.493555671560834,0.0
baseline,layered,24,16,6,19.773697493776787,0.0
baseline,layered,24,16,7,21.964298166264054,0.0
baseline,layered,24,16,8,19.773697493776787,0.0
baseline,layered,24,16,9,21.964298166264054,0.0
baseline,layered,24,16,10,19.773697493776787,0.0
baseline,layered,24,16,11,21.964298166264054,0.0
baseline,layered,24,16,12,19.773697493776787,0.0
baseline,layered,24,16,13,21.964298166264054,0.0
baseline,layered,24,16,14,21.964298166264054,0.0
baseline,layered,24,16,15,19.773697493776787,0.0
baseline,layered,24,16,16,18.959002393971584,0.0
baseline,layered,24,16,17,21.964298166264054,0.0
baseline,layered,24,16,18,21.964298166264054,0.0
baseline,layered,24,16,19,19.773697493776787,0.0
baseline,layered,24,16,20,21.964298166264054,0.0
baseline,layered,24,16,21,19.773697493776787,0.0
baseline,layered,24,16,22,19.773697493776787,0.0
baseline,layered,24,16,23,21.964298166264054,0.0
baseline,layered,24,17,0,20.14014461593115,0.0
baseline,layered,24,17,1,22.43164098120235,0.0
baseline,layered,24,17,2,20.14014461593115,0.0
baseline,layered,24,17,3,22.43164098120235,0.0
baseline,layered,24,17,4,21.964298166264054,0.0
baseline,layered,24,17,5,22.43164098120235,0.0
baseline,layered,24,17,6,20.14014461593115,0.0
baseline,layered,24,17,7,22.43164098120235,0.0
baseline,layered,24,17,8,20.14014461593115,0.0
baseline,layered,24,17,9,22.43164098120235,0.0
baseline,layered,24,17,10,20.14014461593115,0.0
baseline,layered,24,17,11,22.43164098120235,0.0
baseline,layered,24,17,12,20.14014461593115,0.0
baseline,layered,24,17,13,22.43164098120235,0.0
baseline,layered,24,17,14,22.43164098120235,0.0
baseline,layered,24,17,15,20.14014461593115,0.0
baseline,layered,24,17,16,22.43164098120235,0.0
baseline,layered,24,17,17,21.964298166264054,0.0
baseline,layered,24,17,18,22.43164098120235,0.0
baseline,layered,24,17,19,20.14014461593115,0.0
baseline,layered,24,17,20,22.43164098120235,0.0
baseline,layered,24,17,21,20.14014461593115,0.0
baseline,layered,24,17,22,20.14014461593115,0.0
baseline,layered,24,17,23,22.43164098120235,0.0
baseline,layered,24,18,0,22.113815552601626,0.0
baseline,layered,24,18,1,23.723305529898468,0.0
baseline,layered,24,18,2,22.113815552601626,0.0
baseline,layered,24,18,3,23.723305529898468,0.0
baseline,layered,24,18,4,23.723305529898468,0.0
baseline,layered,24,18,5,22.43164098120235,0.0
baseline,layered,24,18,6,22.113815552601626,0.0
baseline,layered,24,18,7,23.723305529898468,0.0
baseline,layered,24,18,8,22.113815552601626,0.0
baseline,layered,24,18,9,23.723305529898468,0.0
baseline,layered,24,18,10,22.113815552601626,0.0
baseline,layered,24,18,11,23.723305529898468,0.0
baseline,layered,24,18,12,22.113815552601626,0.0
baseline,layered,24,18,13,23.723305529898468,0.0
baseline,layered,24,18,14,23.723305529898468,0.0
baseline,layered,24,18,15,23.395574807392983,0.0
baseline,layered,24,18,16,22.43164098120235,0.0
baseline,layered,24,18,17,23.723305529898468,0.0
baseline,layered,24,18,18,23.723305529898468,0.0
baseline,layered,24,18,19,22.113815552601626,0.0
baseline,layered,24,18,20,23.723305529898468,0.0
baseline,layered,24,18,21,22.113815552601626,0.0
baseline,layered,24,18,22,22.113815552601626,0.0
baseline,layered,24,18,23,23.723305529898468,0.0
baseline,layered,24,19,0,22.113815552601626,0.0
baseline,layered,24,19,1,27.591512324970477,0.0
baseline,layered,24,19,2,23.189858647512516,0.0
baseline,layered,24,19,3,27.591512324970477,0.0
baseline,layered,24,19,4,27.591512324970477,0.0
baseline,layered,24,19,5,26.142375295346795,0.0
baseline,layered,24,19,6,22.113815552601626,0.0
baseline,layered,24,19,7,27.591512324970477,0.0
baseline,layered,24,19,8,22.113815552601626,0.0
baseline,layered,24,19,9,27.591512324970477,0.0
baseline,layered,24,19,10,22.113815552601626,0.0
baseline,layered,24,19,11,27.591512324970477,0.0
baseline,layered,24,19,12,22.113815552601626,0.0
baseline,layered,24,19,13,27.591512324970477,0.0
baseline,layered,24,19,14,27.591512324970477,0.0
baseline,layered,24,19,15,23.395574807392983,0.0
baseline,layered,24,19,16,26.142375295346795,0.0
baseline,layered,24,19,17,27.591512324970477,0.0
baseline,layered,24,19,18,27.591512324970477,0.0
baseline,layered,24,19,19,22.113815552601626,0.0
baseline,layered,24,19,20,27.591512324970477,0.0
baseline,layered,24,19,21,23.189858647512516,0.0
baseline,layered,24,19,22,22.113815552601626,0.0
baseline,layered,24,19,23,27.591512324970477,0.0
baseline,layered,24,20,0,28.480434310070088,0.0
baseline,layered,24,20,1,27.591512324970477,0.0
baseline,layered,24,20,2,28.480434310070088,0.0
baseline,layered,24,20,3,27.591512324970477,0.0
baseline,layered,24,20,4,27.591512324970477,0.0
baseline,layered,24,20,5,28.480434310070088,0.0
baseline,layered,24,20,6,28.480434310070088,0.0
baseline,layered,24,20,7,27.591512324970477,0.0
baseline,layered,24,20,8,28.480434310070088,0.0
baseline,layered,24,20,9,27.591512324970477,0.0
baseline,layered,24,20,10,28.480434310070088,0.0
baseline,layered,24,20,11,27.591512324970477,0.0
baseline,layered,24,20,12,28.480434310070088,0.0
baseline,layered,24,20,13,27.591512324970477,0.0
baseline,layered,24,20,14,27.591512324970477,0.0
baseline,layered,24,20,15,28.480434310070088,0.0
baseline,layered,24,20,16,28.480434310070088,0.0
baseline,layered,24,20,17,27.591512324970477,0.0
baseline,layered,24,20,18,27.591512324970477,0.0
baseline,layered,24,20,19,28.480434310070088,0.0
baseline,layered,24,20,20,27.591512324970477,0.0
baseline,layered,24,20,21,28.480434310070088,0.0
baseline,layered,24,20,22,28.480434310070088,0.0
baseline,layered,24,20,23,27.591512324970477,0.0
baseline,layered,24,21,0,28.480434310070088,0.0
baseline,layered,24,21,1,32.29866875893467,0.0
baseline,layered,24,21,2,28.480434310070088,0.0
baseline,layered,24,21,3,32.29866875893467,0.0
baseline,layered,24,21,4,29.991043002520776,0.0
baseline,layered,24,21,5,32.29866875893467,0.0
baseline,layered,24,21,6,28.480434310070088,0.0
baseline,layered,24,21,7,32.29866875893467,0.0
baseline,layered,24,21,8,28.480434310070088,0.0
baseline,layered,24,21,9,32.29866875893467,0.0
baseline,layered,24,21,10,28.480434310070088,0.0
baseline,layered,24,21,11,32.29866875893467,0.0
baseline,layered,24,21,12,28.480434310070088,0.0
baseline,layered,24,21,13,32.29866875893467,0.0
baseline,layered,24,21,14,32.29866875893467,0.0
baseline,layered,24,21,15,28.480434310070088,0.0
baseline,layered,24,21,16,32.29866875893467,0.0
baseline,layered,24,21,17,29.991043002520776,0.0
baseline,layered,24,21,18,32.29866875893467,0.0
baseline,layered,24,21,19,28.480434310070088,0.0
baseline,layered,24,21,20,32.29866875893467,0.0
baseline,layered,24,21,21,28.480434310070088,0.0
baseline,layered,24,21,22,28.480434310070088,0.0
baseline,layered,24,21,23,32.29866875893467,0.0
baseline,layered,24,22,0,30.913635048389153,0.0
baseline,layered,24,22,1,32.29866875893467,0.0
baseline,layered,24,22,2,30.913635048389153,0.0
baseline,layered,24,22,3,32.29866875893467,0.0
baseline,layered,24,22,4,30.913635048389153,0.0
baseline,layered,24,22,5,32.29866875893467,0.0
baseline,layered,24,22,6,30.913635048389153,0.0
baseline,layered,24,22,7,32.29866875893467,0.0
baseline,layered,24,22,8,30.913635048389153,0.0
baseline,layered,24,22,9,32.29866875893467,0.0
baseline,layered,24,22,10,30.913635048389153,0.0
baseline,layered,24,22,11,32.29866875893467,0.0
baseline,layered,24,22,12,30.913635048389153,0.0
baseline,layered,24,22,13,32.29866875893467,0.0
baseline,layered,24,22,14,32.29866875893467,0.0
baseline,layered,24,22,15,30.913635048389153,0.0
baseline,layered,24,22,16,32.29866875893467,0.0
baseline,layered,24,22,17,30.913635048389153,0.0
baseline,layered,24,22,18,32.29866875893467,0.0
baseline,layered,24,22,19,30.913635048389153,0.0
baseline,layered,24,22,20,32.29866875893467,0.0
baseline,layered,24,22,21,30.913635048389153,0.0
baseline,layered,24,22,22,30.913635048389153,0.0
baseline,layered,24,22,23,32.29866875893467,0.0
baseline,layered,24,23,0,36.471083387956675,0.0
baseline,layered,24,23,1,32.29866875893467,0.0
baseline,layered,24,23,2,36.471083387956675,0.0
baseline,layered,24,23,3,32.29866875893467,0.0
baseline,layered,24,23,4,36.1602708962276,0.0
baseline,layered,24,23,5,36.471083387956675,0.0
baseline,layered,24,23,6,36.471083387956675,0.0
baseline,layered,24,23,7,32.29866875893467,0.0
baseline,layered,24,23,8,36.471083387956675,0.0
baseline,layered,24,23,9,32.29866875893467,0.0
baseline,layered,24,23,10,36.471083387956675,0.0
baseline,layered,24,23,11,32.29866875893467,0.0
baseline,layered,24,23,12,36.471083387956675,0.0
baseline,layered,24,23,13,32.29866875893467,0.0
baseline,layered,24,23,14,32.29866875893467,0.0
baseline,layered,24,23,15,36.471083387956675,0.0
baseline,layered,24,23,16,36.471083387956675,0.0
baseline,layered,24,23,17,36.1602708962276,0.0
baseline,layered,24,23,18,32.29866875893467,0.0
baseline,layered,24,23,19,36.471083387956675,0.0
baseline,layered,24,23,20,32.29866875893467,0.0
baseline,layered,24,23,21,36.471083387956675,0.0
baseline,layered,24,23,22,36.471083387956675,0.0
baseline,layered,24,23,23,32.29866875893467,0.0
baseline,layered,24,24,0,36.471083387956675,0.0
baseline,layered,24,24,1,34.15598264680496,0.0
baseline,layered,24,24,2,36.471083387956675,0.0
baseline,layered,24,24,3,34.15598264680496,0.0
baseline,layered,24,24,4,36.1602708962276,0.0
baseline,layered,24,24,5,36.471083387956675,0.0
baseline,layered,24,24,6,36.471083387956675,0.0
baseline,layered,24,24,7,34.15598264680496,0.0
baseline,layered,24,24,8,36.471083387956675,0.0
baseline,layered,24,24,9,34.15598264680496,0.0
baseline,layered,24,24,10,36.471083387956675,0.0
baseline,layered,24,24,11,34.15598264680496,0.0
baseline,layered,24,24,12,36.471083387956675,0.0
baseline,layered,24,24,13,34.15598264680496,0.0
baseline,layered,24,24,14,34.15598264680496,0.0
baseline,layered,24,24,15,36.471083387956675,0.0
baseline,layered,24,24,16,36.471083387956675,0.0
baseline,layered,24,24,17,36.1602708962276,0.0
baseline,layered,24,24,18,34.15598264680496,0.0
baseline,layered,24,24,19,36.471083387956675,0.0
baseline,layered,24,24,20,34.15598264680496,0.0
baseline,layered,24,24,21,36.471083387956675,0.0
baseline,layered,24,24,22,36.471083387956675,0.0
baseline,layered,24,24,23,34.15598264680496,0.0
baseline,layered,24,25,0,40.0300750977764,0.0
baseline,layered,24,25,1,34.15598264680496,0.0
baseline,layered,24,25,2,40.0300750977764,0.0
baseline,layered,24,25,3,34.15598264680496,0.0
baseline,layered,24,25,4,40.0300750977764,0.0
baseline,layered,24,25,5,38.736924506249125,0.0
baseline,layered,24,25,6,40.0300750977764,0.0
baseline,layered,24,25,7,34.15598264680496,0.0
baseline,layered,24,25,8,40.0300750977764,0.0
baseline,layered,24,25,9,34.15598264680496,0.0
baseline,layered,24,25,10,40.0300750977764,0.0
baseline,layered,24,25,11,34.15598264680496,0.0
baseline,layered,24,25,12,40.0300750977764,0.0
baseline,layered,24,25,13,34.15598264680496,0.0
baseline,layered,24,25,14,34.15598264680496,0.0
baseline,layered,24,25,15,40.0300750977764,0.0
baseline,layered,24,25,16,38.736924506249125,0.0
baseline,layered,24,25,17,40.0300750977764,0.0
baseline,layered,24,25,18,34.15598264680496,0.0
baseline,layered,24,25,19,40.0300750977764,0.0
baseline,layered,24,25,20,34.15598264680496,0.0
baseline,layered,24,25,21,40.0300750977764,0.0
baseline,layered,24,25,22,40.0300750977764,0.0
baseline,layered,24,25,23,34.15598264680496,0.0
baseline,layered,24,26,0,40.0300750977764,0.0
baseline,layered,24,26,1,34.3942714841229,0.0
baseline,layered,24,26,2,40.0300750977764,0.0
baseline,layered,24,26,3,34.3942714841229,0.0
baseline,layered,24,26,4,40.0300750977764,0.0
baseline,layered,24,26,5,38.736924506249125,0.0
baseline,layered,24,26,6,40.0300750977764,0.0
baseline,layered,24,26,7,34.3942714841229,0.0
baseline,layered,24,26,8,40.0300750977764,0.0
baseline,layered,24,26,9,34.3942714841229,0.0
baseline,layered,24,26,10,40.0300750977764,0.0
baseline,layered,24,26,11,34.3942714841229,0.0
baseline,layered,24,26,12,40.0300750977764,0.0
baseline,layered,24,26,13,34.3942714841229,0.0
baseline,layered,24,26,14,34.3942714841229,0.0
baseline,layered,24,26,15,40.0300750977764,0.0
baseline,layered,24,26,16,38.736924506249125,0.0
baseline,layered,24,26,17,40.0300750977764,0.0
baseline,layered,24,26,18,34.3942714841229,0.0
baseline,layered,24,26,19,40.0300750977764,0.0
baseline,layered,24,26,20,34.3942714841229,0.0
baseline,layered,24,26,21,40.0300750977764,0.0
baseline,layered,24,26,22,40.0300750977764,0.0
baseline,layered,24,26,23,34.3942714841229,0.0
baseline,layered,24,27,0,42.28256681309057,0.0
baseline,layered,24,27,1,34.92873192171675,0.0
baseline,layered,24,27,2,42.28256681309057,0.0
baseline,layered,24,27,3,34.3942714841229,0.0
baseline,layered,24,27,4,42.28256681309057,0.0
baseline,layered,24,27,5,39.96363440671927,0.0
baseline,layered,24,27,6,42.28256681309057,0.0
baseline,layered,24,27,7,37.02223742051393,0.0
baseline,layered,24,27,8,42.28256681309057,0.0
baseline,layered,24,27,9,34.92873192171675,0.0
baseline,layered,24,27,10,42.28256681309057,0.0
baseline,layered,24,27,11,34.92873192171675,0.0
baseline,layered,24,27,12,42.28256681309057,0.0
baseline,layered,24,27,13,37.02223742051393,0.0
baseline,layered,24,27,14,37.02223742051393,0.0
baseline,layered,24,27,15,42.28256681309057,0.0
baseline,layered,24,27,16,39.96363440671927,0.0
baseline,layered,24,27,17,42.28256681309057,0.0
baseline,layered,24,27,18,34.92873192171675,0.0
baseline,layered,24,27,19,42.28256681309057,0.0
baseline,layered,24,27,20,34.3942714841229,0.0
baseline,layered,24,27,21,42.28256681309057,0.0
baseline,layered,24,27,22,42.28256681309057,0.0
baseline,layered,24,27,23,34.92873192171675,0.0
baseline,layered,24,28,0,42.28256681309057,0.0
baseline,layered,24,28,1,36.57063630647831,0.0
baseline,layered,24,28,2,42.28256681309057,0.0
baseline,layered,24,28,3,36.57063630647831,0.0
baseline,layered,24,28,4,42.28256681309057,0.0
baseline,layered,24,28,5,39.96363440671927,0.0
baseline,layered,24,28,6,42.28256681309057,0.0
baseline,layered,24,28,7,37.02223742051393,0.0
baseline,layered,24,28,8,42.28256681309057,0.0
baseline,layered,24,28,9,36.57063630647831,0.0
baseline,layered,24,28,10,42.28256681309057,0.0
baseline,layered,24,28,11,36.57063630647831,0.0
baseline,layered,24,28,12,42.28256681309057,0.0
baseline,layered,24,28,13,37.02223742051393,0.0
baseline,layered,24,28,14,37.02223742051393,0.0
baseline,layered,24,28,15,42.28256681309057,0.0
baseline,layered,24,28,16,39.96363440671927,0.0
baseline,layered,24,28,17,42.28256681309057,0.0
baseline,layered,24,28,18,36.57063630647831,0.0
baseline,layered,24,28,19,42.28256681309057,0.0
baseline,layered,24,28,20,36.57063630647831,0.0
baseline,layered,24,28,21,42.28256681309057,0.0
baseline,layered,24,28,22,42.28256681309057,0.0
baseline,layered,24,28,23,36.57063630647831,0.0
baseline,layered,24,29,0,47.9603737750299,0.0
baseline,layered,24,29,1,37.89164351103963,0.0
baseline,layered,24,29,2,47.9603737750299,0.0
baseline,layered,24,29,3,37.89164351103963,0.0
baseline,layered,24,29,4,47.9603737750299,0.0
baseline,layered,24,29,5,39.96363440671927,0.0
baseline,layered,24,29,6,47.9603737750299,0.0
baseline,layered,24,29,7,37.02223742051393,0.0
baseline,layered,24,29,8,47.9603737750299,0.0
baseline,layered,24,29,9,37.89164351103963,0.0
baseline,layered,24,29,10,47.9603737750299,0.0
baseline,layered,24,29,11,37.89164351103963,0.0
baseline,layered,24,29,12,47.9603737750299,0.0
baseline,layered,24,29,13,37.89164351103963,0.0
baseline,layered,24,29,14,37.89164351103963,0.0
baseline,layered,24,29,15,47.9603737750299,0.0
baseline,layered,24,29,16,39.96363440671927,0.0
baseline,layered,24,29,17,47.9603737750299,0.0
baseline,layered,24,29,18,37.89164351103963,0.0
baseline,layered,24,29,19,47.9603737750299,0.0
baseline,layered,24,29,20,37.89164351103963,0.0
baseline,layered,24,29,21,47.9603737750299,0.0
baseline,layered,24,29,22,47.9603737750299,0.0
baseline,layered,24,29,23,37.89164351103963,0.0
baseline,layered,24,30,0,47.9603737750299,0.0
baseline,layered,24,30,1,39.54762239641971,0.0
baseline,layered,24,30,2,47.9603737750299,0.0
baseline,layered,24,30,3,41.951342333850185,0.0
baseline,layered,24,30,4,47.9603737750299,0.0
baseline,layered,24,30,5,44.383288122972694,0.0
baseline,layered,24,30,6,47.9603737750299,0.0
baseline,layered,24,30,7,44.383288122972694,0.0
baseline,layered,24,30,8,47.9603737750299,0.0
baseline,layered,24,30,9,39.54762239641971,0.0
baseline,layered,24,30,10,47.9603737750299,0.0
baseline,layered,24,30,11,39.54762239641971,0.0
baseline,layered,24,30,12,47.9603737750299,0.0
baseline,layered,24,30,13,44.383288122972694,0.0
baseline,layered,24,30,14,44.383288122972694,0.0
baseline,layered,24,30,15,47.9603737750299,0.0
baseline,layered,24,30,16,44.383288122972694,0.0
baseline,layered,24,30,17,47.9603737750299,0.0
baseline,layered,24,30,18,39.54762239641971,0.0
baseline,layered,24,30,19,47.9603737750299,0.0
baseline,layered,24,30,20,37.89164351103963,0.0
baseline,layered,24,30,21,47.9603737750299,0.0
baseline,layered,24,30,22,47.9603737750299,0.0
baseline,layered,24,30,23,39.54762239641971,0.0
baseline,layered,24,31,0,49.05540022205969,0.0
baseline,layered,24,31,1,40.845598703366015,0.0
baseline,layered,24,31,2,49.05540022205969,0.0
baseline,layered,24,31,3,41.951342333850185,0.0
baseline,layered,24,31,4,49.05540022205969,0.0
baseline,layered,24,31,5,48.4277434627806,0.0
baseline,layered,24,31,6,49.05540022205969,0.0
baseline,layered,24,31,7,44.383288122972694,0.0
baseline,layered,24,31,8,49.05540022205969,0.0
baseline,layered,24,31,9,40.845598703366015,0.0
baseline,layered,24,31,10,49.05540022205969,0.0
baseline,layered,24,31,11,40.845598703366015,0.0
baseline,layered,24,31,12,49.05540022205969,0.0
baseline,layered,24,31,13,44.383288122972694,0.0
baseline,layered,24,31,14,44.383288122972694,0.0
baseline,layered,24,31,15,49.05540022205969,0.0
baseline,layered,24,31,16,48.4277434627806,0.0
baseline,layered,24,31,17,49.05540022205969,0.0
baseline,layered,24,31,18,42.02529730441169,0.0
baseline,layered,24,31,19,49.05540022205969,0.0
baseline,layered,24,31,20,42.02529730441169,0.0
baseline,layered,24,31,21,49.05540022205969,0.0
baseline,layered,24,31,22,49.05540022205969,0.0
baseline,layered,24,31,23,40.845598703366015,0.0
baseline,layered,24,32,0,49.05540022205969,0.0
baseline,layered,24,32,1,44.31485091895825,0.0
baseline,layered,24,32,2,49.05540022205969,0.0
baseline,layered,24,32,3,46.862602833802825,0.0
baseline,layered,24,32,4,49.05540022205969,0.0
baseline,layered,24,32,5,48.4277434627806,0.0
baseline,layered,24,32,6,49.05540022205969,0.0
baseline,layered,24,32,7,47.39318457286789,0.0
baseline,layered,24,32,8,49.05540022205969,0.0
baseline,layered,24,32,9,44.31485091895825,0.0
baseline,layered,24,32,10,49.05540022205969,0.0
baseline,layered,24,32,11,44.31485091895825,0.0
baseline,layered,24,32,12,49.05540022205969,0.0
baseline,layered,24,32,13,47.39318457286789,0.0
baseline,layered,24,32,14,47.39318457286789,0.0
baseline,layered,24,32,15,49.05540022205969,0.0
baseline,layered,24,32,16,48.4277434627806,0.0
baseline,layered,24,32,17,49.05540022205969,0.0
baseline,layered,24,32,18,44.31485091895825,0.0
baseline,layered,24,32,19,49.05540022205969,0.0
baseline,layered,24,32,20,44.31485091895825,0.0
baseline,layered,24,32,21,49.05540022205969,0.0
baseline,layered,24,32,22,49.05540022205969,0.0
baseline,layered,24,32,23,44.31485091895825,0.0
baseline,layered,24,33,0,51.436560457337066,0.0
baseline,layered,24,33,1,44.31485091895825,0.0
baseline,layered,24,33,2,51.436560457337066,0.0
baseline,layered,24,33,3,46.862602833802825,0.0
baseline,layered,24,33,4,50.0345996365099,0.0
baseline,layered,24,33,5,51.436560457337066,0.0
baseline,layered,24,33,6,51.436560457337066,0.0
baseline,layered,24,33,7,48.453436536134156,0.0
baseline,layered,24,33,8,51.436560457337066,0.0
baseline,layered,24,33,9,44.31485091895825,0.0
baseline,layered,24,33,10,51.436560457337066,0.0
baseline,layered,24,33,11,44.31485091895825,0.0
baseline,layered,24,33,12,51.436560457337066,0.0
baseline,layered,24,33,13,48.453436536134156,0.0
baseline,layered,24,33,14,48.453436536134156,0.0
baseline,layered,24,33,15,51.436560457337066,0.0
baseline,layered,24,33,16,51.436560457337066,0.0
baseline,layered,24,33,17,50.0345996365099,0.0
baseline,layered,24,33,18,44.31485091895825,0.0
baseline,layered,24,33,19,51.436560457337066,0.0
baseline,layered,24,33,20,44.31485091895825,0.0
baseline,layered,24,33,21,51.436560457337066,0.0
baseline,layered,24,33,22,51.436560457337066,0.0
baseline,layered,24,33,23,44.31485091895825,0.0
baseline,layered,24,34,0,51.436560457337066,0.0
baseline,layered,24,34,1,52.51710831605091,0.0
baseline,layered,24,34,2,51.436560457337066,0.0
baseline,layered,24,34,3,52.51710831605091,0.0
baseline,layered,24,34,4,52.51710831605091,0.0
baseline,layered,24,34,5,51.436560457337066,0.0
baseline,layered,24,34,6,51.436560457337066,0.0
baseline,layered,24,34,7,52.51710831605091,0.0
baseline,layered,24,34,8,51.436560457337066,0.0
baseline,layered,24,34,9,52.51710831605091,0.0
baseline,layered,24,34,10,51.436560457337066,0.0
baseline,layered,24,34,11,52.51710831605091,0.0
baseline,layered,24,34,12,51.436560457337066,0.0
baseline,layered,24,34,13,52.51710831605091,0.0
baseline,layered,24,34,14,52.51710831605091,0.0
baseline,layered,24,34,15,51.436560457337066,0.0
baseline,layered,24,34,16,51.436560457337066,0.0
baseline,layered,24,34,17,52.51710831605091,0.0
baseline,layered,24,34,18,52.51710831605091,0.0
baseline,layered,24,34,19,51.436560457337066,0.0
baseline,layered,24,34,20,52.51710831605091,0.0
baseline,layered,24,34,21,51.436560457337066,0.0
baseline,layered,24,34,22,51.436560457337066,0.0
baseline,layered,24,34,23,52.51710831605091,0.0
baseline,layered,24,35,0,55.015118319841584,0.0
baseline,layered,24,35,1,52.51710831605091,0.0
baseline,layered,24,35,2,55.015118319841584,0.0
baseline,layered,24,35,3,52.51710831605091,0.0
baseline,layered,24,35,4,55.015118319841584,0.0
baseline,layered,24,35,5,54.6931468998164,0.0
baseline,layered,24,35,6,55.015118319841584,0.0
baseline,layered,24,35,7,52.560928903557894,0.0
baseline,layered,24,35,8,55.015118319841584,0.0
baseline,layered,24,35,9,52.51710831605091,0.0
baseline,layered,24,35,10,55.015118319841584,0.0
baseline,layered,24,35,11,52.51710831605091,0.0
baseline,layered,24,35,12,55.015118319841584,0.0
baseline,layered,24,35,13,52.560928903557894,0.0
baseline,layered,24,35,14,52.560928903557894,0.0
baseline,layered,24,35,15,55.015118319841584,0.0
baseline,layered,24,35,16,54.6931468998164,0.0
baseline,layered,24,35,17,55.015118319841584,0.0
baseline,layered,24,35,18,52.51710831605091,0.0
baseline,layered,24,35,19,55.015118319841584,0.0
baseline,layered,24,35,20,52.51710831605091,0.0
baseline,layered,24,35,21,55.015118319841584,0.0
baseline,layered,24,35,22,55.015118319841584,0.0
baseline,layered,24,35,23,52.51710831605091,0.0
baseline,layered,24,36,0,55.015118319841584,0.0
baseline,layered,24,36,1,53.161723881307985,0.0
baseline,layered,24,36,2,55.015118319841584,0.0
baseline,layered,24,36,3,53.161723881307985,0.0
baseline,layered,24,36,4,55.015118319841584,0.0
baseline,layered,24,36,5,54.6931468998164,0.0
baseline,layered,24,36,6,55.015118319841584,0.0
baseline,layered,24,36,7,53.161723881307985,0.0
baseline,layered,24,36,8,55.015118319841584,0.0
baseline,layered,24,36,9,53.161723881307985,0.0
baseline,layered,24,36,10,55.015118319841584,0.0
baseline,layered,24,36,11,53.161723881307985,0.0
baseline,layered,24,36,12,55.015118319841584,0.0
baseline,layered,24,36,13,53.161723881307985,0.0
baseline,layered,24,36,14,53.161723881307985,0.0
baseline,layered,24,36,15,55.015118319841584,0.0
baseline,layered,24,36,16,54.6931468998164,0.0
baseline,layered,24,36,17,55.015118319841584,0.0
baseline,layered,24,36,18,53.161723881307985,0.0
baseline,layered,24,36,19,55.015118319841584,0.0
baseline,layered,24,36,20,53.161723881307985,0.0
baseline,layered,24,36,21,55.015118319841584,0.0
baseline,layered,24,36,22,55.015118319841584,0.0
baseline,layered,24,36,23,53.161723881307985,0.0
baseline,layered,24,37,0,60.33509551808756,0.0
baseline,layered,24,37,1,53.161723881307985,0.0
baseline,layered,24,37,2,60.33509551808756,0.0
baseline,layered,24,37,3,53.161723881307985,0.0
baseline,layered,24,37,4,57.439811347701905,0.0
baseline,layered,24,37,5,60.33509551808756,0.0
baseline,layered,24,37,6,60.33509551808756,0.0
baseline,layered,24,37,7,53.161723881307985,0.0
baseline,layered,24,37,8,60.33509551808756,0.0
baseline,layered,24,37,9,53.161723881307985,0.0
baseline,layered,24,37,10,60.33509551808756,0.0
baseline,layered,24,37,11,53.161723881307985,0.0
baseline,layered,24,37,12,60.33509551808756,0.0
baseline,layered,24,37,13,53.161723881307985,0.0
baseline,layered,24,37,14,53.161723881307985,0.0
baseline,layered,24,37,15,60.33509551808756,0.0
baseline,layered,24,37,16,60.33509551808756,0.0
baseline,layered,24,37,17,57.439811347701905,0.0
baseline,layered,24,37,18,53.161723881307985,0.0
baseline,layered,24,37,19,60.33509551808756,0.0
baseline,layered,24,37,20,53.161723881307985,0.0
baseline,layered,24,37,21,60.33509551808756,0.0
baseline,layered,24,37,22,60.33509551808756,0.0
baseline,layered,24,37,23,53.161723881307985,0.0
baseline,layered,24,38,0,60.33509551808756,0.0
baseline,layered,24,38,1,53.74925293542195,0.0
baseline,layered,24,38,2,60.33509551808756,0.0
baseline,layered,24,38,3,53.74925293542195,0.0
baseline,layered,24,38,4,57.439811347701905,0.0
baseline,layered,24,38,5,60.33509551808756,0.0
baseline,layered,24,38,6,60.33509551808756,0.0
baseline,layered,24,38,7,53.74925293542195,0.0
baseline,layered,24,38,8,60.33509551808756,0.0
baseline,layered,24,38,9,53.74925293542195,0.0
baseline,layered,24,38,10,60.33509551808756,0.0
baseline,layered,24,38,11,53.74925293542195,0.0
baseline,layered,24,38,12,60.33509551808756,0.0
baseline,layered,24,38,13,53.74925293542195,0.0
baseline,layered,24,38,14,53.74925293542195,0.0
baseline,layered,24,38,15,60.33509551808756,0.0
baseline,layered,24,38,16,60.33509551808756,0.0
baseline,layered,24,38,17,57.439811347701905,0.0
baseline,layered,24,38,18,53.74925293542195,0.0
baseline,layered,24,38,19,60.33509551808756,0.0
baseline,layered,24,38,20,53.74925293542195,0.0
baseline,layered,24,38,21,60.33509551808756,0.0
baseline,layered,24,38,22,60.33509551808756,0.0
baseline,layered,24,38,23,53.74925293542195,0.0
baseline,layered,24,39,0,60.33509551808756,0.0
baseline,layered,24,39,1,54.78995304413651,0.0
baseline,layered,24,39,2,60.33509551808756,0.0
baseline,layered,24,39,3,54.78995304413651,0.0
baseline,layered,24,39,4,57.439811347701905,0.0
baseline,layered,24,39,5,60.33509551808756,0.0
baseline,layered,24,39,6,60.33509551808756,0.0
baseline,layered,24,39,7,54.78995304413651,0.0
baseline,layered,24,39,8,60.33509551808756,0.0
baseline,layered,24,39,9,54.78995304413651,0.0
baseline,layered,24,39,10,60.33509551808756,0.0
baseline,layered,24,39,11,54.78995304413651,0.0
baseline,layered,24,39,12,60.33509551808756,0.0
baseline,layered,24,39,13,54.78995304413651,0.0
baseline,layered,24,39,14,54.78995304413651,0.0
baseline,layered,24,39,15,60.33509551808756,0.0
baseline,layered,24,39,16,60.33509551808756,0.0
baseline,layered,24,39,17,57.439811347701905,0.0
baseline,layered,24,39,18,54.78995304413651,0.0
baseline,layered,24,39,19,60.33509551808756,0.0
baseline,layered,24,39,20,54.78995304413651,0.0
baseline,layered,24,39,21,60.33509551808756,0.0
baseline,layered,24,39,22,60.33509551808756,0.0
baseline,layered,24,39,23,54.78995304413651,0.0
baseline,layered,24,40,0,60.349636655347005,0.0
baseline,layered,24,40,1,54.78995304413651,0.0
baseline,layered,24,40,2,60.349636655347005,0.0
baseline,layered,24,40,3,54.78995304413651,0.0
baseline,layered,24,40,4,57.0652951056173,0.0
baseline,layered,24,40,5,60.349636655347005,0.0
baseline,layered,24,40,6,60.349636655347005,0.0
baseline,layered,24,40,7,54.78995304413651,0.0
baseline,layered,24,40,8,60.349636655347005,0.0
baseline,layered,24,40,9,54.78995304413651,0.0
baseline,layered,24,40,10,60.349636655347005,0.0
baseline,layered,24,40,11,54.78995304413651,0.0
baseline,layered,24,40,12,60.349636655347005,0.0
baseline,layered,24,40,13,54.78995304413651,0.0
baseline,layered,24,40,14,54.78995304413651,0.0
baseline,layered,24,40,15,60.349636655347005,0.0
baseline,layered,24,40,16,60.349636655347005,0.0
baseline,layered,24,40,17,57.0652951056173,0.0
baseline,layered,24,40,18,54.78995304413651,0.0
baseline,layered,24,40,19,60.349636655347005,0.0
baseline,layered,24,40,20,54.78995304413651,0.0
baseline,layered,24,40,21,60.349636655347005,0.0
baseline,layered,24,40,22,60.349636655347005,0.0
baseline,layered,24,40,23,54.78995304413651,0.0
baseline,layered,24,41,0,60.53812247899668,0.0
baseline,layered,24,41,1,54.78995304413651,0.0
baseline,layered,24,41,2,60.53812247899668,0.0
baseline,layered,24,41,3,54.78995304413651,0.0
baseline,layered,24,41,4,57.0652951056173,0.0
baseline,layered,24,41,5,60.53812247899668,0.0
baseline,layered,24,41,6,60.53812247899668,0.0
baseline,layered,24,41,7,54.78995304413651,0.0
baseline,layered,24,41,8,60.53812247899668,0.0
baseline,layered,24,41,9,54.78995304413651,0.0
baseline,layered,24,41,10,60.53812247899668,0.0
baseline,layered,24,41,11,54.78995304413651,0.0
baseline,layered,24,41,12,60.53812247899668,0.0
baseline,layered,24,41,13,54.78995304413651,0.0
baseline,layered,24,41,14,54.78995304413651,0.0
baseline,layered,24,41,15,60.53812247899668,0.0
baseline,layered,24,41,16,60.53812247899668,0.0
baseline,layered,24,41,17,57.0652951056173,0.0
baseline,layered,24,41,18,54.78995304413651,0.0
baseline,layered,24,41,19,60.53812247899668,0.0
baseline,layered,24,41,20,54.78995304413651,0.0
baseline,layered,24,41,21,60.53812247899668,0.0
baseline,layered,24,41,22,60.53812247899668,0.0
baseline,layered,24,41,23,54.78995304413651,0.0
baseline,layered,24,42,0,60.53812247899668,0.0
baseline,layered,24,42,1,55.07878617450068,0.0
baseline,layered,24,42,2,60.53812247899668,0.0
baseline,layered,24,42,3,55.07878617450068,0.0
baseline,layered,24,42,4,58.30060665867412,0.0
baseline,layered,24,42,5,60.53812247899668,0.0
baseline,layered,24,42,6,60.53812247899668,0.0
baseline,layered,24,42,7,55.07878617450068,0.0
baseline,layered,24,42,8,60.53812247899668,0.0
baseline,layered,24,42,9,55.07878617450068,0.0
baseline,layered,24,42,10,60.53812247899668,0.0
baseline,layered,24,42,11,55.07878617450068,0.0
baseline,layered,24,42,12,60.53812247899668,0.0
baseline,layered,24,42,13,55.07878617450068,0.0
baseline,layered,24,42,14,55.07878617450068,0.0
baseline,layered,24,42,15,60.53812247899668,0.0
baseline,layered,24,42,16,60.53812247899668,0.0
baseline,layered,24,42,17,58.30060665867412,0.0
baseline,layered,24,42,18,55.07878617450068,0.0
baseline,layered,24,42,19,60.53812247899668,0.0
baseline,layered,24,42,20,55.07878617450068,0.0
baseline,layered,24,42,21,60.53812247899668,0.0
baseline,layered,24,42,22,60.53812247899668,0.0
baseline,layered,24,42,23,55.07878617450068,0.0
baseline,layered,24,43,0,60.53812247899668,0.0
baseline,layered,24,43,1,55.61862826459654,0.0
baseline,layered,24,43,2,60.53812247899668,0.0
baseline,layered,24,43,3,55.61862826459654,0.0
baseline,layered,24,43,4,58.30060665867412,0.0
baseline,layered,24,43,5,60.53812247899668,0.0
baseline,layered,24,43,6,60.53812247899668,0.0
baseline,layered,24,43,7,55.61862826459654,0.0
baseline,layered,24,43,8,60.53812247899668,0.0
baseline,layered,24,43,9,55.61862826459654,0.0
baseline,layered,24,43,10,60.53812247899668,0.0
baseline,layered,24,43,11,55.61862826459654,0.0
baseline,layered,24,43,12,60.53812247899668,0.0
baseline,layered,24,43,13,55.61862826459654,0.0
baseline,layered,24,43,14,55.61862826459654,0.0
baseline,layered,24,43,15,60.53812247899668,0.0
baseline,layered,24,43,16,60.53812247899668,0.0
baseline,layered,24,43,17,58.30060665867412,0.0
baseline,layered,24,43,18,55.61862826459654,0.0
baseline,layered,24,43,19,60.53812247899668,0.0
baseline,layered,24,43,20,55.61862826459654,0.0
baseline,layered,24,43,21,60.53812247899668,0.0
baseline,layered,24,43,22,60.53812247899668,0.0
baseline,layered,24,43,23,55.61862826459654,0.0
baseline,layered,24,44,0,61.9204186080037,0.0
baseline,layered,24,44,1,55.61862826459654,0.0
baseline,layered,24,44,2,61.9204186080037,0.0
baseline,layered,24,44,3,55.61862826459654,0.0
baseline,layered,24,44,4,61.9204186080037,0.0
baseline,layered,24,44,5,61.87900699320941,0.0
baseline,layered,24,44,6,61.9204186080037,0.0
baseline,layered,24,44,7,55.61862826459654,0.0
baseline,layered,24,44,8,61.9204186080037,0.0
baseline,layered,24,44,9,55.61862826459654,0.0
baseline,layered,24,44,10,61.9204186080037,0.0
baseline,layered,24,44,11,55.61862826459654,0.0
baseline,layered,24,44,12,61.9204186080037,0.0
baseline,layered,24,44,13,55.61862826459654,0.0
baseline,layered,24,44,14,55.61862826459654,0.0
baseline,layered,24,44,15,61.9204186080037,0.0
baseline,layered,24,44,16,61.87900699320941,0.0
baseline,layered,24,44,17,61.9204186080037,0.0
baseline,layered,24,44,18,55.61862826459654,0.0
baseline,layered,24,44,19,61.9204186080037,0.0
baseline,layered,24,44,20,55.61862826459654,0.0
baseline,layered,24,44,21,61.9204186080037,0.0
baseline,layered,24,44,22,61.9204186080037,0.0
baseline,layered,24,44,23,55.61862826459654,0.0
baseline,layered,24,45,0,61.9204186080037,0.0
baseline,layered,24,45,1,59.983432505154596,0.0
baseline,layered,24,45,2,61.9204186080037,0.0
baseline,layered,24,45,3,59.983432505154596,0.0
baseline,layered,24,45,4,61.9204186080037,0.0
baseline,layered,24,45,5,61.87900699320941,0.0
baseline,layered,24,45,6,61.9204186080037,0.0
baseline,layered,24,45,7,59.983432505154596,0.0
baseline,layered,24,45,8,61.9204186080037,0.0
baseline,layered,24,45,9,59.983432505154596,0.0
baseline,layered,24,45,10,61.9204186080037,0.0
baseline,layered,24,45,11,59.983432505154596,0.0
baseline,layered,24,45,12,61.9204186080037,0.0
baseline,layered,24,45,13,59.983432505154596,0.0
baseline,layered,24,45,14,59.983432505154596,0.0
baseline,layered,24,45,15,61.9204186080037,0.0
baseline,layered,24,45,16,61.87900699320941,0.0
baseline,layered,24,45,17,61.9204186080037,0.0
baseline,layered,24,45,18,59.983432505154596,0.0
baseline,layered,24,45,19,61.9204186080037,0.0
baseline,layered,24,45,20,59.983432505154596,0.0
baseline,layered,24,45,21,61.9204186080037,0.0
baseline,layered,24,45,22,61.9204186080037,0.0
baseline,layered,24,45,23,59.983432505154596,0.0
baseline,layered,24,46,0,67.04430137966128,0.0
baseline,layered,24,46,1,59.983432505154596,0.0
baseline,layered,24,46,2,67.04430137966128,0.0
baseline,layered,24,46,3,59.983432505154596,0.0
baseline,layered,24,46,4,65.84429602900391,0.0
baseline,layered,24,46,5,67.04430137966128,0.0
baseline,layered,24,46,6,67.04430137966128,0.0
baseline,layered,24,46,7,59.983432505154596,0.0
baseline,layered,24,46,8,67.04430137966128,0.0
baseline,layered,24,46,9,59.983432505154596,0.0
baseline,layered,24,46,10,67.04430137966128,0.0
baseline,layered,24,46,11,59.983432505154596,0.0
baseline,layered,24,46,12,67.04430137966128,0.0
baseline,layered,24,46,13,59.983432505154596,0.0
baseline,layered,24,46,14,59.983432505154596,0.0
baseline,layered,24,46,15,67.04430137966128,0.0
baseline,layered,24,46,16,67.04430137966128,0.0
baseline,layered,24,46,17,65.84429602900391,0.0
baseline,layered,24,46,18,59.983432505154596,0.0
baseline,layered,24,46,19,67.04430137966128,0.0
baseline,layered,24,46,20,59.983432505154596,0.0
baseline,layered,24,46,21,67.04430137966128,0.0
baseline,layered,24,46,22,67.04430137966128,0.0
baseline,layered,24,46,23,59.983432505154596,0.0
baseline,layered,24,47,0,72.82292132102484,0.0
baseline,layered,24,47,1,59.983432505154596,0.0
baseline,layered,24,47,2,72.82292132102484,0.0
baseline,layered,24,47,3,59.983432505154596,0.0
baseline,layered,24,47,4,65.40169815839258,0.0
baseline,layered,24,47,5,72.82292132102484,0.0
baseline,layered,24,47,6,72.82292132102484,0.0
baseline,layered,24,47,7,59.983432505154596,0.0
baseline,layered,24,47,8,72.82292132102484,0.0
baseline,layered,24,47,9,59.983432505154596,0.0
baseline,layered,24,47,10,72.82292132102484,0.0
baseline,layered,24,47,11,59.983432505154596,0.0
baseline,layered,24,47,12,72.82292132102484,0.0
baseline,layered,24,47,13,59.983432505154596,0.0
baseline,layered,24,47,14,59.983432505154596,0.0
baseline,layered,24,47,15,72.82292132102484,0.0
baseline,layered,24,47,16,72.82292132102484,0.0
baseline,layered,24,47,17,65.40169815839258,0.0
baseline,layered,24,47,18,59.983432505154596,0.0
baseline,layered,24,47,19,72.82292132102484,0.0
baseline,layered,24,47,20,59.983432505154596,0.0
baseline,layered,24,47,21,72.82292132102484,0.0
baseline,layered,24,47,22,72.82292132102484,0.0
baseline,layered,24,47,23,59.983432505154596,0.0
baseline,layered,24,48,0,72.82292132102484,0.0
baseline,layered,24,48,1,64.45745166239784,0.0
baseline,layered,24,48,2,72.82292132102484,0.0
baseline,layered,24,48,3,64.45745166239784,0.0
baseline,layered,24,48,4,65.40169815839258,0.0
baseline,layered,24,48,5,72.82292132102484,0.0
baseline,layered,24,48,6,72.82292132102484,0.0
baseline,layered,24,48,7,64.45745166239784,0.0
baseline,layered,24,48,8,72.82292132102484,0.0
baseline,layered,24,48,9,64.45745166239784,0.0
baseline,layered,24,48,10,72.82292132102484,0.0
baseline,layered,24,48,11,64.45745166239784,0.0
baseline,layered,24,48,12,72.82292132102484,0.0
baseline,layered,24,48,13,64.45745166239784,0.0
baseline,layered,24,48,14,64.45745166239784,0.0
baseline,layered,24,48,15,72.82292132102484,0.0
baseline,layered,24,48,16,72.82292132102484,0.0
baseline,layered,24,48,17,65.40169815839258,0.0
baseline,layered,24,48,18,64.45745166239784,0.0
baseline,layered,24,48,19,72.82292132102484,0.0
baseline,layered,24,48,20,64.45745166239784,0.0
baseline,layered,24,48,21,72.82292132102484,0.0
baseline,layered,24,48,22,72.82292132102484,0.0
baseline,layered,24,48,23,64.45745166239784,0.0
baseline,layered,24,49,0,75.52925335312172,0.0
baseline,layered,24,49,1,64.45745166239784,0.0
baseline,layered,24,49,2,75.52925335312172,0.0
baseline,layered,24,49,3,64.45745166239784,0.0
baseline,layered,24,49,4,68.74077253939726,0.0
baseline,layered,24,49,5,75.52925335312172,0.0
baseline,layered,24,49,6,75.52925335312172,0.0
baseline,layered,24,49,7,64.45745166239784,0.0
baseline,layered,24,49,8,75.52925335312172,0.0
baseline,layered,24,49,9,64.45745166239784,0.0
baseline,layered,24,49,10,75.52925335312172,0.0
baseline,layered,24,49,11,64.45745166239784,0.0
baseline,layered,24,49,12,75.52925335312172,0.0
baseline,layered,24,49,13,64.45745166239784,0.0
baseline,layered,24,49,14,64.45745166239784,0.0
baseline,layered,24,49,15,75.52925335312172,0.0
baseline,layered,24,49,16,75.52925335312172,0.0
baseline,layered,24,49,17,68.74077253939726,0.0
baseline,layered,24,49,18,64.45745166239784,0.0
baseline,layered,24,49,19,75.52925335312172,0.0
baseline,layered,24,49,20,64.45745166239784,0.0
baseline,layered,24,49,21,75.52925335312172,0.0
baseline,layered,24,49,22,75.52925335312172,0.0
baseline,layered,24,49,23,64.45745166239784,0.0
baseline,layered,24,50,0,75.52925335312172,0.0
baseline,layered,24,50,1,67.11551754821973,0.0
baseline,layered,24,50,2,75.52925335312172,0.0
baseline,layered,24,50,3,67.11551754821973,0.0
baseline,layered,24,50,4,68.74077253939726,0.0
baseline,layered,24,50,5,75.52925335312172,0.0
baseline,layered,24,50,6,75.52925335312172,0.0
baseline,layered,24,50,7,67.11551754821973,0.0
baseline,layered,24,50,8,75.52925335312172,0.0
baseline,layered,24,50,9,67.11551754821973,0.0
baseline,layered,24,50,10,75.52925335312172,0.0
baseline,layered,24,50,11,67.11551754821973,0.0
baseline,layered,24,50,12,75.52925335312172,0.0
baseline,layered,24,50,13,67.11551754821973,0.0
baseline,layered,24,50,14,67.11551754821973,0.0
baseline,layered,24,50,15,75.52925335312172,0.0
baseline,layered,24,50,16,75.52925335312172,0.0
baseline,layered,24,50,17,68.74077253939726,0.0
baseline,layered,24,50,18,67.11551754821973,0.0
baseline,layered,24,50,19,75.52925335312172,0.0
baseline,layered,24,50,20,67.11551754821973,0.0
baseline,layered,24,50,21,75.52925335312172,0.0
baseline,layered,24,50,22,75.52925335312172,0.0
baseline,layered,24,50,23,67.11551754821973,0.0
baseline,layered,24,51,0,76.52575351773127,0.0
baseline,layered,24,51,1,67.11551754821973,0.0
baseline,layered,24,51,2,76.52575351773127,0.0
baseline,layered,24,51,3,67.11551754821973,0.0
baseline,layered,24,51,4,69.30439907426191,0.0
baseline,layered,24,51,5,76.52575351773127,0.0
baseline,layered,24,51,6,76.52575351773127,0.0
baseline,layered,24,51,7,67.11551754821973,0.0
baseline,layered,24,51,8,76.52575351773127,0.0
baseline,layered,24,51,9,67.11551754821973,0.0
baseline,layered,24,51,10,76.52575351773127,0.0
baseline,layered,24,51,11,67.11551754821973,0.0
baseline,layered,24,51,12,76.52575351773127,0.0
baseline,layered,24,51,13,67.11551754821973,0.0
baseline,layered,24,51,14,67.11551754821973,0.0
baseline,layered,24,51,15,76.52575351773127,0.0
baseline,layered,24,51,16,76.52575351773127,0.0
baseline,layered,24,51,17,69.30439907426191,0.0
baseline,layered,24,51,18,67.11551754821973,0.0
baseline,layered,24,51,19,76.52575351773127,0.0
baseline,layered,24,51,20,67.11551754821973,0.0
baseline,layered,24,51,21,76.52575351773127,0.0
baseline,layered,24,51,22,76.52575351773127,0.0
baseline,layered,24,51,23,67.11551754821973,0.0
baseline,layered,24,52,0,76.52575351773127,0.0
baseline,layered,24,52,1,70.1042164099155,0.0
baseline,layered,24,52,2,76.52575351773127,0.0
baseline,layered,24,52,3,70.1042164099155,0.0
baseline,layered,24,52,4,70.1042164099155,0.0
baseline,layered,24,52,5,76.52575351773127,0.0
baseline,layered,24,52,6,76.52575351773127,0.0
baseline,layered,24,52,7,70.1042164099155,0.0
baseline,layered,24,52,8,76.52575351773127,0.0
baseline,layered,24,52,9,70.1042164099155,0.0
baseline,layered,24,52,10,76.52575351773127,0.0
baseline,layered,24,52,11,70.1042164099155,0.0
baseline,layered,24,52,12,76.52575351773127,0.0
baseline,layered,24,52,13,70.1042164099155,0.0
baseline,layered,24,52,14,70.1042164099155,0.0
baseline,layered,24,52,15,76.52575351773127,0.0
baseline,layered,24,52,16,76.52575351773127,0.0
baseline,layered,24,52,17,70.1042164099155,0.0
baseline,layered,24,52,18,70.1042164099155,0.0
baseline,layered,24,52,19,76.52575351773127,0.0
baseline,layered,24,52,20,70.1042164099155,0.0
baseline,layered,24,52,21,76.52575351773127,0.0
baseline,layered,24,52,22,76.52575351773127,0.0
baseline,layered,24,52,23,70.1042164099155,0.0
baseline,layered,24,53,0,76.52575351773127,0.0
baseline,layered,24,53,1,72.1875929280876,0.0
baseline,layered,24,53,2,76.52575351773127,0.0
baseline,layered,24,53,3,72.1875929280876,0.0
baseline,layered,24,53,4,74.05480923254251,0.0
baseline,layered,24,53,5,76.52575351773127,0.0
baseline,layered,24,53,6,76.52575351773127,0.0
baseline,layered,24,53,7,72.1875929280876,0.0
baseline,layered,24,53,8,76.52575351773127,0.0
baseline,layered,24,53,9,72.1875929280876,0.0
baseline,layered,24,53,10,76.52575351773127,0.0
baseline,layered,24,53,11,72.1875929280876,0.0
baseline,layered,24,53,12,76.52575351773127,0.0
baseline,layered,24,53,13,72.1875929280876,0.0
baseline,layered,24,53,14,72.1875929280876,0.0
baseline,layered,24,53,15,76.52575351773127,0.0
baseline,layered,24,53,16,76.52575351773127,0.0
baseline,layered,24,53,17,74.05480923254251,0.0
baseline,layered,24,53,18,72.1875929280876,0.0
baseline,layered,24,53,19,76.52575351773127,0.0
baseline,layered,24,53,20,72.1875929280876,0.0
baseline,layered,24,53,21,76.52575351773127,0.0
baseline,layered,24,53,22,76.52575351773127,0.0
baseline,layered,24,53,23,72.1875929280876,0.0
baseline,layered,24,54,0,83.19062216560549,0.0
baseline,layered,24,54,1,72.1875929280876,0.0
baseline,layered,24,54,2,83.19062216560549,0.0
baseline,layered,24,54,3,72.1875929280876,0.0
baseline,layered,24,54,4,74.05480923254251,0.0
baseline,layered,24,54,5,83.19062216560549,0.0
baseline,layered,24,54,6,83.19062216560549,0.0
baseline,layered,24,54,7,72.1875929280876,0.0
baseline,layered,24,54,8,83.19062216560549,0.0
baseline,layered,24,54,9,72.1875929280876,0.0
baseline,layered,24,54,10,83.19062216560549,0.0
baseline,layered,24,54,11,72.1875929280876,0.0
baseline,layered,24,54,12,83.19062216560549,0.0
baseline,layered,24,54,13,72.1875929280876,0.0
baseline,layered,24,54,14,72.1875929280876,0.0
baseline,layered,24,54,15,83.19062216560549,0.0
baseline,layered,24,54,16,83.19062216560549,0.0
baseline,layered,24,54,17,74.05480923254251,0.0
baseline,layered,24,54,18,72.1875929280876,0.0
baseline,layered,24,54,19,83.19062216560549,0.0
baseline,layered,24,54,20,72.1875929280876,0.0
baseline,layered,24,54,21,83.19062216560549,0.0
baseline,layered,24,54,22,83.19062216560549,0.0
baseline,layered,24,54,23,72.1875929280876,0.0
baseline,layered,24,55,0,86.10964900543874,0.0
baseline,layered,24,55,1,72.26326761349489,0.0
baseline,layered,24,55,2,86.10964900543874,0.0
baseline,layered,24,55,3,72.26326761349489,0.0
baseline,layered,24,55,4,74.52460263749865,0.0
baseline,layered,24,55,5,86.10964900543874,0.0
baseline,layered,24,55,6,86.10964900543874,0.0
baseline,layered,24,55,7,72.1875929280876,0.0
baseline,layered,24,55,8,86.10964900543874,0.0
baseline,layered,24,55,9,72.26326761349489,0.0
baseline,layered,24,55,10,86.10964900543874,0.0
baseline,layered,24,55,11,72.26326761349489,0.0
baseline,layered,24,55,12,86.10964900543874,0.0
baseline,layered,24,55,13,72.26326761349489,0.0
baseline,layered,24,55,14,72.26326761349489,0.0
baseline,layered,24,55,15,86.10964900543874,0.0
baseline,layered,24,55,16,86.10964900543874,0.0
baseline,layered,24,55,17,74.52460263749865,0.0
baseline,layered,24,55,18,72.26326761349489,0.0
baseline,layered,24,55,19,86.10964900543874,0.0
baseline,layered,24,55,20,72.26326761349489,0.0
baseline,layered,24,55,21,86.10964900543874,0.0
baseline,layered,24,55,22,86.10964900543874,0.0
baseline,layered,24,55,23,72.26326761349489,0.0
baseline,layered,24,56,0,86.10964900543874,0.0
baseline,layered,24,56,1,74.08584945892524,0.0
baseline,layered,24,56,2,86.10964900543874,0.0
baseline,layered,24,56,3,74.08584945892524,0.0
baseline,layered,24,56,4,74.52460263749865,0.0
baseline,layered,24,56,5,86.10964900543874,0.0
baseline,layered,24,56,6,86.10964900543874,0.0
baseline,layered,24,56,7,74.08584945892524,0.0
baseline,layered,24,56,8,86.10964900543874,0.0
baseline,layered,24,56,9,74.08584945892524,0.0
baseline,layered,24,56,10,86.10964900543874,0.0
baseline,layered,24,56,11,74.08584945892524,0.0
baseline,layered,24,56,12,86.10964900543874,0.0
baseline,layered,24,56,13,74.08584945892524,0.0
baseline,layered,24,56,14,74.08584945892524,0.0
baseline,layered,24,56,15,86.10964900543874,0.0
baseline,layered,24,56,16,86.10964900543874,0.0
baseline,layered,24,56,17,74.52460263749865,0.0
baseline,layered,24,56,18,74.08584945892524,0.0
baseline,layered,24,56,19,86.10964900543874,0.0
baseline,layered,24,56,20,74.08584945892524,0.0
baseline,layered,24,56,21,86.10964900543874,0.0
baseline,layered,24,56,22,86.10964900543874,0.0
baseline,layered,24,56,23,74.08584945892524,0.0
baseline,layered,24,57,0,91.74086587122659,0.0
baseline,layered,24,57,1,74.08584945892524,0.0
baseline,layered,24,57,2,91.74086587122659,0.0
baseline,layered,24,57,3,74.08584945892524,0.0
baseline,layered,24,57,4,78.74934122857837,0.0
baseline,layered,24,57,5,91.74086587122659,0.0
baseline,layered,24,57,6,91.74086587122659,0.0
baseline,layered,24,57,7,74.08584945892524,0.0
baseline,layered,24,57,8,91.74086587122659,0.0
baseline,layered,24,57,9,74.08584945892524,0.0
baseline,layered,24,57,10,91.74086587122659,0.0
baseline,layered,24,57,11,74.08584945892524,0.0
baseline,layered,24,57,12,91.74086587122659,0.0
baseline,layered,24,57,13,74.08584945892524,0.0
baseline,layered,24,57,14,74.08584945892524,0.0
baseline,layered,24,57,15,91.74086587122659,0.0
baseline,layered,24,57,16,91.74086587122659,0.0
baseline,layered,24,57,17,78.74934122857837,0.0
baseline,layered,24,57,18,74.08584945892524,0.0
baseline,layered,24,57,19,91.74086587122659,0.0
baseline,layered,24,57,20,74.08584945892524,0.0
baseline,layered,24,57,21,91.74086587122659,0.0
baseline,layered,24,57,22,91.74086587122659,0.0
baseline,layered,24,57,23,74.08584945892524,0.0
baseline,layered,24,58,0,91.74086587122659,0.0
baseline,layered,24,58,1,80.64895265712997,0.0
baseline,layered,24,58,2,91.74086587122659,0.0
baseline,layered,24,58,3,80.64895265712997,0.0
baseline,layered,24,58,4,78.74934122857837,0.0
baseline,layered,24,58,5,91.74086587122659,0.0
baseline,layered,24,58,6,91.74086587122659,0.0
baseline,layered,24,58,7,80.64895265712997,0.0
baseline,layered,24,58,8,91.74086587122659,0.0
baseline,layered,24,58,9,80.64895265712997,0.0
baseline,layered,24,58,10,91.74086587122659,0.0
baseline,layered,24,58,11,80.64895265712997,0.0
baseline,layered,24,58,12,91.74086587122659,0.0
baseline,layered,24,58,13,80.64895265712997,0.0
baseline,layered,24,58,14,80.64895265712997,0.0
baseline,layered,24,58,15,91.74086587122659,0.0
baseline,layered,24,58,16,91.74086587122659,0.0
baseline,layered,24,58,17,78.74934122857837,0.0
baseline,layered,24,58,18,80.64895265712997,0.0
baseline,layered,24,58,19,91.74086587122659,0.0
baseline,layered,24,58,20,80.64895265712997,0.0
baseline,layered,24,58,21,91.74086587122659,0.0
baseline,layered,24,58,22,91.74086587122659,0.0
baseline,layered,24,58,23,80.64895265712997,0.0
baseline,layered,24,59,0,94.50227736256298,0.0
baseline,layered,24,59,1,80.64895265712997,0.0
baseline,layered,24,59,2,94.50227736256298,0.0
baseline,layered,24,59,3,80.64895265712997,0.0
baseline,layered,24,59,4,78.93058485109651,0.0
baseline,layered,24,59,5,94.50227736256298,0.0
baseline,layered,24,59,6,94.50227736256298,0.0
baseline,layered,24,59,7,80.64895265712997,0.0
baseline,layered,24,59,8,94.50227736256298,0.0
baseline,layered,24,59,9,80.64895265712997,0.0
baseline,layered,24,59,10,94.50227736256298,0.0
baseline,layered,24,59,11,80.64895265712997,0.0
baseline,layered,24,59,12,94.50227736256298,0.0
baseline,layered,24,59,13,80.64895265712997,0.0
baseline,layered,24,59,14,80.64895265712997,0.0
baseline,layered,24,59,15,94.50227736256298,0.0
baseline,layered,24,59,16,94.50227736256298,0.0
baseline,layered,24,59,17,78.93058485109651,0.0
baseline,layered,24,59,18,80.64895265712997,0.0
baseline,layered,24,59,19,94.50227736256298,0.0
baseline,layered,24,59,20,80.64895265712997,0.0
baseline,layered,24,59,21,94.50227736256298,0.0
baseline,layered,24,59,22,94.50227736256298,0.0
baseline,layered,24,59,23,80.64895265712997,0.0
baseline,layered,24,60,0,94.50227736256298,0.0
baseline,layered,24,60,1,87.99577163681086,0.0
baseline,layered,24,60,2,94.50227736256298,0.0
baseline,layered,24,60,3,87.99577163681086,0.0
baseline,layered,24,60,4,80.6379189337245,0.0
baseline,layered,24,60,5,94.50227736256298,0.0
baseline,layered,24,60,6,94.50227736256298,0.0
baseline,layered,24,60,7,87.99577163681086,0.0
baseline,layered,24,60,8,94.50227736256298,0.0
baseline,layered,24,60,9,87.99577163681086,0.0
baseline,layered,24,60,10,94.50227736256298,0.0
baseline,layered,24,60,11,87.99577163681086,0.0
baseline,layered,24,60,12,94.50227736256298,0.0
baseline,layered,24,60,13,87.99577163681086,0.0
baseline,layered,24,60,14,87.99577163681086,0.0
baseline,layered,24,60,15,94.50227736256298,0.0
baseline,layered,24,60,16,94.50227736256298,0.0
baseline,layered,24,60,17,80.6379189337245,0.0
baseline,layered,24,60,18,87.99577163681086,0.0
baseline,layered,24,60,19,94.50227736256298,0.0
baseline,layered,24,60,20,87.99577163681086,0.0
baseline,layered,24,60,21,94.50227736256298,0.0
baseline,layered,24,60,22,94.50227736256298,0.0
baseline,layered,24,60,23,87.99577163681086,0.0
baseline,layered,24,61,0,94.5070978462703,0.0
baseline,layered,24,61,1,87.99577163681086,0.0
baseline,layered,24,61,2,94.5070978462703,0.0
baseline,layered,24,61,3,87.99577163681086,0.0
baseline,layered,24,61,4,80.6379189337245,0.0
baseline,layered,24,61,5,94.5070978462703,0.0
baseline,layered,24,61,6,94.5070978462703,0.0
baseline,layered,24,61,7,87.99577163681086,0.0
baseline,layered,24,61,8,94.5070978462703,0.0
baseline,layered,24,61,9,87.99577163681086,0.0
baseline,layered,24,61,10,94.5070978462703,0.0
baseline,layered,24,61,11,87.99577163681086,0.0
baseline,layered,24,61,12,94.5070978462703,0.0
baseline,layered,24,61,13,87.99577163681086,0.0
baseline,layered,24,61,14,87.99577163681086,0.0
baseline,layered,24,61,15,94.5070978462703,0.0
baseline,layered,24,61,16,94.5070978462703,0.0
baseline,layered,24,61,17,80.6379189337245,0.0
baseline,layered,24,61,18,87.99577163681086,0.0
baseline,layered,24,61,19,94.5070978462703,0.0
baseline,layered,24,61,20,87.99577163681086,0.0
baseline,layered,24,61,21,94.5070978462703,0.0
baseline,layered,24,61,22,94.5070978462703,0.0
baseline,layered,24,61,23,87.99577163681086,0.0
baseline,layered,24,62,0,94.5070978462703,0.0
baseline,layered,24,62,1,88.01033941075639,0.0
baseline,layered,24,62,2,94.5070978462703,0.0
baseline,layered,24,62,3,88.01033941075639,0.0
baseline,layered,24,62,4,80.76595306309174,0.0
baseline,layered,24,62,5,94.5070978462703,0.0
baseline,layered,24,62,6,94.5070978462703,0.0
baseline,layered,24,62,7,88.01033941075639,0.0
baseline,layered,24,62,8,94.5070978462703,0.0
baseline,layered,24,62,9,88.01033941075639,0.0
baseline,layered,24,62,10,94.5070978462703,0.0
baseline,layered,24,62,11,88.01033941075639,0.0
baseline,layered,24,62,12,94.5070978462703,0.0
baseline,layered,24,62,13,88.01033941075639,0.0
baseline,layered,24,62,14,88.01033941075639,0.0
baseline,layered,24,62,15,94.5070978462703,0.0
baseline,layered,24,62,16,94.5070978462703,0.0
baseline,layered,24,62,17,80.76595306309174,0.0
baseline,layered,24,62,18,88.01033941075639,0.0
baseline,layered,24,62,19,94.5070978462703,0.0
baseline,layered,24,62,20,88.01033941075639,0.0
baseline,layered,24,62,21,94.5070978462703,0.0
baseline,layered,24,62,22,94.5070978462703,0.0
baseline,layered,24,62,23,88.01033941075639,0.0
baseline,layered,24,63,0,94.5070978462703,0.0
baseline,layered,24,63,1,88.01187157950531,0.0
baseline,layered,24,63,2,94.5070978462703,0.0
baseline,layered,24,63,3,88.01187157950531,0.0
baseline,layered,24,63,4,80.7659240340965,0.0
baseline,layered,24,63,5,94.5070978462703,0.0
baseline,layered,24,63,6,94.5070978462703,0.0
baseline,layered,24,63,7,88.01187157950531,0.0
baseline,layered,24,63,8,94.5070978462703,0.0
baseline,layered,24,63,9,88.01187157950531,0.0
baseline,layered,24,63,10,94.5070978462703,0.0
baseline,layered,24,63,11,88.01187157950531,0.0
baseline,layered,24,63,12,94.5070978462703,0.0
baseline,layered,24,63,13,88.01187157950531,0.0
baseline,layered,24,63,14,88.01187157950531,0.0
baseline,layered,24,63,15,94.5070978462703,0.0
baseline,layered,24,63,16,94.5070978462703,0.0
baseline,layered,24,63,17,80.7659240340965,0.0
baseline,layered,24,63,18,88.01187157950531,0.0
baseline,layered,24,63,19,94.5070978462703,0.0
baseline,layered,24,63,20,88.01187157950531,0.0
baseline,layered,24,63,21,94.5070978462703,0.0
baseline,layered,24,63,22,94.5070978462703,0.0
baseline,layered,24,63,23,88.01187157950531,0.0
baseline,layered,24,64,0,94.5073054429494,0.0
baseline,layered,24,64,1,88.01187157950531,0.0
baseline,layered,24,64,2,94.5073054429494,0.0
baseline,layered,24,64,3,88.01187157950531,0.0
baseline,layered,24,64,4,80.7659240340965,0.0
baseline,layered,24,64,5,94.5073054429494,0.0
baseline,layered,24,64,6,94.5073054429494,0.0
baseline,layered,24,64,7,88.01187157950531,0.0
baseline,layered,24,64,8,94.5073054429494,0.0
baseline,layered,24,64,9,88.01187157950531,0.0
baseline,layered,24,64,10,94.5073054429494,0.0
baseline,layered,24,64,11,88.01187157950531,0.0
baseline,layered,24,64,12,94.5073054429494,0.0
baseline,layered,24,64,13,88.01187157950531,0.0
baseline,layered,24,64,14,88.01187157950531,0.0
baseline,layered,24,64,15,94.5073054429494,0.0
baseline,layered,24,64,16,94.5073054429494,0.0
baseline,layered,24,64,17,80.7659240340965,0.0
baseline,layered,24,64,18,88.01187157950531,0.0
baseline,layered,24,64,19,94.5073054429494,0.0
baseline,layered,24,64,20,88.01187157950531,0.0
baseline,layered,24,64,21,94.5073054429494,0.0
baseline,layered,24,64,22,94.5073054429494,0.0
baseline,layered,24,64,23,88.01187157950531,0.0
baseline,layered,24,65,0,94.51191741548622,0.0
baseline,layered,24,65,1,92.8372452524619,0.0
baseline,layered,24,65,2,94.51191741548622,0.0
baseline,layered,24,65,3,92.8372452524619,0.0
baseline,layered,24,65,4,80.7659240340965,0.0
baseline,layered,24,65,5,94.51191741548622,0.0
baseline,layered,24,65,6,94.51191741548622,0.0
baseline,layered,24,65,7,92.8372452524619,0.0
baseline,layered,24,65,8,94.51191741548622,0.0
baseline,layered,24,65,9,92.8372452524619,0.0
baseline,layered,24,65,10,94.51191741548622,0.0
baseline,layered,24,65,11,92.8372452524619,0.0
baseline,layered,24,65,12,94.51191741548622,0.0
baseline,layered,24,65,13,92.8372452524619,0.0
baseline,layered,24,65,14,92.8372452524619,0.0
baseline,layered,24,65,15,94.51191741548622,0.0
baseline,layered,24,65,16,94.51191741548622,0.0
baseline,layered,24,65,17,80.7659240340965,0.0
baseline,layered,24,65,18,92.8372452524619,0.0
baseline,layered,24,65,19,94.51191741548622,0.0
baseline,layered,24,65,20,92.8372452524619,0.0
baseline,layered,24,65,21,94.51191741548622,0.0
baseline,layered,24,65,22,94.51191741548622,0.0
baseline,layered,24,65,23,92.8372452524619,0.0
baseline,layered,24,66,0,94.51191741548622,0.0
baseline,layered,24,66,1,92.8372452524619,0.0
baseline,layered,24,66,2,94.51191741548622,0.0
baseline,layered,24,66,3,92.8372452524619,0.0
baseline,layered,24,66,4,80.76946873405704,0.0
baseline,layered,24,66,5,94.51191741548622,0.0
baseline,layered,24,66,6,94.51191741548622,0.0
baseline,layered,24,66,7,92.8372452524619,0.0
baseline,layered,24,66,8,94.51191741548622,0.0
baseline,layered,24,66,9,92.8372452524619,0.0
baseline,layered,24,66,10,94.51191741548622,0.0
baseline,layered,24,66,11,92.8372452524619,0.0
baseline,layered,24,66,12,94.51191741548622,0.0
baseline,layered,24,66,13,92.8372452524619,0.0
baseline,layered,24,66,14,92.8372452524619,0.0
baseline,layered,24,66,15,94.51191741548622,0.0
baseline,layered,24,66,16,94.51191741548622,0.0
baseline,layered,24,66,17,80.76946873405704,0.0
baseline,layered,24,66,18,92.8372452524619,0.0
baseline,layered,24,66,19,94.51191741548622,0.0
baseline,layered,24,66,20,92.8372452524619,0.0
baseline,layered,24,66,21,94.51191741548622,0.0
baseline,layered,24,66,22,94.51191741548622,0.0
baseline,layered,24,66,23,92.8372452524619,0.0
baseline,layered,24,67,0,94.51191741548622,0.0
baseline,layered,24,67,1,92.79809803195684,0.0
baseline,layered,24,67,2,94.51191741548622,0.0
baseline,layered,24,67,3,92.79809803195684,0.0
baseline,layered,24,67,4,82.17832151652202,0.0
baseline,layered,24,67,5,94.51191741548622,0.0
baseline,layered,24,67,6,94.51191741548622,0.0
baseline,layered,24,67,7,92.79809803195684,0.0
baseline,layered,24,67,8,94.51191741548622,0.0
baseline,layered,24,67,9,92.79809803195684,0.0
baseline,layered,24,67,10,94.51191741548622,0.0
baseline,layered,24,67,11,92.79809803195684,0.0
baseline,layered,24,67,12,94.51191741548622,0.0
baseline,layered,24,67,13,92.79809803195684,0.0
baseline,layered,24,67,14,92.79809803195684,0.0
baseline,layered,24,67,15,94.51191741548622,0.0
baseline,layered,24,67,16,94.51191741548622,0.0
baseline,layered,24,67,17,82.17832151652202,0.0
baseline,layered,24,67,18,92.79809803195684,0.0
baseline,layered,24,67,19,94.51191741548622,0.0
baseline,layered,24,67,20,92.79809803195684,0.0
baseline,layered,24,67,21,94.51191741548622,0.0
baseline,layered,24,67,22,94.51191741548622,0.0
baseline,layered,24,67,23,92.79809803195684,0.0
baseline,layered,24,68,0,94.51232085808671,0.0
baseline,layered,24,68,1,92.79809803195684,0.0
baseline,layered,24,68,2,94.51232085808671,0.0
baseline,layered,24,68,3,92.79809803195684,0.0
baseline,layered,24,68,4,82.17832151652202,0.0
baseline,layered,24,68,5,94.51232085808671,0.0
baseline,layered,24,68,6,94.51232085808671,0.0
baseline,layered,24,68,7,92.79809803195684,0.0
baseline,layered,24,68,8,94.51232085808671,0.0
baseline,layered,24,68,9,92.79809803195684,0.0
baseline,layered,24,68,10,94.51232085808671,0.0
baseline,layered,24,68,11,92.79809803195684,0.0
baseline,layered,24,68,12,94.51232085808671,0.0
baseline,layered,24,68,13,92.79809803195684,0.0
baseline,layered,24,68,14,92.79809803195684,0.0
baseline,layered,24,68,15,94.51232085808671,0.0
baseline,layered,24,68,16,94.51232085808671,0.0
baseline,layered,24,68,17,82.17832151652202,0.0
baseline,layered,24,68,18,92.79809803195684,0.0
baseline,layered,24,68,19,94.51232085808671,0.0
baseline,layered,24,68,20,92.79809803195684,0.0
baseline,layered,24,68,21,94.51232085808671,0.0
baseline,layered,24,68,22,94.51232085808671,0.0
baseline,layered,24,68,23,92.79809803195684,0.0
baseline,layered,24,69,0,94.51232085808671,0.0
baseline,layered,24,69,1,100.14761761204494,0.0
baseline,layered,24,69,2,94.51232085808671,0.0
baseline,layered,24,69,3,100.14761761204494,0.0
baseline,layered,24,69,4,83.00196305503532,0.0
baseline,layered,24,69,5,100.14761761204494,0.0
baseline,layered,24,69,6,94.51232085808671,0.0
baseline,layered,24,69,7,100.14761761204494,0.0
baseline,layered,24,69,8,94.51232085808671,0.0
baseline,layered,24,69,9,100.14761761204494,0.0
baseline,layered,24,69,10,94.51232085808671,0.0
baseline,layered,24,69,11,100.14761761204494,0.0
baseline,layered,24,69,12,94.51232085808671,0.0
baseline,layered,24,69,13,100.14761761204494,0.0
baseline,layered,24,69,14,100.14761761204494,0.0
baseline,layered,24,69,15,94.51232085808671,0.0
baseline,layered,24,69,16,100.14761761204494,0.0
baseline,layered,24,69,17,83.00196305503532,0.0
baseline,layered,24,69,18,100.14761761204494,0.0
baseline,layered,24,69,19,94.51232085808671,0.0
baseline,layered,24,69,20,100.14761761204494,0.0
baseline,layered,24,69,21,94.51232085808671,0.0
baseline,layered,24,69,22,94.51232085808671,0.0
baseline,layered,24,69,23,100.14761761204494,0.0
baseline,layered,24,70,0,98.15065832435874,0.0
baseline,layered,24,70,1,100.14761761204494,0.0
baseline,layered,24,70,2,98.15065832435874,0.0
baseline,layered,24,70,3,100.14761761204494,0.0
baseline,layered,24,70,4,83.86614375264041,0.0
baseline,layered,24,70,5,100.14761761204494,0.0
baseline,layered,24,70,6,98.15065832435874,0.0
baseline,layered,24,70,7,100.14761761204494,0.0
baseline,layered,24,70,8,98.15065832435874,0.0
baseline,layered,24,70,9,100.14761761204494,0.0
baseline,layered,24,70,10,98.15065832435874,0.0
baseline,layered,24,70,11,100.14761761204494,0.0
baseline,layered,24,70,12,98.15065832435874,0.0
baseline,layered,24,70,13,100.14761761204494,0.0
baseline,layered,24,70,14,100.14761761204494,0.0
baseline,layered,24,70,15,98.15065832435874,0.0
baseline,layered,24,70,16,100.14761761204494,0.0
baseline,layered,24,70,17,83.86614375264041,0.0
baseline,layered,24,70,18,100.14761761204494,0.0
baseline,layered,24,70,19,98.15065832435874,0.0
baseline,layered,24,70,20,100.14761761204494,0.0
baseline,layered,24,70,21,98.15065832435874,0.0
baseline,layered,24,70,22,98.15065832435874,0.0
baseline,layered,24,70,23,100.14761761204494,0.0
baseline,layered,24,71,0,101.4140675896031,0.0
baseline,layered,24,71,1,100.14761761204494,0.0
baseline,layered,24,71,2,101.4140675896031,0.0
baseline,layered,24,71,3,100.14761761204494,0.0
baseline,layered,24,71,4,88.41017799272971,0.0
baseline,layered,24,71,5,101.4140675896031,0.0
baseline,layered,24,71,6,101.4140675896031,0.0
baseline,layered,24,71,7,100.14761761204494,0.0
baseline,layered,24,71,8,101.4140675896031,0.0
baseline,layered,24,71,9,100.14761761204494,0.0
baseline,layered,24,71,10,101.4140675896031,0.0
baseline,layered,24,71,11,100.14761761204494,0.0
baseline,layered,24,71,12,101.4140675896031,0.0
baseline,layered,24,71,13,100.14761761204494,0.0
baseline,layered,24,71,14,100.14761761204494,0.0
baseline,layered,24,71,15,101.4140675896031,0.0
baseline,layered,24,71,16,101.4140675896031,0.0
baseline,layered,24,71,17,88.41017799272971,0.0
baseline,layered,24,71,18,100.14761761204494,0.0
baseline,layered,24,71,19,101.4140675896031,0.0
baseline,layered,24,71,20,100.14761761204494,0.0
baseline,layered,24,71,21,101.4140675896031,0.0
baseline,layered,24,71,22,101.4140675896031,0.0
baseline,layered,24,71,23,100.14761761204494,0.0
baseline,layered,24,72,0,101.4140675896031,0.0
baseline,layered,24,72,1,103.8786290218292,0.0
baseline,layered,24,72,2,101.4140675896031,0.0
baseline,layered,24,72,3,103.8786290218292,0.0
baseline,layered,24,72,4,88.41017799272971,0.0
baseline,layered,24,72,5,103.8786290218292,0.0
baseline,layered,24,72,6,101.4140675896031,0.0
baseline,layered,24,72,7,103.8786290218292,0.0
baseline,layered,24,72,8,101.4140675896031,0.0
baseline,layered,24,72,9,103.8786290218292,0.0
baseline,layered,24,72,10,101.4140675896031,0.0
baseline,layered,24,72,11,103.8786290218292,0.0
baseline,layered,24,72,12,101.4140675896031,0.0
baseline,layered,24,72,13,103.8786290218292,0.0
baseline,layered,24,72,14,103.8786290218292,0.0
baseline,layered,24,72,15,101.4140675896031,0.0
baseline,layered,24,72,16,103.8786290218292,0.0
baseline,layered,24,72,17,88.41017799272971,0.0
baseline,layered,24,72,18,103.8786290218292,0.0
baseline,layered,24,72,19,101.4140675896031,0.0
baseline,layered,24,72,20,103.8786290218292,0.0
baseline,layered,24,72,21,101.4140675896031,0.0
baseline,layered,24,72,22,101.4140675896031,0.0
baseline,layered,24,72,23,103.8786290218292,0.0
baseline,layered,24,73,0,107.42269839510301,0.0
baseline,layered,24,73,1,103.8786290218292,0.0
baseline,layered,24,73,2,107.42269839510301,0.0
baseline,layered,24,73,3,103.8786290218292,0.0
baseline,layered,24,73,4,92.1281571857672,0.0
baseline,layered,24,73,5,107.42269839510301,0.0
baseline,layered,24,73,6,107.42269839510301,0.0
baseline,layered,24,73,7,103.8786290218292,0.0
baseline,layered,24,73,8,107.42269839510301,0.0
baseline,layered,24,73,9,103.8786290218292,0.0
baseline,layered,24,73,10,107.42269839510301,0.0
baseline,layered,24,73,11,103.8786290218292,0.0
baseline,layered,24,73,12,107.42269839510301,0.0
baseline,layered,24,73,13,103.8786290218292,0.0
baseline,layered,24,73,14,103.8786290218292,0.0
baseline,layered,24,73,15,107.42269839510301,0.0
baseline,layered,24,73,16,107.42269839510301,0.0
baseline,layered,24,73,17,92.1281571857672,0.0
baseline,layered,24,73,18,103.8786290218292,0.0
baseline,layered,24,73,19,107.42269839510301,0.0
baseline,layered,24,73,20,103.8786290218292,0.0
baseline,layered,24,73,21,107.42269839510301,0.0
baseline,layered,24,73,22,107.42269839510301,0.0
baseline,layered,24,73,23,103.8786290218292,0.0
baseline,layered,24,74,0,107.42269839510301,0.0
baseline,layered,24,74,1,108.72238707487281,0.0
baseline,layered,24,74,2,107.42269839510301,0.0
baseline,layered,24,74,3,108.72238707487281,0.0
baseline,layered,24,74,4,92.1281571857672,0.0
baseline,layered,24,74,5,108.72238707487281,0.0
baseline,layered,24,74,6,107.42269839510301,0.0
baseline,layered,24,74,7,108.72238707487281,0.0
baseline,layered,24,74,8,107.42269839510301,0.0
baseline,layered,24,74,9,108.72238707487281,0.0
baseline,layered,24,74,10,107.42269839510301,0.0
baseline,layered,24,74,11,108.72238707487281,0.0
baseline,layered,24,74,12,107.42269839510301,0.0
baseline,layered,24,74,13,108.72238707487281,0.0
baseline,layered,24,74,14,108.72238707487281,0.0
baseline,layered,24,74,15,107.42269839510301,0.0
baseline,layered,24,74,16,108.72238707487281,0.0
baseline,layered,24,74,17,92.1281571857672,0.0
baseline,layered,24,74,18,108.72238707487281,0.0
baseline,layered,24,74,19,107.42269839510301,0.0
baseline,layered,24,74,20,108.72238707487281,0.0
baseline,layered,24,74,21,107.42269839510301,0.0
baseline,layered,24,74,22,107.42269839510301,0.0
baseline,layered,24,74,23,108.72238707487281,0.0
baseline,layered,24,75,0,109.67174016733836,0.0
baseline,layered,24,75,1,108.72238707487281,0.0
baseline,layered,24,75,2,109.67174016733836,0.0
baseline,layered,24,75,3,108.72238707487281,0.0
baseline,layered,24,75,4,96.11466045820735,0.0
baseline,layered,24,75,5,109.67174016733836,0.0
baseline,layered,24,75,6,109.67174016733836,0.0
baseline,layered,24,75,7,108.72238707487281,0.0
baseline,layered,24,75,8,109.67174016733836,0.0
baseline,layered,24,75,9,108.72238707487281,0.0
baseline,layered,24,75,10,109.67174016733836,0.0
baseline,layered,24,75,11,108.72238707487281,0.0
baseline,layered,24,75,12,109.67174016733836,0.0
baseline,layered,24,75,13,108.72238707487281,0.0
baseline,layered,24,75,14,108.72238707487281,0.0
baseline,layered,24,75,15,109.67174016733836,0.0
baseline,layered,24,75,16,109.67174016733836,0.0
baseline,layered,24,75,17,96.11466045820735,0.0
baseline,layered,24,75,18,108.72238707487281,0.0
baseline,layered,24,75,19,109.67174016733836,0.0
baseline,layered,24,75,20,108.72238707487281,0.0
baseline,layered,24,75,21,109.67174016733836,0.0
baseline,layered,24,75,22,109.67174016733836,0.0
baseline,layered,24,75,23,108.72238707487281,0.0
baseline,layered,24,76,0,109.67174016733836,0.0
baseline,layered,24,76,1,110.20134740144366,0.0
baseline,layered,24,76,2,109.67174016733836,0.0
baseline,layered,24,76,3,110.20134740144366,0.0
baseline,layered,24,76,4,96.11466045820735,0.0
baseline,layered,24,76,5,110.20134740144366,0.0
baseline,layered,24,76,6,109.67174016733836,0.0
baseline,layered,24,76,7,110.20134740144366,0.0
baseline,layered,24,76,8,109.67174016733836,0.0
baseline,layered,24,76,9,110.20134740144366,0.0
baseline,layered,24,76,10,109.67174016733836,0.0
baseline,layered,24,76,11,110.20134740144366,0.0
baseline,layered,24,76,12,109.67174016733836,0.0
baseline,layered,24,76,13,110.20134740144366,0.0
baseline,layered,24,76,14,110.20134740144366,0.0
baseline,layered,24,76,15,109.67174016733836,0.0
baseline,layered,24,76,16,110.20134740144366,0.0
baseline,layered,24,76,17,96.11466045820735,0.0
baseline,layered,24,76,18,110.20134740144366,0.0
baseline,layered,24,76,19,109.67174016733836,0.0
baseline,layered,24,76,20,110.20134740144366,0.0
baseline,layered,24,76,21,109.67174016733836,0.0
baseline,layered,24,76,22,109.67174016733836,0.0
baseline,layered,24,76,23,110.20134740144366,0.0
baseline,layered,24,77,0,109.67174016733836,0.0
baseline,layered,24,77,1,110.20134740144366,0.0
baseline,layered,24,77,2,109.67174016733836,0.0
baseline,layered,24,77,3,110.20134740144366,0.0
baseline,layered,24,77,4,97.6881869949978,0.0
baseline,layered,24,77,5,110.20134740144366,0.0
baseline,layered,24,77,6,109.67174016733836,0.0
baseline,layered,24,77,7,110.20134740144366,0.0
baseline,layered,24,77,8,109.67174016733836,0.0
baseline,layered,24,77,9,110.20134740144366,0.0
baseline,layered,24,77,10,109.67174016733836,0.0
baseline,layered,24,77,11,110.20134740144366,0.0
baseline,layered,24,77,12,109.67174016733836,0.0
baseline,layered,24,77,13,110.20134740144366,0.0
baseline,layered,24,77,14,110.20134740144366,0.0
baseline,layered,24,77,15,109.67174016733836,0.0
baseline,layered,24,77,16,110.20134740144366,0.0
baseline,layered,24,77,17,97.6881869949978,0.0
baseline,layered,24,77,18,110.20134740144366,0.0
baseline,layered,24,77,19,109.67174016733836,0.0
baseline,layered,24,77,20,110.20134740144366,0.0
baseline,layered,24,77,21,109.67174016733836,0.0
baseline,layered,24,77,22,109.67174016733836,0.0
baseline,layered,24,77,23,110.20134740144366,0.0
baseline,layered,24,78,0,112.56408171736602,0.0
baseline,layered,24,78,1,111.9700565046161,0.0
baseline,layered,24,78,2,112.56408171736602,0.0
baseline,layered,24,78,3,111.9700565046161,0.0
baseline,layered,24,78,4,97.6881869949978,0.0
baseline,layered,24,78,5,112.56408171736602,0.0
baseline,layered,24,78,6,112.56408171736602,0.0
baseline,layered,24,78,7,111.9700565046161,0.0
baseline,layered,24,78,8,112.56408171736602,0.0
baseline,layered,24,78,9,111.9700565046161,0.0
baseline,layered,24,78,10,112.56408171736602,0.0
baseline,layered,24,78,11,111.9700565046161,0.0
baseline,layered,24,78,12,112.56408171736602,0.0
baseline,layered,24,78,13,111.9700565046161,0.0
baseline,layered,24,78,14,111.9700565046161,0.0
baseline,layered,24,78,15,112.56408171736602,0.0
baseline,layered,24,78,16,112.56408171736602,0.0
baseline,layered,24,78,17,97.6881869949978,0.0
baseline,layered,24,78,18,111.9700565046161,0.0
baseline,layered,24,78,19,112.56408171736602,0.0
baseline,layered,24,78,20,111.9700565046161,0.0
baseline,layered,24,78,21,112.56408171736602,0.0
baseline,layered,24,78,22,112.56408171736602,0.0
baseline,layered,24,78,23,111.9700565046161,0.0
baseline,layered,24,79,0,112.63376439771159,0.0
baseline,layered,24,79,1,111.9700565046161,0.0
baseline,layered,24,79,2,112.63376439771159,0.0
baseline,layered,24,79,3,111.9700565046161,0.0
baseline,layered,24,79,4,97.68831182027193,0.0
baseline,layered,24,79,5,112.63376439771159,0.0
baseline,layered,24,79,6,112.63376439771159,0.0
baseline,layered,24,79,7,111.9700565046161,0.0
baseline,layered,24,79,8,112.63376439771159,0.0
baseline,layered,24,79,9,111.9700565046161,0.0
baseline,layered,24,79,10,112.63376439771159,0.0
baseline,layered,24,79,11,111.9700565046161,0.0
baseline,layered,24,79,12,112.63376439771159,0.0
baseline,layered,24,79,13,111.9700565046161,0.0
baseline,layered,24,79,14,111.9700565046161,0.0
baseline,layered,24,79,15,112.63376439771159,0.0
baseline,layered,24,79,16,112.63376439771159,0.0
baseline,layered,24,79,17,97.68831182027193,0.0
baseline,layered,24,79,18,111.9700565046161,0.0
baseline,layered,24,79,19,112.63376439771159,0.0
baseline,layered,24,79,20,111.9700565046161,0.0
baseline,layered,24,79,21,112.63376439771159,0.0
baseline,layered,24,79,22,112.63376439771159,0.0
baseline,layered,24,79,23,111.9700565046161,0.0
baseline,layered,24,80,0,112.63376439771159,0.0
baseline,layered,24,80,1,113.33738322075726,0.0
baseline,layered,24,80,2,112.63376439771159,0.0
baseline,layered,24,80,3,113.33738322075726,0.0
baseline,layered,24,80,4,97.68831182027193,0.0
baseline,layered,24,80,5,113.33738322075726,0.0
baseline,layered,24,80,6,112.63376439771159,0.0
baseline,layered,24,80,7,113.33738322075726,0.0
baseline,layered,24,80,8,112.63376439771159,0.0
baseline,layered,24,80,9,113.33738322075726,0.0
baseline,layered,24,80,10,112.63376439771159,0.0
baseline,layered,24,80,11,113.33738322075726,0.0
baseline,layered,24,80,12,112.63376439771159,0.0
baseline,layered,24,80,13,113.33738322075726,0.0
baseline,layered,24,80,14,113.33738322075726,0.0
baseline,layered,24,80,15,112.63376439771159,0.0
baseline,layered,24,80,16,113.33738322075726,0.0
baseline,layered,24,80,17,97.68831182027193,0.0
baseline,layered,24,80,18,113.33738322075726,0.0
baseline,layered,24,80,19,112.63376439771159,0.0
baseline,layered,24,80,20,113.33738322075726,0.0
baseline,layered,24,80,21,112.63376439771159,0.0
baseline,layered,24,80,22,112.63376439771159,0.0
baseline,layered,24,80,23,113.33738322075726,0.0
baseline,layered,24,81,0,117.1520485937873,0.0
baseline,layered,24,81,1,113.33738322075726,0.0
baseline,layered,24,81,2,117.1520485937873,0.0
baseline,layered,24,81,3,113.33738322075726,0.0
baseline,layered,24,81,4,100.79373509614194,0.0
baseline,layered,24,81,5,117.1520485937873,0.0
baseline,layered,24,81,6,117.1520485937873,0.0
baseline,layered,24,81,7,113.33738322075726,0.0
baseline,layered,24,81,8,117.1520485937873,0.0
baseline,layered,24,81,9,113.33738322075726,0.0
baseline,layered,24,81,10,117.1520485937873,0.0
baseline,layered,24,81,11,113.33738322075726,0.0
baseline,layered,24,81,12,117.1520485937873,0.0
baseline,layered,24,81,13,113.33738322075726,0.0
baseline,layered,24,81,14,113.33738322075726,0.0
baseline,layered,24,81,15,117.1520485937873,0.0
baseline,layered,24,81,16,117.1520485937873,0.0
baseline,layered,24,81,17,100.79373509614194,0.0
baseline,layered,24,81,18,113.33738322075726,0.0
baseline,layered,24,81,19,117.1520485937873,0.0
baseline,layered,24,81,20,113.33738322075726,0.0
baseline,layered,24,81,21,117.1520485937873,0.0
baseline,layered,24,81,22,117.1520485937873,0.0
baseline,layered,24,81,23,113.33738322075726,0.0
baseline,layered,24,82,0,117.1520485937873,0.0
baseline,layered,24,82,1,116.26436086432379,0.0
baseline,layered,24,82,2,117.1520485937873,0.0
baseline,layered,24,82,3,116.26436086432379,0.0
baseline,layered,24,82,4,100.79373509614194,0.0
baseline,layered,24,82,5,117.1520485937873,0.0
baseline,layered,24,82,6,117.1520485937873,0.0
baseline,layered,24,82,7,116.26436086432379,0.0
baseline,layered,24,82,8,117.1520485937873,0.0
baseline,layered,24,82,9,116.26436086432379,0.0
baseline,layered,24,82,10,117.1520485937873,0.0
baseline,layered,24,82,11,116.26436086432379,0.0
baseline,layered,24,82,12,117.1520485937873,0.0
baseline,layered,24,82,13,116.26436086432379,0.0
baseline,layered,24,82,14,116.26436086432379,0.0
baseline,layered,24,82,15,117.1520485937873,0.0
baseline,layered,24,82,16,117.1520485937873,0.0
baseline,layered,24,82,17,100.79373509614194,0.0
baseline,layered,24,82,18,116.26436086432379,0.0
baseline,layered,24,82,19,117.1520485937873,0.0
baseline,layered,24,82,20,116.26436086432379,0.0
baseline,layered,24,82,21,117.1520485937873,0.0
baseline,layered,24,82,22,117.1520485937873,0.0
baseline,layered,24,82,23,116.26436086432379,0.0
baseline,layered,24,83,0,121.80064895028255,0.0
baseline,layered,24,83,1,116.26436086432379,0.0
baseline,layered,24,83,2,121.80064895028255,0.0
baseline,layered,24,83,3,116.26436086432379,0.0
baseline,layered,24,83,4,102.77583962447349,0.0
baseline,layered,24,83,5,121.80064895028255,0.0
baseline,layered,24,83,6,121.80064895028255,0.0
baseline,layered,24,83,7,116.26436086432379,0.0
baseline,layered,24,83,8,121.80064895028255,0.0
baseline,layered,24,83,9,116.26436086432379,0.0
baseline,layered,24,83,10,121.80064895028255,0.0
baseline,layered,24,83,11,116.26436086432379,0.0
baseline,layered,24,83,12,121.80064895028255,0.0
baseline,layered,24,83,13,116.26436086432379,0.0
baseline,layered,24,83,14,116.26436086432379,0.0
baseline,layered,24,83,15,121.80064895028255,0.0
baseline,layered,24,83,16,121.80064895028255,0.0
baseline,layered,24,83,17,102.77583962447349,0.0
baseline,layered,24,83,18,116.26436086432379,0.0
baseline,layered,24,83,19,121.80064895028255,0.0
baseline,layered,24,83,20,116.26436086432379,0.0
baseline,layered,24,83,21,121.80064895028255,0.0
baseline,layered,24,83,22,121.80064895028255,0.0
baseline,layered,24,83,23,116.26436086432379,0.0
baseline,layered,24,84,0,121.80064895028255,0.0
baseline,layered,24,84,1,119.4228571034446,0.0
baseline,layered,24,84,2,121.80064895028255,0.0
baseline,layered,24,84,3,119.4228571034446,0.0
baseline,layered,24,84,4,102.77583962447349,0.0
baseline,layered,24,84,5,121.80064895028255,0.0
baseline,layered,24,84,6,121.80064895028255,0.0
baseline,layered,24,84,7,119.4228571034446,0.0
baseline,layered,24,84,8,121.80064895028255,0.0
baseline,layered,24,84,9,119.4228571034446,0.0
baseline,layered,24,84,10,121.80064895028255,0.0
baseline,layered,24,84,11,119.4228571034446,0.0
baseline,layered,24,84,12,121.80064895028255,0.0
baseline,layered,24,84,13,119.4228571034446,0.0
baseline,layered,24,84,14,119.4228571034446,0.0
baseline,layered,24,84,15,121.80064895028255,0.0
baseline,layered,24,84,16,121.80064895028255,0.0
baseline,layered,24,84,17,102.77583962447349,0.0
baseline,layered,24,84,18,119.4228571034446,0.0
baseline,layered,24,84,19,121.80064895028255,0.0
baseline,layered,24,84,20,119.4228571034446,0.0
baseline,layered,24,84,21,121.80064895028255,0.0
baseline,layered,24,84,22,121.80064895028255,0.0
baseline,layered,24,84,23,119.4228571034446,0.0
baseline,layered,24,85,0,121.8006756486413,0.0
baseline,layered,24,85,1,119.4228571034446,0.0
baseline,layered,24,85,2,121.8006756486413,0.0
baseline,layered,24,85,3,119.4228571034446,0.0
baseline,layered,24,85,4,102.77610471061234,0.0
baseline,layered,24,85,5,121.8006756486413,0.0
baseline,layered,24,85,6,121.8006756486413,0.0
baseline,layered,24,85,7,119.4228571034446,0.0
baseline,layered,24,85,8,121.8006756486413,0.0
baseline,layered,24,85,9,119.4228571034446,0.0
baseline,layered,24,85,10,121.8006756486413,0.0
baseline,layered,24,85,11,119.4228571034446,0.0
baseline,layered,24,85,12,121.8006756486413,0.0
baseline,layered,24,85,13,119.4228571034446,0.0
baseline,layered,24,85,14,119.4228571034446,0.0
baseline,layered,24,85,15,121.8006756486413,0.0
baseline,layered,24,85,16,121.8006756486413,0.0
baseline,layered,24,85,17,102.77610471061234,0.0
baseline,layered,24,85,18,119.4228571034446,0.0
baseline,layered,24,85,19,121.8006756486413,0.0
baseline,layered,24,85,20,119.4228571034446,0.0
baseline,layered,24,85,21,121.8006756486413,0.0
baseline,layered,24,85,22,121.8006756486413,0.0
baseline,layered,24,85,23,119.4228571034446,0.0
baseline,layered,24,86,0,121.8006756486413,0.0
baseline,layered,24,86,1,119.4398621947083,0.0
baseline,layered,24,86,2,121.8006756486413,0.0
baseline,layered,24,86,3,119.4398621947083,0.0
baseline,layered,24,86,4,102.77610471061234,0.0
baseline,layered,24,86,5,121.8006756486413,0.0
baseline,layered,24,86,6,121.8006756486413,0.0
baseline,layered,24,86,7,119.4398621947083,0.0
baseline,layered,24,86,8,121.8006756486413,0.0
baseline,layered,24,86,9,119.4398621947083,0.0
baseline,layered,24,86,10,121.8006756486413,0.0
baseline,layered,24,86,11,119.4398621947083,0.0
baseline,layered,24,86,12,121.8006756486413,0.0
baseline,layered,24,86,13,119.4398621947083,0.0
baseline,layered,24,86,14,119.4398621947083,0.0
baseline,layered,24,86,15,121.8006756486413,0.0
baseline,layered,24,86,16,121.8006756486413,0.0
baseline,layered,24,86,17,102.77610471061234,0.0
baseline,layered,24,86,18,119.4398621947083,0.0
baseline,layered,24,86,19,121.8006756486413,0.0
baseline,layered,24,86,20,119.4398621947083,0.0
baseline,layered,24,86,21,121.8006756486413,0.0
baseline,layered,24,86,22,121.8006756486413,0.0
baseline,layered,24,86,23,119.4398621947083,0.0
baseline,layered,24,87,0,121.8006756486413,0.0
baseline,layered,24,87,1,119.43986604004776,0.0
baseline,layered,24,87,2,121.8006756486413,0.0
baseline,layered,24,87,3,119.43986604004776,0.0
baseline,layered,24,87,4,102.77610471061234,0.0
baseline,layered,24,87,5,121.8006756486413,0.0
baseline,layered,24,87,6,121.8006756486413,0.0
baseline,layered,24,87,7,119.43986604004776,0.0
baseline,layered,24,87,8,121.8006756486413,0.0
baseline,layered,24,87,9,119.43986604004776,0.0
baseline,layered,24,87,10,121.8006756486413,0.0
baseline,layered,24,87,11,119.43986604004776,0.0
baseline,layered,24,87,12,121.8006756486413,0.0
baseline,layered,24,87,13,119.43986604004776,0.0
baseline,layered,24,87,14,119.43986604004776,0.0
baseline,layered,24,87,15,121.8006756486413,0.0
baseline,layered,24,87,16,121.8006756486413,0.0
baseline,layered,24,87,17,102.77610471061234,0.0
baseline,layered,24,87,18,119.43986604004776,0.0
baseline,layered,24,87,19,121.8006756486413,0.0
baseline,layered,24,87,20,119.43986604004776,0.0
baseline,layered,24,87,21,121.8006756486413,0.0
baseline,layered,24,87,22,121.8006756486413,0.0
baseline,layered,24,87,23,119.43986604004776,0.0
baseline,layered,24,88,0,121.80068361700613,0.0
baseline,layered,24,88,1,119.43986604004776,0.0
baseline,layered,24,88,2,121.80068361700613,0.0
baseline,layered,24,88,3,119.43986604004776,0.0
baseline,layered,24,88,4,102.77023766440917,0.0
baseline,layered,24,88,5,121.80068361700613,0.0
baseline,layered,24,88,6,121.80068361700613,0.0
baseline,layered,24,88,7,119.43986604004776,0.0
baseline,layered,24,88,8,121.80068361700613,0.0
baseline,layered,24,88,9,119.43986604004776,0.0
baseline,layered,24,88,10,121.80068361700613,0.0
baseline,layered,24,88,11,119.43986604004776,0.0
baseline,layered,24,88,12,121.80068361700613,0.0
baseline,layered,24,88,13,119.43986604004776,0.0
baseline,layered,24,88,14,119.43986604004776,0.0
baseline,layered,24,88,15,121.80068361700613,0.0
baseline,layered,24,88,16,121.80068361700613,0.0
baseline,layered,24,88,17,102.77023766440917,0.0
baseline,layered,24,88,18,119.43986604004776,0.0
baseline,layered,24,88,19,121.80068361700613,0.0
baseline,layered,24,88,20,119.43986604004776,0.0
baseline,layered,24,88,21,121.80068361700613,0.0
baseline,layered,24,88,22,121.80068361700613,0.0
baseline,layered,24,88,23,119.43986604004776,0.0
baseline,layered,24,89,0,121.80074808625429,0.0
baseline,layered,24,89,1,120.00560311576292,0.0
baseline,layered,24,89,2,121.80074808625429,0.0
baseline,layered,24,89,3,120.00560311576292,0.0
baseline,layered,24,89,4,102.77023766440917,0.0
baseline,layered,24,89,5,121.80074808625429,0.0
baseline,layered,24,89,6,121.80074808625429,0.0
baseline,layered,24,89,7,120.00560311576292,0.0
baseline,layered,24,89,8,121.80074808625429,0.0
baseline,layered,24,89,9,120.00560311576292,0.0
baseline,layered,24,89,10,121.80074808625429,0.0
baseline,layered,24,89,11,120.00560311576292,0.0
baseline,layered,24,89,12,121.80074808625429,0.0
baseline,layered,24,89,13,120.00560311576292,0.0
baseline,layered,24,89,14,120.00560311576292,0.0
baseline,layered,24,89,15,121.80074808625429,0.0
baseline,layered,24,89,16,121.80074808625429,0.0
baseline,layered,24,89,17,102.77023766440917,0.0
baseline,layered,24,89,18,120.00560311576292,0.0
baseline,layered,24,89,19,121.80074808625429,0.0
baseline,layered,24,89,20,120.00560311576292,0.0
baseline,layered,24,89,21,121.80074808625429,0.0
baseline,layered,24,89,22,121.80074808625429,0.0
baseline,layered,24,89,23,120.00560311576292,0.0
baseline,layered,24,90,0,121.80074808625429,0.0
baseline,layered,24,90,1,120.00560311576292,0.0
baseline,layered,24,90,2,121.80074808625429,0.0
baseline,layered,24,90,3,120.00560311576292,0.0
baseline,layered,24,90,4,104.60876711305015,0.0
baseline,layered,24,90,5,121.80074808625429,0.0
baseline,layered,24,90,6,121.80074808625429,0.0
baseline,layered,24,90,7,120.00560311576292,0.0
baseline,layered,24,90,8,121.80074808625429,0.0
baseline,layered,24,90,9,120.00560311576292,0.0
baseline,layered,24,90,10,121.80074808625429,0.0
baseline,layered,24,90,11,120.00560311576292,0.0
baseline,layered,24,90,12,121.80074808625429,0.0
baseline,layered,24,90,13,120.00560311576292,0.0
baseline,layered,24,90,14,120.00560311576292,0.0
baseline,layered,24,90,15,121.80074808625429,0.0
baseline,layered,24,90,16,121.80074808625429,0.0
baseline,layered,24,90,17,104.60876711305015,0.0
baseline,layered,24,90,18,120.00560311576292,0.0
baseline,layered,24,90,19,121.80074808625429,0.0
baseline,layered,24,90,20,120.00560311576292,0.0
baseline,layered,24,90,21,121.80074808625429,0.0
baseline,layered,24,90,22,121.80074808625429,0.0
baseline,layered,24,90,23,120.00560311576292,0.0
baseline,layered,24,91,0,121.80074808625429,0.0
baseline,layered,24,91,1,120.00479281950636,0.0
baseline,layered,24,91,2,121.80074808625429,0.0
baseline,layered,24,91,3,120.00479281950636,0.0
baseline,layered,24,91,4,104.60876711305015,0.0
baseline,layered,24,91,5,121.80074808625429,0.0
baseline,layered,24,91,6,121.80074808625429,0.0
baseline,layered,24,91,7,120.00479281950636,0.0
baseline,layered,24,91,8,121.80074808625429,0.0
baseline,layered,24,91,9,120.00479281950636,0.0
baseline,layered,24,91,10,121.80074808625429,0.0
baseline,layered,24,91,11,120.00479281950636,0.0
baseline,layered,24,91,12,121.80074808625429,0.0
baseline,layered,24,91,13,120.00479281950636,0.0
baseline,layered,24,91,14,120.00479281950636,0.0
baseline,layered,24,91,15,121.80074808625429,0.0
baseline,layered,24,91,16,121.80074808625429,0.0
baseline,layered,24,91,17,104.60876711305015,0.0
baseline,layered,24,91,18,120.00479281950636,0.0
baseline,layered,24,91,19,121.80074808625429,0.0
baseline,layered,24,91,20,120.00479281950636,0.0
baseline,layered,24,91,21,121.80074808625429,0.0
baseline,layered,24,91,22,121.80074808625429,0.0
baseline,layered,24,91,23,120.00479281950636,0.0
baseline,layered,24,92,0,121.80075290974676,0.0
baseline,layered,24,92,1,120.00479281950636,0.0
baseline,layered,24,92,2,121.80075290974676,0.0
baseline,layered,24,92,3,120.00479281950636,0.0
baseline,layered,24,92,4,104.60953913730464,0.0
baseline,layered,24,92,5,121.80075290974676,0.0
baseline,layered,24,92,6,121.80075290974676,0.0
baseline,layered,24,92,7,120.00479281950636,0.0
baseline,layered,24,92,8,121.80075290974676,0.0
baseline,layered,24,92,9,120.00479281950636,0.0
baseline,layered,24,92,10,121.80075290974676,0.0
baseline,layered,24,92,11,120.00479281950636,0.0
baseline,layered,24,92,12,121.80075290974676,0.0
baseline,layered,24,92,13,120.00479281950636,0.0
baseline,layered,24,92,14,120.00479281950636,0.0
baseline,layered,24,92,15,121.80075290974676,0.0
baseline,layered,24,92,16,121.80075290974676,0.0
baseline,layered,24,92,17,104.60953913730464,0.0
baseline,layered,24,92,18,120.00479281950636,0.0
baseline,layered,24,92,19,121.80075290974676,0.0
baseline,layered,24,92,20,120.00479281950636,0.0
baseline,layered,24,92,21,121.80075290974676,0.0
baseline,layered,24,92,22,121.80075290974676,0.0
baseline,layered,24,92,23,120.00479281950636,0.0
baseline,layered,24,93,0,121.80075290974676,0.0
baseline,layered,24,93,1,125.35134977270486,0.0
baseline,layered,24,93,2,121.80075290974676,0.0
baseline,layered,24,93,3,125.35134977270486,0.0
baseline,layered,24,93,4,104.60953913730464,0.0
baseline,layered,24,93,5,125.35134977270486,0.0
baseline,layered,24,93,6,121.80075290974676,0.0
baseline,layered,24,93,7,125.35134977270486,0.0
baseline,layered,24,93,8,121.80075290974676,0.0
baseline,layered,24,93,9,125.35134977270486,0.0
baseline,layered,24,93,10,121.80075290974676,0.0
baseline,layered,24,93,11,125.35134977270486,0.0
baseline,layered,24,93,12,121.80075290974676,0.0
baseline,layered,24,93,13,125.35134977270486,0.0
baseline,layered,24,93,14,125.35134977270486,0.0
baseline,layered,24,93,15,121.80075290974676,0.0
baseline,layered,24,93,16,125.35134977270486,0.0
baseline,layered,24,93,17,104.60953913730464,0.0
baseline,layered,24,93,18,125.35134977270486,0.0
baseline,layered,24,93,19,121.80075290974676,0.0
baseline,layered,24,93,20,125.35134977270486,0.0
baseline,layered,24,93,21,121.80075290974676,0.0
baseline,layered,24,93,22,121.80075290974676,0.0
baseline,layered,24,93,23,125.35134977270486,0.0
baseline,layered,24,94,0,128.16229711450268,0.0
baseline,layered,24,94,1,125.35134977270486,0.0
baseline,layered,24,94,2,128.16229711450268,0.0
baseline,layered,24,94,3,125.35134977270486,0.0
baseline,layered,24,94,4,107.5628332155598,0.0
baseline,layered,24,94,5,128.16229711450268,0.0
baseline,layered,24,94,6,128.16229711450268,0.0
baseline,layered,24,94,7,125.35134977270486,0.0
baseline,layered,24,94,8,128.16229711450268,0.0
baseline,layered,24,94,9,125.35134977270486,0.0
baseline,layered,24,94,10,128.16229711450268,0.0
baseline,layered,24,94,11,125.35134977270486,0.0
baseline,layered,24,94,12,128.16229711450268,0.0
baseline,layered,24,94,13,125.35134977270486,0.0
baseline,layered,24,94,14,125.35134977270486,0.0
baseline,layered,24,94,15,128.16229711450268,0.0
baseline,layered,24,94,16,128.16229711450268,0.0
baseline,layered,24,94,17,107.5628332155598,0.0
baseline,layered,24,94,18,125.35134977270486,0.0
baseline,layered,24,94,19,128.16229711450268,0.0
baseline,layered,24,94,20,125.35134977270486,0.0
baseline,layered,24,94,21,128.16229711450268,0.0
baseline,layered,24,94,22,128.16229711450268,0.0
baseline,layered,24,94,23,125.35134977270486,0.0
baseline,layered,24,95,0,132.82125334319514,0.0
baseline,layered,24,95,1,125.35134977270486,0.0
baseline,layered,24,95,2,132.82125334319514,0.0
baseline,layered,24,95,3,125.35134977270486,0.0
baseline,layered,24,95,4,112.14811651716953,0.0
baseline,layered,24,95,5,132.82125334319514,0.0
baseline,layered,24,95,6,132.82125334319514,0.0
baseline,layered,24,95,7,125.35134977270486,0.0
baseline,layered,24,95,8,132.82125334319514,0.0
baseline,layered,24,95,9,125.35134977270486,0.0
baseline,layered,24,95,10,132.82125334319514,0.0
baseline,layered,24,95,11,125.35134977270486,0.0
baseline,layered,24,95,12,132.82125334319514,0.0
baseline,layered,24,95,13,125.35134977270486,0.0
baseline,layered,24,95,14,125.35134977270486,0.0
baseline,layered,24,95,15,132.82125334319514,0.0
baseline,layered,24,95,16,132.82125334319514,0.0
baseline,layered,24,95,17,112.14811651716953,0.0
baseline,layered,24,95,18,125.35134977270486,0.0
baseline,layered,24,95,19,132.82125334319514,0.0
baseline,layered,24,95,20,125.35134977270486,0.0
baseline,layered,24,95,21,132.82125334319514,0.0
baseline,layered,24,95,22,132.82125334319514,0.0
baseline,layered,24,95,23,125.35134977270486,0.0
baseline,layered,24,96,0,132.82125334319514,0.0
baseline,layered,24,96,1,128.36747045546042,0.0
baseline,layered,24,96,2,132.82125334319514,0.0
baseline,layered,24,96,3,128.36747045546042,0.0
baseline,layered,24,96,4,112.14811651716953,0.0
baseline,layered,24,96,5,132.82125334319514,0.0
baseline,layered,24,96,6,132.82125334319514,0.0
baseline,layered,24,96,7,128.36747045546042,0.0
baseline,layered,24,96,8,132.82125334319514,0.0
baseline,layered,24,96,9,128.36747045546042,0.0
baseline,layered,24,96,10,132.82125334319514,0.0
baseline,layered,24,96,11,128.36747045546042,0.0
baseline,layered,24,96,12,132.82125334319514,0.0
baseline,layered,24,96,13,128.36747045546042,0.0
baseline,layered,24,96,14,128.36747045546042,0.0
baseline,layered,24,96,15,132.82125334319514,0.0
baseline,layered,24,96,16,132.82125334319514,0.0
baseline,layered,24,96,17,112.14811651716953,0.0
baseline,layered,24,96,18,128.36747045546042,0.0
baseline,layered,24,96,19,132.82125334319514,0.0
baseline,layered,24,96,20,128.36747045546042,0.0
baseline,layered,24,96,21,132.82125334319514,0.0
baseline,layered,24,96,22,132.82125334319514,0.0
baseline,layered,24,96,23,128.36747045546042,0.0
baseline,layered,24,97,0,133.81570937316002,0.0
baseline,layered,24,97,1,128.36747045546042,0.0
baseline,layered,24,97,2,133.81570937316002,0.0
baseline,layered,24,97,3,128.36747045546042,0.0
baseline,layered,24,97,4,114.19619553055064,0.0
baseline,layered,24,97,5,133.81570937316002,0.0
baseline,layered,24,97,6,133.81570937316002,0.0
baseline,layered,24,97,7,128.36747045546042,0.0
baseline,layered,24,97,8,133.81570937316002,0.0
baseline,layered,24,97,9,128.36747045546042,0.0
baseline,layered,24,97,10,133.81570937316002,0.0
baseline,layered,24,97,11,128.36747045546042,0.0
baseline,layered,24,97,12,133.81570937316002,0.0
baseline,layered,24,97,13,128.36747045546042,0.0
baseline,layered,24,97,14,128.36747045546042,0.0
baseline,layered,24,97,15,133.81570937316002,0.0
baseline,layered,24,97,16,133.81570937316002,0.0
baseline,layered,24,97,17,114.19619553055064,0.0
baseline,layered,24,97,18,128.36747045546042,0.0
baseline,layered,24,97,19,133.81570937316002,0.0
baseline,layered,24,97,20,128.36747045546042,0.0
baseline,layered,24,97,21,133.81570937316002,0.0
baseline,layered,24,97,22,133.81570937316002,0.0
baseline,layered,24,97,23,128.36747045546042,0.0
baseline,layered,24,98,0,133.81570937316002,0.0
baseline,layered,24,98,1,130.83486410466978,0.0
baseline,layered,24,98,2,133.81570937316002,0.0
baseline,layered,24,98,3,130.83486410466978,0.0
baseline,layered,24,98,4,114.19619553055064,0.0
baseline,layered,24,98,5,133.81570937316002,0.0
baseline,layered,24,98,6,133.81570937316002,0.0
baseline,layered,24,98,7,130.83486410466978,0.0
baseline,layered,24,98,8,133.81570937316002,0.0
baseline,layered,24,98,9,130.83486410466978,0.0
baseline,layered,24,98,10,133.81570937316002,0.0
baseline,layered,24,98,11,130.83486410466978,0.0
baseline,layered,24,98,12,133.81570937316002,0.0
baseline,layered,24,98,13,130.83486410466978,0.0
baseline,layered,24,98,14,130.83486410466978,0.0
baseline,layered,24,98,15,133.81570937316002,0.0
baseline,layered,24,98,16,133.81570937316002,0.0
baseline,layered,24,98,17,114.19619553055064,0.0
baseline,layered,24,98,18,130.83486410466978,0.0
baseline,layered,24,98,19,133.81570937316002,0.0
baseline,layered,24,98,20,130.83486410466978,0.0
baseline,layered,24,98,21,133.81570937316002,0.0
baseline,layered,24,98,22,133.81570937316002,0.0
baseline,layered,24,98,23,130.83486410466978,0.0
baseline,layered,24,99,0,134.19686337727293,0.0
baseline,layered,24,99,1,130.83486410466978,0.0
baseline,layered,24,99,2,134.19686337727293,0.0
baseline,layered,24,99,3,130.83486410466978,0.0
baseline,layered,24,99,4,114.20123536021369,0.0
baseline,layered,24,99,5,134.19686337727293,0.0
baseline,layered,24,99,6,134.19686337727293,0.0
baseline,layered,24,99,7,130.83486410466978,0.0
baseline,layered,24,99,8,134.19686337727293,0.0
baseline,layered,24,99,9,130.83486410466978,0.0
baseline,layered,24,99,10,134.19686337727293,0.0
baseline,layered,24,99,11,130.83486410466978,0.0
baseline,layered,24,99,12,134.19686337727293,0.0
baseline,layered,24,99,13,130.83486410466978,0.0
baseline,layered,24,99,14,130.83486410466978,0.0
baseline,layered,24,99,15,134.19686337727293,0.0
baseline,layered,24,99,16,134.19686337727293,0.0
baseline,layered,24,99,17,114.20123536021369,0.0
baseline,layered,24,99,18,130.83486410466978,0.0
baseline,layered,24,99,19,134.19686337727293,0.0
baseline,layered,24,99,20,130.83486410466978,0.0
baseline,layered,24,99,21,134.19686337727293,0.0
baseline,layered,24,99,22,134.19686337727293,0.0
baseline,layered,24,99,23,130.83486410466978,0.0
baseline,layered,24,100,0,134.19686337727293,0.0
baseline,layered,24,100,1,130.8861582590885,0.0
baseline,layered,24,100,2,134.19686337727293,0.0
baseline,layered,24,100,3,130.8861582590885,0.0
baseline,layered,24,100,4,114.20123536021369,0.0
baseline,layered,24,100,5,134.19686337727293,0.0
baseline,layered,24,100,6,134.19686337727293,0.0
baseline,layered,24,100,7,130.8861582590885,0.0
baseline,layered,24,100,8,134.19686337727293,0.0
baseline,layered,24,100,9,130.8861582590885,0.0
baseline,layered,24,100,10,134.19686337727293,0.0
baseline,layered,24,100,11,130.8861582590885,0.0
baseline,layered,24,100,12,134.19686337727293,0.0
baseline,layered,24,100,13,130.8861582590885,0.0
baseline,layered,24,100,14,130.8861582590885,0.0
baseline,layered,24,100,15,134.19686337727293,0.0
baseline,layered,24,100,16,134.19686337727293,0.0
baseline,layered,24,100,17,114.20123536021369,0.0
baseline,layered,24,100,18,130.8861582590885,0.0
baseline,layered,24,100,19,134.19686337727293,0.0
baseline,layered,24,100,20,130.8861582590885,0.0
baseline,layered,24,100,21,134.19686337727293,0.0
baseline,layered,24,100,22,134.19686337727293,0.0
baseline,layered,24,100,23,130.8861582590885,0.0
baseline,layered,24,101,0,134.19686337727293,0.0
baseline,layered,24,101,1,130.8861582590885,0.0
baseline,layered,24,101,2,134.19686337727293,0.0
baseline,layered,24,101,3,130.8861582590885,0.0
baseline,layered,24,101,4,114.27067920494925,0.0
baseline,layered,24,101,5,134.19686337727293,0.0
baseline,layered,24,101,6,134.19686337727293,0.0
baseline,layered,24,101,7,130.8861582590885,0.0
baseline,layered,24,101,8,134.19686337727293,0.0
baseline,layered,24,101,9,130.8861582590885,0.0
baseline,layered,24,101,10,134.19686337727293,0.0
baseline,layered,24,101,11,130.8861582590885,0.0
baseline,layered,24,101,12,134.19686337727293,0.0
baseline,layered,24,101,13,130.8861582590885,0.0
baseline,layered,24,101,14,130.8861582590885,0.0
baseline,layered,24,101,15,134.19686337727293,0.0
baseline,layered,24,101,16,134.19686337727293,0.0
baseline,layered,24,101,17,114.27067920494925,0.0
baseline,layered,24,101,18,130.8861582590885,0.0
baseline,layered,24,101,19,134.19686337727293,0.0
baseline,layered,24,101,20,130.8861582590885,0.0
baseline,layered,24,101,21,134.19686337727293,0.0
baseline,layered,24,101,22,134.19686337727293,0.0
baseline,layered,24,101,23,130.8861582590885,0.0
baseline,layered,24,102,0,134.264172297206,0.0
baseline,layered,24,102,1,131.00187161550014,0.0
baseline,layered,24,102,2,134.264172297206,0.0
baseline,layered,24,102,3,131.00187161550014,0.0
baseline,layered,24,102,4,114.27067920494925,0.0
baseline,layered,24,102,5,134.264172297206,0.0
baseline,layered,24,102,6,134.264172297206,0.0
baseline,layered,24,102,7,131.00187161550014,0.0
baseline,layered,24,102,8,134.264172297206,0.0
baseline,layered,24,102,9,131.00187161550014,0.0
baseline,layered,24,102,10,134.264172297206,0.0
baseline,layered,24,102,11,131.00187161550014,0.0
baseline,layered,24,102,12,134.264172297206,0.0
baseline,layered,24,102,13,131.00187161550014,0.0
baseline,layered,24,102,14,131.00187161550014,0.0
baseline,layered,24,102,15,134.264172297206,0.0
baseline,layered,24,102,16,134.264172297206,0.0
baseline,layered,24,102,17,114.27067920494925,0.0
baseline,layered,24,102,18,131.00187161550014,0.0
baseline,layered,24,102,19,134.264172297206,0.0
baseline,layered,24,102,20,131.00187161550014,0.0
baseline,layered,24,102,21,134.264172297206,0.0
baseline,layered,24,102,22,134.264172297206,0.0
baseline,layered,24,102,23,131.00187161550014,0.0
baseline,layered,24,103,0,134.26370751825317,0.0
baseline,layered,24,103,1,131.00187161550014,0.0
baseline,layered,24,103,2,134.26370751825317,0.0
baseline,layered,24,103,3,131.00187161550014,0.0
baseline,layered,24,103,4,114.2706801462115,0.0
baseline,layered,24,103,5,134.26370751825317,0.0
baseline,layered,24,103,6,134.26370751825317,0.0
baseline,layered,24,103,7,131.00187161550014,0.0
baseline,layered,24,103,8,134.26370751825317,0.0
baseline,layered,24,103,9,131.00187161550014,0.0
baseline,layered,24,103,10,134.26370751825317,0.0
baseline,layered,24,103,11,131.00187161550014,0.0
baseline,layered,24,103,12,134.26370751825317,0.0
baseline,layered,24,103,13,131.00187161550014,0.0
baseline,layered,24,103,14,131.00187161550014,0.0
baseline,layered,24,103,15,134.26370751825317,0.0
baseline,layered,24,103,16,134.26370751825317,0.0
baseline,layered,24,103,17,114.2706801462115,0.0
baseline,layered,24,103,18,131.00187161550014,0.0
baseline,layered,24,103,19,134.26370751825317,0.0
baseline,layered,24,103,20,131.00187161550014,0.0
baseline,layered,24,103,21,134.26370751825317,0.0
baseline,layered,24,103,22,134.26370751825317,0.0
baseline,layered,24,103,23,131.00187161550014,0.0
baseline,layered,24,104,0,134.26370751825317,0.0
baseline,layered,24,104,1,131.66203294825843,0.0
baseline,layered,24,104,2,134.26370751825317,0.0
baseline,layered,24,104,3,131.66203294825843,0.0
baseline,layered,24,104,4,114.2706801462115,0.0
baseline,layered,24,104,5,134.26370751825317,0.0
baseline,layered,24,104,6,134.26370751825317,0.0
baseline,layered,24,104,7,131.66203294825843,0.0
baseline,layered,24,104,8,134.26370751825317,0.0
baseline,layered,24,104,9,131.66203294825843,0.0
baseline,layered,24,104,10,134.26370751825317,0.0
baseline,layered,24,104,11,131.66203294825843,0.0
baseline,layered,24,104,12,134.26370751825317,0.0
baseline,layered,24,104,13,131.66203294825843,0.0
baseline,layered,24,104,14,131.66203294825843,0.0
baseline,layered,24,104,15,134.26370751825317,0.0
baseline,layered,24,104,16,134.26370751825317,0.0
baseline,layered,24,104,17,114.2706801462115,0.0
baseline,layered,24,104,18,131.66203294825843,0.0
baseline,layered,24,104,19,134.26370751825317,0.0
baseline,layered,24,104,20,131.66203294825843,0.0
baseline,layered,24,104,21,134.26370751825317,0.0
baseline,layered,24,104,22,134.26370751825317,0.0
baseline,layered,24,104,23,131.66203294825843,0.0
baseline,layered,24,105,0,135.43531013314237,0.0
baseline,layered,24,105,1,131.66203294825843,0.0
baseline,layered,24,105,2,135.43531013314237,0.0
baseline,layered,24,105,3,131.66203294825843,0.0
baseline,layered,24,105,4,117.57126555691609,0.0
baseline,layered,24,105,5,135.43531013314237,0.0
baseline,layered,24,105,6,135.43531013314237,0.0
baseline,layered,24,105,7,131.66203294825843,0.0
baseline,layered,24,105,8,135.43531013314237,0.0
baseline,layered,24,105,9,131.66203294825843,0.0
baseline,layered,24,105,10,135.43531013314237,0.0
baseline,layered,24,105,11,131.66203294825843,0.0
baseline,layered,24,105,12,135.43531013314237,0.0
baseline,layered,24,105,13,131.66203294825843,0.0
baseline,layered,24,105,14,131.66203294825843,0.0
baseline,layered,24,105,15,135.43531013314237,0.0
baseline,layered,24,105,16,135.43531013314237,0.0
baseline,layered,24,105,17,117.57126555691609,0.0
baseline,layered,24,105,18,131.66203294825843,0.0
baseline,layered,24,105,19,135.43531013314237,0.0
baseline,layered,24,105,20,131.66203294825843,0.0
baseline,layered,24,105,21,135.43531013314237,0.0
baseline,layered,24,105,22,135.43531013314237,0.0
baseline,layered,24,105,23,131.66203294825843,0.0
baseline,layered,24,106,0,135.43531013314237,0.0
baseline,layered,24,106,1,134.93504918744262,0.0
baseline,layered,24,106,2,135.43531013314237,0.0
baseline,layered,24,106,3,134.93504918744262,0.0
baseline,layered,24,106,4,117.57126555691609,0.0
baseline,layered,24,106,5,135.43531013314237,0.0
baseline,layered,24,106,6,135.43531013314237,0.0
baseline,layered,24,106,7,134.93504918744262,0.0
baseline,layered,24,106,8,135.43531013314237,0.0
baseline,layered,24,106,9,134.93504918744262,0.0
baseline,layered,24,106,10,135.43531013314237,0.0
baseline,layered,24,106,11,134.93504918744262,0.0
baseline,layered,24,106,12,135.43531013314237,0.0
baseline,layered,24,106,13,134.93504918744262,0.0
baseline,layered,24,106,14,134.93504918744262,0.0
baseline,layered,24,106,15,135.43531013314237,0.0
baseline,layered,24,106,16,135.43531013314237,0.0
baseline,layered,24,106,17,117.57126555691609,0.0
baseline,layered,24,106,18,134.93504918744262,0.0
baseline,layered,24,106,19,135.43531013314237,0.0
baseline,layered,24,106,20,134.93504918744262,0.0
baseline,layered,24,106,21,135.43531013314237,0.0
baseline,layered,24,106,22,135.43531013314237,0.0
baseline,layered,24,106,23,134.93504918744262,0.0
baseline,layered,24,107,0,135.61253272966218,0.0
baseline,layered,24,107,1,134.93504918744262,0.0
baseline,layered,24,107,2,135.61253272966218,0.0
baseline,layered,24,107,3,134.93504918744262,0.0
baseline,layered,24,107,4,117.60348781232,0.0
baseline,layered,24,107,5,135.61253272966218,0.0
baseline,layered,24,107,6,135.61253272966218,0.0
baseline,layered,24,107,7,134.93504918744262,0.0
baseline,layered,24,107,8,135.61253272966218,0.0
baseline,layered,24,107,9,134.93504918744262,0.0
baseline,layered,24,107,10,135.61253272966218,0.0
baseline,layered,24,107,11,134.93504918744262,0.0
baseline,layered,24,107,12,135.61253272966218,0.0
baseline,layered,24,107,13,134.93504918744262,0.0
baseline,layered,24,107,14,134.93504918744262,0.0
baseline,layered,24,107,15,135.61253272966218,0.0
baseline,layered,24,107,16,135.61253272966218,0.0
baseline,layered,24,107,17,117.60348781232,0.0
baseline,layered,24,107,18,134.93504918744262,0.0
baseline,layered,24,107,19,135.61253272966218,0.0
baseline,layered,24,107,20,134.93504918744262,0.0
baseline,layered,24,107,21,135.61253272966218,0.0
baseline,layered,24,107,22,135.61253272966218,0.0
baseline,layered,24,107,23,134.93504918744262,0.0
baseline,layered,24,108,0,135.61253272966218,0.0
baseline,layered,24,108,1,136.81708834272217,0.0
baseline,layered,24,108,2,135.61253272966218,0.0
baseline,layered,24,108,3,136.81708834272217,0.0
baseline,layered,24,108,4,117.60348781232,0.0
baseline,layered,24,108,5,136.81708834272217,0.0
baseline,layered,24,108,6,135.61253272966218,0.0
baseline,layered,24,108,7,136.81708834272217,0.0
baseline,layered,24,108,8,135.61253272966218,0.0
baseline,layered,24,108,9,136.81708834272217,0.0
baseline,layered,24,108,10,135.61253272966218,0.0
baseline,layered,24,108,11,136.81708834272217,0.0
baseline,layered,24,108,12,135.61253272966218,0.0
baseline,layered,24,108,13,136.81708834272217,0.0
baseline,layered,24,108,14,136.81708834272217,0.0
baseline,layered,24,108,15,135.61253272966218,0.0
baseline,layered,24,108,16,136.81708834272217,0.0
baseline,layered,24,108,17,117.60348781232,0.0
baseline,layered,24,108,18,136.81708834272217,0.0
baseline,layered,24,108,19,135.61253272966218,0.0
baseline,layered,24,108,20,136.81708834272217,0.0
baseline,layered,24,108,21,135.61253272966218,0.0
baseline,layered,24,108,22,135.61253272966218,0.0
baseline,layered,24,108,23,136.81708834272217,0.0
baseline,layered,24,109,0,135.61253304738807,0.0
baseline,layered,24,109,1,136.81708834272217,0.0
baseline,layered,24,109,2,135.61253304738807,0.0
baseline,layered,24,109,3,136.81708834272217,0.0
baseline,layered,24,109,4,117.60353982488664,0.0
baseline,layered,24,109,5,136.81708834272217,0.0
baseline,layered,24,109,6,135.61253304738807,0.0
baseline,layered,24,109,7,136.81708834272217,0.0
baseline,layered,24,109,8,135.61253304738807,0.0
baseline,layered,24,109,9,136.81708834272217,0.0
baseline,layered,24,109,10,135.61253304738807,0.0
baseline,layered,24,109,11,136.81708834272217,0.0
baseline,layered,24,109,12,135.61253304738807,0.0
baseline,layered,24,109,13,136.81708834272217,0.0
baseline,layered,24,109,14,136.81708834272217,0.0
baseline,layered,24,109,15,135.61253304738807,0.0
baseline,layered,24,109,16,136.81708834272217,0.0
baseline,layered,24,109,17,117.60353982488664,0.0
baseline,layered,24,109,18,136.81708834272217,0.0
baseline,layered,24,109,19,135.61253304738807,0.0
baseline,layered,24,109,20,136.81708834272217,0.0
baseline,layered,24,109,21,135.61253304738807,0.0
baseline,layered,24,109,22,135.61253304738807,0.0
baseline,layered,24,109,23,136.81708834272217,0.0
baseline,layered,24,110,0,135.61253304738807,0.0
baseline,layered,24,110,1,136.81710905398373,0.0
baseline,layered,24,110,2,135.61253304738807,0.0
baseline,layered,24,110,3,136.81710905398373,0.0
baseline,layered,24,110,4,117.60353982488664,0.0
baseline,layered,24,110,5,136.81710905398373,0.0
baseline,layered,24,110,6,135.61253304738807,0.0
baseline,layered,24,110,7,136.81710905398373,0.0
baseline,layered,24,110,8,135.61253304738807,0.0
baseline,layered,24,110,9,136.81710905398373,0.0
baseline,layered,24,110,10,135.61253304738807,0.0
baseline,layered,24,110,11,136.81710905398373,0.0
baseline,layered,24,110,12,135.61253304738807,0.0
baseline,layered,24,110,13,136.81710905398373,0.0
baseline,layered,24,110,14,136.81710905398373,0.0
baseline,layered,24,110,15,135.61253304738807,0.0
baseline,layered,24,110,16,136.81710905398373,0.0
baseline,layered,24,110,17,117.60353982488664,0.0
baseline,layered,24,110,18,136.81710905398373,0.0
baseline,layered,24,110,19,135.61253304738807,0.0
baseline,layered,24,110,20,136.81710905398373,0.0
baseline,layered,24,110,21,135.61253304738807,0.0
baseline,layered,24,110,22,135.61253304738807,0.0
baseline,layered,24,110,23,136.81710905398373,0.0
baseline,layered,24,111,0,135.61253304738807,0.0
baseline,layered,24,111,1,136.81711018033627,0.0
baseline,layered,24,111,2,135.61253304738807,0.0
baseline,layered,24,111,3,136.81711018033627,0.0
baseline,layered,24,111,4,117.60353982488664,0.0
baseline,layered,24,111,5,136.81711018033627,0.0
baseline,layered,24,111,6,135.61253304738807,0.0
baseline,layered,24,111,7,136.81711018033627,0.0
baseline,layered,24,111,8,135.61253304738807,0.0
baseline,layered,24,111,9,136.81711018033627,0.0
baseline,layered,24,111,10,135.61253304738807,0.0
baseline,layered,24,111,11,136.81711018033627,0.0
baseline,layered,24,111,12,135.61253304738807,0.0
baseline,layered,24,111,13,136.81711018033627,0.0
baseline,layered,24,111,14,136.81711018033627,0.0
baseline,layered,24,111,15,135.61253304738807,0.0
baseline,layered,24,111,16,136.81711018033627,0.0
baseline,layered,24,111,17,117.60353982488664,0.0
baseline,layered,24,111,18,136.81711018033627,0.0
baseline,layered,24,111,19,135.61253304738807,0.0
baseline,layered,24,111,20,136.81711018033627,0.0
baseline,layered,24,111,21,135.61253304738807,0.0
baseline,layered,24,111,22,135.61253304738807,0.0
baseline,layered,24,111,23,136.81711018033627,0.0
baseline,layered,24,112,0,135.61253492579112,0.0
baseline,layered,24,112,1,136.81711018033627,0.0
baseline,layered,24,112,2,135.61253492579112,0.0
baseline,layered,24,112,3,136.81711018033627,0.0
baseline,layered,24,112,4,117.60354057593334,0.0
baseline,layered,24,112,5,136.81711018033627,0.0
baseline,layered,24,112,6,135.61253492579112,0.0
baseline,layered,24,112,7,136.81711018033627,0.0
baseline,layered,24,112,8,135.61253492579112,0.0
baseline,layered,24,112,9,136.81711018033627,0.0
baseline,layered,24,112,10,135.61253492579112,0.0
baseline,layered,24,112,11,136.81711018033627,0.0
baseline,layered,24,112,12,135.61253492579112,0.0
baseline,layered,24,112,13,136.81711018033627,0.0
baseline,layered,24,112,14,136.81711018033627,0.0
baseline,layered,24,112,15,135.61253492579112,0.0
baseline,layered,24,112,16,136.81711018033627,0.0
baseline,layered,24,112,17,117.60354057593334,0.0
baseline,layered,24,112,18,136.81711018033627,0.0
baseline,layered,24,112,19,135.61253492579112,0.0
baseline,layered,24,112,20,136.81711018033627,0.0
baseline,layered,24,112,21,135.61253492579112,0.0
baseline,layered,24,112,22,135.61253492579112,0.0
baseline,layered,24,112,23,136.81711018033627,0.0
baseline,layered,24,113,0,135.61253722048278,0.0
baseline,layered,24,113,1,136.81785321218925,0.0
baseline,layered,24,113,2,135.61253722048278,0.0
baseline,layered,24,113,3,136.81785321218925,0.0
baseline,layered,24,113,4,117.60354057593334,0.0
baseline,layered,24,113,5,136.81785321218925,0.0
baseline,layered,24,113,6,135.61253722048278,0.0
baseline,layered,24,113,7,136.81785321218925,0.0
baseline,layered,24,113,8,135.61253722048278,0.0
baseline,layered,24,113,9,136.81785321218925,0.0
baseline,layered,24,113,10,135.61253722048278,0.0
baseline,layered,24,113,11,136.81785321218925,0.0
baseline,layered,24,113,12,135.61253722048278,0.0
baseline,layered,24,113,13,136.81785321218925,0.0
baseline,layered,24,113,14,136.81785321218925,0.0
baseline,layered,24,113,15,135.61253722048278,0.0
baseline,layered,24,113,16,136.81785321218925,0.0
baseline,layered,24,113,17,117.60354057593334,0.0
baseline,layered,24,113,18,136.81785321218925,0.0
baseline,layered,24,113,19,135.61253722048278,0.0
baseline,layered,24,113,20,136.81785321218925,0.0
baseline,layered,24,113,21,135.61253722048278,0.0
baseline,layered,24,113,22,135.61253722048278,0.0
baseline,layered,24,113,23,136.81785321218925,0.0
baseline,layered,24,114,0,135.61253722048278,0.0
baseline,layered,24,114,1,136.81785321218925,0.0
baseline,layered,24,114,2,135.61253722048278,0.0
baseline,layered,24,114,3,136.81785321218925,0.0
baseline,layered,24,114,4,117.86754305743901,0.0
baseline,layered,24,114,5,136.81785321218925,0.0
baseline,layered,24,114,6,135.61253722048278,0.0
baseline,layered,24,114,7,136.81785321218925,0.0
baseline,layered,24,114,8,135.61253722048278,0.0
baseline,layered,24,114,9,136.81785321218925,0.0
baseline,layered,24,114,10,135.61253722048278,0.0
baseline,layered,24,114,11,136.81785321218925,0.0
baseline,layered,24,114,12,135.61253722048278,0.0
baseline,layered,24,114,13,136.81785321218925,0.0
baseline,layered,24,114,14,136.81785321218925,0.0
baseline,layered,24,114,15,135.61253722048278,0.0
baseline,layered,24,114,16,136.81785321218925,0.0
baseline,layered,24,114,17,117.86754305743901,0.0
baseline,layered,24,114,18,136.81785321218925,0.0
baseline,layered,24,114,19,135.61253722048278,0.0
baseline,layered,24,114,20,136.81785321218925,0.0
baseline,layered,24,114,21,135.61253722048278,0.0
baseline,layered,24,114,22,135.61253722048278,0.0
baseline,layered,24,114,23,136.81785321218925,0.0
baseline,layered,24,115,0,135.61253722048278,0.0
baseline,layered,24,115,1,136.81784125112,0.0
baseline,layered,24,115,2,135.61253722048278,0.0
baseline,layered,24,115,3,136.81784125112,0.0
baseline,layered,24,115,4,117.86754305743901,0.0
baseline,layered,24,115,5,136.81784125112,0.0
baseline,layered,24,115,6,135.61253722048278,0.0
baseline,layered,24,115,7,136.81784125112,0.0
baseline,layered,24,115,8,135.61253722048278,0.0
baseline,layered,24,115,9,136.81784125112,0.0
baseline,layered,24,115,10,135.61253722048278,0.0
baseline,layered,24,115,11,136.81784125112,0.0
baseline,layered,24,115,12,135.61253722048278,0.0
baseline,layered,24,115,13,136.81784125112,0.0
baseline,layered,24,115,14,136.81784125112,0.0
baseline,layered,24,115,15,135.61253722048278,0.0
baseline,layered,24,115,16,136.81784125112,0.0
baseline,layered,24,115,17,117.86754305743901,0.0
baseline,layered,24,115,18,136.81784125112,0.0
baseline,layered,24,115,19,135.61253722048278,0.0
baseline,layered,24,115,20,136.81784125112,0.0
baseline,layered,24,115,21,135.61253722048278,0.0
baseline,layered,24,115,22,135.61253722048278,0.0
baseline,layered,24,115,23,136.81784125112,0.0
baseline,layered,24,116,0,135.61253726309434,0.0
baseline,layered,24,116,1,136.81784125112,0.0
baseline,layered,24,116,2,135.61253726309434,0.0
baseline,layered,24,116,3,136.81784125112,0.0
baseline,layered,24,116,4,117.87885823223837,0.0
baseline,layered,24,116,5,136.81784125112,0.0
baseline,layered,24,116,6,135.61253726309434,0.0
baseline,layered,24,116,7,136.81784125112,0.0
baseline,layered,24,116,8,135.61253726309434,0.0
baseline,layered,24,116,9,136.81784125112,0.0
baseline,layered,24,116,10,135.61253726309434,0.0
baseline,layered,24,116,11,136.81784125112,0.0
baseline,layered,24,116,12,135.61253726309434,0.0
baseline,layered,24,116,13,136.81784125112,0.0
baseline,layered,24,116,14,136.81784125112,0.0
baseline,layered,24,116,15,135.61253726309434,0.0
baseline,layered,24,116,16,136.81784125112,0.0
baseline,layered,24,116,17,117.87885823223837,0.0
baseline,layered,24,116,18,136.81784125112,0.0
baseline,layered,24,116,19,135.61253726309434,0.0
baseline,layered,24,116,20,136.81784125112,0.0
baseline,layered,24,116,21,135.61253726309434,0.0
baseline,layered,24,116,22,135.61253726309434,0.0
baseline,layered,24,116,23,136.81784125112,0.0
baseline,layered,24,117,0,135.61253726309434,0.0
baseline,layered,24,117,1,138.51156261957044,0.0
baseline,layered,24,117,2,135.61253726309434,0.0
baseline,layered,24,117,3,138.51156261957044,0.0
baseline,layered,24,117,4,117.87885823223837,0.0
baseline,layered,24,117,5,138.51156261957044,0.0
baseline,layered,24,117,6,135.61253726309434,0.0
baseline,layered,24,117,7,138.51156261957044,0.0
baseline,layered,24,117,8,135.61253726309434,0.0
baseline,layered,24,117,9,138.51156261957044,0.0
baseline,layered,24,117,10,135.61253726309434,0.0
baseline,layered,24,117,11,138.51156261957044,0.0
baseline,layered,24,117,12,135.61253726309434,0.0
baseline,layered,24,117,13,138.51156261957044,0.0
baseline,layered,24,117,14,138.51156261957044,0.0
baseline,layered,24,117,15,135.61253726309434,0.0
baseline,layered,24,117,16,138.51156261957044,0.0
baseline,layered,24,117,17,117.87885823223837,0.0
baseline,layered,24,117,18,138.51156261957044,0.0
baseline,layered,24,117,19,135.61253726309434,0.0
baseline,layered,24,117,20,138.51156261957044,0.0
baseline,layered,24,117,21,135.61253726309434,0.0
baseline,layered,24,117,22,135.61253726309434,0.0
baseline,layered,24,117,23,138.51156261957044,0.0
baseline,layered,24,118,0,136.97111272658006,0.0
baseline,layered,24,118,1,138.51156261957044,0.0
baseline,layered,24,118,2,136.97111272658006,0.0
baseline,layered,24,118,3,138.51156261957044,0.0
baseline,layered,24,118,4,122.11626249422727,0.0
baseline,layered,24,118,5,138.51156261957044,0.0
baseline,layered,24,118,6,136.97111272658006,0.0
baseline,layered,24,118,7,138.51156261957044,0.0
baseline,layered,24,118,8,136.97111272658006,0.0
baseline,layered,24,118,9,138.51156261957044,0.0
baseline,layered,24,118,10,136.97111272658006,0.0
baseline,layered,24,118,11,138.51156261957044,0.0
baseline,layered,24,118,12,136.97111272658006,0.0
baseline,layered,24,118,13,138.51156261957044,0.0
baseline,layered,24,118,14,138.51156261957044,0.0
baseline,layered,24,118,15,136.97111272658006,0.0
baseline,layered,24,118,16,138.51156261957044,0.0
baseline,layered,24,118,17,122.11626249422727,0.0
baseline,layered,24,118,18,138.51156261957044,0.0
baseline,layered,24,118,19,136.97111272658006,0.0
baseline,layered,24,118,20,138.51156261957044,0.0
baseline,layered,24,118,21,136.97111272658006,0.0
baseline,layered,24,118,22,136.97111272658006,0.0
baseline,layered,24,118,23,138.51156261957044,0.0
baseline,layered,24,119,0,137.14847848640915,0.0
baseline,layered,24,119,1,138.51156261957044,0.0
baseline,layered,24,119,2,137.14847848640915,0.0
baseline,layered,24,119,3,138.51156261957044,0.0
baseline,layered,24,119,4,126.76861392263106,0.0
baseline,layered,24,119,5,138.51156261957044,0.0
baseline,layered,24,119,6,137.14847848640915,0.0
baseline,layered,24,119,7,138.51156261957044,0.0
baseline,layered,24,119,8,137.14847848640915,0.0
baseline,layered,24,119,9,138.51156261957044,0.0
baseline,layered,24,119,10,137.14847848640915,0.0
baseline,layered,24,119,11,138.51156261957044,0.0
baseline,layered,24,119,12,137.14847848640915,0.0
baseline,layered,24,119,13,138.51156261957044,0.0
baseline,layered,24,119,14,138.51156261957044,0.0
baseline,layered,24,119,15,137.14847848640915,0.0
baseline,layered,24,119,16,138.51156261957044,0.0
baseline,layered,24,119,17,126.76861392263106,0.0
baseline,layered,24,119,18,138.51156261957044,0.0
baseline,layered,24,119,19,137.14847848640915,0.0
baseline,layered,24,119,20,138.51156261957044,0.0
baseline,layered,24,119,21,137.14847848640915,0.0
baseline,layered,24,119,22,137.14847848640915,0.0
baseline,layered,24,119,23,138.51156261957044,0.0
baseline,layered,24,120,0,137.14847848640915,0.0
baseline,layered,24,120,1,140.38963959169575,0.0
baseline,layered,24,120,2,137.14847848640915,0.0
baseline,layered,24,120,3,140.38963959169575,0.0
baseline,layered,24,120,4,126.76861392263106,0.0
baseline,layered,24,120,5,140.38963959169575,0.0
baseline,layered,24,120,6,137.14847848640915,0.0
baseline,layered,24,120,7,140.38963959169575,0.0
baseline,layered,24,120,8,137.14847848640915,0.0
baseline,layered,24,120,9,140.38963959169575,0.0
baseline,layered,24,120,10,137.14847848640915,0.0
baseline,layered,24,120,11,140.38963959169575,0.0
baseline,layered,24,120,12,137.14847848640915,0.0
baseline,layered,24,120,13,140.38963959169575,0.0
baseline,layered,24,120,14,140.38963959169575,0.0
baseline,layered,24,120,15,137.14847848640915,0.0
baseline,layered,24,120,16,140.38963959169575,0.0
baseline,layered,24,120,17,126.76861392263106,0.0
baseline,layered,24,120,18,140.38963959169575,0.0
baseline,layered,24,120,19,137.14847848640915,0.0
baseline,layered,24,120,20,140.38963959169575,0.0
baseline,layered,24,120,21,137.14847848640915,0.0
baseline,layered,24,120,22,137.14847848640915,0.0
baseline,layered,24,120,23,140.38963959169575,0.0
