source,mode,cluster_size,iteration,cluster_id,max_abs_llr,snr_db
baseline,residual,24,0,0,11.98446703038838,0.0
baseline,residual,24,0,1,13.910658656703198,0.0
baseline,residual,24,0,2,10.539534529999276,0.0
baseline,residual,24,0,3,13.910658656703198,0.0
baseline,residual,24,0,4,10.231835547627476,0.0
baseline,residual,24,0,5,12.449944836550111,0.0
baseline,residual,24,0,6,11.98446703038838,0.0
baseline,residual,24,0,7,12.419469064873883,0.0
baseline,residual,24,0,8,11.98446703038838,0.0
baseline,residual,24,0,9,10.274590426751153,0.0
baseline,residual,24,0,10,10.539534529999276,0.0
baseline,residual,24,0,11,10.274590426751153,0.0
baseline,residual,24,0,12,11.521265082748544,0.0
baseline,residual,24,0,13,10.742216797477518,0.0
baseline,residual,24,0,14,11.521265082748544,0.0
baseline,residual,24,0,15,11.733449642086557,0.0
baseline,residual,24,0,16,10.539534529999276,0.0
baseline,residual,24,0,17,12.449944836550111,0.0
baseline,residual,24,0,18,10.274590426751153,0.0
baseline,residual,24,0,19,12.419469064873883,0.0
baseline,residual,24,0,20,10.392159241475682,0.0
baseline,residual,24,0,21,11.555174310775236,0.0
baseline,residual,24,0,22,10.539534529999276,0.0
baseline,residual,24,0,23,10.274590426751153,0.0
baseline,residual,24,1,0,11.98446703038838,0.0
baseline,residual,24,1,1,13.910658656703198,0.0
baseline,residual,24,1,2,10.939348719833292,0.0
baseline,residual,24,1,3,13.910658656703198,0.0
baseline,residual,24,1,4,10.358520247277722,0.0
baseline,residual,24,1,5,12.449944836550111,0.0
baseline,residual,24,1,6,11.98446703038838,0.0
baseline,residual,24,1,7,12.419469064873883,0.0
baseline,residual,24,1,8,11.98446703038838,0.0
baseline,residual,24,1,9,10.274590426751153,0.0
baseline,residual,24,1,10,10.939348719833292,0.0
baseline,residual,24,1,11,10.274590426751153,0.0
baseline,residual,24,1,12,11.521265082748544,0.0
baseline,residual,24,1,13,10.939348719833292,0.0
baseline,residual,24,1,14,11.521265082748544,0.0
baseline,residual,24,1,15,11.733449642086557,0.0
baseline,residual,24,1,16,10.939348719833292,0.0
baseline,residual,24,1,17,12.449944836550111,0.0
baseline,residual,24,1,18,10.274590426751153,0.0
baseline,residual,24,1,19,12.419469064873883,0.0
baseline,residual,24,1,20,10.392159241475682,0.0
baseline,residual,24,1,21,11.555174310775236,0.0
baseline,residual,24,1,22,11.746911434176436,0.0
baseline,residual,24,1,23,10.274590426751153,0.0
baseline,residual,24,2,0,15.136082758897292,0.0
baseline,residual,24,2,1,13.910658656703198,0.0
baseline,residual,24,2,2,15.136082758897292,0.0
baseline,residual,24,2,3,16.56496523418576,0.0
baseline,residual,24,2,4,15.136082758897292,0.0
baseline,residual,24,2,5,16.56496523418576,0.0
baseline,residual,24,2,6,15.136082758897292,0.0
baseline,residual,24,2,7,16.56496523418576,0.0
baseline,residual,24,2,8,15.136082758897292,0.0
baseline,residual,24,2,9,10.274590426751153,0.0
baseline,residual,24,2,10,15.136082758897292,0.0
baseline,residual,24,2,11,10.274590426751153,0.0
baseline,residual,24,2,12,15.136082758897292,0.0
baseline,residual,24,2,13,10.742216797477518,0.0
baseline,residual,24,2,14,11.521265082748544,0.0
baseline,residual,24,2,15,15.136082758897292,0.0
baseline,residual,24,2,16,12.296626066417847,0.0
baseline,residual,24,2,17,15.136082758897292,0.0
baseline,residual,24,2,18,10.274590426751153,0.0
baseline,residual,24,2,19,16.56496523418576,0.0
baseline,residual,24,2,20,10.505577739389164,0.0
baseline,residual,24,2,21,16.56496523418576,0.0
baseline,residual,24,2,22,15.136082758897292,0.0
baseline,residual,24,2,23,10.274590426751153,0.0
baseline,residual,24,3,0,15.136082758897292,0.0
baseline,residual,24,3,1,13.910658656703198,0.0
baseline,residual,24,3,2,15.136082758897292,0.0
baseline,residual,24,3,3,16.56496523418576,0.0
baseline,residual,24,3,4,15.136082758897292,0.0
baseline,residual,24,3,5,16.56496523418576,0.0
baseline,residual,24,3,6,15.136082758897292,0.0
baseline,residual,24,3,7,16.56496523418576,0.0
baseline,residual,24,3,8,15.281107842585637,0.0
baseline,residual,24,3,9,12.782552384057606,0.0
baseline,residual,24,3,10,15.136082758897292,0.0
baseline,residual,24,3,11,12.782552384057606,0.0
baseline,residual,24,3,12,15.136082758897292,0.0
baseline,residual,24,3,13,12.782552384057606,0.0
baseline,residual,24,3,14,12.782552384057606,0.0
baseline,residual,24,3,15,15.136082758897292,0.0
baseline,residual,24,3,16,12.782552384057606,0.0
baseline,residual,24,3,17,15.136082758897292,0.0
baseline,residual,24,3,18,12.782552384057606,0.0
baseline,residual,24,3,19,16.56496523418576,0.0
baseline,residual,24,3,20,15.281107842585637,0.0
baseline,residual,24,3,21,16.56496523418576,0.0
baseline,residual,24,3,22,15.136082758897292,0.0
baseline,residual,24,3,23,12.782552384057606,0.0
baseline,residual,24,4,0,16.449802094135848,0.0
baseline,residual,24,4,1,14.471988701190586,0.0
baseline,residual,24,4,2,16.449802094135848,0.0
baseline,residual,24,4,3,18.63781157626901,0.0
baseline,residual,24,4,4,16.449802094135848,0.0
baseline,residual,24,4,5,18.63781157626901,0.0
baseline,residual,24,4,6,16.449802094135848,0.0
baseline,residual,24,4,7,18.63781157626901,0.0
baseline,residual,24,4,8,16.449802094135848,0.0
baseline,residual,24,4,9,14.471988701190586,0.0
baseline,residual,24,4,10,16.449802094135848,0.0
baseline,residual,24,4,11,14.471988701190586,0.0
baseline,residual,24,4,12,16.449802094135848,0.0
baseline,residual,24,4,13,14.471988701190586,0.0
baseline,residual,24,4,14,14.471988701190586,0.0
baseline,residual,24,4,15,16.449802094135848,0.0
baseline,residual,24,4,16,14.471988701190586,0.0
baseline,residual,24,4,17,16.449802094135848,0.0
baseline,residual,24,4,18,14.471988701190586,0.0
baseline,residual,24,4,19,18.63781157626901,0.0
baseline,residual,24,4,20,15.281107842585637,0.0
baseline,residual,24,4,21,18.63781157626901,0.0
baseline,residual,24,4,22,16.449802094135848,0.0
baseline,residual,24,4,23,14.471988701190586,0.0
baseline,residual,24,5,0,18.74615054786242,0.0
baseline,residual,24,5,1,19.322674565651223,0.0
baseline,residual,24,5,2,18.74615054786242,0.0
baseline,residual,24,5,3,19.322674565651223,0.0
baseline,residual,24,5,4,18.74615054786242,0.0
baseline,residual,24,5,5,19.322674565651223,0.0
baseline,residual,24,5,6,18.74615054786242,0.0
baseline,residual,24,5,7,18.63781157626901,0.0
baseline,residual,24,5,8,18.74615054786242,0.0
baseline,residual,24,5,9,16.662565470617974,0.0
baseline,residual,24,5,10,18.74615054786242,0.0
baseline,residual,24,5,11,16.662565470617974,0.0
baseline,residual,24,5,12,18.74615054786242,0.0
baseline,residual,24,5,13,16.662565470617974,0.0
baseline,residual,24,5,14,16.662565470617974,0.0
baseline,residual,24,5,15,18.74615054786242,0.0
baseline,residual,24,5,16,14.471988701190586,0.0
baseline,residual,24,5,17,19.322674565651223,0.0
baseline,residual,24,5,18,16.662565470617974,0.0
baseline,residual,24,5,19,19.322674565651223,0.0
baseline,residual,24,5,20,16.662565470617974,0.0
baseline,residual,24,5,21,18.74615054786242,0.0
baseline,residual,24,5,22,18.74615054786242,0.0
baseline,residual,24,5,23,16.662565470617974,0.0
baseline,residual,24,6,0,21.27007250406068,0.0
baseline,residual,24,6,1,21.30657950520587,0.0
baseline,residual,24,6,2,21.27007250406068,0.0
baseline,residual,24,6,3,21.30657950520587,0.0
baseline,residual,24,6,4,21.27007250406068,0.0
baseline,residual,24,6,5,19.322674565651223,0.0
baseline,residual,24,6,6,21.27007250406068,0.0
baseline,residual,24,6,7,18.63781157626901,0.0
baseline,residual,24,6,8,21.27007250406068,0.0
baseline,residual,24,6,9,16.662565470617974,0.0
baseline,residual,24,6,10,21.27007250406068,0.0
baseline,residual,24,6,11,16.662565470617974,0.0
baseline,residual,24,6,12,21.27007250406068,0.0
baseline,residual,24,6,13,16.662565470617974,0.0
baseline,residual,24,6,14,16.662565470617974,0.0
baseline,residual,24,6,15,21.30657950520587,0.0
baseline,residual,24,6,16,15.347823020787779,0.0
baseline,residual,24,6,17,21.30657950520587,0.0
baseline,residual,24,6,18,16.662565470617974,0.0
baseline,residual,24,6,19,21.27007250406068,0.0
baseline,residual,24,6,20,18.257124063299255,0.0
baseline,residual,24,6,21,21.27007250406068,0.0
baseline,residual,24,6,22,21.27007250406068,0.0
baseline,residual,24,6,23,16.662565470617974,0.0
baseline,residual,24,7,0,21.27007250406068,0.0
baseline,residual,24,7,1,21.30657950520587,0.0
baseline,residual,24,7,2,21.27007250406068,0.0
baseline,residual,24,7,3,21.30657950520587,0.0
baseline,residual,24,7,4,21.27007250406068,0.0
baseline,residual,24,7,5,19.322674565651223,0.0
baseline,residual,24,7,6,21.27007250406068,0.0
baseline,residual,24,7,7,18.63781157626901,0.0
baseline,residual,24,7,8,21.27007250406068,0.0
baseline,residual,24,7,9,16.4878677735259,0.0
baseline,residual,24,7,10,21.27007250406068,0.0
baseline,residual,24,7,11,16.4878677735259,0.0
baseline,residual,24,7,12,21.27007250406068,0.0
baseline,residual,24,7,13,16.4878677735259,0.0
baseline,residual,24,7,14,16.4878677735259,0.0
baseline,residual,24,7,15,21.30657950520587,0.0
baseline,residual,24,7,16,15.566377248889012,0.0
baseline,residual,24,7,17,21.30657950520587,0.0
baseline,residual,24,7,18,16.4878677735259,0.0
baseline,residual,24,7,19,21.27007250406068,0.0
baseline,residual,24,7,20,18.257124063299255,0.0
baseline,residual,24,7,21,21.27007250406068,0.0
baseline,residual,24,7,22,21.27007250406068,0.0
baseline,residual,24,7,23,16.4878677735259,0.0
baseline,residual,24,8,0,21.27007250406068,0.0
baseline,residual,24,8,1,21.30657950520587,0.0
baseline,residual,24,8,2,21.27007250406068,0.0
baseline,residual,24,8,3,21.30657950520587,0.0
baseline,residual,24,8,4,21.27007250406068,0.0
baseline,residual,24,8,5,19.523257681862447,0.0
baseline,residual,24,8,6,21.27007250406068,0.0
baseline,residual,24,8,7,19.523257681862447,0.0
baseline,residual,24,8,8,21.27007250406068,0.0
baseline,residual,24,8,9,19.523257681862447,0.0
baseline,residual,24,8,10,21.27007250406068,0.0
baseline,residual,24,8,11,19.523257681862447,0.0
baseline,residual,24,8,12,21.27007250406068,0.0
baseline,residual,24,8,13,19.523257681862447,0.0
baseline,residual,24,8,14,19.523257681862447,0.0
baseline,residual,24,8,15,21.30657950520587,0.0
baseline,residual,24,8,16,19.523257681862447,0.0
baseline,residual,24,8,17,21.30657950520587,0.0
baseline,residual,24,8,18,19.523257681862447,0.0
baseline,residual,24,8,19,21.27007250406068,0.0
baseline,residual,24,8,20,19.523257681862447,0.0
baseline,residual,24,8,21,21.27007250406068,0.0
baseline,residual,24,8,22,21.27007250406068,0.0
baseline,residual,24,8,23,19.523257681862447,0.0
baseline,residual,24,9,0,21.27007250406068,0.0
baseline,residual,24,9,1,22.328681955870454,0.0
baseline,residual,24,9,2,21.27007250406068,0.0
baseline,residual,24,9,3,22.328681955870454,0.0
baseline,residual,24,9,4,21.27007250406068,0.0
baseline,residual,24,9,5,22.328681955870454,0.0
baseline,residual,24,9,6,21.27007250406068,0.0
baseline,residual,24,9,7,22.328681955870454,0.0
baseline,residual,24,9,8,21.27007250406068,0.0
baseline,residual,24,9,9,22.328681955870454,0.0
baseline,residual,24,9,10,21.27007250406068,0.0
baseline,residual,24,9,11,22.328681955870454,0.0
baseline,residual,24,9,12,21.27007250406068,0.0
baseline,residual,24,9,13,22.328681955870454,0.0
baseline,residual,24,9,14,22.328681955870454,0.0
baseline,residual,24,9,15,21.30657950520587,0.0
baseline,residual,24,9,16,22.328681955870454,0.0
baseline,residual,24,9,17,21.30657950520587,0.0
baseline,residual,24,9,18,22.328681955870454,0.0
baseline,residual,24,9,19,21.27007250406068,0.0
baseline,residual,24,9,20,22.328681955870454,0.0
baseline,residual,24,9,21,21.27007250406068,0.0
baseline,residual,24,9,22,21.27007250406068,0.0
baseline,residual,24,9,23,22.328681955870454,0.0
baseline,residual,24,10,0,21.27007250406068,0.0
baseline,residual,24,10,1,23.05247337141547,0.0
baseline,residual,24,10,2,21.27007250406068,0.0
baseline,residual,24,10,3,23.05247337141547,0.0
baseline,residual,24,10,4,21.27007250406068,0.0
baseline,residual,24,10,5,23.05247337141547,0.0
baseline,residual,24,10,6,21.27007250406068,0.0
baseline,residual,24,10,7,23.05247337141547,0.0
baseline,residual,24,10,8,21.27007250406068,0.0
baseline,residual,24,10,9,23.05247337141547,0.0
baseline,residual,24,10,10,21.27007250406068,0.0
baseline,residual,24,10,11,23.05247337141547,0.0
baseline,residual,24,10,12,21.27007250406068,0.0
baseline,residual,24,10,13,23.05247337141547,0.0
baseline,residual,24,10,14,23.05247337141547,0.0
baseline,residual,24,10,15,21.30657950520587,0.0
baseline,residual,24,10,16,23.05247337141547,0.0
baseline,residual,24,10,17,21.30657950520587,0.0
baseline,residual,24,10,18,23.05247337141547,0.0
baseline,residual,24,10,19,21.27007250406068,0.0
baseline,residual,24,10,20,23.05247337141547,0.0
baseline,residual,24,10,21,21.27007250406068,0.0
baseline,residual,24,10,22,21.27007250406068,0.0
baseline,residual,24,10,23,23.05247337141547,0.0
baseline,residual,24,11,0,23.893428908572776,0.0
baseline,residual,24,11,1,23.05247337141547,0.0
baseline,residual,24,11,2,23.893428908572776,0.0
baseline,residual,24,11,3,23.05247337141547,0.0
baseline,residual,24,11,4,23.893428908572776,0.0
baseline,residual,24,11,5,23.05247337141547,0.0
baseline,residual,24,11,6,23.893428908572776,0.0
baseline,residual,24,11,7,23.05247337141547,0.0
baseline,residual,24,11,8,23.893428908572776,0.0
baseline,residual,24,11,9,23.05247337141547,0.0
baseline,residual,24,11,10,23.893428908572776,0.0
baseline,residual,24,11,11,23.05247337141547,0.0
baseline,residual,24,11,12,23.893428908572776,0.0
baseline,residual,24,11,13,23.05247337141547,0.0
baseline,residual,24,11,14,23.05247337141547,0.0
baseline,residual,24,11,15,23.893428908572776,0.0
baseline,residual,24,11,16,23.05247337141547,0.0
baseline,residual,24,11,17,23.893428908572776,0.0
baseline,residual,24,11,18,23.05247337141547,0.0
baseline,residual,24,11,19,23.893428908572776,0.0
baseline,residual,24,11,20,23.05247337141547,0.0
baseline,residual,24,11,21,23.893428908572776,0.0
baseline,residual,24,11,22,23.893428908572776,0.0
baseline,residual,24,11,23,23.05247337141547,0.0
baseline,residual,24,12,0,25.012442472113904,0.0
baseline,residual,24,12,1,23.05247337141547,0.0
baseline,residual,24,12,2,25.012442472113904,0.0
baseline,residual,24,12,3,23.05247337141547,0.0
baseline,residual,24,12,4,25.012442472113904,0.0
baseline,residual,24,12,5,23.05247337141547,0.0
baseline,residual,24,12,6,25.012442472113904,0.0
baseline,residual,24,12,7,23.05247337141547,0.0
baseline,residual,24,12,8,25.012442472113904,0.0
baseline,residual,24,12,9,23.05247337141547,0.0
baseline,residual,24,12,10,25.012442472113904,0.0
baseline,residual,24,12,11,23.05247337141547,0.0
baseline,residual,24,12,12,25.012442472113904,0.0
baseline,residual,24,12,13,23.05247337141547,0.0
baseline,residual,24,12,14,23.05247337141547,0.0
baseline,residual,24,12,15,25.012442472113904,0.0
baseline,residual,24,12,16,23.05247337141547,0.0
baseline,residual,24,12,17,25.012442472113904,0.0
baseline,residual,24,12,18,23.05247337141547,0.0
baseline,residual,24,12,19,25.012442472113904,0.0
baseline,residual,24,12,20,23.05247337141547,0.0
baseline,residual,24,12,21,25.012442472113904,0.0
baseline,residual,24,12,22,25.012442472113904,0.0
baseline,residual,24,12,23,23.05247337141547,0.0
baseline,residual,24,13,0,26.841976929012006,0.0
baseline,residual,24,13,1,23.05247337141547,0.0
baseline,residual,24,13,2,26.841976929012006,0.0
baseline,residual,24,13,3,23.05247337141547,0.0
baseline,residual,24,13,4,26.841976929012006,0.0
baseline,residual,24,13,5,23.05247337141547,0.0
baseline,residual,24,13,6,26.841976929012006,0.0
baseline,residual,24,13,7,23.05247337141547,0.0
baseline,residual,24,13,8,26.841976929012006,0.0
baseline,residual,24,13,9,23.05247337141547,0.0
baseline,residual,24,13,10,26.841976929012006,0.0
baseline,residual,24,13,11,23.05247337141547,0.0
baseline,residual,24,13,12,26.841976929012006,0.0
baseline,residual,24,13,13,23.05247337141547,0.0
baseline,residual,24,13,14,23.05247337141547,0.0
baseline,residual,24,13,15,26.841976929012006,0.0
baseline,residual,24,13,16,23.05247337141547,0.0
baseline,residual,24,13,17,26.841976929012006,0.0
baseline,residual,24,13,18,23.05247337141547,0.0
baseline,residual,24,13,19,26.841976929012006,0.0
baseline,residual,24,13,20,23.05247337141547,0.0
baseline,residual,24,13,21,26.841976929012006,0.0
baseline,residual,24,13,22,26.841976929012006,0.0
baseline,residual,24,13,23,23.05247337141547,0.0
baseline,residual,24,14,0,26.841976929012006,0.0
baseline,residual,24,14,1,21.30657950520587,0.0
baseline,residual,24,14,2,26.841976929012006,0.0
baseline,residual,24,14,3,21.30657950520587,0.0
baseline,residual,24,14,4,26.841976929012006,0.0
baseline,residual,24,14,5,23.04804230581976,0.0
baseline,residual,24,14,6,26.841976929012006,0.0
baseline,residual,24,14,7,22.661928564075623,0.0
baseline,residual,24,14,8,26.841976929012006,0.0
baseline,residual,24,14,9,21.087352836855917,0.0
baseline,residual,24,14,10,26.841976929012006,0.0
baseline,residual,24,14,11,21.087352836855917,0.0
baseline,residual,24,14,12,26.841976929012006,0.0
baseline,residual,24,14,13,21.087352836855917,0.0
baseline,residual,24,14,14,21.087352836855917,0.0
baseline,residual,24,14,15,26.841976929012006,0.0
baseline,residual,24,14,16,23.04804230581976,0.0
baseline,residual,24,14,17,26.841976929012006,0.0
baseline,residual,24,14,18,21.087352836855917,0.0
baseline,residual,24,14,19,26.841976929012006,0.0
baseline,residual,24,14,20,21.087352836855917,0.0
baseline,residual,24,14,21,26.841976929012006,0.0
baseline,residual,24,14,22,26.841976929012006,0.0
baseline,residual,24,14,23,21.087352836855917,0.0
baseline,residual,24,15,0,26.841976929012006,0.0
baseline,residual,24,15,1,24.925290714896,0.0
baseline,residual,24,15,2,26.841976929012006,0.0
baseline,residual,24,15,3,24.925290714896,0.0
baseline,residual,24,15,4,26.841976929012006,0.0
baseline,residual,24,15,5,24.925290714896,0.0
baseline,residual,24,15,6,26.841976929012006,0.0
baseline,residual,24,15,7,24.925290714896,0.0
baseline,residual,24,15,8,26.841976929012006,0.0
baseline,residual,24,15,9,24.925290714896,0.0
baseline,residual,24,15,10,26.841976929012006,0.0
baseline,residual,24,15,11,24.925290714896,0.0
baseline,residual,24,15,12,26.841976929012006,0.0
baseline,residual,24,15,13,24.925290714896,0.0
baseline,residual,24,15,14,24.925290714896,0.0
baseline,residual,24,15,15,26.841976929012006,0.0
baseline,residual,24,15,16,24.925290714896,0.0
baseline,residual,24,15,17,26.841976929012006,0.0
baseline,residual,24,15,18,24.925290714896,0.0
baseline,residual,24,15,19,26.841976929012006,0.0
baseline,residual,24,15,20,24.925290714896,0.0
baseline,residual,24,15,21,26.841976929012006,0.0
baseline,residual,24,15,22,26.841976929012006,0.0
baseline,residual,24,15,23,24.925290714896,0.0
baseline,residual,24,16,0,30.84383652611219,0.0
baseline,residual,24,16,1,24.925290714896,0.0
baseline,residual,24,16,2,30.84383652611219,0.0
baseline,residual,24,16,3,25.03769636953368,0.0
baseline,residual,24,16,4,30.84383652611219,0.0
baseline,residual,24,16,5,29.458128677260802,0.0
baseline,residual,24,16,6,30.84383652611219,0.0
baseline,residual,24,16,7,24.925290714896,0.0
baseline,residual,24,16,8,30.84383652611219,0.0
baseline,residual,24,16,9,24.925290714896,0.0
baseline,residual,24,16,10,30.84383652611219,0.0
baseline,residual,24,16,11,24.925290714896,0.0
baseline,residual,24,16,12,30.84383652611219,0.0
baseline,residual,24,16,13,24.925290714896,0.0
baseline,residual,24,16,14,24.925290714896,0.0
baseline,residual,24,16,15,30.84383652611219,0.0
baseline,residual,24,16,16,29.458128677260802,0.0
baseline,residual,24,16,17,30.84383652611219,0.0
baseline,residual,24,16,18,24.925290714896,0.0
baseline,residual,24,16,19,30.84383652611219,0.0
baseline,residual,24,16,20,25.03769636953368,0.0
baseline,residual,24,16,21,30.84383652611219,0.0
baseline,residual,24,16,22,30.84383652611219,0.0
baseline,residual,24,16,23,24.925290714896,0.0
baseline,residual,24,17,0,30.84383652611219,0.0
baseline,residual,24,17,1,27.606210907365334,0.0
baseline,residual,24,17,2,30.84383652611219,0.0
baseline,residual,24,17,3,27.606210907365334,0.0
baseline,residual,24,17,4,30.84383652611219,0.0
baseline,residual,24,17,5,29.458128677260802,0.0
baseline,residual,24,17,6,30.84383652611219,0.0
baseline,residual,24,17,7,27.606210907365334,0.0
baseline,residual,24,17,8,30.84383652611219,0.0
baseline,residual,24,17,9,27.606210907365334,0.0
baseline,residual,24,17,10,30.84383652611219,0.0
baseline,residual,24,17,11,27.606210907365334,0.0
baseline,residual,24,17,12,30.84383652611219,0.0
baseline,residual,24,17,13,27.606210907365334,0.0
baseline,residual,24,17,14,27.606210907365334,0.0
baseline,residual,24,17,15,30.84383652611219,0.0
baseline,residual,24,17,16,29.458128677260802,0.0
baseline,residual,24,17,17,30.84383652611219,0.0
baseline,residual,24,17,18,27.606210907365334,0.0
baseline,residual,24,17,19,30.84383652611219,0.0
baseline,residual,24,17,20,27.606210907365334,0.0
baseline,residual,24,17,21,30.84383652611219,0.0
baseline,residual,24,17,22,30.84383652611219,0.0
baseline,residual,24,17,23,27.606210907365334,0.0
baseline,residual,24,18,0,30.84383652611219,0.0
baseline,residual,24,18,1,29.96404317581848,0.0
baseline,residual,24,18,2,30.84383652611219,0.0
baseline,residual,24,18,3,29.96404317581848,0.0
baseline,residual,24,18,4,30.84383652611219,0.0
baseline,residual,24,18,5,29.458128677260802,0.0
baseline,residual,24,18,6,30.84383652611219,0.0
baseline,residual,24,18,7,29.96404317581848,0.0
baseline,residual,24,18,8,30.84383652611219,0.0
baseline,residual,24,18,9,29.96404317581848,0.0
baseline,residual,24,18,10,30.84383652611219,0.0
baseline,residual,24,18,11,29.96404317581848,0.0
baseline,residual,24,18,12,30.84383652611219,0.0
baseline,residual,24,18,13,29.96404317581848,0.0
baseline,residual,24,18,14,29.96404317581848,0.0
baseline,residual,24,18,15,30.84383652611219,0.0
baseline,residual,24,18,16,29.458128677260802,0.0
baseline,residual,24,18,17,30.84383652611219,0.0
baseline,residual,24,18,18,29.96404317581848,0.0
baseline,residual,24,18,19,30.84383652611219,0.0
baseline,residual,24,18,20,29.96404317581848,0.0
baseline,residual,24,18,21,30.84383652611219,0.0
baseline,residual,24,18,22,30.84383652611219,0.0
baseline,residual,24,18,23,29.96404317581848,0.0
baseline,residual,24,19,0,30.84383652611219,0.0
baseline,residual,24,19,1,33.49749381309769,0.0
baseline,residual,24,19,2,30.84383652611219,0.0
baseline,residual,24,19,3,33.49749381309769,0.0
baseline,residual,24,19,4,33.49749381309769,0.0
baseline,residual,24,19,5,29.458128677260802,0.0
baseline,residual,24,19,6,30.84383652611219,0.0
baseline,residual,24,19,7,33.49749381309769,0.0
baseline,residual,24,19,8,30.84383652611219,0.0
baseline,residual,24,19,9,33.49749381309769,0.0
baseline,residual,24,19,10,30.84383652611219,0.0
baseline,residual,24,19,11,33.49749381309769,0.0
baseline,residual,24,19,12,30.84383652611219,0.0
baseline,residual,24,19,13,33.49749381309769,0.0
baseline,residual,24,19,14,33.49749381309769,0.0
baseline,residual,24,19,15,30.84383652611219,0.0
baseline,residual,24,19,16,29.458128677260802,0.0
baseline,residual,24,19,17,33.49749381309769,0.0
baseline,residual,24,19,18,33.49749381309769,0.0
baseline,residual,24,19,19,30.84383652611219,0.0
baseline,residual,24,19,20,33.49749381309769,0.0
baseline,residual,24,19,21,30.84383652611219,0.0
baseline,residual,24,19,22,30.84383652611219,0.0
baseline,residual,24,19,23,33.49749381309769,0.0
baseline,residual,24,20,0,30.84383652611219,0.0
baseline,residual,24,20,1,33.49749381309769,0.0
baseline,residual,24,20,2,30.84383652611219,0.0
baseline,residual,24,20,3,33.49749381309769,0.0
baseline,residual,24,20,4,33.49749381309769,0.0
baseline,residual,24,20,5,29.917532362354255,0.0
baseline,residual,24,20,6,30.84383652611219,0.0
baseline,residual,24,20,7,33.49749381309769,0.0
baseline,residual,24,20,8,30.84383652611219,0.0
baseline,residual,24,20,9,33.49749381309769,0.0
baseline,residual,24,20,10,30.84383652611219,0.0
baseline,residual,24,20,11,33.49749381309769,0.0
baseline,residual,24,20,12,30.84383652611219,0.0
baseline,residual,24,20,13,33.49749381309769,0.0
baseline,residual,24,20,14,33.49749381309769,0.0
baseline,residual,24,20,15,30.84383652611219,0.0
baseline,residual,24,20,16,29.917532362354255,0.0
baseline,residual,24,20,17,33.49749381309769,0.0
baseline,residual,24,20,18,33.49749381309769,0.0
baseline,residual,24,20,19,30.84383652611219,0.0
baseline,residual,24,20,20,33.49749381309769,0.0
baseline,residual,24,20,21,30.84383652611219,0.0
baseline,residual,24,20,22,30.84383652611219,0.0
baseline,residual,24,20,23,33.49749381309769,0.0
baseline,residual,24,21,0,30.84383652611219,0.0
baseline,residual,24,21,1,36.066719602231935,0.0
baseline,residual,24,21,2,30.84383652611219,0.0
baseline,residual,24,21,3,36.066719602231935,0.0
baseline,residual,24,21,4,36.066719602231935,0.0
baseline,residual,24,21,5,32.17548772923569,0.0
baseline,residual,24,21,6,32.34642568641269,0.0
baseline,residual,24,21,7,36.066719602231935,0.0
baseline,residual,24,21,8,30.84383652611219,0.0
baseline,residual,24,21,9,36.066719602231935,0.0
baseline,residual,24,21,10,30.84383652611219,0.0
baseline,residual,24,21,11,36.066719602231935,0.0
baseline,residual,24,21,12,30.84383652611219,0.0
baseline,residual,24,21,13,36.066719602231935,0.0
baseline,residual,24,21,14,36.066719602231935,0.0
baseline,residual,24,21,15,30.84383652611219,0.0
baseline,residual,24,21,16,32.17548772923569,0.0
baseline,residual,24,21,17,36.066719602231935,0.0
baseline,residual,24,21,18,36.066719602231935,0.0
baseline,residual,24,21,19,30.84383652611219,0.0
baseline,residual,24,21,20,36.066719602231935,0.0
baseline,residual,24,21,21,30.84383652611219,0.0
baseline,residual,24,21,22,30.84383652611219,0.0
baseline,residual,24,21,23,36.066719602231935,0.0
baseline,residual,24,22,0,33.18379378524354,0.0
baseline,residual,24,22,1,39.19856674105823,0.0
baseline,residual,24,22,2,33.18379378524354,0.0
baseline,residual,24,22,3,39.19856674105823,0.0
baseline,residual,24,22,4,39.19856674105823,0.0
baseline,residual,24,22,5,32.17548772923569,0.0
baseline,residual,24,22,6,35.50686663982123,0.0
baseline,residual,24,22,7,39.19856674105823,0.0
baseline,residual,24,22,8,33.18379378524354,0.0
baseline,residual,24,22,9,39.19856674105823,0.0
baseline,residual,24,22,10,33.18379378524354,0.0
baseline,residual,24,22,11,39.19856674105823,0.0
baseline,residual,24,22,12,33.18379378524354,0.0
baseline,residual,24,22,13,39.19856674105823,0.0
baseline,residual,24,22,14,39.19856674105823,0.0
baseline,residual,24,22,15,33.18379378524354,0.0
baseline,residual,24,22,16,32.17548772923569,0.0
baseline,residual,24,22,17,39.19856674105823,0.0
baseline,residual,24,22,18,39.19856674105823,0.0
baseline,residual,24,22,19,33.18379378524354,0.0
baseline,residual,24,22,20,39.19856674105823,0.0
baseline,residual,24,22,21,33.18379378524354,0.0
baseline,residual,24,22,22,33.18379378524354,0.0
baseline,residual,24,22,23,39.19856674105823,0.0
baseline,residual,24,23,0,35.23919860043178,0.0
baseline,residual,24,23,1,39.19856674105823,0.0
baseline,residual,24,23,2,35.23919860043178,0.0
baseline,residual,24,23,3,39.19856674105823,0.0
baseline,residual,24,23,4,39.19856674105823,0.0
baseline,residual,24,23,5,32.81747394100871,0.0
baseline,residual,24,23,6,35.50686663982123,0.0
baseline,residual,24,23,7,39.19856674105823,0.0
baseline,residual,24,23,8,35.23919860043178,0.0
baseline,residual,24,23,9,39.19856674105823,0.0
baseline,residual,24,23,10,35.23919860043178,0.0
baseline,residual,24,23,11,39.19856674105823,0.0
baseline,residual,24,23,12,35.23919860043178,0.0
baseline,residual,24,23,13,39.19856674105823,0.0
baseline,residual,24,23,14,39.19856674105823,0.0
baseline,residual,24,23,15,35.23919860043178,0.0
baseline,residual,24,23,16,32.81747394100871,0.0
baseline,residual,24,23,17,39.19856674105823,0.0
baseline,residual,24,23,18,39.19856674105823,0.0
baseline,residual,24,23,19,35.23919860043178,0.0
baseline,residual,24,23,20,39.19856674105823,0.0
baseline,residual,24,23,21,35.23919860043178,0.0
baseline,residual,24,23,22,35.23919860043178,0.0
baseline,residual,24,23,23,39.19856674105823,0.0
baseline,residual,24,24,0,40.69781987718588,0.0
baseline,residual,24,24,1,39.19856674105823,0.0
baseline,residual,24,24,2,40.69781987718588,0.0
baseline,residual,24,24,3,39.19856674105823,0.0
baseline,residual,24,24,4,40.69781987718588,0.0
baseline,residual,24,24,5,37.769444642347636,0.0
baseline,residual,24,24,6,40.69781987718588,0.0
baseline,residual,24,24,7,39.19856674105823,0.0
baseline,residual,24,24,8,40.69781987718588,0.0
baseline,residual,24,24,9,39.19856674105823,0.0
baseline,residual,24,24,10,40.69781987718588,0.0
baseline,residual,24,24,11,39.19856674105823,0.0
baseline,residual,24,24,12,40.69781987718588,0.0
baseline,residual,24,24,13,39.19856674105823,0.0
baseline,residual,24,24,14,39.19856674105823,0.0
baseline,residual,24,24,15,40.69781987718588,0.0
baseline,residual,24,24,16,37.769444642347636,0.0
baseline,residual,24,24,17,40.69781987718588,0.0
baseline,residual,24,24,18,39.19856674105823,0.0
baseline,residual,24,24,19,40.69781987718588,0.0
baseline,residual,24,24,20,39.19856674105823,0.0
baseline,residual,24,24,21,40.69781987718588,0.0
baseline,residual,24,24,22,40.69781987718588,0.0
baseline,residual,24,24,23,39.19856674105823,0.0
baseline,residual,24,25,0,40.69781987718588,0.0
baseline,residual,24,25,1,39.19856674105823,0.0
baseline,residual,24,25,2,40.69781987718588,0.0
baseline,residual,24,25,3,39.19856674105823,0.0
baseline,residual,24,25,4,40.69781987718588,0.0
baseline,residual,24,25,5,37.769444642347636,0.0
baseline,residual,24,25,6,40.69781987718588,0.0
baseline,residual,24,25,7,39.19856674105823,0.0
baseline,residual,24,25,8,40.69781987718588,0.0
baseline,residual,24,25,9,39.19856674105823,0.0
baseline,residual,24,25,10,40.69781987718588,0.0
baseline,residual,24,25,11,39.19856674105823,0.0
baseline,residual,24,25,12,40.69781987718588,0.0
baseline,residual,24,25,13,39.19856674105823,0.0
baseline,residual,24,25,14,39.19856674105823,0.0
baseline,residual,24,25,15,40.69781987718588,0.0
baseline,residual,24,25,16,37.769444642347636,0.0
baseline,residual,24,25,17,40.69781987718588,0.0
baseline,residual,24,25,18,39.19856674105823,0.0
baseline,residual,24,25,19,40.69781987718588,0.0
baseline,residual,24,25,20,39.19856674105823,0.0
baseline,residual,24,25,21,40.69781987718588,0.0
baseline,residual,24,25,22,40.69781987718588,0.0
baseline,residual,24,25,23,39.19856674105823,0.0
baseline,residual,24,26,0,40.77490970941876,0.0
baseline,residual,24,26,1,40.15448896940818,0.0
baseline,residual,24,26,2,40.77490970941876,0.0
baseline,residual,24,26,3,40.15448896940818,0.0
baseline,residual,24,26,4,40.77490970941876,0.0
baseline,residual,24,26,5,37.769444642347636,0.0
baseline,residual,24,26,6,40.77490970941876,0.0
baseline,residual,24,26,7,40.15448896940818,0.0
baseline,residual,24,26,8,40.77490970941876,0.0
baseline,residual,24,26,9,40.15448896940818,0.0
baseline,residual,24,26,10,40.77490970941876,0.0
baseline,residual,24,26,11,40.15448896940818,0.0
baseline,residual,24,26,12,40.77490970941876,0.0
baseline,residual,24,26,13,40.15448896940818,0.0
baseline,residual,24,26,14,40.15448896940818,0.0
baseline,residual,24,26,15,40.77490970941876,0.0
baseline,residual,24,26,16,37.769444642347636,0.0
baseline,residual,24,26,17,40.77490970941876,0.0
baseline,residual,24,26,18,40.15448896940818,0.0
baseline,residual,24,26,19,40.77490970941876,0.0
baseline,residual,24,26,20,40.15448896940818,0.0
baseline,residual,24,26,21,40.77490970941876,0.0
baseline,residual,24,26,22,40.77490970941876,0.0
baseline,residual,24,26,23,40.15448896940818,0.0
baseline,residual,24,27,0,43.648541677136514,0.0
baseline,residual,24,27,1,40.556851700226034,0.0
baseline,residual,24,27,2,43.648541677136514,0.0
baseline,residual,24,27,3,40.556851700226034,0.0
baseline,residual,24,27,4,43.648541677136514,0.0
baseline,residual,24,27,5,37.769444642347636,0.0
baseline,residual,24,27,6,43.648541677136514,0.0
baseline,residual,24,27,7,40.556851700226034,0.0
baseline,residual,24,27,8,43.648541677136514,0.0
baseline,residual,24,27,9,40.556851700226034,0.0
baseline,residual,24,27,10,43.648541677136514,0.0
baseline,residual,24,27,11,40.556851700226034,0.0
baseline,residual,24,27,12,43.648541677136514,0.0
baseline,residual,24,27,13,40.556851700226034,0.0
baseline,residual,24,27,14,40.556851700226034,0.0
baseline,residual,24,27,15,43.648541677136514,0.0
baseline,residual,24,27,16,37.769444642347636,0.0
baseline,residual,24,27,17,43.648541677136514,0.0
baseline,residual,24,27,18,40.556851700226034,0.0
baseline,residual,24,27,19,43.648541677136514,0.0
baseline,residual,24,27,20,40.556851700226034,0.0
baseline,residual,24,27,21,43.648541677136514,0.0
baseline,residual,24,27,22,43.648541677136514,0.0
baseline,residual,24,27,23,40.556851700226034,0.0
baseline,residual,24,28,0,43.648541677136514,0.0
baseline,residual,24,28,1,40.565799222876876,0.0
baseline,residual,24,28,2,43.648541677136514,0.0
baseline,residual,24,28,3,40.565799222876876,0.0
baseline,residual,24,28,4,43.648541677136514,0.0
baseline,residual,24,28,5,37.769444642347636,0.0
baseline,residual,24,28,6,43.648541677136514,0.0
baseline,residual,24,28,7,40.565799222876876,0.0
baseline,residual,24,28,8,43.648541677136514,0.0
baseline,residual,24,28,9,40.565799222876876,0.0
baseline,residual,24,28,10,43.648541677136514,0.0
baseline,residual,24,28,11,40.565799222876876,0.0
baseline,residual,24,28,12,43.648541677136514,0.0
baseline,residual,24,28,13,40.565799222876876,0.0
baseline,residual,24,28,14,40.565799222876876,0.0
baseline,residual,24,28,15,43.648541677136514,0.0
baseline,residual,24,28,16,37.769444642347636,0.0
baseline,residual,24,28,17,43.648541677136514,0.0
baseline,residual,24,28,18,40.565799222876876,0.0
baseline,residual,24,28,19,43.648541677136514,0.0
baseline,residual,24,28,20,40.565799222876876,0.0
baseline,residual,24,28,21,43.648541677136514,0.0
baseline,residual,24,28,22,43.648541677136514,0.0
baseline,residual,24,28,23,40.565799222876876,0.0
baseline,residual,24,29,0,43.648541677136514,0.0
baseline,residual,24,29,1,43.45208426820826,0.0
baseline,residual,24,29,2,43.648541677136514,0.0
baseline,residual,24,29,3,43.45208426820826,0.0
baseline,residual,24,29,4,43.648541677136514,0.0
baseline,residual,24,29,5,37.769444642347636,0.0
baseline,residual,24,29,6,43.648541677136514,0.0
baseline,residual,24,29,7,43.45208426820826,0.0
baseline,residual,24,29,8,43.648541677136514,0.0
baseline,residual,24,29,9,43.45208426820826,0.0
baseline,residual,24,29,10,43.648541677136514,0.0
baseline,residual,24,29,11,43.45208426820826,0.0
baseline,residual,24,29,12,43.648541677136514,0.0
baseline,residual,24,29,13,43.45208426820826,0.0
baseline,residual,24,29,14,43.45208426820826,0.0
baseline,residual,24,29,15,43.648541677136514,0.0
baseline,residual,24,29,16,37.769444642347636,0.0
baseline,residual,24,29,17,43.648541677136514,0.0
baseline,residual,24,29,18,43.45208426820826,0.0
baseline,residual,24,29,19,43.648541677136514,0.0
baseline,residual,24,29,20,43.45208426820826,0.0
baseline,residual,24,29,21,43.648541677136514,0.0
baseline,residual,24,29,22,43.648541677136514,0.0
baseline,residual,24,29,23,43.45208426820826,0.0
baseline,residual,24,30,0,43.648541677136514,0.0
baseline,residual,24,30,1,43.45208426820826,0.0
baseline,residual,24,30,2,43.648541677136514,0.0
baseline,residual,24,30,3,43.45208426820826,0.0
baseline,residual,24,30,4,43.648541677136514,0.0
baseline,residual,24,30,5,37.769444642347636,0.0
baseline,residual,24,30,6,43.648541677136514,0.0
baseline,residual,24,30,7,43.45208426820826,0.0
baseline,residual,24,30,8,43.648541677136514,0.0
baseline,residual,24,30,9,43.45208426820826,0.0
baseline,residual,24,30,10,43.648541677136514,0.0
baseline,residual,24,30,11,43.45208426820826,0.0
baseline,residual,24,30,12,43.648541677136514,0.0
baseline,residual,24,30,13,43.45208426820826,0.0
baseline,residual,24,30,14,43.45208426820826,0.0
baseline,residual,24,30,15,43.648541677136514,0.0
baseline,residual,24,30,16,37.769444642347636,0.0
baseline,residual,24,30,17,43.648541677136514,0.0
baseline,residual,24,30,18,43.45208426820826,0.0
baseline,residual,24,30,19,43.648541677136514,0.0
baseline,residual,24,30,20,43.45208426820826,0.0
baseline,residual,24,30,21,43.648541677136514,0.0
baseline,residual,24,30,22,43.648541677136514,0.0
baseline,residual,24,30,23,43.45208426820826,0.0
baseline,residual,24,31,0,43.648541677136514,0.0
baseline,residual,24,31,1,43.45208426820826,0.0
baseline,residual,24,31,2,43.648541677136514,0.0
baseline,residual,24,31,3,43.45208426820826,0.0
baseline,residual,24,31,4,43.648541677136514,0.0
baseline,residual,24,31,5,37.769444642347636,0.0
baseline,residual,24,31,6,43.648541677136514,0.0
baseline,residual,24,31,7,43.45208426820826,0.0
baseline,residual,24,31,8,43.648541677136514,0.0
baseline,residual,24,31,9,43.45208426820826,0.0
baseline,residual,24,31,10,43.648541677136514,0.0
baseline,residual,24,31,11,43.45208426820826,0.0
baseline,residual,24,31,12,43.648541677136514,0.0
baseline,residual,24,31,13,43.45208426820826,0.0
baseline,residual,24,31,14,43.45208426820826,0.0
baseline,residual,24,31,15,43.648541677136514,0.0
baseline,residual,24,31,16,37.769444642347636,0.0
baseline,residual,24,31,17,43.648541677136514,0.0
baseline,residual,24,31,18,43.45208426820826,0.0
baseline,residual,24,31,19,43.648541677136514,0.0
baseline,residual,24,31,20,43.45208426820826,0.0
baseline,residual,24,31,21,43.648541677136514,0.0
baseline,residual,24,31,22,43.648541677136514,0.0
baseline,residual,24,31,23,43.45208426820826,0.0
baseline,residual,24,32,0,43.648541677136514,0.0
baseline,residual,24,32,1,48.30391669763399,0.0
baseline,residual,24,32,2,43.648541677136514,0.0
baseline,residual,24,32,3,48.30391669763399,0.0
baseline,residual,24,32,4,48.30391669763399,0.0
baseline,residual,24,32,5,38.949939656521465,0.0
baseline,residual,24,32,6,43.648541677136514,0.0
baseline,residual,24,32,7,48.30391669763399,0.0
baseline,residual,24,32,8,43.648541677136514,0.0
baseline,residual,24,32,9,48.30391669763399,0.0
baseline,residual,24,32,10,43.648541677136514,0.0
baseline,residual,24,32,11,48.30391669763399,0.0
baseline,residual,24,32,12,43.648541677136514,0.0
baseline,residual,24,32,13,48.30391669763399,0.0
baseline,residual,24,32,14,48.30391669763399,0.0
baseline,residual,24,32,15,43.648541677136514,0.0
baseline,residual,24,32,16,38.949939656521465,0.0
baseline,residual,24,32,17,48.30391669763399,0.0
baseline,residual,24,32,18,48.30391669763399,0.0
baseline,residual,24,32,19,43.648541677136514,0.0
baseline,residual,24,32,20,48.30391669763399,0.0
baseline,residual,24,32,21,43.648541677136514,0.0
baseline,residual,24,32,22,43.648541677136514,0.0
baseline,residual,24,32,23,48.30391669763399,0.0
baseline,residual,24,33,0,43.648541677136514,0.0
baseline,residual,24,33,1,47.518611231525774,0.0
baseline,residual,24,33,2,43.648541677136514,0.0
baseline,residual,24,33,3,47.518611231525774,0.0
baseline,residual,24,33,4,47.518611231525774,0.0
baseline,residual,24,33,5,41.54334212699622,0.0
baseline,residual,24,33,6,43.648541677136514,0.0
baseline,residual,24,33,7,47.518611231525774,0.0
baseline,residual,24,33,8,43.648541677136514,0.0
baseline,residual,24,33,9,47.518611231525774,0.0
baseline,residual,24,33,10,43.648541677136514,0.0
baseline,residual,24,33,11,47.518611231525774,0.0
baseline,residual,24,33,12,43.648541677136514,0.0
baseline,residual,24,33,13,47.518611231525774,0.0
baseline,residual,24,33,14,47.518611231525774,0.0
baseline,residual,24,33,15,43.648541677136514,0.0
baseline,residual,24,33,16,41.54334212699622,0.0
baseline,residual,24,33,17,47.518611231525774,0.0
baseline,residual,24,33,18,47.518611231525774,0.0
baseline,residual,24,33,19,43.648541677136514,0.0
baseline,residual,24,33,20,47.518611231525774,0.0
baseline,residual,24,33,21,43.648541677136514,0.0
baseline,residual,24,33,22,43.648541677136514,0.0
baseline,residual,24,33,23,47.518611231525774,0.0
baseline,residual,24,34,0,43.648541677136514,0.0
baseline,residual,24,34,1,47.518611231525774,0.0
baseline,residual,24,34,2,43.648541677136514,0.0
baseline,residual,24,34,3,47.518611231525774,0.0
baseline,residual,24,34,4,47.518611231525774,0.0
baseline,residual,24,34,5,41.54334212699622,0.0
baseline,residual,24,34,6,43.648541677136514,0.0
baseline,residual,24,34,7,47.518611231525774,0.0
baseline,residual,24,34,8,43.648541677136514,0.0
baseline,residual,24,34,9,47.518611231525774,0.0
baseline,residual,24,34,10,43.648541677136514,0.0
baseline,residual,24,34,11,47.518611231525774,0.0
baseline,residual,24,34,12,43.648541677136514,0.0
baseline,residual,24,34,13,47.518611231525774,0.0
baseline,residual,24,34,14,47.518611231525774,0.0
baseline,residual,24,34,15,43.648541677136514,0.0
baseline,residual,24,34,16,41.54334212699622,0.0
baseline,residual,24,34,17,47.518611231525774,0.0
baseline,residual,24,34,18,47.518611231525774,0.0
baseline,residual,24,34,19,43.648541677136514,0.0
baseline,residual,24,34,20,47.518611231525774,0.0
baseline,residual,24,34,21,43.648541677136514,0.0
baseline,residual,24,34,22,43.648541677136514,0.0
baseline,residual,24,34,23,47.518611231525774,0.0
baseline,residual,24,35,0,43.649083431171114,0.0
baseline,residual,24,35,1,47.518812411864104,0.0
baseline,residual,24,35,2,43.649083431171114,0.0
baseline,residual,24,35,3,47.518812411864104,0.0
baseline,residual,24,35,4,47.518812411864104,0.0
baseline,residual,24,35,5,41.54334212699622,0.0
baseline,residual,24,35,6,43.649083431171114,0.0
baseline,residual,24,35,7,47.518812411864104,0.0
baseline,residual,24,35,8,43.649083431171114,0.0
baseline,residual,24,35,9,47.518812411864104,0.0
baseline,residual,24,35,10,43.649083431171114,0.0
baseline,residual,24,35,11,47.518812411864104,0.0
baseline,residual,24,35,12,43.649083431171114,0.0
baseline,residual,24,35,13,47.518812411864104,0.0
baseline,residual,24,35,14,47.518812411864104,0.0
baseline,residual,24,35,15,43.649083431171114,0.0
baseline,residual,24,35,16,41.54334212699622,0.0
baseline,residual,24,35,17,47.518812411864104,0.0
baseline,residual,24,35,18,47.518812411864104,0.0
baseline,residual,24,35,19,43.649083431171114,0.0
baseline,residual,24,35,20,47.518812411864104,0.0
baseline,residual,24,35,21,43.649083431171114,0.0
baseline,residual,24,35,22,43.649083431171114,0.0
baseline,residual,24,35,23,47.518812411864104,0.0
baseline,residual,24,36,0,51.46062652359873,0.0
baseline,residual,24,36,1,47.518812411864104,0.0
baseline,residual,24,36,2,51.46062652359873,0.0
baseline,residual,24,36,3,47.518812411864104,0.0
baseline,residual,24,36,4,51.46062652359873,0.0
baseline,residual,24,36,5,45.92189745711935,0.0
baseline,residual,24,36,6,51.46062652359873,0.0
baseline,residual,24,36,7,47.518812411864104,0.0
baseline,residual,24,36,8,51.46062652359873,0.0
baseline,residual,24,36,9,47.518812411864104,0.0
baseline,residual,24,36,10,51.46062652359873,0.0
baseline,residual,24,36,11,47.518812411864104,0.0
baseline,residual,24,36,12,51.46062652359873,0.0
baseline,residual,24,36,13,47.518812411864104,0.0
baseline,residual,24,36,14,47.518812411864104,0.0
baseline,residual,24,36,15,51.46062652359873,0.0
baseline,residual,24,36,16,45.92189745711935,0.0
baseline,residual,24,36,17,51.46062652359873,0.0
baseline,residual,24,36,18,47.518812411864104,0.0
baseline,residual,24,36,19,51.46062652359873,0.0
baseline,residual,24,36,20,47.518812411864104,0.0
baseline,residual,24,36,21,51.46062652359873,0.0
baseline,residual,24,36,22,51.46062652359873,0.0
baseline,residual,24,36,23,47.518812411864104,0.0
baseline,residual,24,37,0,51.46062652359873,0.0
baseline,residual,24,37,1,47.518812411864104,0.0
baseline,residual,24,37,2,51.46062652359873,0.0
baseline,residual,24,37,3,47.518812411864104,0.0
baseline,residual,24,37,4,51.46062652359873,0.0
baseline,residual,24,37,5,45.923975940895275,0.0
baseline,residual,24,37,6,51.46062652359873,0.0
baseline,residual,24,37,7,47.518812411864104,0.0
baseline,residual,24,37,8,51.46062652359873,0.0
baseline,residual,24,37,9,47.518812411864104,0.0
baseline,residual,24,37,10,51.46062652359873,0.0
baseline,residual,24,37,11,47.518812411864104,0.0
baseline,residual,24,37,12,51.46062652359873,0.0
baseline,residual,24,37,13,47.518812411864104,0.0
baseline,residual,24,37,14,47.518812411864104,0.0
baseline,residual,24,37,15,51.46062652359873,0.0
baseline,residual,24,37,16,45.923975940895275,0.0
baseline,residual,24,37,17,51.46062652359873,0.0
baseline,residual,24,37,18,47.518812411864104,0.0
baseline,residual,24,37,19,51.46062652359873,0.0
baseline,residual,24,37,20,47.518812411864104,0.0
baseline,residual,24,37,21,51.46062652359873,0.0
baseline,residual,24,37,22,51.46062652359873,0.0
baseline,residual,24,37,23,47.518812411864104,0.0
baseline,residual,24,38,0,51.46062652359873,0.0
baseline,residual,24,38,1,48.17696359714641,0.0
baseline,residual,24,38,2,51.46062652359873,0.0
baseline,residual,24,38,3,48.17696359714641,0.0
baseline,residual,24,38,4,51.46062652359873,0.0
baseline,residual,24,38,5,45.923975940895275,0.0
baseline,residual,24,38,6,51.46062652359873,0.0
baseline,residual,24,38,7,48.17696359714641,0.0
baseline,residual,24,38,8,51.46062652359873,0.0
baseline,residual,24,38,9,48.17696359714641,0.0
baseline,residual,24,38,10,51.46062652359873,0.0
baseline,residual,24,38,11,48.17696359714641,0.0
baseline,residual,24,38,12,51.46062652359873,0.0
baseline,residual,24,38,13,48.17696359714641,0.0
baseline,residual,24,38,14,48.17696359714641,0.0
baseline,residual,24,38,15,51.46062652359873,0.0
baseline,residual,24,38,16,45.923975940895275,0.0
baseline,residual,24,38,17,51.46062652359873,0.0
baseline,residual,24,38,18,48.17696359714641,0.0
baseline,residual,24,38,19,51.46062652359873,0.0
baseline,residual,24,38,20,48.17696359714641,0.0
baseline,residual,24,38,21,51.46062652359873,0.0
baseline,residual,24,38,22,51.46062652359873,0.0
baseline,residual,24,38,23,48.17696359714641,0.0
baseline,residual,24,39,0,51.46062652359873,0.0
baseline,residual,24,39,1,48.17696359714641,0.0
baseline,residual,24,39,2,51.46062652359873,0.0
baseline,residual,24,39,3,48.17696359714641,0.0
baseline,residual,24,39,4,51.46062652359873,0.0
baseline,residual,24,39,5,45.923975940895275,0.0
baseline,residual,24,39,6,51.46062652359873,0.0
baseline,residual,24,39,7,48.17696359714641,0.0
baseline,residual,24,39,8,51.46062652359873,0.0
baseline,residual,24,39,9,48.17696359714641,0.0
baseline,residual,24,39,10,51.46062652359873,0.0
baseline,residual,24,39,11,48.17696359714641,0.0
baseline,residual,24,39,12,51.46062652359873,0.0
baseline,residual,24,39,13,48.17696359714641,0.0
baseline,residual,24,39,14,48.17696359714641,0.0
baseline,residual,24,39,15,51.46062652359873,0.0
baseline,residual,24,39,16,45.923975940895275,0.0
baseline,residual,24,39,17,51.46062652359873,0.0
baseline,residual,24,39,18,48.17696359714641,0.0
baseline,residual,24,39,19,51.46062652359873,0.0
baseline,residual,24,39,20,48.17696359714641,0.0
baseline,residual,24,39,21,51.46062652359873,0.0
baseline,residual,24,39,22,51.46062652359873,0.0
baseline,residual,24,39,23,48.17696359714641,0.0
baseline,residual,24,40,0,51.46062652359873,0.0
baseline,residual,24,40,1,48.17696359714641,0.0
baseline,residual,24,40,2,51.46062652359873,0.0
baseline,residual,24,40,3,48.17696359714641,0.0
baseline,residual,24,40,4,51.46062652359873,0.0
baseline,residual,24,40,5,45.923975940895275,0.0
baseline,residual,24,40,6,51.46062652359873,0.0
baseline,residual,24,40,7,48.17696359714641,0.0
baseline,residual,24,40,8,51.46062652359873,0.0
baseline,residual,24,40,9,48.17696359714641,0.0
baseline,residual,24,40,10,51.46062652359873,0.0
baseline,residual,24,40,11,48.17696359714641,0.0
baseline,residual,24,40,12,51.46062652359873,0.0
baseline,residual,24,40,13,48.17696359714641,0.0
baseline,residual,24,40,14,48.17696359714641,0.0
baseline,residual,24,40,15,51.46062652359873,0.0
baseline,residual,24,40,16,45.923975940895275,0.0
baseline,residual,24,40,17,51.46062652359873,0.0
baseline,residual,24,40,18,48.17696359714641,0.0
baseline,residual,24,40,19,51.46062652359873,0.0
baseline,residual,24,40,20,48.17696359714641,0.0
baseline,residual,24,40,21,51.46062652359873,0.0
baseline,residual,24,40,22,51.46062652359873,0.0
baseline,residual,24,40,23,48.17696359714641,0.0
baseline,residual,24,41,0,51.46062652359873,0.0
baseline,residual,24,41,1,49.19895123830982,0.0
baseline,residual,24,41,2,51.46062652359873,0.0
baseline,residual,24,41,3,49.19895123830982,0.0
baseline,residual,24,41,4,51.46062652359873,0.0
baseline,residual,24,41,5,45.923975940895275,0.0
baseline,residual,24,41,6,51.46062652359873,0.0
baseline,residual,24,41,7,49.19895123830982,0.0
baseline,residual,24,41,8,51.46062652359873,0.0
baseline,residual,24,41,9,49.19895123830982,0.0
baseline,residual,24,41,10,51.46062652359873,0.0
baseline,residual,24,41,11,49.19895123830982,0.0
baseline,residual,24,41,12,51.46062652359873,0.0
baseline,residual,24,41,13,49.19895123830982,0.0
baseline,residual,24,41,14,49.19895123830982,0.0
baseline,residual,24,41,15,51.46062652359873,0.0
baseline,residual,24,41,16,45.923975940895275,0.0
baseline,residual,24,41,17,51.46062652359873,0.0
baseline,residual,24,41,18,49.19895123830982,0.0
baseline,residual,24,41,19,51.46062652359873,0.0
baseline,residual,24,41,20,49.19895123830982,0.0
baseline,residual,24,41,21,51.46062652359873,0.0
baseline,residual,24,41,22,51.46062652359873,0.0
baseline,residual,24,41,23,49.19895123830982,0.0
baseline,residual,24,42,0,51.40320010879138,0.0
baseline,residual,24,42,1,49.19895123830982,0.0
baseline,residual,24,42,2,49.76922289815494,0.0
baseline,residual,24,42,3,51.40320010879138,0.0
baseline,residual,24,42,4,51.40320010879138,0.0
baseline,residual,24,42,5,49.40338672673831,0.0
baseline,residual,24,42,6,51.40320010879138,0.0
baseline,residual,24,42,7,49.19895123830982,0.0
baseline,residual,24,42,8,51.40320010879138,0.0
baseline,residual,24,42,9,49.19895123830982,0.0
baseline,residual,24,42,10,51.40320010879138,0.0
baseline,residual,24,42,11,49.19895123830982,0.0
baseline,residual,24,42,12,51.40320010879138,0.0
baseline,residual,24,42,13,49.19895123830982,0.0
baseline,residual,24,42,14,49.19895123830982,0.0
baseline,residual,24,42,15,51.40320010879138,0.0
baseline,residual,24,42,16,49.40338672673831,0.0
baseline,residual,24,42,17,51.40320010879138,0.0
baseline,residual,24,42,18,49.19895123830982,0.0
baseline,residual,24,42,19,51.40320010879138,0.0
baseline,residual,24,42,20,51.40320010879138,0.0
baseline,residual,24,42,21,49.76922289815494,0.0
baseline,residual,24,42,22,51.40320010879138,0.0
baseline,residual,24,42,23,49.19895123830982,0.0
baseline,residual,24,43,0,51.40320010879138,0.0
baseline,residual,24,43,1,52.43880230361794,0.0
baseline,residual,24,43,2,49.76922289815494,0.0
baseline,residual,24,43,3,52.43880230361794,0.0
baseline,residual,24,43,4,52.43880230361794,0.0
baseline,residual,24,43,5,49.40338672673831,0.0
baseline,residual,24,43,6,52.43880230361794,0.0
baseline,residual,24,43,7,51.71151050143036,0.0
baseline,residual,24,43,8,51.40320010879138,0.0
baseline,residual,24,43,9,52.43880230361794,0.0
baseline,residual,24,43,10,51.40320010879138,0.0
baseline,residual,24,43,11,52.43880230361794,0.0
baseline,residual,24,43,12,51.40320010879138,0.0
baseline,residual,24,43,13,52.43880230361794,0.0
baseline,residual,24,43,14,52.43880230361794,0.0
baseline,residual,24,43,15,51.40320010879138,0.0
baseline,residual,24,43,16,49.40338672673831,0.0
baseline,residual,24,43,17,52.43880230361794,0.0
baseline,residual,24,43,18,52.43880230361794,0.0
baseline,residual,24,43,19,51.40320010879138,0.0
baseline,residual,24,43,20,52.43880230361794,0.0
baseline,residual,24,43,21,49.76922289815494,0.0
baseline,residual,24,43,22,51.40320010879138,0.0
baseline,residual,24,43,23,52.43880230361794,0.0
baseline,residual,24,44,0,51.40320010879138,0.0
baseline,residual,24,44,1,52.43880230361794,0.0
baseline,residual,24,44,2,49.76922289815494,0.0
baseline,residual,24,44,3,52.43880230361794,0.0
baseline,residual,24,44,4,52.43880230361794,0.0
baseline,residual,24,44,5,49.40338672673831,0.0
baseline,residual,24,44,6,52.43880230361794,0.0
baseline,residual,24,44,7,51.71151050143036,0.0
baseline,residual,24,44,8,51.40320010879138,0.0
baseline,residual,24,44,9,52.43880230361794,0.0
baseline,residual,24,44,10,51.40320010879138,0.0
baseline,residual,24,44,11,52.43880230361794,0.0
baseline,residual,24,44,12,51.40320010879138,0.0
baseline,residual,24,44,13,52.43880230361794,0.0
baseline,residual,24,44,14,52.43880230361794,0.0
baseline,residual,24,44,15,51.40320010879138,0.0
baseline,residual,24,44,16,49.40338672673831,0.0
baseline,residual,24,44,17,52.43880230361794,0.0
baseline,residual,24,44,18,52.43880230361794,0.0
baseline,residual,24,44,19,51.40320010879138,0.0
baseline,residual,24,44,20,52.43880230361794,0.0
baseline,residual,24,44,21,49.76922289815494,0.0
baseline,residual,24,44,22,51.40320010879138,0.0
baseline,residual,24,44,23,52.43880230361794,0.0
baseline,residual,24,45,0,51.436868373699085,0.0
baseline,residual,24,45,1,52.42582338093604,0.0
baseline,residual,24,45,2,49.769641040139426,0.0
baseline,residual,24,45,3,52.42582338093604,0.0
baseline,residual,24,45,4,52.42582338093604,0.0
baseline,residual,24,45,5,49.40338672673831,0.0
baseline,residual,24,45,6,52.42582338093604,0.0
baseline,residual,24,45,7,51.711733063073055,0.0
baseline,residual,24,45,8,51.436868373699085,0.0
baseline,residual,24,45,9,52.42582338093604,0.0
baseline,residual,24,45,10,51.436868373699085,0.0
baseline,residual,24,45,11,52.42582338093604,0.0
baseline,residual,24,45,12,51.436868373699085,0.0
baseline,residual,24,45,13,52.42582338093604,0.0
baseline,residual,24,45,14,52.42582338093604,0.0
baseline,residual,24,45,15,51.436868373699085,0.0
baseline,residual,24,45,16,49.40338672673831,0.0
baseline,residual,24,45,17,52.42582338093604,0.0
baseline,residual,24,45,18,52.42582338093604,0.0
baseline,residual,24,45,19,51.436868373699085,0.0
baseline,residual,24,45,20,52.42582338093604,0.0
baseline,residual,24,45,21,49.769641040139426,0.0
baseline,residual,24,45,22,51.436868373699085,0.0
baseline,residual,24,45,23,52.42582338093604,0.0
baseline,residual,24,46,0,57.178961917660686,0.0
baseline,residual,24,46,1,52.42582338093604,0.0
baseline,residual,24,46,2,57.178961917660686,0.0
baseline,residual,24,46,3,53.6650968768564,0.0
baseline,residual,24,46,4,53.6650968768564,0.0
baseline,residual,24,46,5,57.178961917660686,0.0
baseline,residual,24,46,6,57.178961917660686,0.0
baseline,residual,24,46,7,51.711733063073055,0.0
baseline,residual,24,46,8,57.178961917660686,0.0
baseline,residual,24,46,9,52.42582338093604,0.0
baseline,residual,24,46,10,57.178961917660686,0.0
baseline,residual,24,46,11,52.42582338093604,0.0
baseline,residual,24,46,12,57.178961917660686,0.0
baseline,residual,24,46,13,52.42582338093604,0.0
baseline,residual,24,46,14,52.42582338093604,0.0
baseline,residual,24,46,15,57.178961917660686,0.0
baseline,residual,24,46,16,57.178961917660686,0.0
baseline,residual,24,46,17,53.6650968768564,0.0
baseline,residual,24,46,18,52.42582338093604,0.0
baseline,residual,24,46,19,57.178961917660686,0.0
baseline,residual,24,46,20,53.6650968768564,0.0
baseline,residual,24,46,21,57.178961917660686,0.0
baseline,residual,24,46,22,57.178961917660686,0.0
baseline,residual,24,46,23,52.42582338093604,0.0
baseline,residual,24,47,0,54.56653867436375,0.0
baseline,residual,24,47,1,52.42582338093604,0.0
baseline,residual,24,47,2,54.56653867436375,0.0
baseline,residual,24,47,3,53.6650968768564,0.0
baseline,residual,24,47,4,54.2255298460749,0.0
baseline,residual,24,47,5,54.56653867436375,0.0
baseline,residual,24,47,6,54.56653867436375,0.0
baseline,residual,24,47,7,51.711733063073055,0.0
baseline,residual,24,47,8,54.56653867436375,0.0
baseline,residual,24,47,9,52.42582338093604,0.0
baseline,residual,24,47,10,54.56653867436375,0.0
baseline,residual,24,47,11,52.42582338093604,0.0
baseline,residual,24,47,12,54.56653867436375,0.0
baseline,residual,24,47,13,52.42582338093604,0.0
baseline,residual,24,47,14,52.42582338093604,0.0
baseline,residual,24,47,15,54.56653867436375,0.0
baseline,residual,24,47,16,54.56653867436375,0.0
baseline,residual,24,47,17,54.2255298460749,0.0
baseline,residual,24,47,18,52.42582338093604,0.0
baseline,residual,24,47,19,54.56653867436375,0.0
baseline,residual,24,47,20,53.6650968768564,0.0
baseline,residual,24,47,21,54.56653867436375,0.0
baseline,residual,24,47,22,54.56653867436375,0.0
baseline,residual,24,47,23,52.42582338093604,0.0
baseline,residual,24,48,0,54.56653867436375,0.0
baseline,residual,24,48,1,54.05165658125436,0.0
baseline,residual,24,48,2,54.56653867436375,0.0
baseline,residual,24,48,3,54.05165658125436,0.0
baseline,residual,24,48,4,54.2255298460749,0.0
baseline,residual,24,48,5,54.56653867436375,0.0
baseline,residual,24,48,6,54.56653867436375,0.0
baseline,residual,24,48,7,51.277631313053256,0.0
baseline,residual,24,48,8,54.56653867436375,0.0
baseline,residual,24,48,9,54.05165658125436,0.0
baseline,residual,24,48,10,54.56653867436375,0.0
baseline,residual,24,48,11,54.05165658125436,0.0
baseline,residual,24,48,12,54.56653867436375,0.0
baseline,residual,24,48,13,54.05165658125436,0.0
baseline,residual,24,48,14,54.05165658125436,0.0
baseline,residual,24,48,15,54.56653867436375,0.0
baseline,residual,24,48,16,54.56653867436375,0.0
baseline,residual,24,48,17,54.2255298460749,0.0
baseline,residual,24,48,18,54.05165658125436,0.0
baseline,residual,24,48,19,54.56653867436375,0.0
baseline,residual,24,48,20,54.05165658125436,0.0
baseline,residual,24,48,21,54.56653867436375,0.0
baseline,residual,24,48,22,54.56653867436375,0.0
baseline,residual,24,48,23,54.05165658125436,0.0
baseline,residual,24,49,0,54.56653867436375,0.0
baseline,residual,24,49,1,54.30465088685682,0.0
baseline,residual,24,49,2,54.56653867436375,0.0
baseline,residual,24,49,3,54.30465088685682,0.0
baseline,residual,24,49,4,54.30465088685682,0.0
baseline,residual,24,49,5,54.56653867436375,0.0
baseline,residual,24,49,6,54.56653867436375,0.0
baseline,residual,24,49,7,53.21748036859483,0.0
baseline,residual,24,49,8,54.56653867436375,0.0
baseline,residual,24,49,9,54.30465088685682,0.0
baseline,residual,24,49,10,54.56653867436375,0.0
baseline,residual,24,49,11,54.30465088685682,0.0
baseline,residual,24,49,12,54.56653867436375,0.0
baseline,residual,24,49,13,54.30465088685682,0.0
baseline,residual,24,49,14,54.30465088685682,0.0
baseline,residual,24,49,15,54.56653867436375,0.0
baseline,residual,24,49,16,54.56653867436375,0.0
baseline,residual,24,49,17,54.30465088685682,0.0
baseline,residual,24,49,18,54.30465088685682,0.0
baseline,residual,24,49,19,54.56653867436375,0.0
baseline,residual,24,49,20,54.30465088685682,0.0
baseline,residual,24,49,21,54.56653867436375,0.0
baseline,residual,24,49,22,54.56653867436375,0.0
baseline,residual,24,49,23,54.30465088685682,0.0
baseline,residual,24,50,0,62.64208735959234,0.0
baseline,residual,24,50,1,54.30465088685682,0.0
baseline,residual,24,50,2,62.64208735959234,0.0
baseline,residual,24,50,3,54.30465088685682,0.0
baseline,residual,24,50,4,59.54044704741799,0.0
baseline,residual,24,50,5,62.64208735959234,0.0
baseline,residual,24,50,6,62.64208735959234,0.0
baseline,residual,24,50,7,53.21748036859483,0.0
baseline,residual,24,50,8,62.64208735959234,0.0
baseline,residual,24,50,9,54.30465088685682,0.0
baseline,residual,24,50,10,62.64208735959234,0.0
baseline,residual,24,50,11,54.30465088685682,0.0
baseline,residual,24,50,12,62.64208735959234,0.0
baseline,residual,24,50,13,54.30465088685682,0.0
baseline,residual,24,50,14,54.30465088685682,0.0
baseline,residual,24,50,15,62.64208735959234,0.0
baseline,residual,24,50,16,62.64208735959234,0.0
baseline,residual,24,50,17,59.54044704741799,0.0
baseline,residual,24,50,18,54.30465088685682,0.0
baseline,residual,24,50,19,62.64208735959234,0.0
baseline,residual,24,50,20,54.30465088685682,0.0
baseline,residual,24,50,21,62.64208735959234,0.0
baseline,residual,24,50,22,62.64208735959234,0.0
baseline,residual,24,50,23,54.30465088685682,0.0
baseline,residual,24,51,0,62.649717843278786,0.0
baseline,residual,24,51,1,54.29697325161949,0.0
baseline,residual,24,51,2,62.649717843278786,0.0
baseline,residual,24,51,3,54.29697325161949,0.0
baseline,residual,24,51,4,59.54045186985334,0.0
baseline,residual,24,51,5,62.649717843278786,0.0
baseline,residual,24,51,6,62.649717843278786,0.0
baseline,residual,24,51,7,53.21748036859483,0.0
baseline,residual,24,51,8,62.649717843278786,0.0
baseline,residual,24,51,9,54.29697325161949,0.0
baseline,residual,24,51,10,62.649717843278786,0.0
baseline,residual,24,51,11,54.29697325161949,0.0
baseline,residual,24,51,12,62.649717843278786,0.0
baseline,residual,24,51,13,54.29697325161949,0.0
baseline,residual,24,51,14,54.29697325161949,0.0
baseline,residual,24,51,15,62.649717843278786,0.0
baseline,residual,24,51,16,62.649717843278786,0.0
baseline,residual,24,51,17,59.54045186985334,0.0
baseline,residual,24,51,18,54.29697325161949,0.0
baseline,residual,24,51,19,62.649717843278786,0.0
baseline,residual,24,51,20,54.29697325161949,0.0
baseline,residual,24,51,21,62.649717843278786,0.0
baseline,residual,24,51,22,62.649717843278786,0.0
baseline,residual,24,51,23,54.29697325161949,0.0
baseline,residual,24,52,0,62.653238333165405,0.0
baseline,residual,24,52,1,54.29697325161949,0.0
baseline,residual,24,52,2,62.653238333165405,0.0
baseline,residual,24,52,3,54.5490558330268,0.0
baseline,residual,24,52,4,59.40790509274245,0.0
baseline,residual,24,52,5,62.653238333165405,0.0
baseline,residual,24,52,6,62.653238333165405,0.0
baseline,residual,24,52,7,53.21748036859483,0.0
baseline,residual,24,52,8,62.653238333165405,0.0
baseline,residual,24,52,9,54.29697325161949,0.0
baseline,residual,24,52,10,62.653238333165405,0.0
baseline,residual,24,52,11,54.29697325161949,0.0
baseline,residual,24,52,12,62.653238333165405,0.0
baseline,residual,24,52,13,54.29697325161949,0.0
baseline,residual,24,52,14,54.29697325161949,0.0
baseline,residual,24,52,15,62.653238333165405,0.0
baseline,residual,24,52,16,62.653238333165405,0.0
baseline,residual,24,52,17,59.40790509274245,0.0
baseline,residual,24,52,18,54.29697325161949,0.0
baseline,residual,24,52,19,62.653238333165405,0.0
baseline,residual,24,52,20,54.5490558330268,0.0
baseline,residual,24,52,21,62.653238333165405,0.0
baseline,residual,24,52,22,62.653238333165405,0.0
baseline,residual,24,52,23,54.29697325161949,0.0
baseline,residual,24,53,0,62.775349072332475,0.0
baseline,residual,24,53,1,54.29697325161949,0.0
baseline,residual,24,53,2,62.775349072332475,0.0
baseline,residual,24,53,3,54.5490558330268,0.0
baseline,residual,24,53,4,59.40814504146591,0.0
baseline,residual,24,53,5,62.775349072332475,0.0
baseline,residual,24,53,6,62.775349072332475,0.0
baseline,residual,24,53,7,53.21748036859483,0.0
baseline,residual,24,53,8,62.775349072332475,0.0
baseline,residual,24,53,9,54.29697325161949,0.0
baseline,residual,24,53,10,62.775349072332475,0.0
baseline,residual,24,53,11,54.29697325161949,0.0
baseline,residual,24,53,12,62.775349072332475,0.0
baseline,residual,24,53,13,54.29697325161949,0.0
baseline,residual,24,53,14,54.29697325161949,0.0
baseline,residual,24,53,15,62.775349072332475,0.0
baseline,residual,24,53,16,62.775349072332475,0.0
baseline,residual,24,53,17,59.40814504146591,0.0
baseline,residual,24,53,18,54.29697325161949,0.0
baseline,residual,24,53,19,62.775349072332475,0.0
baseline,residual,24,53,20,54.5490558330268,0.0
baseline,residual,24,53,21,62.775349072332475,0.0
baseline,residual,24,53,22,62.775349072332475,0.0
baseline,residual,24,53,23,54.29697325161949,0.0
baseline,residual,24,54,0,62.775349072332475,0.0
baseline,residual,24,54,1,56.96753847341946,0.0
baseline,residual,24,54,2,62.775349072332475,0.0
baseline,residual,24,54,3,56.96753847341946,0.0
baseline,residual,24,54,4,60.33938669685951,0.0
baseline,residual,24,54,5,62.775349072332475,0.0
baseline,residual,24,54,6,62.775349072332475,0.0
baseline,residual,24,54,7,53.217505660188294,0.0
baseline,residual,24,54,8,62.775349072332475,0.0
baseline,residual,24,54,9,56.96753847341946,0.0
baseline,residual,24,54,10,62.775349072332475,0.0
baseline,residual,24,54,11,56.96753847341946,0.0
baseline,residual,24,54,12,62.775349072332475,0.0
baseline,residual,24,54,13,56.96753847341946,0.0
baseline,residual,24,54,14,56.96753847341946,0.0
baseline,residual,24,54,15,62.775349072332475,0.0
baseline,residual,24,54,16,62.775349072332475,0.0
baseline,residual,24,54,17,60.33938669685951,0.0
baseline,residual,24,54,18,56.96753847341946,0.0
baseline,residual,24,54,19,62.775349072332475,0.0
baseline,residual,24,54,20,56.96753847341946,0.0
baseline,residual,24,54,21,62.775349072332475,0.0
baseline,residual,24,54,22,62.775349072332475,0.0
baseline,residual,24,54,23,56.96753847341946,0.0
baseline,residual,24,55,0,62.775349072332475,0.0
baseline,residual,24,55,1,57.01093123503659,0.0
baseline,residual,24,55,2,62.775349072332475,0.0
baseline,residual,24,55,3,57.01093123503659,0.0
baseline,residual,24,55,4,60.33938669685951,0.0
baseline,residual,24,55,5,62.775349072332475,0.0
baseline,residual,24,55,6,62.775349072332475,0.0
baseline,residual,24,55,7,54.219086551891515,0.0
baseline,residual,24,55,8,62.775349072332475,0.0
baseline,residual,24,55,9,57.01093123503659,0.0
baseline,residual,24,55,10,62.775349072332475,0.0
baseline,residual,24,55,11,57.01093123503659,0.0
baseline,residual,24,55,12,62.775349072332475,0.0
baseline,residual,24,55,13,57.01093123503659,0.0
baseline,residual,24,55,14,57.01093123503659,0.0
baseline,residual,24,55,15,62.775349072332475,0.0
baseline,residual,24,55,16,62.775349072332475,0.0
baseline,residual,24,55,17,60.33938669685951,0.0
baseline,residual,24,55,18,57.01093123503659,0.0
baseline,residual,24,55,19,62.775349072332475,0.0
baseline,residual,24,55,20,57.01093123503659,0.0
baseline,residual,24,55,21,62.775349072332475,0.0
baseline,residual,24,55,22,62.775349072332475,0.0
baseline,residual,24,55,23,57.01093123503659,0.0
baseline,residual,24,56,0,67.89589833478001,0.0
baseline,residual,24,56,1,57.01093123503659,0.0
baseline,residual,24,56,2,67.89589833478001,0.0
baseline,residual,24,56,3,59.23710079339477,0.0
baseline,residual,24,56,4,63.581190348932935,0.0
baseline,residual,24,56,5,67.89589833478001,0.0
baseline,residual,24,56,6,67.89589833478001,0.0
baseline,residual,24,56,7,54.219086551891515,0.0
baseline,residual,24,56,8,67.89589833478001,0.0
baseline,residual,24,56,9,57.01093123503659,0.0
baseline,residual,24,56,10,67.89589833478001,0.0
baseline,residual,24,56,11,57.01093123503659,0.0
baseline,residual,24,56,12,67.89589833478001,0.0
baseline,residual,24,56,13,57.01093123503659,0.0
baseline,residual,24,56,14,57.01093123503659,0.0
baseline,residual,24,56,15,67.89589833478001,0.0
baseline,residual,24,56,16,67.89589833478001,0.0
baseline,residual,24,56,17,63.581190348932935,0.0
baseline,residual,24,56,18,57.01093123503659,0.0
baseline,residual,24,56,19,67.89589833478001,0.0
baseline,residual,24,56,20,59.23710079339477,0.0
baseline,residual,24,56,21,67.89589833478001,0.0
baseline,residual,24,56,22,67.89589833478001,0.0
baseline,residual,24,56,23,57.01093123503659,0.0
baseline,residual,24,57,0,67.89589833478001,0.0
baseline,residual,24,57,1,60.858401925739436,0.0
baseline,residual,24,57,2,67.89589833478001,0.0
baseline,residual,24,57,3,60.858401925739436,0.0
baseline,residual,24,57,4,63.581190348932935,0.0
baseline,residual,24,57,5,67.89589833478001,0.0
baseline,residual,24,57,6,67.89589833478001,0.0
baseline,residual,24,57,7,54.211004646974985,0.0
baseline,residual,24,57,8,67.89589833478001,0.0
baseline,residual,24,57,9,60.858401925739436,0.0
baseline,residual,24,57,10,67.89589833478001,0.0
baseline,residual,24,57,11,60.858401925739436,0.0
baseline,residual,24,57,12,67.89589833478001,0.0
baseline,residual,24,57,13,60.858401925739436,0.0
baseline,residual,24,57,14,60.858401925739436,0.0
baseline,residual,24,57,15,67.89589833478001,0.0
baseline,residual,24,57,16,67.89589833478001,0.0
baseline,residual,24,57,17,63.581190348932935,0.0
baseline,residual,24,57,18,60.858401925739436,0.0
baseline,residual,24,57,19,67.89589833478001,0.0
baseline,residual,24,57,20,60.858401925739436,0.0
baseline,residual,24,57,21,67.89589833478001,0.0
baseline,residual,24,57,22,67.89589833478001,0.0
baseline,residual,24,57,23,60.858401925739436,0.0
baseline,residual,24,58,0,67.89589833478001,0.0
baseline,residual,24,58,1,61.11742920984362,0.0
baseline,residual,24,58,2,67.89589833478001,0.0
baseline,residual,24,58,3,61.11742920984362,0.0
baseline,residual,24,58,4,63.581190348932935,0.0
baseline,residual,24,58,5,67.89589833478001,0.0
baseline,residual,24,58,6,67.89589833478001,0.0
baseline,residual,24,58,7,53.95221901422097,0.0
baseline,residual,24,58,8,67.89589833478001,0.0
baseline,residual,24,58,9,61.11742920984362,0.0
baseline,residual,24,58,10,67.89589833478001,0.0
baseline,residual,24,58,11,61.11742920984362,0.0
baseline,residual,24,58,12,67.89589833478001,0.0
baseline,residual,24,58,13,61.11742920984362,0.0
baseline,residual,24,58,14,61.11742920984362,0.0
baseline,residual,24,58,15,67.89589833478001,0.0
baseline,residual,24,58,16,67.89589833478001,0.0
baseline,residual,24,58,17,63.581190348932935,0.0
baseline,residual,24,58,18,61.11742920984362,0.0
baseline,residual,24,58,19,67.89589833478001,0.0
baseline,residual,24,58,20,61.11742920984362,0.0
baseline,residual,24,58,21,67.89589833478001,0.0
baseline,residual,24,58,22,67.89589833478001,0.0
baseline,residual,24,58,23,61.11742920984362,0.0
baseline,residual,24,59,0,67.89589833478001,0.0
baseline,residual,24,59,1,61.11742920984362,0.0
baseline,residual,24,59,2,67.89589833478001,0.0
baseline,residual,24,59,3,61.11742920984362,0.0
baseline,residual,24,59,4,63.581190348932935,0.0
baseline,residual,24,59,5,67.89589833478001,0.0
baseline,residual,24,59,6,67.89589833478001,0.0
baseline,residual,24,59,7,53.95221901422097,0.0
baseline,residual,24,59,8,67.89589833478001,0.0
baseline,residual,24,59,9,61.11742920984362,0.0
baseline,residual,24,59,10,67.89589833478001,0.0
baseline,residual,24,59,11,61.11742920984362,0.0
baseline,residual,24,59,12,67.89589833478001,0.0
baseline,residual,24,59,13,61.11742920984362,0.0
baseline,residual,24,59,14,61.11742920984362,0.0
baseline,residual,24,59,15,67.89589833478001,0.0
baseline,residual,24,59,16,67.89589833478001,0.0
baseline,residual,24,59,17,63.581190348932935,0.0
baseline,residual,24,59,18,61.11742920984362,0.0
baseline,residual,24,59,19,67.89589833478001,0.0
baseline,residual,24,59,20,61.11742920984362,0.0
baseline,residual,24,59,21,67.89589833478001,0.0
baseline,residual,24,59,22,67.89589833478001,0.0
baseline,residual,24,59,23,61.11742920984362,0.0
baseline,residual,24,60,0,67.89589833478001,0.0
baseline,residual,24,60,1,62.39992465480159,0.0
baseline,residual,24,60,2,67.89589833478001,0.0
baseline,residual,24,60,3,62.39992465480159,0.0
baseline,residual,24,60,4,63.581190348932935,0.0
baseline,residual,24,60,5,67.89589833478001,0.0
baseline,residual,24,60,6,67.89589833478001,0.0
baseline,residual,24,60,7,53.96099978962976,0.0
baseline,residual,24,60,8,67.89589833478001,0.0
baseline,residual,24,60,9,62.39992465480159,0.0
baseline,residual,24,60,10,67.89589833478001,0.0
baseline,residual,24,60,11,62.39992465480159,0.0
baseline,residual,24,60,12,67.89589833478001,0.0
baseline,residual,24,60,13,62.39992465480159,0.0
baseline,residual,24,60,14,62.39992465480159,0.0
baseline,residual,24,60,15,67.89589833478001,0.0
baseline,residual,24,60,16,67.89589833478001,0.0
baseline,residual,24,60,17,63.581190348932935,0.0
baseline,residual,24,60,18,62.39992465480159,0.0
baseline,residual,24,60,19,67.89589833478001,0.0
baseline,residual,24,60,20,62.39992465480159,0.0
baseline,residual,24,60,21,67.89589833478001,0.0
baseline,residual,24,60,22,67.89589833478001,0.0
baseline,residual,24,60,23,62.39992465480159,0.0
baseline,residual,24,61,0,67.89589833478001,0.0
baseline,residual,24,61,1,63.0468623664979,0.0
baseline,residual,24,61,2,67.89589833478001,0.0
baseline,residual,24,61,3,63.0468623664979,0.0
baseline,residual,24,61,4,63.581190348932935,0.0
baseline,residual,24,61,5,67.89589833478001,0.0
baseline,residual,24,61,6,67.89589833478001,0.0
baseline,residual,24,61,7,56.51096819470011,0.0
baseline,residual,24,61,8,67.89589833478001,0.0
baseline,residual,24,61,9,63.0468623664979,0.0
baseline,residual,24,61,10,67.89589833478001,0.0
baseline,residual,24,61,11,63.0468623664979,0.0
baseline,residual,24,61,12,67.89589833478001,0.0
baseline,residual,24,61,13,63.0468623664979,0.0
baseline,residual,24,61,14,63.0468623664979,0.0
baseline,residual,24,61,15,67.89589833478001,0.0
baseline,residual,24,61,16,67.89589833478001,0.0
baseline,residual,24,61,17,63.581190348932935,0.0
baseline,residual,24,61,18,63.0468623664979,0.0
baseline,residual,24,61,19,67.89589833478001,0.0
baseline,residual,24,61,20,63.0468623664979,0.0
baseline,residual,24,61,21,67.89589833478001,0.0
baseline,residual,24,61,22,67.89589833478001,0.0
baseline,residual,24,61,23,63.0468623664979,0.0
baseline,residual,24,62,0,67.89589833478001,0.0
baseline,residual,24,62,1,64.35978649025809,0.0
baseline,residual,24,62,2,67.89589833478001,0.0
baseline,residual,24,62,3,64.35978649025809,0.0
baseline,residual,24,62,4,64.35978649025809,0.0
baseline,residual,24,62,5,67.89589833478001,0.0
baseline,residual,24,62,6,67.89589833478001,0.0
baseline,residual,24,62,7,64.35978649025809,0.0
baseline,residual,24,62,8,67.89589833478001,0.0
baseline,residual,24,62,9,64.35978649025809,0.0
baseline,residual,24,62,10,67.89589833478001,0.0
baseline,residual,24,62,11,64.35978649025809,0.0
baseline,residual,24,62,12,67.89589833478001,0.0
baseline,residual,24,62,13,64.35978649025809,0.0
baseline,residual,24,62,14,64.35978649025809,0.0
baseline,residual,24,62,15,67.89589833478001,0.0
baseline,residual,24,62,16,67.89589833478001,0.0
baseline,residual,24,62,17,64.35978649025809,0.0
baseline,residual,24,62,18,64.35978649025809,0.0
baseline,residual,24,62,19,67.89589833478001,0.0
baseline,residual,24,62,20,64.35978649025809,0.0
baseline,residual,24,62,21,67.89589833478001,0.0
baseline,residual,24,62,22,67.89589833478001,0.0
baseline,residual,24,62,23,64.35978649025809,0.0
baseline,residual,24,63,0,76.91815626297127,0.0
baseline,residual,24,63,1,64.35978649025809,0.0
baseline,residual,24,63,2,76.91815626297127,0.0
baseline,residual,24,63,3,64.35978649025809,0.0
baseline,residual,24,63,4,64.35978649025809,0.0
baseline,residual,24,63,5,76.91815626297127,0.0
baseline,residual,24,63,6,76.91815626297127,0.0
baseline,residual,24,63,7,64.35978649025809,0.0
baseline,residual,24,63,8,76.91815626297127,0.0
baseline,residual,24,63,9,64.35978649025809,0.0
baseline,residual,24,63,10,76.91815626297127,0.0
baseline,residual,24,63,11,64.35978649025809,0.0
baseline,residual,24,63,12,76.91815626297127,0.0
baseline,residual,24,63,13,64.35978649025809,0.0
baseline,residual,24,63,14,64.35978649025809,0.0
baseline,residual,24,63,15,76.91815626297127,0.0
baseline,residual,24,63,16,76.91815626297127,0.0
baseline,residual,24,63,17,64.35978649025809,0.0
baseline,residual,24,63,18,64.35978649025809,0.0
baseline,residual,24,63,19,76.91815626297127,0.0
baseline,residual,24,63,20,64.35978649025809,0.0
baseline,residual,24,63,21,76.91815626297127,0.0
baseline,residual,24,63,22,76.91815626297127,0.0
baseline,residual,24,63,23,64.35978649025809,0.0
baseline,residual,24,64,0,77.6480089712245,0.0
baseline,residual,24,64,1,64.35978649025809,0.0
baseline,residual,24,64,2,77.6480089712245,0.0
baseline,residual,24,64,3,64.35978649025809,0.0
baseline,residual,24,64,4,65.6587179861515,0.0
baseline,residual,24,64,5,77.6480089712245,0.0
baseline,residual,24,64,6,77.6480089712245,0.0
baseline,residual,24,64,7,64.35978649025809,0.0
baseline,residual,24,64,8,77.6480089712245,0.0
baseline,residual,24,64,9,64.35978649025809,0.0
baseline,residual,24,64,10,77.6480089712245,0.0
baseline,residual,24,64,11,64.35978649025809,0.0
baseline,residual,24,64,12,77.6480089712245,0.0
baseline,residual,24,64,13,64.35978649025809,0.0
baseline,residual,24,64,14,64.35978649025809,0.0
baseline,residual,24,64,15,77.6480089712245,0.0
baseline,residual,24,64,16,77.6480089712245,0.0
baseline,residual,24,64,17,65.6587179861515,0.0
baseline,residual,24,64,18,64.35978649025809,0.0
baseline,residual,24,64,19,77.6480089712245,0.0
baseline,residual,24,64,20,64.35978649025809,0.0
baseline,residual,24,64,21,77.6480089712245,0.0
baseline,residual,24,64,22,77.6480089712245,0.0
baseline,residual,24,64,23,64.35978649025809,0.0
baseline,residual,24,65,0,77.6480089712245,0.0
baseline,residual,24,65,1,64.36195915532116,0.0
baseline,residual,24,65,2,77.6480089712245,0.0
baseline,residual,24,65,3,64.36195915532116,0.0
baseline,residual,24,65,4,65.6587179861515,0.0
baseline,residual,24,65,5,77.6480089712245,0.0
baseline,residual,24,65,6,77.6480089712245,0.0
baseline,residual,24,65,7,64.36195915532116,0.0
baseline,residual,24,65,8,77.6480089712245,0.0
baseline,residual,24,65,9,64.36195915532116,0.0
baseline,residual,24,65,10,77.6480089712245,0.0
baseline,residual,24,65,11,64.36195915532116,0.0
baseline,residual,24,65,12,77.6480089712245,0.0
baseline,residual,24,65,13,64.36195915532116,0.0
baseline,residual,24,65,14,64.36195915532116,0.0
baseline,residual,24,65,15,77.6480089712245,0.0
baseline,residual,24,65,16,77.6480089712245,0.0
baseline,residual,24,65,17,65.6587179861515,0.0
baseline,residual,24,65,18,64.36195915532116,0.0
baseline,residual,24,65,19,77.6480089712245,0.0
baseline,residual,24,65,20,64.36195915532116,0.0
baseline,residual,24,65,21,77.6480089712245,0.0
baseline,residual,24,65,22,77.6480089712245,0.0
baseline,residual,24,65,23,64.36195915532116,0.0
baseline,residual,24,66,0,77.65163480461838,0.0
baseline,residual,24,66,1,64.36195915532116,0.0
baseline,residual,24,66,2,77.65163480461838,0.0
baseline,residual,24,66,3,64.36195915532116,0.0
baseline,residual,24,66,4,65.66081624711498,0.0
baseline,residual,24,66,5,77.65163480461838,0.0
baseline,residual,24,66,6,77.65163480461838,0.0
baseline,residual,24,66,7,64.36195915532116,0.0
baseline,residual,24,66,8,77.65163480461838,0.0
baseline,residual,24,66,9,64.36195915532116,0.0
baseline,residual,24,66,10,77.65163480461838,0.0
baseline,residual,24,66,11,64.36195915532116,0.0
baseline,residual,24,66,12,77.65163480461838,0.0
baseline,residual,24,66,13,64.36195915532116,0.0
baseline,residual,24,66,14,64.36195915532116,0.0
baseline,residual,24,66,15,77.65163480461838,0.0
baseline,residual,24,66,16,77.65163480461838,0.0
baseline,residual,24,66,17,65.66081624711498,0.0
baseline,residual,24,66,18,64.36195915532116,0.0
baseline,residual,24,66,19,77.65163480461838,0.0
baseline,residual,24,66,20,64.36195915532116,0.0
baseline,residual,24,66,21,77.65163480461838,0.0
baseline,residual,24,66,22,77.65163480461838,0.0
baseline,residual,24,66,23,64.36195915532116,0.0
baseline,residual,24,67,0,77.65163480461838,0.0
baseline,residual,24,67,1,64.36195915620547,0.0
baseline,residual,24,67,2,77.65163480461838,0.0
baseline,residual,24,67,3,64.36195915620547,0.0
baseline,residual,24,67,4,65.66081624711498,0.0
baseline,residual,24,67,5,77.65163480461838,0.0
baseline,residual,24,67,6,77.65163480461838,0.0
baseline,residual,24,67,7,64.36195915620547,0.0
baseline,residual,24,67,8,77.65163480461838,0.0
baseline,residual,24,67,9,64.36195915620547,0.0
baseline,residual,24,67,10,77.65163480461838,0.0
baseline,residual,24,67,11,64.36195915620547,0.0
baseline,residual,24,67,12,77.65163480461838,0.0
baseline,residual,24,67,13,64.36195915620547,0.0
baseline,residual,24,67,14,64.36195915620547,0.0
baseline,residual,24,67,15,77.65163480461838,0.0
baseline,residual,24,67,16,77.65163480461838,0.0
baseline,residual,24,67,17,65.66081624711498,0.0
baseline,residual,24,67,18,64.36195915620547,0.0
baseline,residual,24,67,19,77.65163480461838,0.0
baseline,residual,24,67,20,64.36195915620547,0.0
baseline,residual,24,67,21,77.65163480461838,0.0
baseline,residual,24,67,22,77.65163480461838,0.0
baseline,residual,24,67,23,64.36195915620547,0.0
baseline,residual,24,68,0,77.65163480461838,0.0
baseline,residual,24,68,1,64.36226858911114,0.0
baseline,residual,24,68,2,77.65163480461838,0.0
baseline,residual,24,68,3,64.36226858911114,0.0
baseline,residual,24,68,4,65.66081624711498,0.0
baseline,residual,24,68,5,77.65163480461838,0.0
baseline,residual,24,68,6,77.65163480461838,0.0
baseline,residual,24,68,7,64.36226858911114,0.0
baseline,residual,24,68,8,77.65163480461838,0.0
baseline,residual,24,68,9,64.36226858911114,0.0
baseline,residual,24,68,10,77.65163480461838,0.0
baseline,residual,24,68,11,64.36226858911114,0.0
baseline,residual,24,68,12,77.65163480461838,0.0
baseline,residual,24,68,13,64.36226858911114,0.0
baseline,residual,24,68,14,64.36226858911114,0.0
baseline,residual,24,68,15,77.65163480461838,0.0
baseline,residual,24,68,16,77.65163480461838,0.0
baseline,residual,24,68,17,65.66081624711498,0.0
baseline,residual,24,68,18,64.36226858911114,0.0
baseline,residual,24,68,19,77.65163480461838,0.0
baseline,residual,24,68,20,64.36226858911114,0.0
baseline,residual,24,68,21,77.65163480461838,0.0
baseline,residual,24,68,22,77.65163480461838,0.0
baseline,residual,24,68,23,64.36226858911114,0.0
baseline,residual,24,69,0,77.77233617822907,0.0
baseline,residual,24,69,1,64.36226858911114,0.0
baseline,residual,24,69,2,77.77233617822907,0.0
baseline,residual,24,69,3,64.36226858911114,0.0
baseline,residual,24,69,4,65.66081624711498,0.0
baseline,residual,24,69,5,77.77233617822907,0.0
baseline,residual,24,69,6,77.77233617822907,0.0
baseline,residual,24,69,7,64.36226858911114,0.0
baseline,residual,24,69,8,77.77233617822907,0.0
baseline,residual,24,69,9,64.36226858911114,0.0
baseline,residual,24,69,10,77.77233617822907,0.0
baseline,residual,24,69,11,64.36226858911114,0.0
baseline,residual,24,69,12,77.77233617822907,0.0
baseline,residual,24,69,13,64.36226858911114,0.0
baseline,residual,24,69,14,64.36226858911114,0.0
baseline,residual,24,69,15,77.77233617822907,0.0
baseline,residual,24,69,16,77.77233617822907,0.0
baseline,residual,24,69,17,65.66081624711498,0.0
baseline,residual,24,69,18,64.36226858911114,0.0
baseline,residual,24,69,19,77.77233617822907,0.0
baseline,residual,24,69,20,64.36226858911114,0.0
baseline,residual,24,69,21,77.77233617822907,0.0
baseline,residual,24,69,22,77.77233617822907,0.0
baseline,residual,24,69,23,64.36226858911114,0.0
baseline,residual,24,70,0,77.77233700453972,0.0
baseline,residual,24,70,1,64.36226858911114,0.0
baseline,residual,24,70,2,77.77233700453972,0.0
baseline,residual,24,70,3,64.36226858911114,0.0
baseline,residual,24,70,4,65.65540425967149,0.0
baseline,residual,24,70,5,77.77233700453972,0.0
baseline,residual,24,70,6,77.77233700453972,0.0
baseline,residual,24,70,7,64.36226858911114,0.0
baseline,residual,24,70,8,77.77233700453972,0.0
baseline,residual,24,70,9,64.36226858911114,0.0
baseline,residual,24,70,10,77.77233700453972,0.0
baseline,residual,24,70,11,64.36226858911114,0.0
baseline,residual,24,70,12,77.77233700453972,0.0
baseline,residual,24,70,13,64.36226858911114,0.0
baseline,residual,24,70,14,64.36226858911114,0.0
baseline,residual,24,70,15,77.77233700453972,0.0
baseline,residual,24,70,16,77.77233700453972,0.0
baseline,residual,24,70,17,65.65540425967149,0.0
baseline,residual,24,70,18,64.36226858911114,0.0
baseline,residual,24,70,19,77.77233700453972,0.0
baseline,residual,24,70,20,64.36226858911114,0.0
baseline,residual,24,70,21,77.77233700453972,0.0
baseline,residual,24,70,22,77.77233700453972,0.0
baseline,residual,24,70,23,64.36226858911114,0.0
baseline,residual,24,71,0,77.86759436074341,0.0
baseline,residual,24,71,1,64.36226858911114,0.0
baseline,residual,24,71,2,77.86759436074341,0.0
baseline,residual,24,71,3,64.36226858911114,0.0
baseline,residual,24,71,4,65.65540425967154,0.0
baseline,residual,24,71,5,77.86759436074341,0.0
baseline,residual,24,71,6,77.86759436074341,0.0
baseline,residual,24,71,7,68.10674473703872,0.0
baseline,residual,24,71,8,77.86759436074341,0.0
baseline,residual,24,71,9,64.36226858911114,0.0
baseline,residual,24,71,10,77.86759436074341,0.0
baseline,residual,24,71,11,64.36226858911114,0.0
baseline,residual,24,71,12,77.86759436074341,0.0
baseline,residual,24,71,13,68.10674473703872,0.0
baseline,residual,24,71,14,68.10674473703872,0.0
baseline,residual,24,71,15,77.86759436074341,0.0
baseline,residual,24,71,16,77.86759436074341,0.0
baseline,residual,24,71,17,65.65540425967154,0.0
baseline,residual,24,71,18,64.36226858911114,0.0
baseline,residual,24,71,19,77.86759436074341,0.0
baseline,residual,24,71,20,64.36226858911114,0.0
baseline,residual,24,71,21,77.86759436074341,0.0
baseline,residual,24,71,22,77.86759436074341,0.0
baseline,residual,24,71,23,64.36226858911114,0.0
baseline,residual,24,72,0,77.86759436074341,0.0
baseline,residual,24,72,1,70.32640650411545,0.0
baseline,residual,24,72,2,77.86759436074341,0.0
baseline,residual,24,72,3,70.32640650411545,0.0
baseline,residual,24,72,4,70.32640650411545,0.0
baseline,residual,24,72,5,77.86759436074341,0.0
baseline,residual,24,72,6,77.86759436074341,0.0
baseline,residual,24,72,7,70.32640650411545,0.0
baseline,residual,24,72,8,77.86759436074341,0.0
baseline,residual,24,72,9,70.32640650411545,0.0
baseline,residual,24,72,10,77.86759436074341,0.0
baseline,residual,24,72,11,70.32640650411545,0.0
baseline,residual,24,72,12,77.86759436074341,0.0
baseline,residual,24,72,13,70.32640650411545,0.0
baseline,residual,24,72,14,70.32640650411545,0.0
baseline,residual,24,72,15,77.86759436074341,0.0
baseline,residual,24,72,16,77.86759436074341,0.0
baseline,residual,24,72,17,70.32640650411545,0.0
baseline,residual,24,72,18,70.32640650411545,0.0
baseline,residual,24,72,19,77.86759436074341,0.0
baseline,residual,24,72,20,70.32640650411545,0.0
baseline,residual,24,72,21,77.86759436074341,0.0
baseline,residual,24,72,22,77.86759436074341,0.0
baseline,residual,24,72,23,70.32640650411545,0.0
baseline,residual,24,73,0,77.86759436074341,0.0
baseline,residual,24,73,1,70.361232269294,0.0
baseline,residual,24,73,2,77.86759436074341,0.0
baseline,residual,24,73,3,70.361232269294,0.0
baseline,residual,24,73,4,70.361232269294,0.0
baseline,residual,24,73,5,77.86759436074341,0.0
baseline,residual,24,73,6,77.86759436074341,0.0
baseline,residual,24,73,7,70.361232269294,0.0
baseline,residual,24,73,8,77.86759436074341,0.0
baseline,residual,24,73,9,70.361232269294,0.0
baseline,residual,24,73,10,77.86759436074341,0.0
baseline,residual,24,73,11,70.361232269294,0.0
baseline,residual,24,73,12,77.86759436074341,0.0
baseline,residual,24,73,13,70.361232269294,0.0
baseline,residual,24,73,14,70.361232269294,0.0
baseline,residual,24,73,15,77.86759436074341,0.0
baseline,residual,24,73,16,77.86759436074341,0.0
baseline,residual,24,73,17,70.361232269294,0.0
baseline,residual,24,73,18,70.361232269294,0.0
baseline,residual,24,73,19,77.86759436074341,0.0
baseline,residual,24,73,20,70.361232269294,0.0
baseline,residual,24,73,21,77.86759436074341,0.0
baseline,residual,24,73,22,77.86759436074341,0.0
baseline,residual,24,73,23,70.361232269294,0.0
baseline,residual,24,74,0,77.86759436074341,0.0
baseline,residual,24,74,1,71.66055091016094,0.0
baseline,residual,24,74,2,77.86759436074341,0.0
baseline,residual,24,74,3,71.66055091016094,0.0
baseline,residual,24,74,4,70.36147561039331,0.0
baseline,residual,24,74,5,77.86759436074341,0.0
baseline,residual,24,74,6,77.86759436074341,0.0
baseline,residual,24,74,7,71.66055091016094,0.0
baseline,residual,24,74,8,77.86759436074341,0.0
baseline,residual,24,74,9,71.66055091016094,0.0
baseline,residual,24,74,10,77.86759436074341,0.0
baseline,residual,24,74,11,71.66055091016094,0.0
baseline,residual,24,74,12,77.86759436074341,0.0
baseline,residual,24,74,13,71.66055091016094,0.0
baseline,residual,24,74,14,71.66055091016094,0.0
baseline,residual,24,74,15,77.86759436074341,0.0
baseline,residual,24,74,16,77.86759436074341,0.0
baseline,residual,24,74,17,70.36147561039331,0.0
baseline,residual,24,74,18,71.66055091016094,0.0
baseline,residual,24,74,19,77.86759436074341,0.0
baseline,residual,24,74,20,71.66055091016094,0.0
baseline,residual,24,74,21,77.86759436074341,0.0
baseline,residual,24,74,22,77.86759436074341,0.0
baseline,residual,24,74,23,71.66055091016094,0.0
baseline,residual,24,75,0,78.09156825896731,0.0
baseline,residual,24,75,1,71.66055091016094,0.0
baseline,residual,24,75,2,78.09156825896731,0.0
baseline,residual,24,75,3,71.66055091016094,0.0
baseline,residual,24,75,4,70.36147561039331,0.0
baseline,residual,24,75,5,78.09156825896731,0.0
baseline,residual,24,75,6,78.09156825896731,0.0
baseline,residual,24,75,7,71.66055091016094,0.0
baseline,residual,24,75,8,78.09156825896731,0.0
baseline,residual,24,75,9,71.66055091016094,0.0
baseline,residual,24,75,10,78.09156825896731,0.0
baseline,residual,24,75,11,71.66055091016094,0.0
baseline,residual,24,75,12,78.09156825896731,0.0
baseline,residual,24,75,13,71.66055091016094,0.0
baseline,residual,24,75,14,71.66055091016094,0.0
baseline,residual,24,75,15,78.09156825896731,0.0
baseline,residual,24,75,16,78.09156825896731,0.0
baseline,residual,24,75,17,70.36147561039331,0.0
baseline,residual,24,75,18,71.66055091016094,0.0
baseline,residual,24,75,19,78.09156825896731,0.0
baseline,residual,24,75,20,71.66055091016094,0.0
baseline,residual,24,75,21,78.09156825896731,0.0
baseline,residual,24,75,22,78.09156825896731,0.0
baseline,residual,24,75,23,71.66055091016094,0.0
baseline,residual,24,76,0,78.72076578426767,0.0
baseline,residual,24,76,1,71.66055091016094,0.0
baseline,residual,24,76,2,78.72076578426767,0.0
baseline,residual,24,76,3,71.66055091016094,0.0
baseline,residual,24,76,4,70.36147561039331,0.0
baseline,residual,24,76,5,78.72076578426767,0.0
baseline,residual,24,76,6,78.72076578426767,0.0
baseline,residual,24,76,7,71.66055091016094,0.0
baseline,residual,24,76,8,78.72076578426767,0.0
baseline,residual,24,76,9,71.66055091016094,0.0
baseline,residual,24,76,10,78.72076578426767,0.0
baseline,residual,24,76,11,71.66055091016094,0.0
baseline,residual,24,76,12,78.72076578426767,0.0
baseline,residual,24,76,13,71.66055091016094,0.0
baseline,residual,24,76,14,71.66055091016094,0.0
baseline,residual,24,76,15,78.72076578426767,0.0
baseline,residual,24,76,16,78.72076578426767,0.0
baseline,residual,24,76,17,70.36147561039331,0.0
baseline,residual,24,76,18,71.66055091016094,0.0
baseline,residual,24,76,19,78.72076578426767,0.0
baseline,residual,24,76,20,71.66055091016094,0.0
baseline,residual,24,76,21,78.72076578426767,0.0
baseline,residual,24,76,22,78.72076578426767,0.0
baseline,residual,24,76,23,71.66055091016094,0.0
baseline,residual,24,77,0,78.72076578426767,0.0
baseline,residual,24,77,1,72.20020231314402,0.0
baseline,residual,24,77,2,78.72076578426767,0.0
baseline,residual,24,77,3,72.20020231314402,0.0
baseline,residual,24,77,4,70.01131263176514,0.0
baseline,residual,24,77,5,78.72076578426767,0.0
baseline,residual,24,77,6,78.72076578426767,0.0
baseline,residual,24,77,7,72.20020231314402,0.0
baseline,residual,24,77,8,78.72076578426767,0.0
baseline,residual,24,77,9,72.20020231314402,0.0
baseline,residual,24,77,10,78.72076578426767,0.0
baseline,residual,24,77,11,72.20020231314402,0.0
baseline,residual,24,77,12,78.72076578426767,0.0
baseline,residual,24,77,13,72.20020231314402,0.0
baseline,residual,24,77,14,72.20020231314402,0.0
baseline,residual,24,77,15,78.72076578426767,0.0
baseline,residual,24,77,16,78.72076578426767,0.0
baseline,residual,24,77,17,70.01131263176514,0.0
baseline,residual,24,77,18,72.20020231314402,0.0
baseline,residual,24,77,19,78.72076578426767,0.0
baseline,residual,24,77,20,72.20020231314402,0.0
baseline,residual,24,77,21,78.72076578426767,0.0
baseline,residual,24,77,22,78.72076578426767,0.0
baseline,residual,24,77,23,72.20020231314402,0.0
baseline,residual,24,78,0,78.72076578426946,0.0
baseline,residual,24,78,1,72.20020231622657,0.0
baseline,residual,24,78,2,78.72076578426946,0.0
baseline,residual,24,78,3,72.20020231622657,0.0
baseline,residual,24,78,4,70.01131263176514,0.0
baseline,residual,24,78,5,78.72076578426946,0.0
baseline,residual,24,78,6,78.72076578426946,0.0
baseline,residual,24,78,7,72.20020231622657,0.0
baseline,residual,24,78,8,78.72076578426946,0.0
baseline,residual,24,78,9,72.20020231622657,0.0
baseline,residual,24,78,10,78.72076578426946,0.0
baseline,residual,24,78,11,72.20020231622657,0.0
baseline,residual,24,78,12,78.72076578426946,0.0
baseline,residual,24,78,13,72.20020231622657,0.0
baseline,residual,24,78,14,72.20020231622657,0.0
baseline,residual,24,78,15,78.72076578426946,0.0
baseline,residual,24,78,16,78.72076578426946,0.0
baseline,residual,24,78,17,70.01131263176514,0.0
baseline,residual,24,78,18,72.20020231622657,0.0
baseline,residual,24,78,19,78.72076578426946,0.0
baseline,residual,24,78,20,72.20020231622657,0.0
baseline,residual,24,78,21,78.72076578426946,0.0
baseline,residual,24,78,22,78.72076578426946,0.0
baseline,residual,24,78,23,72.20020231622657,0.0
baseline,residual,24,79,0,78.72076578426946,0.0
baseline,residual,24,79,1,72.22560821386449,0.0
baseline,residual,24,79,2,78.72076578426946,0.0
baseline,residual,24,79,3,72.22560821386449,0.0
baseline,residual,24,79,4,70.02799238757956,0.0
baseline,residual,24,79,5,78.72076578426946,0.0
baseline,residual,24,79,6,78.72076578426946,0.0
baseline,residual,24,79,7,72.22560821386449,0.0
baseline,residual,24,79,8,78.72076578426946,0.0
baseline,residual,24,79,9,72.22560821386449,0.0
baseline,residual,24,79,10,78.72076578426946,0.0
baseline,residual,24,79,11,72.22560821386449,0.0
baseline,residual,24,79,12,78.72076578426946,0.0
baseline,residual,24,79,13,72.22560821386449,0.0
baseline,residual,24,79,14,72.22560821386449,0.0
baseline,residual,24,79,15,78.72076578426946,0.0
baseline,residual,24,79,16,78.72076578426946,0.0
baseline,residual,24,79,17,70.02799238757956,0.0
baseline,residual,24,79,18,72.22560821386449,0.0
baseline,residual,24,79,19,78.72076578426946,0.0
baseline,residual,24,79,20,72.22560821386449,0.0
baseline,residual,24,79,21,78.72076578426946,0.0
baseline,residual,24,79,22,78.72076578426946,0.0
baseline,residual,24,79,23,72.22560821386449,0.0
baseline,residual,24,80,0,78.79230965119967,0.0
baseline,residual,24,80,1,75.1152353574324,0.0
baseline,residual,24,80,2,78.79230965119967,0.0
baseline,residual,24,80,3,75.1152353574324,0.0
baseline,residual,24,80,4,70.02799238757956,0.0
baseline,residual,24,80,5,78.79230965119967,0.0
baseline,residual,24,80,6,78.79230965119967,0.0
baseline,residual,24,80,7,75.1152353574324,0.0
baseline,residual,24,80,8,78.79230965119967,0.0
baseline,residual,24,80,9,75.1152353574324,0.0
baseline,residual,24,80,10,78.79230965119967,0.0
baseline,residual,24,80,11,75.1152353574324,0.0
baseline,residual,24,80,12,78.79230965119967,0.0
baseline,residual,24,80,13,75.1152353574324,0.0
baseline,residual,24,80,14,75.1152353574324,0.0
baseline,residual,24,80,15,78.79230965119967,0.0
baseline,residual,24,80,16,78.79230965119967,0.0
baseline,residual,24,80,17,70.02799238757956,0.0
baseline,residual,24,80,18,75.1152353574324,0.0
baseline,residual,24,80,19,78.79230965119967,0.0
baseline,residual,24,80,20,75.1152353574324,0.0
baseline,residual,24,80,21,78.79230965119967,0.0
baseline,residual,24,80,22,78.79230965119967,0.0
baseline,residual,24,80,23,75.1152353574324,0.0
baseline,residual,24,81,0,79.07892703156936,0.0
baseline,residual,24,81,1,75.1152353574324,0.0
baseline,residual,24,81,2,79.07892703156936,0.0
baseline,residual,24,81,3,75.1152353574324,0.0
baseline,residual,24,81,4,70.02799238757956,0.0
baseline,residual,24,81,5,79.07892703156936,0.0
baseline,residual,24,81,6,79.07892703156936,0.0
baseline,residual,24,81,7,75.1152353574324,0.0
baseline,residual,24,81,8,79.07892703156936,0.0
baseline,residual,24,81,9,75.1152353574324,0.0
baseline,residual,24,81,10,79.07892703156936,0.0
baseline,residual,24,81,11,75.1152353574324,0.0
baseline,residual,24,81,12,79.07892703156936,0.0
baseline,residual,24,81,13,75.1152353574324,0.0
baseline,residual,24,81,14,75.1152353574324,0.0
baseline,residual,24,81,15,79.07892703156936,0.0
baseline,residual,24,81,16,79.07892703156936,0.0
baseline,residual,24,81,17,70.02799238757956,0.0
baseline,residual,24,81,18,75.1152353574324,0.0
baseline,residual,24,81,19,79.07892703156936,0.0
baseline,residual,24,81,20,75.1152353574324,0.0
baseline,residual,24,81,21,79.07892703156936,0.0
baseline,residual,24,81,22,79.07892703156936,0.0
baseline,residual,24,81,23,75.1152353574324,0.0
baseline,residual,24,82,0,79.07892703156936,0.0
baseline,residual,24,82,1,75.4530225260996,0.0
baseline,residual,24,82,2,79.07892703156936,0.0
baseline,residual,24,82,3,75.4530225260996,0.0
baseline,residual,24,82,4,75.4530225260996,0.0
baseline,residual,24,82,5,79.07892703156936,0.0
baseline,residual,24,82,6,79.07892703156936,0.0
baseline,residual,24,82,7,75.1152353574324,0.0
baseline,residual,24,82,8,79.07892703156936,0.0
baseline,residual,24,82,9,75.4530225260996,0.0
baseline,residual,24,82,10,79.07892703156936,0.0
baseline,residual,24,82,11,75.4530225260996,0.0
baseline,residual,24,82,12,79.07892703156936,0.0
baseline,residual,24,82,13,75.4530225260996,0.0
baseline,residual,24,82,14,75.4530225260996,0.0
baseline,residual,24,82,15,79.07892703156936,0.0
baseline,residual,24,82,16,79.07892703156936,0.0
baseline,residual,24,82,17,75.4530225260996,0.0
baseline,residual,24,82,18,75.4530225260996,0.0
baseline,residual,24,82,19,79.07892703156936,0.0
baseline,residual,24,82,20,75.4530225260996,0.0
baseline,residual,24,82,21,79.07892703156936,0.0
baseline,residual,24,82,22,79.07892703156936,0.0
baseline,residual,24,82,23,75.4530225260996,0.0
baseline,residual,24,83,0,79.07892772773775,0.0
baseline,residual,24,83,1,75.4530225260996,0.0
baseline,residual,24,83,2,79.07892772773775,0.0
baseline,residual,24,83,3,75.4530225260996,0.0
baseline,residual,24,83,4,75.4530225260996,0.0
baseline,residual,24,83,5,79.07892772773775,0.0
baseline,residual,24,83,6,79.07892772773775,0.0
baseline,residual,24,83,7,75.1152353574324,0.0
baseline,residual,24,83,8,79.07892772773775,0.0
baseline,residual,24,83,9,75.4530225260996,0.0
baseline,residual,24,83,10,79.07892772773775,0.0
baseline,residual,24,83,11,75.4530225260996,0.0
baseline,residual,24,83,12,79.07892772773775,0.0
baseline,residual,24,83,13,75.4530225260996,0.0
baseline,residual,24,83,14,75.4530225260996,0.0
baseline,residual,24,83,15,79.07892772773775,0.0
baseline,residual,24,83,16,79.07892772773775,0.0
baseline,residual,24,83,17,75.4530225260996,0.0
baseline,residual,24,83,18,75.4530225260996,0.0
baseline,residual,24,83,19,79.07892772773775,0.0
baseline,residual,24,83,20,75.4530225260996,0.0
baseline,residual,24,83,21,79.07892772773775,0.0
baseline,residual,24,83,22,79.07892772773775,0.0
baseline,residual,24,83,23,75.4530225260996,0.0
baseline,residual,24,84,0,79.07892772773775,0.0
baseline,residual,24,84,1,75.45301500535822,0.0
baseline,residual,24,84,2,79.07892772773775,0.0
baseline,residual,24,84,3,75.45301500535822,0.0
baseline,residual,24,84,4,75.45301500535822,0.0
baseline,residual,24,84,5,79.07892772773775,0.0
baseline,residual,24,84,6,79.07892772773775,0.0
baseline,residual,24,84,7,75.11523541637797,0.0
baseline,residual,24,84,8,79.07892772773775,0.0
baseline,residual,24,84,9,75.45301500535822,0.0
baseline,residual,24,84,10,79.07892772773775,0.0
baseline,residual,24,84,11,75.45301500535822,0.0
baseline,residual,24,84,12,79.07892772773775,0.0
baseline,residual,24,84,13,75.45301500535822,0.0
baseline,residual,24,84,14,75.45301500535822,0.0
baseline,residual,24,84,15,79.07892772773775,0.0
baseline,residual,24,84,16,79.07892772773775,0.0
baseline,residual,24,84,17,75.45301500535822,0.0
baseline,residual,24,84,18,75.45301500535822,0.0
baseline,residual,24,84,19,79.07892772773775,0.0
baseline,residual,24,84,20,75.45301500535822,0.0
baseline,residual,24,84,21,79.07892772773775,0.0
baseline,residual,24,84,22,79.07892772773775,0.0
baseline,residual,24,84,23,75.45301500535822,0.0
baseline,residual,24,85,0,79.07892772773775,0.0
baseline,residual,24,85,1,77.5745254469266,0.0
baseline,residual,24,85,2,79.07892772773775,0.0
baseline,residual,24,85,3,77.5745254469266,0.0
baseline,residual,24,85,4,75.90777348480981,0.0
baseline,residual,24,85,5,79.07892772773775,0.0
baseline,residual,24,85,6,79.07892772773775,0.0
baseline,residual,24,85,7,77.5745254469266,0.0
baseline,residual,24,85,8,79.07892772773775,0.0
baseline,residual,24,85,9,77.5745254469266,0.0
baseline,residual,24,85,10,79.07892772773775,0.0
baseline,residual,24,85,11,77.5745254469266,0.0
baseline,residual,24,85,12,79.07892772773775,0.0
baseline,residual,24,85,13,77.5745254469266,0.0
baseline,residual,24,85,14,77.5745254469266,0.0
baseline,residual,24,85,15,79.07892772773775,0.0
baseline,residual,24,85,16,79.07892772773775,0.0
baseline,residual,24,85,17,75.90777348480981,0.0
baseline,residual,24,85,18,77.5745254469266,0.0
baseline,residual,24,85,19,79.07892772773775,0.0
baseline,residual,24,85,20,77.5745254469266,0.0
baseline,residual,24,85,21,79.07892772773775,0.0
baseline,residual,24,85,22,79.07892772773775,0.0
baseline,residual,24,85,23,77.5745254469266,0.0
baseline,residual,24,86,0,80.3138557181365,0.0
baseline,residual,24,86,1,77.5745254469266,0.0
baseline,residual,24,86,2,80.3138557181365,0.0
baseline,residual,24,86,3,77.5745254469266,0.0
baseline,residual,24,86,4,75.90777348480981,0.0
baseline,residual,24,86,5,80.3138557181365,0.0
baseline,residual,24,86,6,80.3138557181365,0.0
baseline,residual,24,86,7,77.5745254469266,0.0
baseline,residual,24,86,8,80.3138557181365,0.0
baseline,residual,24,86,9,77.5745254469266,0.0
baseline,residual,24,86,10,80.3138557181365,0.0
baseline,residual,24,86,11,77.5745254469266,0.0
baseline,residual,24,86,12,80.3138557181365,0.0
baseline,residual,24,86,13,77.5745254469266,0.0
baseline,residual,24,86,14,77.5745254469266,0.0
baseline,residual,24,86,15,80.3138557181365,0.0
baseline,residual,24,86,16,80.3138557181365,0.0
baseline,residual,24,86,17,75.90777348480981,0.0
baseline,residual,24,86,18,77.5745254469266,0.0
baseline,residual,24,86,19,80.3138557181365,0.0
baseline,residual,24,86,20,77.5745254469266,0.0
baseline,residual,24,86,21,80.3138557181365,0.0
baseline,residual,24,86,22,80.3138557181365,0.0
baseline,residual,24,86,23,77.5745254469266,0.0
baseline,residual,24,87,0,80.6831420349518,0.0
baseline,residual,24,87,1,77.5745254469266,0.0
baseline,residual,24,87,2,80.6831420349518,0.0
baseline,residual,24,87,3,77.5745254469266,0.0
baseline,residual,24,87,4,75.9303815539265,0.0
baseline,residual,24,87,5,80.6831420349518,0.0
baseline,residual,24,87,6,80.6831420349518,0.0
baseline,residual,24,87,7,77.5745254469266,0.0
baseline,residual,24,87,8,80.6831420349518,0.0
baseline,residual,24,87,9,77.5745254469266,0.0
baseline,residual,24,87,10,80.6831420349518,0.0
baseline,residual,24,87,11,77.5745254469266,0.0
baseline,residual,24,87,12,80.6831420349518,0.0
baseline,residual,24,87,13,77.5745254469266,0.0
baseline,residual,24,87,14,77.5745254469266,0.0
baseline,residual,24,87,15,80.6831420349518,0.0
baseline,residual,24,87,16,80.6831420349518,0.0
baseline,residual,24,87,17,75.9303815539265,0.0
baseline,residual,24,87,18,77.5745254469266,0.0
baseline,residual,24,87,19,80.6831420349518,0.0
baseline,residual,24,87,20,77.5745254469266,0.0
baseline,residual,24,87,21,80.6831420349518,0.0
baseline,residual,24,87,22,80.6831420349518,0.0
baseline,residual,24,87,23,77.5745254469266,0.0
baseline,residual,24,88,0,80.6831420349518,0.0
baseline,residual,24,88,1,77.5745254469266,0.0
baseline,residual,24,88,2,80.6831420349518,0.0
baseline,residual,24,88,3,77.5745254469266,0.0
baseline,residual,24,88,4,77.30095385623832,0.0
baseline,residual,24,88,5,80.6831420349518,0.0
baseline,residual,24,88,6,80.6831420349518,0.0
baseline,residual,24,88,7,77.5745254469266,0.0
baseline,residual,24,88,8,80.6831420349518,0.0
baseline,residual,24,88,9,77.5745254469266,0.0
baseline,residual,24,88,10,80.6831420349518,0.0
baseline,residual,24,88,11,77.5745254469266,0.0
baseline,residual,24,88,12,80.6831420349518,0.0
baseline,residual,24,88,13,77.5745254469266,0.0
baseline,residual,24,88,14,77.5745254469266,0.0
baseline,residual,24,88,15,80.6831420349518,0.0
baseline,residual,24,88,16,80.6831420349518,0.0
baseline,residual,24,88,17,77.30095385623832,0.0
baseline,residual,24,88,18,77.5745254469266,0.0
baseline,residual,24,88,19,80.6831420349518,0.0
baseline,residual,24,88,20,77.5745254469266,0.0
baseline,residual,24,88,21,80.6831420349518,0.0
baseline,residual,24,88,22,80.6831420349518,0.0
baseline,residual,24,88,23,77.5745254469266,0.0
baseline,residual,24,89,0,80.6831420349518,0.0
baseline,residual,24,89,1,77.51349113847132,0.0
baseline,residual,24,89,2,80.6831420349518,0.0
baseline,residual,24,89,3,77.51349113847132,0.0
baseline,residual,24,89,4,77.30095385623832,0.0
baseline,residual,24,89,5,80.6831420349518,0.0
baseline,residual,24,89,6,80.6831420349518,0.0
baseline,residual,24,89,7,77.51349113847132,0.0
baseline,residual,24,89,8,80.6831420349518,0.0
baseline,residual,24,89,9,77.51349113847132,0.0
baseline,residual,24,89,10,80.6831420349518,0.0
baseline,residual,24,89,11,77.51349113847132,0.0
baseline,residual,24,89,12,80.6831420349518,0.0
baseline,residual,24,89,13,77.51349113847132,0.0
baseline,residual,24,89,14,77.51349113847132,0.0
baseline,residual,24,89,15,80.6831420349518,0.0
baseline,residual,24,89,16,80.6831420349518,0.0
baseline,residual,24,89,17,77.30095385623832,0.0
baseline,residual,24,89,18,77.51349113847132,0.0
baseline,residual,24,89,19,80.6831420349518,0.0
baseline,residual,24,89,20,77.51349113847132,0.0
baseline,residual,24,89,21,80.6831420349518,0.0
baseline,residual,24,89,22,80.6831420349518,0.0
baseline,residual,24,89,23,77.51349113847132,0.0
baseline,residual,24,90,0,80.72375621936696,0.0
baseline,residual,24,90,1,77.51349113847132,0.0
baseline,residual,24,90,2,80.72375621936696,0.0
baseline,residual,24,90,3,77.51349113847132,0.0
baseline,residual,24,90,4,77.31025313910543,0.0
baseline,residual,24,90,5,80.72375621936696,0.0
baseline,residual,24,90,6,80.72375621936696,0.0
baseline,residual,24,90,7,77.51349113847132,0.0
baseline,residual,24,90,8,80.72375621936696,0.0
baseline,residual,24,90,9,77.51349113847132,0.0
baseline,residual,24,90,10,80.72375621936696,0.0
baseline,residual,24,90,11,77.51349113847132,0.0
baseline,residual,24,90,12,80.72375621936696,0.0
baseline,residual,24,90,13,77.51349113847132,0.0
baseline,residual,24,90,14,77.51349113847132,0.0
baseline,residual,24,90,15,80.72375621936696,0.0
baseline,residual,24,90,16,80.72375621936696,0.0
baseline,residual,24,90,17,77.31025313910543,0.0
baseline,residual,24,90,18,77.51349113847132,0.0
baseline,residual,24,90,19,80.72375621936696,0.0
baseline,residual,24,90,20,77.51349113847132,0.0
baseline,residual,24,90,21,80.72375621936696,0.0
baseline,residual,24,90,22,80.72375621936696,0.0
baseline,residual,24,90,23,77.51349113847132,0.0
baseline,residual,24,91,0,80.72375621936696,0.0
baseline,residual,24,91,1,77.51349113847132,0.0
baseline,residual,24,91,2,80.72375621936696,0.0
baseline,residual,24,91,3,77.51349113847132,0.0
baseline,residual,24,91,4,77.31025313910543,0.0
baseline,residual,24,91,5,80.72375621936696,0.0
baseline,residual,24,91,6,80.72375621936696,0.0
baseline,residual,24,91,7,77.51349113847132,0.0
baseline,residual,24,91,8,80.72375621936696,0.0
baseline,residual,24,91,9,77.51349113847132,0.0
baseline,residual,24,91,10,80.72375621936696,0.0
baseline,residual,24,91,11,77.51349113847132,0.0
baseline,residual,24,91,12,80.72375621936696,0.0
baseline,residual,24,91,13,77.51349113847132,0.0
baseline,residual,24,91,14,77.51349113847132,0.0
baseline,residual,24,91,15,80.72375621936696,0.0
baseline,residual,24,91,16,80.72375621936696,0.0
baseline,residual,24,91,17,77.31025313910543,0.0
baseline,residual,24,91,18,77.51349113847132,0.0
baseline,residual,24,91,19,80.72375621936696,0.0
baseline,residual,24,91,20,77.51349113847132,0.0
baseline,residual,24,91,21,80.72375621936696,0.0
baseline,residual,24,91,22,80.72375621936696,0.0
baseline,residual,24,91,23,77.51349113847132,0.0
baseline,residual,24,92,0,80.7261987411502,0.0
baseline,residual,24,92,1,77.51349113847132,0.0
baseline,residual,24,92,2,80.7261987411502,0.0
baseline,residual,24,92,3,77.51349113847132,0.0
baseline,residual,24,92,4,77.31292083639997,0.0
baseline,residual,24,92,5,80.7261987411502,0.0
baseline,residual,24,92,6,80.7261987411502,0.0
baseline,residual,24,92,7,79.69033675810181,0.0
baseline,residual,24,92,8,80.7261987411502,0.0
baseline,residual,24,92,9,77.51349113847132,0.0
baseline,residual,24,92,10,80.7261987411502,0.0
baseline,residual,24,92,11,77.51349113847132,0.0
baseline,residual,24,92,12,80.7261987411502,0.0
baseline,residual,24,92,13,79.69033675810181,0.0
baseline,residual,24,92,14,79.69033675810181,0.0
baseline,residual,24,92,15,80.7261987411502,0.0
baseline,residual,24,92,16,80.7261987411502,0.0
baseline,residual,24,92,17,77.31292083639997,0.0
baseline,residual,24,92,18,77.51349113847132,0.0
baseline,residual,24,92,19,80.7261987411502,0.0
baseline,residual,24,92,20,77.51349113847132,0.0
baseline,residual,24,92,21,80.7261987411502,0.0
baseline,residual,24,92,22,80.7261987411502,0.0
baseline,residual,24,92,23,77.51349113847132,0.0
baseline,residual,24,93,0,80.7261987411502,0.0
baseline,residual,24,93,1,89.47991583509068,0.0
baseline,residual,24,93,2,80.7261987411502,0.0
baseline,residual,24,93,3,89.47991583509068,0.0
baseline,residual,24,93,4,77.31292083639997,0.0
baseline,residual,24,93,5,89.47991583509068,0.0
baseline,residual,24,93,6,80.7261987411502,0.0
baseline,residual,24,93,7,89.47991583509068,0.0
baseline,residual,24,93,8,80.7261987411502,0.0
baseline,residual,24,93,9,89.47991583509068,0.0
baseline,residual,24,93,10,80.7261987411502,0.0
baseline,residual,24,93,11,89.47991583509068,0.0
baseline,residual,24,93,12,80.7261987411502,0.0
baseline,residual,24,93,13,89.47991583509068,0.0
baseline,residual,24,93,14,89.47991583509068,0.0
baseline,residual,24,93,15,80.7261987411502,0.0
baseline,residual,24,93,16,89.47991583509068,0.0
baseline,residual,24,93,17,77.31292083639997,0.0
baseline,residual,24,93,18,89.47991583509068,0.0
baseline,residual,24,93,19,80.7261987411502,0.0
baseline,residual,24,93,20,89.47991583509068,0.0
baseline,residual,24,93,21,80.7261987411502,0.0
baseline,residual,24,93,22,80.7261987411502,0.0
baseline,residual,24,93,23,89.47991583509068,0.0
baseline,residual,24,94,0,80.7261987411502,0.0
baseline,residual,24,94,1,89.47991583509068,0.0
baseline,residual,24,94,2,80.7261987411502,0.0
baseline,residual,24,94,3,89.47991583509068,0.0
baseline,residual,24,94,4,77.31295210597659,0.0
baseline,residual,24,94,5,89.47991583509068,0.0
baseline,residual,24,94,6,80.7261987411502,0.0
baseline,residual,24,94,7,89.47991583509068,0.0
baseline,residual,24,94,8,80.7261987411502,0.0
baseline,residual,24,94,9,89.47991583509068,0.0
baseline,residual,24,94,10,80.7261987411502,0.0
baseline,residual,24,94,11,89.47991583509068,0.0
baseline,residual,24,94,12,80.7261987411502,0.0
baseline,residual,24,94,13,89.47991583509068,0.0
baseline,residual,24,94,14,89.47991583509068,0.0
baseline,residual,24,94,15,80.7261987411502,0.0
baseline,residual,24,94,16,89.47991583509068,0.0
baseline,residual,24,94,17,77.31295210597659,0.0
baseline,residual,24,94,18,89.47991583509068,0.0
baseline,residual,24,94,19,80.7261987411502,0.0
baseline,residual,24,94,20,89.47991583509068,0.0
baseline,residual,24,94,21,80.7261987411502,0.0
baseline,residual,24,94,22,80.7261987411502,0.0
baseline,residual,24,94,23,89.47991583509068,0.0
baseline,residual,24,95,0,80.72619899744838,0.0
baseline,residual,24,95,1,89.47991583509068,0.0
baseline,residual,24,95,2,80.72619899744838,0.0
baseline,residual,24,95,3,89.47991583509068,0.0
baseline,residual,24,95,4,77.31246806618225,0.0
baseline,residual,24,95,5,89.47991583509068,0.0
baseline,residual,24,95,6,80.72619899744838,0.0
baseline,residual,24,95,7,89.47991583509068,0.0
baseline,residual,24,95,8,80.72619899744838,0.0
baseline,residual,24,95,9,89.47991583509068,0.0
baseline,residual,24,95,10,80.72619899744838,0.0
baseline,residual,24,95,11,89.47991583509068,0.0
baseline,residual,24,95,12,80.72619899744838,0.0
baseline,residual,24,95,13,89.47991583509068,0.0
baseline,residual,24,95,14,89.47991583509068,0.0
baseline,residual,24,95,15,80.72619899744838,0.0
baseline,residual,24,95,16,89.47991583509068,0.0
baseline,residual,24,95,17,77.31246806618225,0.0
baseline,residual,24,95,18,89.47991583509068,0.0
baseline,residual,24,95,19,80.72619899744838,0.0
baseline,residual,24,95,20,89.47991583509068,0.0
baseline,residual,24,95,21,80.72619899744838,0.0
baseline,residual,24,95,22,80.72619899744838,0.0
baseline,residual,24,95,23,89.47991583509068,0.0
baseline,residual,24,96,0,80.72619899744838,0.0
baseline,residual,24,96,1,89.47991583509068,0.0
baseline,residual,24,96,2,80.72619899744838,0.0
baseline,residual,24,96,3,89.47991583509068,0.0
baseline,residual,24,96,4,77.31246806618225,0.0
baseline,residual,24,96,5,89.47991583509068,0.0
baseline,residual,24,96,6,80.72619899744838,0.0
baseline,residual,24,96,7,89.47991583509068,0.0
baseline,residual,24,96,8,80.72619899744838,0.0
baseline,residual,24,96,9,89.47991583509068,0.0
baseline,residual,24,96,10,80.72619899744838,0.0
baseline,residual,24,96,11,89.47991583509068,0.0
baseline,residual,24,96,12,80.72619899744838,0.0
baseline,residual,24,96,13,89.47991583509068,0.0
baseline,residual,24,96,14,89.47991583509068,0.0
baseline,residual,24,96,15,80.72619899744838,0.0
baseline,residual,24,96,16,89.47991583509068,0.0
baseline,residual,24,96,17,77.31246806618225,0.0
baseline,residual,24,96,18,89.47991583509068,0.0
baseline,residual,24,96,19,80.72619899744838,0.0
baseline,residual,24,96,20,89.47991583509068,0.0
baseline,residual,24,96,21,80.72619899744838,0.0
baseline,residual,24,96,22,80.72619899744838,0.0
baseline,residual,24,96,23,89.47991583509068,0.0
baseline,residual,24,97,0,80.72619899744838,0.0
baseline,residual,24,97,1,89.47992418946522,0.0
baseline,residual,24,97,2,80.72619899744838,0.0
baseline,residual,24,97,3,89.47992418946522,0.0
baseline,residual,24,97,4,77.31246806618225,0.0
baseline,residual,24,97,5,89.47992418946522,0.0
baseline,residual,24,97,6,80.72619899744838,0.0
baseline,residual,24,97,7,89.47992418946522,0.0
baseline,residual,24,97,8,80.72619899744838,0.0
baseline,residual,24,97,9,89.47992418946522,0.0
baseline,residual,24,97,10,80.72619899744838,0.0
baseline,residual,24,97,11,89.47992418946522,0.0
baseline,residual,24,97,12,80.72619899744838,0.0
baseline,residual,24,97,13,89.47992418946522,0.0
baseline,residual,24,97,14,89.47992418946522,0.0
baseline,residual,24,97,15,80.72619899744838,0.0
baseline,residual,24,97,16,89.47992418946522,0.0
baseline,residual,24,97,17,77.31246806618225,0.0
baseline,residual,24,97,18,89.47992418946522,0.0
baseline,residual,24,97,19,80.72619899744838,0.0
baseline,residual,24,97,20,89.47992418946522,0.0
baseline,residual,24,97,21,80.72619899744838,0.0
baseline,residual,24,97,22,80.72619899744838,0.0
baseline,residual,24,97,23,89.47992418946522,0.0
baseline,residual,24,98,0,80.72619871477488,0.0
baseline,residual,24,98,1,89.47992418946522,0.0
baseline,residual,24,98,2,80.72619871477488,0.0
baseline,residual,24,98,3,89.47992418946522,0.0
baseline,residual,24,98,4,77.31246806691757,0.0
baseline,residual,24,98,5,89.47992418946522,0.0
baseline,residual,24,98,6,80.72619871477488,0.0
baseline,residual,24,98,7,89.47992418946522,0.0
baseline,residual,24,98,8,80.72619871477488,0.0
baseline,residual,24,98,9,89.47992418946522,0.0
baseline,residual,24,98,10,80.72619871477488,0.0
baseline,residual,24,98,11,89.47992418946522,0.0
baseline,residual,24,98,12,80.72619871477488,0.0
baseline,residual,24,98,13,89.47992418946522,0.0
baseline,residual,24,98,14,89.47992418946522,0.0
baseline,residual,24,98,15,80.72619871477488,0.0
baseline,residual,24,98,16,89.47992418946522,0.0
baseline,residual,24,98,17,77.31246806691757,0.0
baseline,residual,24,98,18,89.47992418946522,0.0
baseline,residual,24,98,19,80.72619871477488,0.0
baseline,residual,24,98,20,89.47992418946522,0.0
baseline,residual,24,98,21,80.72619871477488,0.0
baseline,residual,24,98,22,80.72619871477488,0.0
baseline,residual,24,98,23,89.47992418946522,0.0
baseline,residual,24,99,0,80.72619871477488,0.0
baseline,residual,24,99,1,89.47992418946522,0.0
baseline,residual,24,99,2,80.72619871477488,0.0
baseline,residual,24,99,3,89.47992418946522,0.0
baseline,residual,24,99,4,77.31246806691757,0.0
baseline,residual,24,99,5,89.47992418946522,0.0
baseline,residual,24,99,6,80.72619871477488,0.0
baseline,residual,24,99,7,89.47992418946522,0.0
baseline,residual,24,99,8,80.72619871477488,0.0
baseline,residual,24,99,9,89.47992418946522,0.0
baseline,residual,24,99,10,80.72619871477488,0.0
baseline,residual,24,99,11,89.47992418946522,0.0
baseline,residual,24,99,12,80.72619871477488,0.0
baseline,residual,24,99,13,89.47992418946522,0.0
baseline,residual,24,99,14,89.47992418946522,0.0
baseline,residual,24,99,15,80.72619871477488,0.0
baseline,residual,24,99,16,89.47992418946522,0.0
baseline,residual,24,99,17,77.31246806691757,0.0
baseline,residual,24,99,18,89.47992418946522,0.0
baseline,residual,24,99,19,80.72619871477488,0.0
baseline,residual,24,99,20,89.47992418946522,0.0
baseline,residual,24,99,21,80.72619871477488,0.0
baseline,residual,24,99,22,80.72619871477488,0.0
baseline,residual,24,99,23,89.47992418946522,0.0
baseline,residual,24,100,0,85.72609393286412,0.0
baseline,residual,24,100,1,89.47992418946522,0.0
baseline,residual,24,100,2,85.72609393286412,0.0
baseline,residual,24,100,3,89.47992418946522,0.0
baseline,residual,24,100,4,85.72609393286412,0.0
baseline,residual,24,100,5,89.47992418946522,0.0
baseline,residual,24,100,6,85.72609393286412,0.0
baseline,residual,24,100,7,89.47992418946522,0.0
baseline,residual,24,100,8,85.72609393286412,0.0
baseline,residual,24,100,9,89.47992418946522,0.0
baseline,residual,24,100,10,85.72609393286412,0.0
baseline,residual,24,100,11,89.47992418946522,0.0
baseline,residual,24,100,12,85.72609393286412,0.0
baseline,residual,24,100,13,89.47992418946522,0.0
baseline,residual,24,100,14,89.47992418946522,0.0
baseline,residual,24,100,15,85.72609393286412,0.0
baseline,residual,24,100,16,89.47992418946522,0.0
baseline,residual,24,100,17,85.72609393286412,0.0
baseline,residual,24,100,18,89.47992418946522,0.0
baseline,residual,24,100,19,85.72609393286412,0.0
baseline,residual,24,100,20,89.47992418946522,0.0
baseline,residual,24,100,21,85.72609393286412,0.0
baseline,residual,24,100,22,85.72609393286412,0.0
baseline,residual,24,100,23,89.47992418946522,0.0
baseline,residual,24,101,0,85.72609393286412,0.0
baseline,residual,24,101,1,89.47992418946522,0.0
baseline,residual,24,101,2,85.72609393286412,0.0
baseline,residual,24,101,3,89.47992418946522,0.0
baseline,residual,24,101,4,85.72609393286412,0.0
baseline,residual,24,101,5,89.47992418946522,0.0
baseline,residual,24,101,6,85.72609393286412,0.0
baseline,residual,24,101,7,89.47992418946522,0.0
baseline,residual,24,101,8,85.72609393286412,0.0
baseline,residual,24,101,9,89.47992418946522,0.0
baseline,residual,24,101,10,85.72609393286412,0.0
baseline,residual,24,101,11,89.47992418946522,0.0
baseline,residual,24,101,12,85.72609393286412,0.0
baseline,residual,24,101,13,89.47992418946522,0.0
baseline,residual,24,101,14,89.47992418946522,0.0
baseline,residual,24,101,15,85.72609393286412,0.0
baseline,residual,24,101,16,89.47992418946522,0.0
baseline,residual,24,101,17,85.72609393286412,0.0
baseline,residual,24,101,18,89.47992418946522,0.0
baseline,residual,24,101,19,85.72609393286412,0.0
baseline,residual,24,101,20,89.47992418946522,0.0
baseline,residual,24,101,21,85.72609393286412,0.0
baseline,residual,24,101,22,85.72609393286412,0.0
baseline,residual,24,101,23,89.47992418946522,0.0
baseline,residual,24,102,0,89.47601552826515,0.0
baseline,residual,24,102,1,89.47992418946522,0.0
baseline,residual,24,102,2,89.47601552826515,0.0
baseline,residual,24,102,3,89.47992418946522,0.0
baseline,residual,24,102,4,86.68371879652982,0.0
baseline,residual,24,102,5,89.47992418946522,0.0
baseline,residual,24,102,6,89.47601552826515,0.0
baseline,residual,24,102,7,89.47992418946522,0.0
baseline,residual,24,102,8,89.47601552826515,0.0
baseline,residual,24,102,9,89.47992418946522,0.0
baseline,residual,24,102,10,89.47601552826515,0.0
baseline,residual,24,102,11,89.47992418946522,0.0
baseline,residual,24,102,12,89.47601552826515,0.0
baseline,residual,24,102,13,89.47992418946522,0.0
baseline,residual,24,102,14,89.47992418946522,0.0
baseline,residual,24,102,15,89.47601552826515,0.0
baseline,residual,24,102,16,89.47992418946522,0.0
baseline,residual,24,102,17,86.68371879652982,0.0
baseline,residual,24,102,18,89.47992418946522,0.0
baseline,residual,24,102,19,89.47601552826515,0.0
baseline,residual,24,102,20,89.47992418946522,0.0
baseline,residual,24,102,21,89.47601552826515,0.0
baseline,residual,24,102,22,89.47601552826515,0.0
baseline,residual,24,102,23,89.47992418946522,0.0
baseline,residual,24,103,0,89.47601552826515,0.0
baseline,residual,24,103,1,89.47992418946522,0.0
baseline,residual,24,103,2,89.47601552826515,0.0
baseline,residual,24,103,3,89.47992418946522,0.0
baseline,residual,24,103,4,86.68371879652982,0.0
baseline,residual,24,103,5,89.47992418946522,0.0
baseline,residual,24,103,6,89.47601552826515,0.0
baseline,residual,24,103,7,89.47992418946522,0.0
baseline,residual,24,103,8,89.47601552826515,0.0
baseline,residual,24,103,9,89.47992418946522,0.0
baseline,residual,24,103,10,89.47601552826515,0.0
baseline,residual,24,103,11,89.47992418946522,0.0
baseline,residual,24,103,12,89.47601552826515,0.0
baseline,residual,24,103,13,89.47992418946522,0.0
baseline,residual,24,103,14,89.47992418946522,0.0
baseline,residual,24,103,15,89.47601552826515,0.0
baseline,residual,24,103,16,89.47992418946522,0.0
baseline,residual,24,103,17,86.68371879652982,0.0
baseline,residual,24,103,18,89.47992418946522,0.0
baseline,residual,24,103,19,89.47601552826515,0.0
baseline,residual,24,103,20,89.47992418946522,0.0
baseline,residual,24,103,21,89.47601552826515,0.0
baseline,residual,24,103,22,89.47601552826515,0.0
baseline,residual,24,103,23,89.47992418946522,0.0
baseline,residual,24,104,0,89.47601552826515,0.0
baseline,residual,24,104,1,89.47992418946522,0.0
baseline,residual,24,104,2,89.47601552826515,0.0
baseline,residual,24,104,3,89.47992418946522,0.0
baseline,residual,24,104,4,86.68371879652982,0.0
baseline,residual,24,104,5,89.47992418946522,0.0
baseline,residual,24,104,6,89.47601552826515,0.0
baseline,residual,24,104,7,89.47992418946522,0.0
baseline,residual,24,104,8,89.47601552826515,0.0
baseline,residual,24,104,9,89.47992418946522,0.0
baseline,residual,24,104,10,89.47601552826515,0.0
baseline,residual,24,104,11,89.47992418946522,0.0
baseline,residual,24,104,12,89.47601552826515,0.0
baseline,residual,24,104,13,89.47992418946522,0.0
baseline,residual,24,104,14,89.47992418946522,0.0
baseline,residual,24,104,15,89.47601552826515,0.0
baseline,residual,24,104,16,89.47992418946522,0.0
baseline,residual,24,104,17,86.68371879652982,0.0
baseline,residual,24,104,18,89.47992418946522,0.0
baseline,residual,24,104,19,89.47601552826515,0.0
baseline,residual,24,104,20,89.47992418946522,0.0
baseline,residual,24,104,21,89.47601552826515,0.0
baseline,residual,24,104,22,89.47601552826515,0.0
baseline,residual,24,104,23,89.47992418946522,0.0
baseline,residual,24,105,0,89.47601552826515,0.0
baseline,residual,24,105,1,95.59915881288362,0.0
baseline,residual,24,105,2,89.47601552826515,0.0
baseline,residual,24,105,3,95.59915881288362,0.0
baseline,residual,24,105,4,86.68371879652982,0.0
baseline,residual,24,105,5,95.59915881288362,0.0
baseline,residual,24,105,6,89.47601552826515,0.0
baseline,residual,24,105,7,95.59915881288362,0.0
baseline,residual,24,105,8,89.47601552826515,0.0
baseline,residual,24,105,9,95.59915881288362,0.0
baseline,residual,24,105,10,89.47601552826515,0.0
baseline,residual,24,105,11,95.59915881288362,0.0
baseline,residual,24,105,12,89.47601552826515,0.0
baseline,residual,24,105,13,95.59915881288362,0.0
baseline,residual,24,105,14,95.59915881288362,0.0
baseline,residual,24,105,15,89.47601552826515,0.0
baseline,residual,24,105,16,95.59915881288362,0.0
baseline,residual,24,105,17,86.68371879652982,0.0
baseline,residual,24,105,18,95.59915881288362,0.0
baseline,residual,24,105,19,89.47601552826515,0.0
baseline,residual,24,105,20,95.59915881288362,0.0
baseline,residual,24,105,21,89.47601552826515,0.0
baseline,residual,24,105,22,89.47601552826515,0.0
baseline,residual,24,105,23,95.59915881288362,0.0
baseline,residual,24,106,0,89.47601552826515,0.0
baseline,residual,24,106,1,99.77681690170104,0.0
baseline,residual,24,106,2,89.47601552826515,0.0
baseline,residual,24,106,3,99.77681690170104,0.0
baseline,residual,24,106,4,86.68371879652982,0.0
baseline,residual,24,106,5,99.77681690170104,0.0
baseline,residual,24,106,6,89.47601552826515,0.0
baseline,residual,24,106,7,99.77681690170104,0.0
baseline,residual,24,106,8,89.47601552826515,0.0
baseline,residual,24,106,9,99.77681690170104,0.0
baseline,residual,24,106,10,89.47601552826515,0.0
baseline,residual,24,106,11,99.77681690170104,0.0
baseline,residual,24,106,12,89.47601552826515,0.0
baseline,residual,24,106,13,99.77681690170104,0.0
baseline,residual,24,106,14,99.77681690170104,0.0
baseline,residual,24,106,15,89.47601552826515,0.0
baseline,residual,24,106,16,99.77681690170104,0.0
baseline,residual,24,106,17,86.68371879652982,0.0
baseline,residual,24,106,18,99.77681690170104,0.0
baseline,residual,24,106,19,89.47601552826515,0.0
baseline,residual,24,106,20,99.77681690170104,0.0
baseline,residual,24,106,21,89.47601552826515,0.0
baseline,residual,24,106,22,89.47601552826515,0.0
baseline,residual,24,106,23,99.77681690170104,0.0
baseline,residual,24,107,0,89.47601552826515,0.0
baseline,residual,24,107,1,99.77681690170104,0.0
baseline,residual,24,107,2,89.47601552826515,0.0
baseline,residual,24,107,3,99.77681690170104,0.0
baseline,residual,24,107,4,86.68371879652982,0.0
baseline,residual,24,107,5,99.77681690170104,0.0
baseline,residual,24,107,6,89.47601552826515,0.0
baseline,residual,24,107,7,99.77681690170104,0.0
baseline,residual,24,107,8,89.47601552826515,0.0
baseline,residual,24,107,9,99.77681690170104,0.0
baseline,residual,24,107,10,89.47601552826515,0.0
baseline,residual,24,107,11,99.77681690170104,0.0
baseline,residual,24,107,12,89.47601552826515,0.0
baseline,residual,24,107,13,99.77681690170104,0.0
baseline,residual,24,107,14,99.77681690170104,0.0
baseline,residual,24,107,15,89.47601552826515,0.0
baseline,residual,24,107,16,99.77681690170104,0.0
baseline,residual,24,107,17,86.68371879652982,0.0
baseline,residual,24,107,18,99.77681690170104,0.0
baseline,residual,24,107,19,89.47601552826515,0.0
baseline,residual,24,107,20,99.77681690170104,0.0
baseline,residual,24,107,21,89.47601552826515,0.0
baseline,residual,24,107,22,89.47601552826515,0.0
baseline,residual,24,107,23,99.77681690170104,0.0
baseline,residual,24,108,0,89.47601552826515,0.0
baseline,residual,24,108,1,102.45847430823422,0.0
baseline,residual,24,108,2,89.47601552826515,0.0
baseline,residual,24,108,3,102.45847430823422,0.0
baseline,residual,24,108,4,87.09584082897685,0.0
baseline,residual,24,108,5,102.45847430823422,0.0
baseline,residual,24,108,6,89.47601552826515,0.0
baseline,residual,24,108,7,102.45847430823422,0.0
baseline,residual,24,108,8,89.47601552826515,0.0
baseline,residual,24,108,9,102.45847430823422,0.0
baseline,residual,24,108,10,89.47601552826515,0.0
baseline,residual,24,108,11,102.45847430823422,0.0
baseline,residual,24,108,12,89.47601552826515,0.0
baseline,residual,24,108,13,102.45847430823422,0.0
baseline,residual,24,108,14,102.45847430823422,0.0
baseline,residual,24,108,15,89.47601552826515,0.0
baseline,residual,24,108,16,102.45847430823422,0.0
baseline,residual,24,108,17,87.09584082897685,0.0
baseline,residual,24,108,18,102.45847430823422,0.0
baseline,residual,24,108,19,89.47601552826515,0.0
baseline,residual,24,108,20,102.45847430823422,0.0
baseline,residual,24,108,21,89.47601552826515,0.0
baseline,residual,24,108,22,89.47601552826515,0.0
baseline,residual,24,108,23,102.45847430823422,0.0
baseline,residual,24,109,0,89.47601552826515,0.0
baseline,residual,24,109,1,110.60441613567305,0.0
baseline,residual,24,109,2,89.47601552826515,0.0
baseline,residual,24,109,3,110.60441613567305,0.0
baseline,residual,24,109,4,91.45818351680188,0.0
baseline,residual,24,109,5,110.60441613567305,0.0
baseline,residual,24,109,6,89.47601552826515,0.0
baseline,residual,24,109,7,110.60441613567305,0.0
baseline,residual,24,109,8,89.47601552826515,0.0
baseline,residual,24,109,9,110.60441613567305,0.0
baseline,residual,24,109,10,89.47601552826515,0.0
baseline,residual,24,109,11,110.60441613567305,0.0
baseline,residual,24,109,12,89.47601552826515,0.0
baseline,residual,24,109,13,110.60441613567305,0.0
baseline,residual,24,109,14,110.60441613567305,0.0
baseline,residual,24,109,15,89.47601552826515,0.0
baseline,residual,24,109,16,110.60441613567305,0.0
baseline,residual,24,109,17,91.45818351680188,0.0
baseline,residual,24,109,18,110.60441613567305,0.0
baseline,residual,24,109,19,89.47601552826515,0.0
baseline,residual,24,109,20,110.60441613567305,0.0
baseline,residual,24,109,21,89.47601552826515,0.0
baseline,residual,24,109,22,89.47601552826515,0.0
baseline,residual,24,109,23,110.60441613567305,0.0
baseline,residual,24,110,0,89.47601552826515,0.0
baseline,residual,24,110,1,110.60437198780188,0.0
baseline,residual,24,110,2,89.47601552826515,0.0
baseline,residual,24,110,3,110.60437198780188,0.0
baseline,residual,24,110,4,91.45818351680202,0.0
baseline,residual,24,110,5,110.60437198780188,0.0
baseline,residual,24,110,6,89.47601552826515,0.0
baseline,residual,24,110,7,110.60437198780188,0.0
baseline,residual,24,110,8,89.47601552826515,0.0
baseline,residual,24,110,9,110.60437198780188,0.0
baseline,residual,24,110,10,89.47601552826515,0.0
baseline,residual,24,110,11,110.60437198780188,0.0
baseline,residual,24,110,12,89.47601552826515,0.0
baseline,residual,24,110,13,110.60437198780188,0.0
baseline,residual,24,110,14,110.60437198780188,0.0
baseline,residual,24,110,15,89.47601552826515,0.0
baseline,residual,24,110,16,110.60437198780188,0.0
baseline,residual,24,110,17,91.45818351680202,0.0
baseline,residual,24,110,18,110.60437198780188,0.0
baseline,residual,24,110,19,89.47601552826515,0.0
baseline,residual,24,110,20,110.60437198780188,0.0
baseline,residual,24,110,21,89.47601552826515,0.0
baseline,residual,24,110,22,89.47601552826515,0.0
baseline,residual,24,110,23,110.60437198780188,0.0
baseline,residual,24,111,0,98.34505972640096,0.0
baseline,residual,24,111,1,110.60437198780188,0.0
baseline,residual,24,111,2,98.34505972640096,0.0
baseline,residual,24,111,3,110.60437198780188,0.0
baseline,residual,24,111,4,91.45818351680202,0.0
baseline,residual,24,111,5,110.60437198780188,0.0
baseline,residual,24,111,6,98.34505972640096,0.0
baseline,residual,24,111,7,110.60437198780188,0.0
baseline,residual,24,111,8,98.34505972640096,0.0
baseline,residual,24,111,9,110.60437198780188,0.0
baseline,residual,24,111,10,98.34505972640096,0.0
baseline,residual,24,111,11,110.60437198780188,0.0
baseline,residual,24,111,12,98.34505972640096,0.0
baseline,residual,24,111,13,110.60437198780188,0.0
baseline,residual,24,111,14,110.60437198780188,0.0
baseline,residual,24,111,15,98.34505972640096,0.0
baseline,residual,24,111,16,110.60437198780188,0.0
baseline,residual,24,111,17,91.45818351680202,0.0
baseline,residual,24,111,18,110.60437198780188,0.0
baseline,residual,24,111,19,98.34505972640096,0.0
baseline,residual,24,111,20,110.60437198780188,0.0
baseline,residual,24,111,21,98.34505972640096,0.0
baseline,residual,24,111,22,98.34505972640096,0.0
baseline,residual,24,111,23,110.60437198780188,0.0
baseline,residual,24,112,0,98.34505972640096,0.0
baseline,residual,24,112,1,110.60437198780188,0.0
baseline,residual,24,112,2,98.34505972640096,0.0
baseline,residual,24,112,3,110.60437198780188,0.0
baseline,residual,24,112,4,91.45818351480308,0.0
baseline,residual,24,112,5,110.60437198780188,0.0
baseline,residual,24,112,6,98.34505972640096,0.0
baseline,residual,24,112,7,110.60437198780188,0.0
baseline,residual,24,112,8,98.34505972640096,0.0
baseline,residual,24,112,9,110.60437198780188,0.0
baseline,residual,24,112,10,98.34505972640096,0.0
baseline,residual,24,112,11,110.60437198780188,0.0
baseline,residual,24,112,12,98.34505972640096,0.0
baseline,residual,24,112,13,110.60437198780188,0.0
baseline,residual,24,112,14,110.60437198780188,0.0
baseline,residual,24,112,15,98.34505972640096,0.0
baseline,residual,24,112,16,110.60437198780188,0.0
baseline,residual,24,112,17,91.45818351480308,0.0
baseline,residual,24,112,18,110.60437198780188,0.0
baseline,residual,24,112,19,98.34505972640096,0.0
baseline,residual,24,112,20,110.60437198780188,0.0
baseline,residual,24,112,21,98.34505972640096,0.0
baseline,residual,24,112,22,98.34505972640096,0.0
baseline,residual,24,112,23,110.60437198780188,0.0
baseline,residual,24,113,0,98.34505972640096,0.0
baseline,residual,24,113,1,110.60437198780188,0.0
baseline,residual,24,113,2,98.34505972640096,0.0
baseline,residual,24,113,3,110.60437198780188,0.0
baseline,residual,24,113,4,91.45818351480308,0.0
baseline,residual,24,113,5,110.60437198780188,0.0
baseline,residual,24,113,6,98.34505972640096,0.0
baseline,residual,24,113,7,110.60437198780188,0.0
baseline,residual,24,113,8,98.34505972640096,0.0
baseline,residual,24,113,9,110.60437198780188,0.0
baseline,residual,24,113,10,98.34505972640096,0.0
baseline,residual,24,113,11,110.60437198780188,0.0
baseline,residual,24,113,12,98.34505972640096,0.0
baseline,residual,24,113,13,110.60437198780188,0.0
baseline,residual,24,113,14,110.60437198780188,0.0
baseline,residual,24,113,15,98.34505972640096,0.0
baseline,residual,24,113,16,110.60437198780188,0.0
baseline,residual,24,113,17,91.45818351480308,0.0
baseline,residual,24,113,18,110.60437198780188,0.0
baseline,residual,24,113,19,98.34505972640096,0.0
baseline,residual,24,113,20,110.60437198780188,0.0
baseline,residual,24,113,21,98.34505972640096,0.0
baseline,residual,24,113,22,98.34505972640096,0.0
baseline,residual,24,113,23,110.60437198780188,0.0
baseline,residual,24,114,0,98.34505972640096,0.0
baseline,residual,24,114,1,110.60437198780188,0.0
baseline,residual,24,114,2,98.34505972640096,0.0
baseline,residual,24,114,3,110.60437198780188,0.0
baseline,residual,24,114,4,91.45818351480308,0.0
baseline,residual,24,114,5,110.60437198780188,0.0
baseline,residual,24,114,6,98.34505972640096,0.0
baseline,residual,24,114,7,110.60437198780188,0.0
baseline,residual,24,114,8,98.34505972640096,0.0
baseline,residual,24,114,9,110.60437198780188,0.0
baseline,residual,24,114,10,98.34505972640096,0.0
baseline,residual,24,114,11,110.60437198780188,0.0
baseline,residual,24,114,12,98.34505972640096,0.0
baseline,residual,24,114,13,110.60437198780188,0.0
baseline,residual,24,114,14,110.60437198780188,0.0
baseline,residual,24,114,15,98.34505972640096,0.0
baseline,residual,24,114,16,110.60437198780188,0.0
baseline,residual,24,114,17,91.45818351480308,0.0
baseline,residual,24,114,18,110.60437198780188,0.0
baseline,residual,24,114,19,98.34505972640096,0.0
baseline,residual,24,114,20,110.60437198780188,0.0
baseline,residual,24,114,21,98.34505972640096,0.0
baseline,residual,24,114,22,98.34505972640096,0.0
baseline,residual,24,114,23,110.60437198780188,0.0
baseline,residual,24,115,0,102.33011780799916,0.0
baseline,residual,24,115,1,110.60437198780188,0.0
baseline,residual,24,115,2,102.33011780799916,0.0
baseline,residual,24,115,3,110.60437198780188,0.0
baseline,residual,24,115,4,92.3056580697907,0.0
baseline,residual,24,115,5,110.60437198780188,0.0
baseline,residual,24,115,6,102.33011780799916,0.0
baseline,residual,24,115,7,110.60437198780188,0.0
baseline,residual,24,115,8,102.33011780799916,0.0
baseline,residual,24,115,9,110.60437198780188,0.0
baseline,residual,24,115,10,102.33011780799916,0.0
baseline,residual,24,115,11,110.60437198780188,0.0
baseline,residual,24,115,12,102.33011780799916,0.0
baseline,residual,24,115,13,110.60437198780188,0.0
baseline,residual,24,115,14,110.60437198780188,0.0
baseline,residual,24,115,15,102.33011780799916,0.0
baseline,residual,24,115,16,110.60437198780188,0.0
baseline,residual,24,115,17,92.3056580697907,0.0
baseline,residual,24,115,18,110.60437198780188,0.0
baseline,residual,24,115,19,102.33011780799916,0.0
baseline,residual,24,115,20,110.60437198780188,0.0
baseline,residual,24,115,21,102.33011780799916,0.0
baseline,residual,24,115,22,102.33011780799916,0.0
baseline,residual,24,115,23,110.60437198780188,0.0
baseline,residual,24,116,0,102.33011780799916,0.0
baseline,residual,24,116,1,110.60437198780188,0.0
baseline,residual,24,116,2,102.33011780799916,0.0
baseline,residual,24,116,3,110.60437198780188,0.0
baseline,residual,24,116,4,92.3056580697907,0.0
baseline,residual,24,116,5,110.60437198780188,0.0
baseline,residual,24,116,6,102.33011780799916,0.0
baseline,residual,24,116,7,110.60437198780188,0.0
baseline,residual,24,116,8,102.33011780799916,0.0
baseline,residual,24,116,9,110.60437198780188,0.0
baseline,residual,24,116,10,102.33011780799916,0.0
baseline,residual,24,116,11,110.60437198780188,0.0
baseline,residual,24,116,12,102.33011780799916,0.0
baseline,residual,24,116,13,110.60437198780188,0.0
baseline,residual,24,116,14,110.60437198780188,0.0
baseline,residual,24,116,15,102.33011780799916,0.0
baseline,residual,24,116,16,110.60437198780188,0.0
baseline,residual,24,116,17,92.3056580697907,0.0
baseline,residual,24,116,18,110.60437198780188,0.0
baseline,residual,24,116,19,102.33011780799916,0.0
baseline,residual,24,116,20,110.60437198780188,0.0
baseline,residual,24,116,21,102.33011780799916,0.0
baseline,residual,24,116,22,102.33011780799916,0.0
baseline,residual,24,116,23,110.60437198780188,0.0
baseline,residual,24,117,0,102.33011780799916,0.0
baseline,residual,24,117,1,114.33712313374589,0.0
baseline,residual,24,117,2,102.33011780799916,0.0
baseline,residual,24,117,3,114.33712313374589,0.0
baseline,residual,24,117,4,92.3056580697907,0.0
baseline,residual,24,117,5,114.33712313374589,0.0
baseline,residual,24,117,6,102.33011780799916,0.0
baseline,residual,24,117,7,114.33712313374589,0.0
baseline,residual,24,117,8,102.33011780799916,0.0
baseline,residual,24,117,9,114.33712313374589,0.0
baseline,residual,24,117,10,102.33011780799916,0.0
baseline,residual,24,117,11,114.33712313374589,0.0
baseline,residual,24,117,12,102.33011780799916,0.0
baseline,residual,24,117,13,114.33712313374589,0.0
baseline,residual,24,117,14,114.33712313374589,0.0
baseline,residual,24,117,15,102.33011780799916,0.0
baseline,residual,24,117,16,114.33712313374589,0.0
baseline,residual,24,117,17,92.3056580697907,0.0
baseline,residual,24,117,18,114.33712313374589,0.0
baseline,residual,24,117,19,102.33011780799916,0.0
baseline,residual,24,117,20,114.33712313374589,0.0
baseline,residual,24,117,21,102.33011780799916,0.0
baseline,residual,24,117,22,102.33011780799916,0.0
baseline,residual,24,117,23,114.33712313374589,0.0
baseline,residual,24,118,0,106.09447214791683,0.0
baseline,residual,24,118,1,114.33712313374589,0.0
baseline,residual,24,118,2,106.09447214791683,0.0
baseline,residual,24,118,3,114.33712313374589,0.0
baseline,residual,24,118,4,98.01645974741017,0.0
baseline,residual,24,118,5,114.33712313374589,0.0
baseline,residual,24,118,6,106.09447214791683,0.0
baseline,residual,24,118,7,114.33712313374589,0.0
baseline,residual,24,118,8,106.09447214791683,0.0
baseline,residual,24,118,9,114.33712313374589,0.0
baseline,residual,24,118,10,106.09447214791683,0.0
baseline,residual,24,118,11,114.33712313374589,0.0
baseline,residual,24,118,12,106.09447214791683,0.0
baseline,residual,24,118,13,114.33712313374589,0.0
baseline,residual,24,118,14,114.33712313374589,0.0
baseline,residual,24,118,15,106.09447214791683,0.0
baseline,residual,24,118,16,114.33712313374589,0.0
baseline,residual,24,118,17,98.01645974741017,0.0
baseline,residual,24,118,18,114.33712313374589,0.0
baseline,residual,24,118,19,106.09447214791683,0.0
baseline,residual,24,118,20,114.33712313374589,0.0
baseline,residual,24,118,21,106.09447214791683,0.0
baseline,residual,24,118,22,106.09447214791683,0.0
baseline,residual,24,118,23,114.33712313374589,0.0
baseline,residual,24,119,0,106.09447214791683,0.0
baseline,residual,24,119,1,114.33712913529747,0.0
baseline,residual,24,119,2,106.09447214791683,0.0
baseline,residual,24,119,3,114.33712913529747,0.0
baseline,residual,24,119,4,98.01645974741017,0.0
baseline,residual,24,119,5,114.33712913529747,0.0
baseline,residual,24,119,6,106.09447214791683,0.0
baseline,residual,24,119,7,114.33712913529747,0.0
baseline,residual,24,119,8,106.09447214791683,0.0
baseline,residual,24,119,9,114.33712913529747,0.0
baseline,residual,24,119,10,106.09447214791683,0.0
baseline,residual,24,119,11,114.33712913529747,0.0
baseline,residual,24,119,12,106.09447214791683,0.0
baseline,residual,24,119,13,114.33712913529747,0.0
baseline,residual,24,119,14,114.33712913529747,0.0
baseline,residual,24,119,15,106.09447214791683,0.0
baseline,residual,24,119,16,114.33712913529747,0.0
baseline,residual,24,119,17,98.01645974741017,0.0
baseline,residual,24,119,18,114.33712913529747,0.0
baseline,residual,24,119,19,106.09447214791683,0.0
baseline,residual,24,119,20,114.33712913529747,0.0
baseline,residual,24,119,21,106.09447214791683,0.0
baseline,residual,24,119,22,106.09447214791683,0.0
baseline,residual,24,119,23,114.33712913529747,0.0
baseline,residual,24,120,0,106.09447214791683,0.0
baseline,residual,24,120,1,114.33712913529747,0.0
baseline,residual,24,120,2,106.09447214791683,0.0
baseline,residual,24,120,3,114.33712913529747,0.0
baseline,residual,24,120,4,98.01645974741017,0.0
baseline,residual,24,120,5,114.33712913529747,0.0
baseline,residual,24,120,6,106.09447214791683,0.0
baseline,residual,24,120,7,114.33712913529747,0.0
baseline,residual,24,120,8,106.09447214791683,0.0
baseline,residual,24,120,9,114.33712913529747,0.0
baseline,residual,24,120,10,106.09447214791683,0.0
baseline,residual,24,120,11,114.33712913529747,0.0
baseline,residual,24,120,12,106.09447214791683,0.0
baseline,residual,24,120,13,114.33712913529747,0.0
baseline,residual,24,120,14,114.33712913529747,0.0
baseline,residual,24,120,15,106.09447214791683,0.0
baseline,residual,24,120,16,114.33712913529747,0.0
baseline,residual,24,120,17,98.01645974741017,0.0
baseline,residual,24,120,18,114.33712913529747,0.0
baseline,residual,24,120,19,106.09447214791683,0.0
baseline,residual,24,120,20,114.33712913529747,0.0
baseline,residual,24,120,21,106.09447214791683,0.0
baseline,residual,24,120,22,106.09447214791683,0.0
baseline,residual,24,120,23,114.33712913529747,0.0
