source,mode,cluster_size,iteration,cluster_id,avg_abs_llr,snr_db
baseline,residual,384,0,0,4.259265035135947,0.0
baseline,residual,384,0,1,4.257283243895105,0.0
baseline,residual,384,0,2,4.205065236506107,0.0
baseline,residual,384,0,3,4.19071525864083,0.0
baseline,residual,384,0,4,4.204915227257409,0.0
baseline,residual,384,0,5,4.257295309443115,0.0
baseline,residual,384,0,6,4.30117332606081,0.0
baseline,residual,384,0,7,4.23310661304458,0.0
baseline,residual,384,0,8,4.238839145244412,0.0
baseline,residual,384,0,9,4.181649420847029,0.0
baseline,residual,384,0,10,4.176204753036546,0.0
baseline,residual,384,0,11,4.2279128815542375,0.0
baseline,residual,384,0,12,4.264505735514951,0.0
baseline,residual,384,0,13,4.199601100498886,0.0
baseline,residual,384,0,14,4.187343765131127,0.0
baseline,residual,384,0,15,4.250756688333154,0.0
baseline,residual,384,0,16,4.2660043489051604,0.0
baseline,residual,384,0,17,4.254379273858874,0.0
baseline,residual,384,0,18,4.260287473430531,0.0
baseline,residual,384,0,19,4.204197908822632,0.0
baseline,residual,384,0,20,3.179728562062271,0.0
baseline,residual,384,0,21,3.151314381193989,0.0
baseline,residual,384,0,22,2.771445168626512,0.0
baseline,residual,384,0,23,3.2334426756977543,0.0
baseline,residual,384,0,24,3.1491822482820204,0.0
baseline,residual,384,0,25,2.8568184538203965,0.0
baseline,residual,384,0,26,3.3529103094928616,0.0
baseline,residual,384,0,27,2.8353009872876225,0.0
baseline,residual,384,0,28,3.141877037278057,0.0
baseline,residual,384,0,29,2.8513270036109972,0.0
baseline,residual,384,0,30,3.391419764267683,0.0
baseline,residual,384,0,31,2.7333100807109227,0.0
baseline,residual,384,0,32,3.1922364181290557,0.0
baseline,residual,384,0,33,3.150722854140014,0.0
baseline,residual,384,0,34,3.165075393708906,0.0
baseline,residual,384,0,35,3.1838471497193197,0.0
baseline,residual,384,0,36,3.1847038522714186,0.0
baseline,residual,384,0,37,2.775295757084991,0.0
baseline,residual,384,0,38,3.1838471497193197,0.0
baseline,residual,384,0,39,3.1695929777104603,0.0
baseline,residual,384,0,40,3.1462052701384593,0.0
baseline,residual,384,0,41,3.1838471497193197,0.0
baseline,residual,384,1,0,4.846596540752109,0.0
baseline,residual,384,1,1,4.563883823740203,0.0
baseline,residual,384,1,2,4.602458985470775,0.0
baseline,residual,384,1,3,4.353979883288662,0.0
baseline,residual,384,1,4,4.992952302179984,0.0
baseline,residual,384,1,5,4.782653359391499,0.0
baseline,residual,384,1,6,4.554423668262805,0.0
baseline,residual,384,1,7,4.758464662992964,0.0
baseline,residual,384,1,8,4.647000706863994,0.0
baseline,residual,384,1,9,4.81207908078509,0.0
baseline,residual,384,1,10,4.502734002332212,0.0
baseline,residual,384,1,11,4.2279128815542375,0.0
baseline,residual,384,1,12,5.831797713478203,0.0
baseline,residual,384,1,13,4.526130349794552,0.0
baseline,residual,384,1,14,4.817773425069186,0.0
baseline,residual,384,1,15,4.630632201636146,0.0
baseline,residual,384,1,16,4.8964340088432206,0.0
baseline,residual,384,1,17,4.8848089337969345,0.0
baseline,residual,384,1,18,4.260287473430531,0.0
baseline,residual,384,1,19,4.612359470442215,0.0
baseline,residual,384,1,20,3.9677656369848457,0.0
baseline,residual,384,1,21,3.151314381193989,0.0
baseline,residual,384,1,22,3.3156605841192883,0.0
baseline,residual,384,1,23,3.6200686120075045,0.0
baseline,residual,384,1,24,3.557343809901603,0.0
baseline,residual,384,1,25,2.8568184538203965,0.0
baseline,residual,384,1,26,3.3529103094928616,0.0
baseline,residual,384,1,27,2.8353009872876225,0.0
baseline,residual,384,1,28,3.5500385988976397,0.0
baseline,residual,384,1,29,2.8513270036109972,0.0
baseline,residual,384,1,30,3.391419764267683,0.0
baseline,residual,384,1,31,3.2775254962036993,0.0
baseline,residual,384,1,32,3.1922364181290557,0.0
baseline,residual,384,1,33,3.150722854140014,0.0
baseline,residual,384,1,34,3.165075393708906,0.0
baseline,residual,384,1,35,3.971884224641895,0.0
baseline,residual,384,1,36,3.1847038522714186,0.0
baseline,residual,384,1,37,2.775295757084991,0.0
baseline,residual,384,1,38,3.971884224641895,0.0
baseline,residual,384,1,39,3.1695929777104603,0.0
baseline,residual,384,1,40,3.1462052701384593,0.0
baseline,residual,384,1,41,3.971884224641895,0.0
baseline,residual,384,2,0,5.4390023852428016,0.0
baseline,residual,384,2,1,4.864226190506353,0.0
baseline,residual,384,2,2,5.02195595062623,0.0
baseline,residual,384,2,3,4.527562192115066,0.0
baseline,residual,384,2,4,5.74380821909536,0.0
baseline,residual,384,2,5,5.2832239706684145,0.0
baseline,residual,384,2,6,5.054994279539723,0.0
baseline,residual,384,2,7,4.989009835439945,0.0
baseline,residual,384,2,8,5.052038865108898,0.0
baseline,residual,384,2,9,5.435897905374274,0.0
baseline,residual,384,2,10,4.826764528928135,0.0
baseline,residual,384,2,11,4.551943408150161,0.0
baseline,residual,384,2,12,6.177615472148676,0.0
baseline,residual,384,2,13,4.850160876390475,0.0
baseline,residual,384,2,14,5.094427632005564,0.0
baseline,residual,384,2,15,6.229243429862838,0.0
baseline,residual,384,2,16,5.1730882157795985,0.0
baseline,residual,384,2,17,5.1614631407333125,0.0
baseline,residual,384,2,18,4.665325631675436,0.0
baseline,residual,384,2,19,5.451353400753127,0.0
baseline,residual,384,2,20,4.313583395655318,0.0
baseline,residual,384,2,21,3.5563525394388926,0.0
baseline,residual,384,2,22,3.3156605841192883,0.0
baseline,residual,384,2,23,4.025106770252408,0.0
baseline,residual,384,2,24,3.557343809901603,0.0
baseline,residual,384,2,25,3.3968693314802674,0.0
baseline,residual,384,2,26,3.3529103094928616,0.0
baseline,residual,384,2,27,3.375351864947494,0.0
baseline,residual,384,2,28,3.5500385988976397,0.0
baseline,residual,384,2,29,3.391377881270868,0.0
baseline,residual,384,2,30,3.391419764267683,0.0
baseline,residual,384,2,31,3.2775254962036993,0.0
baseline,residual,384,2,32,3.597274576373959,0.0
baseline,residual,384,2,33,3.584678626206022,0.0
baseline,residual,384,2,34,3.57011355195381,0.0
baseline,residual,384,2,35,4.317701983312367,0.0
baseline,residual,384,2,36,3.589742010516322,0.0
baseline,residual,384,2,37,3.353903453173002,0.0
baseline,residual,384,2,38,4.317701983312367,0.0
baseline,residual,384,2,39,3.5746311359553644,0.0
baseline,residual,384,2,40,3.5801610422044674,0.0
baseline,residual,384,2,41,4.317701983312367,0.0
baseline,residual,384,3,0,5.851663652688454,0.0
baseline,residual,384,3,1,5.3811875644147555,0.0
baseline,residual,384,3,2,5.209056066706064,0.0
baseline,residual,384,3,3,4.8948434731596,0.0
baseline,residual,384,3,4,6.118008451255027,0.0
baseline,residual,384,3,5,5.844078058694662,0.0
baseline,residual,384,3,6,5.61584836756597,0.0
baseline,residual,384,3,7,5.300397102026413,0.0
baseline,residual,384,3,8,5.426239097268566,0.0
baseline,residual,384,3,9,5.435897905374274,0.0
baseline,residual,384,3,10,5.860687276744939,0.0
baseline,residual,384,3,11,5.224968313781657,0.0
baseline,residual,384,3,12,6.177615472148676,0.0
baseline,residual,384,3,13,5.149521062118208,0.0
baseline,residual,384,3,14,5.4553254741908725,0.0
baseline,residual,384,3,15,6.6034436620225065,0.0
baseline,residual,384,3,16,5.1730882157795985,0.0
baseline,residual,384,3,17,5.1614631407333125,0.0
baseline,residual,384,3,18,6.407192114902128,0.0
baseline,residual,384,3,19,5.8255536329127935,0.0
baseline,residual,384,3,20,4.313583395655318,0.0
baseline,residual,384,3,21,3.9305527715985598,0.0
baseline,residual,384,3,22,3.3156605841192883,0.0
baseline,residual,384,3,23,4.399307002412076,0.0
baseline,residual,384,3,24,3.557343809901603,0.0
baseline,residual,384,3,25,3.8958029743598246,0.0
baseline,residual,384,3,26,3.7265750293966238,0.0
baseline,residual,384,3,27,4.475781911469231,0.0
baseline,residual,384,3,28,3.5500385988976397,0.0
baseline,residual,384,3,29,3.890311524150426,0.0
baseline,residual,384,3,30,3.7650844841714455,0.0
baseline,residual,384,3,31,3.2775254962036993,0.0
baseline,residual,384,3,32,3.971474808533627,0.0
baseline,residual,384,3,33,4.051759526085725,0.0
baseline,residual,384,3,34,3.944313784113478,0.0
baseline,residual,384,3,35,4.317701983312367,0.0
baseline,residual,384,3,36,4.431023142555692,0.0
baseline,residual,384,3,37,3.353903453173002,0.0
baseline,residual,384,3,38,4.317701983312367,0.0
baseline,residual,384,3,39,4.415912267994735,0.0
baseline,residual,384,3,40,3.5801610422044674,0.0
baseline,residual,384,3,41,4.317701983312367,0.0
baseline,residual,384,4,0,6.695752883317332,0.0
baseline,residual,384,4,1,5.819903945190282,0.0
baseline,residual,384,4,2,5.775266578997342,0.0
baseline,residual,384,4,3,5.131398476887177,0.0
baseline,residual,384,4,4,8.605822095598272,0.0
baseline,residual,384,4,5,6.969530366199836,0.0
baseline,residual,384,4,6,6.347042335525182,0.0
baseline,residual,384,4,7,6.065160399355843,0.0
baseline,residual,384,4,8,6.558660121851119,0.0
baseline,residual,384,4,9,6.35361386216959,0.0
baseline,residual,384,4,10,6.7666240964109825,0.0
baseline,residual,384,4,11,5.657795125992548,0.0
baseline,residual,384,4,12,7.32476041814282,0.0
baseline,residual,384,4,13,6.0554578817842515,0.0
baseline,residual,384,4,14,6.373041430986189,0.0
baseline,residual,384,4,15,7.700234613961325,0.0
baseline,residual,384,4,16,6.090804172574916,0.0
baseline,residual,384,4,17,6.079179097528629,0.0
baseline,residual,384,4,18,6.948225630165742,0.0
baseline,residual,384,4,19,6.957974657495348,0.0
baseline,residual,384,4,20,5.460728341649463,0.0
baseline,residual,384,4,21,4.471586286862173,0.0
baseline,residual,384,4,22,4.104177263211209,0.0
baseline,residual,384,4,23,4.940340517675689,0.0
baseline,residual,384,4,24,4.148731319220544,0.0
baseline,residual,384,4,25,4.617180994711308,0.0
baseline,residual,384,4,26,3.7265750293966238,0.0
baseline,residual,384,4,27,5.197159931820715,0.0
baseline,residual,384,4,28,4.14142610821658,0.0
baseline,residual,384,4,29,4.6116895445019095,0.0
baseline,residual,384,4,30,3.7650844841714455,0.0
baseline,residual,384,4,31,4.066042175295619,0.0
baseline,residual,384,4,32,4.512508323797239,0.0
baseline,residual,384,4,33,4.051759526085725,0.0
baseline,residual,384,4,34,4.48534729937709,0.0
baseline,residual,384,4,35,5.464846929306511,0.0
baseline,residual,384,4,36,4.972056657819306,0.0
baseline,residual,384,4,37,3.353903453173002,0.0
baseline,residual,384,4,38,5.464846929306511,0.0
baseline,residual,384,4,39,4.956945783258348,0.0
baseline,residual,384,4,40,3.5801610422044674,0.0
baseline,residual,384,4,41,5.464846929306511,0.0
baseline,residual,384,5,0,7.242179006566708,0.0
baseline,residual,384,5,1,6.3323162646361295,0.0
baseline,residual,384,5,2,6.701538315449022,0.0
baseline,residual,384,5,3,5.360003546602675,0.0
baseline,residual,384,5,4,9.698674342097023,0.0
baseline,residual,384,5,5,7.698098530532336,0.0
baseline,residual,384,5,6,6.694602050331852,0.0
baseline,residual,384,5,7,6.446168848881675,0.0
baseline,residual,384,5,8,9.127325877111831,0.0
baseline,residual,384,5,9,6.810824001600587,0.0
baseline,residual,384,5,10,7.640905893609984,0.0
baseline,residual,384,5,11,6.074866783760552,0.0
baseline,residual,384,5,12,7.896273092431567,0.0
baseline,residual,384,5,13,6.929739678983252,0.0
baseline,residual,384,5,14,6.830251570417186,0.0
baseline,residual,384,5,15,8.22157418617133,0.0
baseline,residual,384,5,16,7.1557672931296015,0.0
baseline,residual,384,5,17,7.144142218083315,0.0
baseline,residual,384,5,18,7.469565202375747,0.0
baseline,residual,384,5,19,8.0508269039941,0.0
baseline,residual,384,5,20,6.032241015938209,0.0
baseline,residual,384,5,21,4.9929258590721775,0.0
baseline,residual,384,5,22,4.866194162262872,0.0
baseline,residual,384,5,23,5.461680089885694,0.0
baseline,residual,384,5,24,4.72024399350929,0.0
baseline,residual,384,5,25,5.31230042432465,0.0
baseline,residual,384,5,26,4.334328010520313,0.0
baseline,residual,384,5,27,5.892279361434055,0.0
baseline,residual,384,5,28,4.712938782505327,0.0
baseline,residual,384,5,29,5.30680897411525,0.0
baseline,residual,384,5,30,3.7650844841714455,0.0
baseline,residual,384,5,31,4.828059074347283,0.0
baseline,residual,384,5,32,5.7935391224118575,0.0
baseline,residual,384,5,33,4.051759526085725,0.0
baseline,residual,384,5,34,5.766378097991708,0.0
baseline,residual,384,5,35,6.036359603595258,0.0
baseline,residual,384,5,36,5.493396230029311,0.0
baseline,residual,384,5,37,3.353903453173002,0.0
baseline,residual,384,5,38,6.036359603595258,0.0
baseline,residual,384,5,39,6.237976581872966,0.0
baseline,residual,384,5,40,3.5801610422044674,0.0
baseline,residual,384,5,41,6.036359603595258,0.0
baseline,residual,384,6,0,8.302319999672891,0.0
baseline,residual,384,6,1,6.596273654434381,0.0
baseline,residual,384,6,2,7.761679308555206,0.0
baseline,residual,384,6,3,5.944158951289371,0.0
baseline,residual,384,6,4,11.021119744136262,0.0
baseline,residual,384,6,5,8.579728798558495,0.0
baseline,residual,384,6,6,7.134531033328939,0.0
baseline,residual,384,6,7,6.887870133910746,0.0
baseline,residual,384,6,8,10.449771279151067,0.0
baseline,residual,384,6,9,7.979134810973978,0.0
baseline,residual,384,6,10,8.698862215241375,0.0
baseline,residual,384,6,11,6.6027815633570555,0.0
baseline,residual,384,6,12,8.558825019975174,0.0
baseline,residual,384,6,13,7.987696000614643,0.0
baseline,residual,384,6,14,7.360293112452071,0.0
baseline,residual,384,6,15,9.679304244840091,0.0
baseline,residual,384,6,16,7.6858088351644875,0.0
baseline,residual,384,6,17,7.674183760118201,0.0
baseline,residual,384,6,18,8.129458676871378,0.0
baseline,residual,384,6,19,11.252132236986597,0.0
baseline,residual,384,6,20,6.694792943481816,0.0
baseline,residual,384,6,21,5.652819333567809,0.0
baseline,residual,384,6,22,5.749596732321014,0.0
baseline,residual,384,6,23,6.1215735643813245,0.0
baseline,residual,384,6,24,5.382795921052897,0.0
baseline,residual,384,6,25,6.192158390318823,0.0
baseline,residual,384,6,26,4.334328010520313,0.0
baseline,residual,384,6,27,6.772137327428229,0.0
baseline,residual,384,6,28,5.3754907100489335,0.0
baseline,residual,384,6,29,6.186666940109424,0.0
baseline,residual,384,6,30,3.7650844841714455,0.0
baseline,residual,384,6,31,5.711461644405425,0.0
baseline,residual,384,6,32,6.453432596907487,0.0
baseline,residual,384,6,33,4.849596110258855,0.0
baseline,residual,384,6,34,6.426271572487338,0.0
baseline,residual,384,6,35,6.698911531138866,0.0
baseline,residual,384,6,36,6.1532897045249415,0.0
baseline,residual,384,6,37,4.4176855654038425,0.0
baseline,residual,384,6,38,6.698911531138866,0.0
baseline,residual,384,6,39,6.897870056368596,0.0
baseline,residual,384,6,40,4.377997626377598,0.0
baseline,residual,384,6,41,6.698911531138866,0.0
baseline,residual,384,7,0,8.302319999673076,0.0
baseline,residual,384,7,1,6.596273654434685,0.0
baseline,residual,384,7,2,7.7616793085555855,0.0
baseline,residual,384,7,3,5.944158951289527,0.0
baseline,residual,384,7,4,11.021119744136628,0.0
baseline,residual,384,7,5,8.57972879855874,0.0
baseline,residual,384,7,6,7.134531033329186,0.0
baseline,residual,384,7,7,6.887870133910746,0.0
baseline,residual,384,7,8,10.449771279151436,0.0
baseline,residual,384,7,9,7.979134810973978,0.0
baseline,residual,384,7,10,8.69886221524167,0.0
baseline,residual,384,7,11,6.602781563357351,0.0
baseline,residual,384,7,12,8.558825019975174,0.0
baseline,residual,384,7,13,7.987696000614938,0.0
baseline,residual,384,7,14,7.360293112452071,0.0
baseline,residual,384,7,15,9.679304244840461,0.0
baseline,residual,384,7,16,7.6858088351644875,0.0
baseline,residual,384,7,17,7.674183760118201,0.0
baseline,residual,384,7,18,8.129458676871746,0.0
baseline,residual,384,7,19,11.252132236986967,0.0
baseline,residual,384,7,20,6.694792943482206,0.0
baseline,residual,384,7,21,5.652819333568178,0.0
baseline,residual,384,7,22,5.749596732321014,0.0
baseline,residual,384,7,23,6.121573564381694,0.0
baseline,residual,384,7,24,5.382795921052897,0.0
baseline,residual,384,7,25,6.192158390319315,0.0
baseline,residual,384,7,26,4.334328010520313,0.0
baseline,residual,384,7,27,6.772137327428721,0.0
baseline,residual,384,7,28,5.3754907100489335,0.0
baseline,residual,384,7,29,7.551348802963885,0.0
baseline,residual,384,7,30,3.7650844841714455,0.0
baseline,residual,384,7,31,5.711461644405425,0.0
baseline,residual,384,7,32,6.453432596907857,0.0
baseline,residual,384,7,33,4.849596110258855,0.0
baseline,residual,384,7,34,6.426271572487707,0.0
baseline,residual,384,7,35,6.698911531138866,0.0
baseline,residual,384,7,36,6.15328970452531,0.0
baseline,residual,384,7,37,4.4176855654038425,0.0
baseline,residual,384,7,38,6.698911531138866,0.0
baseline,residual,384,7,39,6.897870056368966,0.0
baseline,residual,384,7,40,4.377997626377598,0.0
baseline,residual,384,7,41,6.698911531138866,0.0
baseline,residual,384,8,0,8.302319999673513,0.0
baseline,residual,384,8,1,6.596273654435034,0.0
baseline,residual,384,8,2,7.761679308555799,0.0
baseline,residual,384,8,3,5.9441589512897055,0.0
baseline,residual,384,8,4,11.021119744137058,0.0
baseline,residual,384,8,5,8.579728798559026,0.0
baseline,residual,384,8,6,7.13453103332947,0.0
baseline,residual,384,8,7,6.887870133910746,0.0
baseline,residual,384,8,8,10.449771279151866,0.0
baseline,residual,384,8,9,7.979134810973978,0.0
baseline,residual,384,8,10,8.698862215242368,0.0
baseline,residual,384,8,11,6.602781563357694,0.0
baseline,residual,384,8,12,8.558825019975174,0.0
baseline,residual,384,8,13,7.987696000615282,0.0
baseline,residual,384,8,14,7.360293112452427,0.0
baseline,residual,384,8,15,9.679304244840887,0.0
baseline,residual,384,8,16,7.6858088351644875,0.0
baseline,residual,384,8,17,7.674183760118201,0.0
baseline,residual,384,8,18,8.129458676872618,0.0
baseline,residual,384,8,19,11.252132236987393,0.0
baseline,residual,384,8,20,6.694792943482206,0.0
baseline,residual,384,8,21,5.652819333568605,0.0
baseline,residual,384,8,22,5.749596732321014,0.0
baseline,residual,384,8,23,6.121573564382121,0.0
baseline,residual,384,8,24,5.382795921052897,0.0
baseline,residual,384,8,25,6.192158390319886,0.0
baseline,residual,384,8,26,4.334328010520313,0.0
baseline,residual,384,8,27,8.639299886433696,0.0
baseline,residual,384,8,28,5.3754907100489335,0.0
baseline,residual,384,8,29,7.551348802964457,0.0
baseline,residual,384,8,30,3.7650844841714455,0.0
baseline,residual,384,8,31,5.711461644405425,0.0
baseline,residual,384,8,32,6.453432596908283,0.0
baseline,residual,384,8,33,4.849596110258855,0.0
baseline,residual,384,8,34,6.426271572488136,0.0
baseline,residual,384,8,35,6.698911531138866,0.0
baseline,residual,384,8,36,6.153289704525737,0.0
baseline,residual,384,8,37,4.4176855654038425,0.0
baseline,residual,384,8,38,6.698911531138866,0.0
baseline,residual,384,8,39,6.897870056369392,0.0
baseline,residual,384,8,40,4.377997626377598,0.0
baseline,residual,384,8,41,6.698911531138866,0.0
baseline,residual,384,9,0,8.302319999673918,0.0
baseline,residual,384,9,1,6.596273654435034,0.0
baseline,residual,384,9,2,7.761679308555995,0.0
baseline,residual,384,9,3,5.94415895129003,0.0
baseline,residual,384,9,4,11.02111974413745,0.0
baseline,residual,384,9,5,8.579728798559287,0.0
baseline,residual,384,9,6,7.13453103332947,0.0
baseline,residual,384,9,7,6.887870133911008,0.0
baseline,residual,384,9,8,10.449771279152257,0.0
baseline,residual,384,9,9,7.979134810974291,0.0
baseline,residual,384,9,10,8.698862215242682,0.0
baseline,residual,384,9,11,6.602781563357694,0.0
baseline,residual,384,9,12,8.558825019975567,0.0
baseline,residual,384,9,13,7.987696000615594,0.0
baseline,residual,384,9,14,7.360293112452741,0.0
baseline,residual,384,9,15,9.679304244840887,0.0
baseline,residual,384,9,16,7.685808835164801,0.0
baseline,residual,384,9,17,7.674183760118513,0.0
baseline,residual,384,9,18,8.129458676872618,0.0
baseline,residual,384,9,19,11.252132236987785,0.0
baseline,residual,384,9,20,6.694792943482599,0.0
baseline,residual,384,9,21,5.652819333568605,0.0
baseline,residual,384,9,22,7.125694532865976,0.0
baseline,residual,384,9,23,6.121573564382121,0.0
baseline,residual,384,9,24,5.382795921053707,0.0
baseline,residual,384,9,25,6.192158390319886,0.0
baseline,residual,384,9,26,4.334328010520648,0.0
baseline,residual,384,9,27,8.639299886433696,0.0
baseline,residual,384,9,28,5.3754907100497435,0.0
baseline,residual,384,9,29,7.551348802964457,0.0
baseline,residual,384,9,30,3.76508448417178,0.0
baseline,residual,384,9,31,5.711461644405947,0.0
baseline,residual,384,9,32,6.453432596908283,0.0
baseline,residual,384,9,33,4.849596110259274,0.0
baseline,residual,384,9,34,6.426271572488136,0.0
baseline,residual,384,9,35,6.698911531139259,0.0
baseline,residual,384,9,36,6.153289704526156,0.0
baseline,residual,384,9,37,4.4176855654038425,0.0
baseline,residual,384,9,38,6.698911531139259,0.0
baseline,residual,384,9,39,6.897870056369392,0.0
baseline,residual,384,9,40,4.377997626378016,0.0
baseline,residual,384,9,41,6.698911531139259,0.0
baseline,residual,384,10,0,8.30231999967411,0.0
baseline,residual,384,10,1,6.596273654435353,0.0
baseline,residual,384,10,2,7.761679308556185,0.0
baseline,residual,384,10,3,5.944158951290195,0.0
baseline,residual,384,10,4,11.02111974413783,0.0
baseline,residual,384,10,5,8.57972879855982,0.0
baseline,residual,384,10,6,7.134531033330002,0.0
baseline,residual,384,10,7,6.887870133911286,0.0
baseline,residual,384,10,8,10.449771279152637,0.0
baseline,residual,384,10,9,7.979134810974291,0.0
baseline,residual,384,10,10,8.698862215242986,0.0
baseline,residual,384,10,11,6.602781563357998,0.0
baseline,residual,384,10,12,8.558825019975567,0.0
baseline,residual,384,10,13,7.987696000615899,0.0
baseline,residual,384,10,14,7.360293112452741,0.0
baseline,residual,384,10,15,9.67930424484127,0.0
baseline,residual,384,10,16,7.685808835164801,0.0
baseline,residual,384,10,17,7.674183760118847,0.0
baseline,residual,384,10,18,8.129458676873,0.0
baseline,residual,384,10,19,11.252132236988166,0.0
baseline,residual,384,10,20,6.694792943482599,0.0
baseline,residual,384,10,21,5.652819333568986,0.0
baseline,residual,384,10,22,7.125694532865976,0.0
baseline,residual,384,10,23,6.121573564382918,0.0
baseline,residual,384,10,24,5.382795921053707,0.0
baseline,residual,384,10,25,7.54596062021387,0.0
baseline,residual,384,10,26,4.334328010520648,0.0
baseline,residual,384,10,27,8.639299886434204,0.0
baseline,residual,384,10,28,5.375490710050161,0.0
baseline,residual,384,10,29,7.551348802964963,0.0
baseline,residual,384,10,30,3.7650844841721125,0.0
baseline,residual,384,10,31,5.711461644405947,0.0
baseline,residual,384,10,32,6.4534325969090816,0.0
baseline,residual,384,10,33,4.849596110259274,0.0
baseline,residual,384,10,34,6.426271572488516,0.0
baseline,residual,384,10,35,6.698911531139674,0.0
baseline,residual,384,10,36,6.153289704526537,0.0
baseline,residual,384,10,37,4.4176855654038425,0.0
baseline,residual,384,10,38,6.698911531139674,0.0
baseline,residual,384,10,39,6.897870056369773,0.0
baseline,residual,384,10,40,4.377997626378016,0.0
baseline,residual,384,10,41,6.698911531139674,0.0
baseline,residual,384,11,0,8.302319999674298,0.0
baseline,residual,384,11,1,6.596273654435353,0.0
baseline,residual,384,11,2,7.761679308556579,0.0
baseline,residual,384,11,3,5.94415895129051,0.0
baseline,residual,384,11,4,11.021119744138211,0.0
baseline,residual,384,11,5,8.579728798560073,0.0
baseline,residual,384,11,6,7.134531033330002,0.0
baseline,residual,384,11,7,6.88787013391181,0.0
baseline,residual,384,11,8,10.449771279153017,0.0
baseline,residual,384,11,9,7.979134810974596,0.0
baseline,residual,384,11,10,8.69886221524329,0.0
baseline,residual,384,11,11,6.602781563358324,0.0
baseline,residual,384,11,12,8.558825019975947,0.0
baseline,residual,384,11,13,7.987696000616529,0.0
baseline,residual,384,11,14,7.3602931124533715,0.0
baseline,residual,384,11,15,9.67930424484127,0.0
baseline,residual,384,11,16,7.685808835165105,0.0
baseline,residual,384,11,17,7.674183760119152,0.0
baseline,residual,384,11,18,8.129458676873,0.0
baseline,residual,384,11,19,11.252132236988546,0.0
baseline,residual,384,11,20,6.694792943482978,0.0
baseline,residual,384,11,21,5.6528193335693935,0.0
baseline,residual,384,11,22,7.125694532866485,0.0
baseline,residual,384,11,23,6.121573564382918,0.0
baseline,residual,384,11,24,5.382795921054087,0.0
baseline,residual,384,11,25,7.54596062021387,0.0
baseline,residual,384,11,26,4.334328010520974,0.0
baseline,residual,384,11,27,8.639299886434204,0.0
baseline,residual,384,11,28,5.375490710050539,0.0
baseline,residual,384,11,29,7.551348802964963,0.0
baseline,residual,384,11,30,3.7650844841721125,0.0
baseline,residual,384,11,31,7.03484492122909,0.0
baseline,residual,384,11,32,6.4534325969090816,0.0
baseline,residual,384,11,33,4.849596110259274,0.0
baseline,residual,384,11,34,6.426271572488923,0.0
baseline,residual,384,11,35,6.698911531140054,0.0
baseline,residual,384,11,36,6.153289704526537,0.0
baseline,residual,384,11,37,4.417685565404386,0.0
baseline,residual,384,11,38,6.698911531140054,0.0
baseline,residual,384,11,39,6.897870056369773,0.0
baseline,residual,384,11,40,4.3779976263784235,0.0
baseline,residual,384,11,41,6.698911531140054,0.0
baseline,residual,384,12,0,8.302319999674486,0.0
baseline,residual,384,12,1,6.596273654435353,0.0
baseline,residual,384,12,2,7.761679308556961,0.0
baseline,residual,384,12,3,5.944158951290816,0.0
baseline,residual,384,12,4,11.021119744138211,0.0
baseline,residual,384,12,5,8.579728798560073,0.0
baseline,residual,384,12,6,7.134531033330002,0.0
baseline,residual,384,12,7,6.88787013391207,0.0
baseline,residual,384,12,8,10.449771279153017,0.0
baseline,residual,384,12,9,7.9791348109748945,0.0
baseline,residual,384,12,10,8.69886221524329,0.0
baseline,residual,384,12,11,6.602781563358636,0.0
baseline,residual,384,12,12,8.558825019975947,0.0
baseline,residual,384,12,13,7.9876960006168405,0.0
baseline,residual,384,12,14,7.360293112453684,0.0
baseline,residual,384,12,15,9.679304244841644,0.0
baseline,residual,384,12,16,7.685808835165105,0.0
baseline,residual,384,12,17,7.674183760119152,0.0
baseline,residual,384,12,18,8.129458676873,0.0
baseline,residual,384,12,19,11.25213223698892,0.0
baseline,residual,384,12,20,6.694792943482978,0.0
baseline,residual,384,12,21,5.652819333569783,0.0
baseline,residual,384,12,22,7.125694532866485,0.0
baseline,residual,384,12,23,6.121573564382918,0.0
baseline,residual,384,12,24,5.382795921054087,0.0
baseline,residual,384,12,25,7.54596062021387,0.0
baseline,residual,384,12,26,4.334328010521285,0.0
baseline,residual,384,12,27,8.639299886434204,0.0
baseline,residual,384,12,28,5.375490710050539,0.0
baseline,residual,384,12,29,7.551348802964963,0.0
baseline,residual,384,12,30,3.7650844841721125,0.0
baseline,residual,384,12,31,7.034844921229609,0.0
baseline,residual,384,12,32,6.4534325969090816,0.0
baseline,residual,384,12,33,4.849596110259648,0.0
baseline,residual,384,12,34,6.426271572489313,0.0
baseline,residual,384,12,35,6.698911531140054,0.0
baseline,residual,384,12,36,6.153289704526537,0.0
baseline,residual,384,12,37,5.624925731131492,0.0
baseline,residual,384,12,38,6.698911531140054,0.0
baseline,residual,384,12,39,6.897870056369773,0.0
baseline,residual,384,12,40,4.377997626379187,0.0
baseline,residual,384,12,41,6.698911531140054,0.0
baseline,residual,384,13,0,8.777228785564,0.0
baseline,residual,384,13,1,7.275922970243381,0.0
baseline,residual,384,13,2,8.25792625563019,0.0
baseline,residual,384,13,3,6.406805546584158,0.0
baseline,residual,384,13,4,11.97093731591724,0.0
baseline,residual,384,13,5,9.672950468648601,0.0
baseline,residual,384,13,6,7.916685000165469,0.0
baseline,residual,384,13,7,7.9810918040006005,0.0
baseline,residual,384,13,8,11.442265173299475,0.0
baseline,residual,384,13,9,8.738988868398119,0.0
baseline,residual,384,13,10,9.072143459146965,0.0
baseline,residual,384,13,11,6.602781563358636,0.0
baseline,residual,384,13,12,9.508642591754978,0.0
baseline,residual,384,13,13,8.360977244520514,0.0
baseline,residual,384,13,14,8.120147169876908,0.0
baseline,residual,384,13,15,10.162520261741081,0.0
baseline,residual,384,13,16,8.866376764001823,0.0
baseline,residual,384,13,17,9.949560540058204,0.0
baseline,residual,384,13,18,8.129458676873,0.0
baseline,residual,384,13,19,11.71873379186851,0.0
baseline,residual,384,13,20,7.644610515262009,0.0
baseline,residual,384,13,21,5.652819333569783,0.0
baseline,residual,384,13,22,7.747829939372606,0.0
baseline,residual,384,13,23,6.811588497736682,0.0
baseline,residual,384,13,24,5.849397475933679,0.0
baseline,residual,384,13,25,8.465980531352223,0.0
baseline,residual,384,13,26,4.755041881934779,0.0
baseline,residual,384,13,27,8.639299886434204,0.0
baseline,residual,384,13,28,6.532107198283896,0.0
baseline,residual,384,13,29,7.551348802964963,0.0
baseline,residual,384,13,30,4.317096430855124,0.0
baseline,residual,384,13,31,7.656980327735732,0.0
baseline,residual,384,13,32,7.669339869529711,0.0
baseline,residual,384,13,33,4.849596110259648,0.0
baseline,residual,384,13,34,6.95216391175618,0.0
baseline,residual,384,13,35,8.33874403627285,0.0
baseline,residual,384,13,36,6.153289704526537,0.0
baseline,residual,384,13,37,5.624925731131492,0.0
baseline,residual,384,13,38,8.33874403627285,0.0
baseline,residual,384,13,39,7.42376239563664,0.0
baseline,residual,384,13,40,4.377997626379187,0.0
baseline,residual,384,13,41,8.33874403627285,0.0
baseline,residual,384,14,0,9.763485840317367,0.0
baseline,residual,384,14,1,8.077869705771073,0.0
baseline,residual,384,14,2,8.826990930894416,0.0
baseline,residual,384,14,3,6.965087874666392,0.0
baseline,residual,384,14,4,13.100633915826362,0.0
baseline,residual,384,14,5,10.426081535254683,0.0
baseline,residual,384,14,6,8.863102199431308,0.0
baseline,residual,384,14,7,8.73422287060668,0.0
baseline,residual,384,14,8,12.580394523827925,0.0
baseline,residual,384,14,9,9.642746148325417,0.0
baseline,residual,384,14,10,9.514454107633345,0.0
baseline,residual,384,14,11,7.277035571036723,0.0
baseline,residual,384,14,12,10.638339191664098,0.0
baseline,residual,384,14,13,8.803287893006893,0.0
baseline,residual,384,14,14,9.023904449804204,0.0
baseline,residual,384,14,15,10.73932855104223,0.0
baseline,residual,384,14,16,11.558199913872977,0.0
baseline,residual,384,14,17,11.32151065192188,0.0
baseline,residual,384,14,18,8.129458676873,0.0
baseline,residual,384,14,19,12.271622102476485,0.0
baseline,residual,384,14,20,8.77430711517113,0.0
baseline,residual,384,14,21,5.652819333569783,0.0
baseline,residual,384,14,22,8.48501435351657,0.0
baseline,residual,384,14,23,6.811588497736682,0.0
baseline,residual,384,14,24,7.245103296139263,0.0
baseline,residual,384,14,25,8.465980531352223,0.0
baseline,residual,384,14,26,5.223234713871158,0.0
baseline,residual,384,14,27,8.639299886434204,0.0
baseline,residual,384,14,28,7.084995508891869,0.0
baseline,residual,384,14,29,7.551348802964963,0.0
baseline,residual,384,14,30,4.991350438533212,0.0
baseline,residual,384,14,31,8.394164741879697,0.0
baseline,residual,384,14,32,8.254580909450185,0.0
baseline,residual,384,14,33,4.849596110259648,0.0
baseline,residual,384,14,34,7.537404951676653,0.0
baseline,residual,384,14,35,9.46844063618197,0.0
baseline,residual,384,14,36,6.153289704526537,0.0
baseline,residual,384,14,37,5.624925731131492,0.0
baseline,residual,384,14,38,9.46844063618197,0.0
baseline,residual,384,14,39,8.009003435557114,0.0
baseline,residual,384,14,40,4.377997626379187,0.0
baseline,residual,384,14,41,9.46844063618197,0.0
baseline,residual,384,15,0,10.119720360753721,0.0
baseline,residual,384,15,1,8.437132452712863,0.0
baseline,residual,384,15,2,9.711978846725005,0.0
baseline,residual,384,15,3,7.529985449830656,0.0
baseline,residual,384,15,4,13.813102956699074,0.0
baseline,residual,384,15,5,10.901060895836489,0.0
baseline,residual,384,15,6,9.10159012859832,0.0
baseline,residual,384,15,7,9.315435513477816,0.0
baseline,residual,384,15,8,13.292863564700633,0.0
baseline,residual,384,15,9,10.358875844906335,0.0
baseline,residual,384,15,10,10.084429340331509,0.0
baseline,residual,384,15,11,7.976886539784745,0.0
baseline,residual,384,15,12,10.99307633878629,0.0
baseline,residual,384,15,13,10.623802297523014,0.0
baseline,residual,384,15,14,9.721359621249569,0.0
baseline,residual,384,15,15,11.097060444792746,0.0
baseline,residual,384,15,16,11.84198963157073,0.0
baseline,residual,384,15,17,11.605300369619632,0.0
baseline,residual,384,15,18,8.487190570623516,0.0
baseline,residual,384,15,19,12.984091143349197,0.0
baseline,residual,384,15,20,9.129044262293323,0.0
baseline,residual,384,15,21,7.068058018108769,0.0
baseline,residual,384,15,22,8.957997216346161,0.0
baseline,residual,384,15,23,7.1693203914872,0.0
baseline,residual,384,15,24,7.5998404432614555,0.0
baseline,residual,384,15,25,8.942956389686243,0.0
baseline,residual,384,15,26,5.636900167618767,0.0
baseline,residual,384,15,27,9.116275744768226,0.0
baseline,residual,384,15,28,7.439732656014062,0.0
baseline,residual,384,15,29,8.028324661298987,0.0
baseline,residual,384,15,30,4.991350438533212,0.0
baseline,residual,384,15,31,9.55659002762197,0.0
baseline,residual,384,15,32,8.612312803200703,0.0
baseline,residual,384,15,33,4.849596110259648,0.0
baseline,residual,384,15,34,8.412218662611684,0.0
baseline,residual,384,15,35,9.823177783304162,0.0
baseline,residual,384,15,36,6.511021598277054,0.0
baseline,residual,384,15,37,6.314368154044174,0.0
baseline,residual,384,15,38,9.823177783304162,0.0
baseline,residual,384,15,39,8.366735329307632,0.0
baseline,residual,384,15,40,4.8950794435636995,0.0
baseline,residual,384,15,41,9.823177783304162,0.0
baseline,residual,384,16,0,10.636891387612467,0.0
baseline,residual,384,16,1,9.091398779055913,0.0
baseline,residual,384,16,2,10.262957184174184,0.0
baseline,residual,384,16,3,8.230418013998577,0.0
baseline,residual,384,16,4,14.306373496867167,0.0
baseline,residual,384,16,5,11.630790430708641,0.0
baseline,residual,384,16,6,10.192034005836737,0.0
baseline,residual,384,16,7,10.122108778058085,0.0
baseline,residual,384,16,8,13.786134104868728,0.0
baseline,residual,384,16,9,10.358875844906335,0.0
baseline,residual,384,16,10,10.960104782178092,0.0
baseline,residual,384,16,11,10.378022587695868,0.0
baseline,residual,384,16,12,10.99307633878629,0.0
baseline,residual,384,16,13,11.505367637441699,0.0
baseline,residual,384,16,14,10.208308529033781,0.0
baseline,residual,384,16,15,11.590330984960838,0.0
baseline,residual,384,16,16,12.27484684241025,0.0
baseline,residual,384,16,17,11.605300369619632,0.0
baseline,residual,384,16,18,9.581784872931744,0.0
baseline,residual,384,16,19,13.47736168351729,0.0
baseline,residual,384,16,20,9.129044262293323,0.0
baseline,residual,384,16,21,8.170014693007127,0.0
baseline,residual,384,16,22,8.957997216346161,0.0
baseline,residual,384,16,23,7.662590931655292,0.0
baseline,residual,384,16,24,8.140911956810854,0.0
baseline,residual,384,16,25,9.600650443243701,0.0
baseline,residual,384,16,26,6.604908085115088,0.0
baseline,residual,384,16,27,9.773969798325684,0.0
baseline,residual,384,16,28,7.439732656014062,0.0
baseline,residual,384,16,29,8.686018714856443,0.0
baseline,residual,384,16,30,5.905266659084839,0.0
baseline,residual,384,16,31,10.368171540595656,0.0
baseline,residual,384,16,32,9.105583343368796,0.0
baseline,residual,384,16,33,5.4509198723997825,0.0
baseline,residual,384,16,34,9.514175337510041,0.0
baseline,residual,384,16,35,9.823177783304162,0.0
baseline,residual,384,16,36,7.605615900585281,0.0
baseline,residual,384,16,37,7.125949667017862,0.0
baseline,residual,384,16,38,9.823177783304162,0.0
baseline,residual,384,16,39,9.46132963161586,0.0
baseline,residual,384,16,40,5.503765578293965,0.0
baseline,residual,384,16,41,9.823177783304162,0.0
baseline,residual,384,17,0,11.661364406233174,0.0
baseline,residual,384,17,1,9.665213727648158,0.0
baseline,residual,384,17,2,10.906039444557281,0.0
baseline,residual,384,17,3,9.06559446888923,0.0
baseline,residual,384,17,4,15.553542917648144,0.0
baseline,residual,384,17,5,12.462236711229291,0.0
baseline,residual,384,17,6,10.613874509183518,0.0
baseline,residual,384,17,7,11.401392295248995,0.0
baseline,residual,384,17,8,14.400542770629533,0.0
baseline,residual,384,17,9,11.356611381531119,0.0
baseline,residual,384,17,10,12.093053007955088,0.0
baseline,residual,384,17,11,10.91542727170018,0.0
baseline,residual,384,17,12,12.240245759567268,0.0
baseline,residual,384,17,13,12.534299254054655,0.0
baseline,residual,384,17,14,13.245623414207236,0.0
baseline,residual,384,17,15,12.22309173998101,0.0
baseline,residual,384,17,16,13.272582379035033,0.0
baseline,residual,384,17,17,12.603035906244417,0.0
baseline,residual,384,17,18,10.383561489392184,0.0
baseline,residual,384,17,19,14.091770349278095,0.0
baseline,residual,384,17,20,10.3762136830743,0.0
baseline,residual,384,17,21,8.841770548012517,0.0
baseline,residual,384,17,22,9.777208770693903,0.0
baseline,residual,384,17,23,7.662590931655292,0.0
baseline,residual,384,17,24,8.75532062257166,0.0
baseline,residual,384,17,25,9.600650443243701,0.0
baseline,residual,384,17,26,7.1423127691194,0.0
baseline,residual,384,17,27,10.8430052869396,0.0
baseline,residual,384,17,28,8.054141321774868,0.0
baseline,residual,384,17,29,8.686018714856443,0.0
baseline,residual,384,17,30,5.905266659084839,0.0
baseline,residual,384,17,31,12.083057568283918,0.0
baseline,residual,384,17,32,9.105583343368796,0.0
baseline,residual,384,17,33,5.4509198723997825,0.0
baseline,residual,384,17,34,10.185931192515431,0.0
baseline,residual,384,17,35,11.070347204085138,0.0
baseline,residual,384,17,36,7.605615900585281,0.0
baseline,residual,384,17,37,8.021624140358382,0.0
baseline,residual,384,17,38,11.070347204085138,0.0
baseline,residual,384,17,39,9.46132963161586,0.0
baseline,residual,384,17,40,6.175521433299354,0.0
baseline,residual,384,17,41,11.070347204085138,0.0
baseline,residual,384,18,0,12.64273189539752,0.0
baseline,residual,384,18,1,10.241736649455174,0.0
baseline,residual,384,18,2,11.972037394319363,0.0
baseline,residual,384,18,3,9.918392828698895,0.0
baseline,residual,384,18,4,16.82137886565907,0.0
baseline,residual,384,18,5,13.30746067656991,0.0
baseline,residual,384,18,6,11.037889970290877,0.0
baseline,residual,384,18,7,12.246616260589615,0.0
baseline,residual,384,18,8,15.032355526979424,0.0
baseline,residual,384,18,9,14.513945560037827,0.0
baseline,residual,384,18,10,12.598503213035002,0.0
baseline,residual,384,18,11,10.91542727170018,0.0
baseline,residual,384,18,12,13.5080817075782,0.0
baseline,residual,384,18,13,13.683976749419777,0.0
baseline,residual,384,18,14,14.25989217261598,0.0
baseline,residual,384,18,15,13.55401396195981,0.0
baseline,residual,384,18,16,14.286851137443774,0.0
baseline,residual,384,18,17,13.61730466465316,0.0
baseline,residual,384,18,18,10.383561489392184,0.0
baseline,residual,384,18,19,15.418482135945752,0.0
baseline,residual,384,18,20,11.64404963108523,0.0
baseline,residual,384,18,21,9.647054660869026,0.0
baseline,residual,384,18,22,10.619625779160426,0.0
baseline,residual,384,18,23,7.662590931655292,0.0
baseline,residual,384,18,24,9.387133378921552,0.0
baseline,residual,384,18,25,9.600650443243701,0.0
baseline,residual,384,18,26,7.1423127691194,0.0
baseline,residual,384,18,27,10.8430052869396,0.0
baseline,residual,384,18,28,8.68595407812476,0.0
baseline,residual,384,18,29,8.686018714856443,0.0
baseline,residual,384,18,30,5.905266659084839,0.0
baseline,residual,384,18,31,12.92547457675044,0.0
baseline,residual,384,18,32,9.105583343368796,0.0
baseline,residual,384,18,33,6.1458189027175445,0.0
baseline,residual,384,18,34,10.185931192515431,0.0
baseline,residual,384,18,35,12.33818315209607,0.0
baseline,residual,384,18,36,7.605615900585281,0.0
baseline,residual,384,18,37,8.948156180782066,0.0
baseline,residual,384,18,38,12.33818315209607,0.0
baseline,residual,384,18,39,9.46132963161586,0.0
baseline,residual,384,18,40,6.8704204636171164,0.0
baseline,residual,384,18,41,12.33818315209607,0.0
baseline,residual,384,19,0,13.814449165871347,0.0
baseline,residual,384,19,1,11.212535800626158,0.0
baseline,residual,384,19,2,12.731052734914307,0.0
baseline,residual,384,19,3,10.885210037672044,0.0
baseline,residual,384,19,4,18.33940954684896,0.0
baseline,residual,384,19,5,14.877881963914806,0.0
baseline,residual,384,19,6,12.105619315737336,0.0
baseline,residual,384,19,7,13.30770903570635,0.0
baseline,residual,384,19,8,16.550386208169314,0.0
baseline,residual,384,19,9,15.11717589031595,0.0
baseline,residual,384,19,10,16.32120043404387,0.0
baseline,residual,384,19,11,12.196702486235928,0.0
baseline,residual,384,19,12,14.26211962042585,0.0
baseline,residual,384,19,13,14.898401294371688,0.0
baseline,residual,384,19,14,15.523445590700312,0.0
baseline,residual,384,19,15,14.318006730302045,0.0
baseline,residual,384,19,16,14.890081467721897,0.0
baseline,residual,384,19,17,14.220534994931283,0.0
baseline,residual,384,19,18,12.81055936731964,0.0
baseline,residual,384,19,19,16.93651281713564,0.0
baseline,residual,384,19,20,12.398087543932883,0.0
baseline,residual,384,19,21,10.41104742921126,0.0
baseline,residual,384,19,22,11.625009662957293,0.0
baseline,residual,384,19,23,8.426583699997527,0.0
baseline,residual,384,19,24,10.141171291769204,0.0
baseline,residual,384,19,25,10.619307467700017,0.0
baseline,residual,384,19,26,7.8123937689813605,0.0
baseline,residual,384,19,27,12.962200791072938,0.0
baseline,residual,384,19,28,9.439991990972413,0.0
baseline,residual,384,19,29,9.704675739312755,0.0
baseline,residual,384,19,30,6.575347658946799,0.0
baseline,residual,384,19,31,13.93085846054731,0.0
baseline,residual,384,19,32,9.86957611171103,0.0
baseline,residual,384,19,33,6.983420152544997,0.0
baseline,residual,384,19,34,10.949923960857666,0.0
baseline,residual,384,19,35,13.092221064943722,0.0
baseline,residual,384,19,36,9.207209918754968,0.0
baseline,residual,384,19,37,8.948156180782066,0.0
baseline,residual,384,19,38,13.092221064943722,0.0
baseline,residual,384,19,39,11.062923649785546,0.0
baseline,residual,384,19,40,6.8704204636171164,0.0
baseline,residual,384,19,41,13.092221064943722,0.0
baseline,residual,384,20,0,15.003020834523603,0.0
baseline,residual,384,20,1,12.563492989574705,0.0
baseline,residual,384,20,2,13.52316898976897,0.0
baseline,residual,384,20,3,11.917269057922033,0.0
baseline,residual,384,20,4,20.716552884153472,0.0
baseline,residual,384,20,5,18.617349924411503,0.0
baseline,residual,384,20,6,14.357214630651576,0.0
baseline,residual,384,20,7,15.556414621186454,0.0
baseline,residual,384,20,8,18.13461871787864,0.0
baseline,residual,384,20,9,16.383463718615342,0.0
baseline,residual,384,20,10,18.250156351768414,0.0
baseline,residual,384,20,11,13.493699237737227,0.0
baseline,residual,384,20,12,15.84497940580009,0.0
baseline,residual,384,20,13,16.16578730213915,0.0
baseline,residual,384,20,14,16.789733418999706,0.0
baseline,residual,384,20,15,15.9052011098275,0.0
baseline,residual,384,20,16,16.156369296021293,0.0
baseline,residual,384,20,17,16.25741178755032,0.0
baseline,residual,384,20,18,14.431805306696262,0.0
baseline,residual,384,20,19,18.520745326844967,0.0
baseline,residual,384,20,20,13.980947329307122,0.0
baseline,residual,384,20,21,11.20533098114153,0.0
baseline,residual,384,20,22,12.67827493999604,0.0
baseline,residual,384,20,23,10.18410345732736,0.0
baseline,residual,384,20,24,10.931120249548263,0.0
baseline,residual,384,20,25,12.962667144139791,0.0
baseline,residual,384,20,26,8.473963678938443,0.0
baseline,residual,384,20,27,14.021245526979964,0.0
baseline,residual,384,20,28,11.193177154151032,0.0
baseline,residual,384,20,29,10.763720475219783,0.0
baseline,residual,384,20,30,8.007506533223532,0.0
baseline,residual,384,20,31,14.984123737586053,0.0
baseline,residual,384,20,32,11.627095869040863,0.0
baseline,residual,384,20,33,7.810382539991349,0.0
baseline,residual,384,20,34,11.744207512787938,0.0
baseline,residual,384,20,35,15.638317055717524,0.0
baseline,residual,384,20,36,10.82845585813159,0.0
baseline,residual,384,20,37,8.948156180782066,0.0
baseline,residual,384,20,38,15.638317055717524,0.0
baseline,residual,384,20,39,12.684169589162169,0.0
baseline,residual,384,20,40,6.8704204636171164,0.0
baseline,residual,384,20,41,15.638317055717524,0.0
baseline,residual,384,21,0,16.277869810160766,0.0
baseline,residual,384,21,1,14.272689507870378,0.0
baseline,residual,384,21,2,13.937947533531068,0.0
baseline,residual,384,21,3,12.964811536946831,0.0
baseline,residual,384,21,4,22.37068798233066,0.0
baseline,residual,384,21,5,20.86896888617287,0.0
baseline,residual,384,21,6,18.356525507557244,0.0
baseline,residual,384,21,7,17.254995524598357,0.0
baseline,residual,384,21,8,18.96417580540283,0.0
baseline,residual,384,21,9,17.043126127137736,0.0
baseline,residual,384,21,10,19.58633777062727,0.0
baseline,residual,384,21,11,15.546330939073792,0.0
baseline,residual,384,21,12,16.669557416453088,0.0
baseline,residual,384,21,13,16.829432972158504,0.0
baseline,residual,384,21,14,17.449395827522103,0.0
baseline,residual,384,21,15,17.55933620800469,0.0
baseline,residual,384,21,16,17.532481987021402,0.0
baseline,residual,384,21,17,17.623173122805106,0.0
baseline,residual,384,21,18,16.102032080269826,0.0
baseline,residual,384,21,19,19.350302414369157,0.0
baseline,residual,384,21,20,14.80552533996012,0.0
baseline,residual,384,21,21,12.034888068665724,0.0
baseline,residual,384,21,22,12.67827493999604,0.0
baseline,residual,384,21,23,11.896284203267035,0.0
baseline,residual,384,21,24,11.826683102645402,0.0
baseline,residual,384,21,25,15.245574805392689,0.0
baseline,residual,384,21,26,9.146499427777943,0.0
baseline,residual,384,21,27,15.12732164367889,0.0
baseline,residual,384,21,28,12.075800812566513,0.0
baseline,residual,384,21,29,11.869796591918707,0.0
baseline,residual,384,21,30,10.10259149127313,0.0
baseline,residual,384,21,31,14.984123737586053,0.0
baseline,residual,384,21,32,13.33927661498054,0.0
baseline,residual,384,21,33,8.651052226040724,0.0
baseline,residual,384,21,34,12.57376460031213,0.0
baseline,residual,384,21,35,17.345518724786,0.0
baseline,residual,384,21,36,12.49868263170516,0.0
baseline,residual,384,21,37,8.948156180782066,0.0
baseline,residual,384,21,38,17.345518724786,0.0
baseline,residual,384,21,39,14.354396362735736,0.0
baseline,residual,384,21,40,6.8704204636171164,0.0
baseline,residual,384,21,41,17.345518724786,0.0
baseline,residual,384,22,0,17.187225853800484,0.0
baseline,residual,384,22,1,15.3765489672009,0.0
baseline,residual,384,22,2,14.88070982342522,0.0
baseline,residual,384,22,3,14.459158129126207,0.0
baseline,residual,384,22,4,24.189400069610098,0.0
baseline,residual,384,22,5,23.315004878132587,0.0
baseline,residual,384,22,6,20.196291273108116,0.0
baseline,residual,384,22,7,21.84292540827198,0.0
baseline,residual,384,22,8,19.873581145016104,0.0
baseline,residual,384,22,9,18.498095796961287,0.0
baseline,residual,384,22,10,21.04428842468905,0.0
baseline,residual,384,22,11,17.057652713584982,0.0
baseline,residual,384,22,12,18.488269503732525,0.0
baseline,residual,384,22,13,18.337852635989147,0.0
baseline,residual,384,22,14,19.685260889485683,0.0
baseline,residual,384,22,15,18.468642955670855,0.0
baseline,residual,384,22,16,18.98745165684495,0.0
baseline,residual,384,22,17,19.827989930785602,0.0
baseline,residual,384,22,18,17.015065058233777,0.0
baseline,residual,384,22,19,20.25970775398243,0.0
baseline,residual,384,22,20,16.624237427239557,0.0
baseline,residual,384,22,21,13.01100730884076,0.0
baseline,residual,384,22,22,13.890815392813737,0.0
baseline,residual,384,22,23,12.833593125963224,0.0
baseline,residual,384,22,24,12.736088442258675,0.0
baseline,residual,384,22,25,16.495320035654274,0.0
baseline,residual,384,22,26,10.657821202289133,0.0
baseline,residual,384,22,27,15.12732164367889,0.0
baseline,residual,384,22,28,13.922515074875975,0.0
baseline,residual,384,22,29,11.869796591918707,0.0
baseline,residual,384,22,30,11.582865011801239,0.0
baseline,residual,384,22,31,17.49815651063713,0.0
baseline,residual,384,22,32,14.276585537676723,0.0
baseline,residual,384,22,33,9.564085204004675,0.0
baseline,residual,384,22,34,13.549883840487164,0.0
baseline,residual,384,22,35,20.101539734761626,0.0
baseline,residual,384,22,36,13.41171560966911,0.0
baseline,residual,384,22,37,10.249648501015445,0.0
baseline,residual,384,22,38,20.101539734761626,0.0
baseline,residual,384,22,39,15.267429340699687,0.0
baseline,residual,384,22,40,7.846539703792151,0.0
baseline,residual,384,22,41,20.101539734761626,0.0
baseline,residual,384,23,0,17.187225853800857,0.0
baseline,residual,384,23,1,15.37654896720121,0.0
baseline,residual,384,23,2,14.880709823425606,0.0
baseline,residual,384,23,3,14.459158129126516,0.0
baseline,residual,384,23,4,24.189400069610844,0.0
baseline,residual,384,23,5,23.315004878133088,0.0
baseline,residual,384,23,6,20.196291273108365,0.0
baseline,residual,384,23,7,21.842925408272478,0.0
baseline,residual,384,23,8,19.873581145016477,0.0
baseline,residual,384,23,9,18.498095796961884,0.0
baseline,residual,384,23,10,21.044288424689352,0.0
baseline,residual,384,23,11,17.057652713584982,0.0
baseline,residual,384,23,12,18.488269503733274,0.0
baseline,residual,384,23,13,18.33785263598945,0.0
baseline,residual,384,23,14,19.68526088948628,0.0
baseline,residual,384,23,15,18.46864295567123,0.0
baseline,residual,384,23,16,18.987451656845547,0.0
baseline,residual,384,23,17,19.827989930786206,0.0
baseline,residual,384,23,18,17.015065058233777,0.0
baseline,residual,384,23,19,20.259707753982806,0.0
baseline,residual,384,23,20,17.68271325799692,0.0
baseline,residual,384,23,21,13.01100730884076,0.0
baseline,residual,384,23,22,13.890815392814233,0.0
baseline,residual,384,23,23,12.833593125963224,0.0
baseline,residual,384,23,24,12.736088442259048,0.0
baseline,residual,384,23,25,16.495320035654274,0.0
baseline,residual,384,23,26,10.657821202289133,0.0
baseline,residual,384,23,27,15.12732164367889,0.0
baseline,residual,384,23,28,13.92251507487635,0.0
baseline,residual,384,23,29,11.86979659191924,0.0
baseline,residual,384,23,30,11.582865011801239,0.0
baseline,residual,384,23,31,17.498156510637628,0.0
baseline,residual,384,23,32,14.276585537676723,0.0
baseline,residual,384,23,33,9.564085204004675,0.0
baseline,residual,384,23,34,13.549883840487164,0.0
baseline,residual,384,23,35,20.101539734762376,0.0
baseline,residual,384,23,36,13.41171560966911,0.0
baseline,residual,384,23,37,10.249648501015445,0.0
baseline,residual,384,23,38,20.101539734762376,0.0
baseline,residual,384,23,39,15.267429340699687,0.0
baseline,residual,384,23,40,7.846539703792151,0.0
baseline,residual,384,23,41,20.101539734762376,0.0
baseline,residual,384,24,0,17.187225853801355,0.0
baseline,residual,384,24,1,15.376548967201611,0.0
baseline,residual,384,24,2,14.880709823425855,0.0
baseline,residual,384,24,3,14.459158129126916,0.0
baseline,residual,384,24,4,24.18940006961184,0.0
baseline,residual,384,24,5,23.315004878134083,0.0
baseline,residual,384,24,6,20.19629127310903,0.0
baseline,residual,384,24,7,21.842925408273473,0.0
baseline,residual,384,24,8,19.873581145016974,0.0
baseline,residual,384,24,9,18.498095796962684,0.0
baseline,residual,384,24,10,21.044288424689746,0.0
baseline,residual,384,24,11,17.057652713584982,0.0
baseline,residual,384,24,12,18.48826950373427,0.0
baseline,residual,384,24,13,18.337852635989847,0.0
baseline,residual,384,24,14,19.68526088948708,0.0
baseline,residual,384,24,15,18.468642955671726,0.0
baseline,residual,384,24,16,18.987451656846346,0.0
baseline,residual,384,24,17,19.8279899307874,0.0
baseline,residual,384,24,18,17.015065058233777,0.0
baseline,residual,384,24,19,20.259707753983303,0.0
baseline,residual,384,24,20,17.682713257997914,0.0
baseline,residual,384,24,21,13.01100730884076,0.0
baseline,residual,384,24,22,13.890815392814899,0.0
baseline,residual,384,24,23,12.833593125963722,0.0
baseline,residual,384,24,24,12.736088442259545,0.0
baseline,residual,384,24,25,16.49532003565494,0.0
baseline,residual,384,24,26,10.657821202289133,0.0
baseline,residual,384,24,27,15.12732164367889,0.0
baseline,residual,384,24,28,13.922515074877346,0.0
baseline,residual,384,24,29,11.86979659191924,0.0
baseline,residual,384,24,30,11.58286501180164,0.0
baseline,residual,384,24,31,17.498156510638292,0.0
baseline,residual,384,24,32,14.276585537677226,0.0
baseline,residual,384,24,33,9.564085204004675,0.0
baseline,residual,384,24,34,13.549883840487164,0.0
baseline,residual,384,24,35,20.101539734763872,0.0
baseline,residual,384,24,36,13.41171560966911,0.0
baseline,residual,384,24,37,10.249648501015445,0.0
baseline,residual,384,24,38,20.101539734763872,0.0
baseline,residual,384,24,39,15.267429340699687,0.0
baseline,residual,384,24,40,7.846539703792151,0.0
baseline,residual,384,24,41,24.427238929088855,0.0
baseline,residual,384,25,0,17.18722585380186,0.0
baseline,residual,384,25,1,15.376548967202007,0.0
baseline,residual,384,25,2,14.880709823426107,0.0
baseline,residual,384,25,3,14.459158129127315,0.0
baseline,residual,384,25,4,24.18940006961284,0.0
baseline,residual,384,25,5,23.315004878135078,0.0
baseline,residual,384,25,6,20.196291273109694,0.0
baseline,residual,384,25,7,21.842925408274475,0.0
baseline,residual,384,25,8,19.87358114501748,0.0
baseline,residual,384,25,9,18.49809579696348,0.0
baseline,residual,384,25,10,21.044288424690148,0.0
baseline,residual,384,25,11,17.057652713584982,0.0
baseline,residual,384,25,12,18.488269503735264,0.0
baseline,residual,384,25,13,18.337852635990245,0.0
baseline,residual,384,25,14,19.685260889487875,0.0
baseline,residual,384,25,15,18.468642955672223,0.0
baseline,residual,384,25,16,18.987451656847142,0.0
baseline,residual,384,25,17,19.827989930788597,0.0
baseline,residual,384,25,18,17.015065058233777,0.0
baseline,residual,384,25,19,20.259707753983804,0.0
baseline,residual,384,25,20,17.68271325799891,0.0
baseline,residual,384,25,21,13.01100730884076,0.0
baseline,residual,384,25,22,13.890815392815565,0.0
baseline,residual,384,25,23,12.833593125964223,0.0
baseline,residual,384,25,24,12.736088442260046,0.0
baseline,residual,384,25,25,16.49532003565561,0.0
baseline,residual,384,25,26,10.657821202289133,0.0
baseline,residual,384,25,27,15.12732164367889,0.0
baseline,residual,384,25,28,13.922515074878346,0.0
baseline,residual,384,25,29,11.86979659191924,0.0
baseline,residual,384,25,30,11.582865011802038,0.0
baseline,residual,384,25,31,17.49815651063896,0.0
baseline,residual,384,25,32,14.276585537677727,0.0
baseline,residual,384,25,33,9.564085204004675,0.0
baseline,residual,384,25,34,13.549883840487164,0.0
baseline,residual,384,25,35,24.43424058225722,0.0
baseline,residual,384,25,36,13.41171560966911,0.0
baseline,residual,384,25,37,10.249648501015445,0.0
baseline,residual,384,25,38,20.101539734765367,0.0
baseline,residual,384,25,39,15.267429340699687,0.0
baseline,residual,384,25,40,7.846539703792151,0.0
baseline,residual,384,25,41,24.42723892909035,0.0
baseline,residual,384,26,0,17.18722585380245,0.0
baseline,residual,384,26,1,15.376548967202162,0.0
baseline,residual,384,26,2,14.880709823426296,0.0
baseline,residual,384,26,3,14.45915812912779,0.0
baseline,residual,384,26,4,24.189400069613225,0.0
baseline,residual,384,26,5,23.315004878135333,0.0
baseline,residual,384,26,6,20.196291273109953,0.0
baseline,residual,384,26,7,21.842925408274727,0.0
baseline,residual,384,26,8,19.873581145017862,0.0
baseline,residual,384,26,9,18.49809579696379,0.0
baseline,residual,384,26,10,21.044288424690457,0.0
baseline,residual,384,26,11,17.05765271358529,0.0
baseline,residual,384,26,12,18.488269503735648,0.0
baseline,residual,384,26,13,18.337852635990554,0.0
baseline,residual,384,26,14,19.685260889488177,0.0
baseline,residual,384,26,15,18.468642955672223,0.0
baseline,residual,384,26,16,18.987451656847757,0.0
baseline,residual,384,26,17,19.827989930788906,0.0
baseline,residual,384,26,18,17.015065058233777,0.0
baseline,residual,384,26,19,20.259707753984184,0.0
baseline,residual,384,26,20,17.682713257999293,0.0
baseline,residual,384,26,21,13.01100730884076,0.0
baseline,residual,384,26,22,13.890815392816625,0.0
baseline,residual,384,26,23,12.833593125964223,0.0
baseline,residual,384,26,24,13.770944807388425,0.0
baseline,residual,384,26,25,16.49532003565561,0.0
baseline,residual,384,26,26,10.65782120228946,0.0
baseline,residual,384,26,27,15.12732164367889,0.0
baseline,residual,384,26,28,13.922515074879142,0.0
baseline,residual,384,26,29,11.86979659191924,0.0
baseline,residual,384,26,30,11.582865011802678,0.0
baseline,residual,384,26,31,17.498156510639472,0.0
baseline,residual,384,26,32,14.276585537677727,0.0
baseline,residual,384,26,33,9.564085204005087,0.0
baseline,residual,384,26,34,13.549883840487164,0.0
baseline,residual,384,26,35,24.434240582257605,0.0
baseline,residual,384,26,36,13.411715609669523,0.0
baseline,residual,384,26,37,10.249648501015445,0.0
baseline,residual,384,26,38,20.10153973476575,0.0
baseline,residual,384,26,39,15.267429340699687,0.0
baseline,residual,384,26,40,7.846539703792563,0.0
baseline,residual,384,26,41,24.427238929090734,0.0
baseline,residual,384,27,0,17.187225853802946,0.0
baseline,residual,384,27,1,15.376548967202561,0.0
baseline,residual,384,27,2,14.880709823426548,0.0
baseline,residual,384,27,3,14.459158129128188,0.0
baseline,residual,384,27,4,24.18940006961422,0.0
baseline,residual,384,27,5,23.31500487813633,0.0
baseline,residual,384,27,6,20.196291273110617,0.0
baseline,residual,384,27,7,21.84292540827573,0.0
baseline,residual,384,27,8,19.87358114501836,0.0
baseline,residual,384,27,9,18.498095796964588,0.0
baseline,residual,384,27,10,21.044288424690855,0.0
baseline,residual,384,27,11,17.05765271358529,0.0
baseline,residual,384,27,12,18.488269503736646,0.0
baseline,residual,384,27,13,18.33785263599095,0.0
baseline,residual,384,27,14,19.685260889488976,0.0
baseline,residual,384,27,15,18.46864295567272,0.0
baseline,residual,384,27,16,18.987451656848556,0.0
baseline,residual,384,27,17,19.827989930790103,0.0
baseline,residual,384,27,18,17.015065058233777,0.0
baseline,residual,384,27,19,20.259707753984685,0.0
baseline,residual,384,27,20,17.68271325800029,0.0
baseline,residual,384,27,21,13.01100730884076,0.0
baseline,residual,384,27,22,13.890815392817288,0.0
baseline,residual,384,27,23,12.833593125964724,0.0
baseline,residual,384,27,24,13.770944807388924,0.0
baseline,residual,384,27,25,16.495320035656274,0.0
baseline,residual,384,27,26,10.65782120228946,0.0
baseline,residual,384,27,27,15.12732164367889,0.0
baseline,residual,384,27,28,13.922515074880138,0.0
baseline,residual,384,27,29,11.86979659191924,0.0
baseline,residual,384,27,30,11.582865011803078,0.0
baseline,residual,384,27,31,17.498156510640133,0.0
baseline,residual,384,27,32,14.276585537678224,0.0
baseline,residual,384,27,33,9.564085204005087,0.0
baseline,residual,384,27,34,13.549883840487164,0.0
baseline,residual,384,27,35,24.434240582259104,0.0
baseline,residual,384,27,36,13.411715609669523,0.0
baseline,residual,384,27,37,10.249648501015445,0.0
baseline,residual,384,27,38,24.405694689297746,0.0
baseline,residual,384,27,39,15.267429340699687,0.0
baseline,residual,384,27,40,7.846539703792563,0.0
baseline,residual,384,27,41,24.42723892909223,0.0
baseline,residual,384,28,0,17.187225853803184,0.0
baseline,residual,384,28,1,15.37654896720295,0.0
baseline,residual,384,28,2,14.880709823427273,0.0
baseline,residual,384,28,3,14.459158129128381,0.0
baseline,residual,384,28,4,24.189400069614702,0.0
baseline,residual,384,28,5,23.31500487813665,0.0
baseline,residual,384,28,6,20.196291273110937,0.0
baseline,residual,384,28,7,21.84292540827605,0.0
baseline,residual,384,28,8,19.873581145019326,0.0
baseline,residual,384,28,9,18.498095796964588,0.0
baseline,residual,384,28,10,21.04428842469124,0.0
baseline,residual,384,28,11,17.057652713586062,0.0
baseline,residual,384,28,12,18.488269503736646,0.0
baseline,residual,384,28,13,18.337852635991723,0.0
baseline,residual,384,28,14,19.685260889489363,0.0
baseline,residual,384,28,15,18.468642955673204,0.0
baseline,residual,384,28,16,18.987451656848943,0.0
baseline,residual,384,28,17,19.82798993079049,0.0
baseline,residual,384,28,18,17.01506505823426,0.0
baseline,residual,384,28,19,20.259707753985165,0.0
baseline,residual,384,28,20,17.68271325800029,0.0
baseline,residual,384,28,21,13.011007308841721,0.0
baseline,residual,384,28,22,13.890815392817288,0.0
baseline,residual,384,28,23,12.833593125965203,0.0
baseline,residual,384,28,24,13.770944807388924,0.0
baseline,residual,384,28,25,16.495320035656917,0.0
baseline,residual,384,28,26,10.657821202290238,0.0
baseline,residual,384,28,27,15.12732164367953,0.0
baseline,residual,384,28,28,13.922515074880138,0.0
baseline,residual,384,28,29,11.869796591919881,0.0
baseline,residual,384,28,30,11.582865011803078,0.0
baseline,residual,384,28,31,17.498156510640776,0.0
baseline,residual,384,28,32,14.276585537679194,0.0
baseline,residual,384,28,33,9.564085204005087,0.0
baseline,residual,384,28,34,16.088325756067846,0.0
baseline,residual,384,28,35,24.434240582259104,0.0
baseline,residual,384,28,36,13.411715609670003,0.0
baseline,residual,384,28,37,10.249648501016088,0.0
baseline,residual,384,28,38,24.405694689297746,0.0
baseline,residual,384,28,39,15.267429340700653,0.0
baseline,residual,384,28,40,7.846539703793045,0.0
baseline,residual,384,28,41,24.42723892909223,0.0
baseline,residual,384,29,0,17.187225853803593,0.0
baseline,residual,384,29,1,15.376548967203261,0.0
baseline,residual,384,29,2,14.880709823427466,0.0
baseline,residual,384,29,3,14.459158129128705,0.0
baseline,residual,384,29,4,24.18940006961509,0.0
baseline,residual,384,29,5,23.315004878137174,0.0
baseline,residual,384,29,6,20.19629127311146,0.0
baseline,residual,384,29,7,21.842925408276308,0.0
baseline,residual,384,29,8,19.873581145019717,0.0
baseline,residual,384,29,9,18.498095796964588,0.0
baseline,residual,384,29,10,21.04428842469186,0.0
baseline,residual,384,29,11,17.057652713586684,0.0
baseline,residual,384,29,12,18.488269503736646,0.0
baseline,residual,384,29,13,18.337852635992032,0.0
baseline,residual,384,29,14,19.685260889489363,0.0
baseline,residual,384,29,15,18.46864295567359,0.0
baseline,residual,384,29,16,18.987451656848943,0.0
baseline,residual,384,29,17,19.82798993079049,0.0
baseline,residual,384,29,18,17.01506505823504,0.0
baseline,residual,384,29,19,20.259707753985555,0.0
baseline,residual,384,29,20,17.68271325800029,0.0
baseline,residual,384,29,21,13.01100730884211,0.0
baseline,residual,384,29,22,13.890815392817847,0.0
baseline,residual,384,29,23,12.833593125965592,0.0
baseline,residual,384,29,24,13.770944807389341,0.0
baseline,residual,384,29,25,16.495320035657436,0.0
baseline,residual,384,29,26,10.657821202290883,0.0
baseline,residual,384,29,27,15.12732164368005,0.0
baseline,residual,384,29,28,13.92251507488056,0.0
baseline,residual,384,29,29,11.8697965919204,0.0
baseline,residual,384,29,30,11.582865011803726,0.0
baseline,residual,384,29,31,17.498156510640776,0.0
baseline,residual,384,29,32,14.276585537679585,0.0
baseline,residual,384,29,33,9.564085204005897,0.0
baseline,residual,384,29,34,16.088325756068233,0.0
baseline,residual,384,29,35,24.434240582259104,0.0
baseline,residual,384,29,36,14.47070174907123,0.0
baseline,residual,384,29,37,10.249648501016088,0.0
baseline,residual,384,29,38,24.405694689297746,0.0
baseline,residual,384,29,39,15.267429340701435,0.0
baseline,residual,384,29,40,7.846539703793464,0.0
baseline,residual,384,29,41,24.42723892909223,0.0
baseline,residual,384,30,0,17.187225853803834,0.0
baseline,residual,384,30,1,15.376548967203851,0.0
baseline,residual,384,30,2,14.880709823427958,0.0
baseline,residual,384,30,3,14.4591581291289,0.0
baseline,residual,384,30,4,24.189400069615584,0.0
baseline,residual,384,30,5,23.315004878137827,0.0
baseline,residual,384,30,6,20.196291273112113,0.0
baseline,residual,384,30,7,21.842925408276635,0.0
baseline,residual,384,30,8,19.8735811450207,0.0
baseline,residual,384,30,9,18.498095796964588,0.0
baseline,residual,384,30,10,21.044288424692645,0.0
baseline,residual,384,30,11,17.05765271358747,0.0
baseline,residual,384,30,12,18.488269503736646,0.0
baseline,residual,384,30,13,18.337852635992423,0.0
baseline,residual,384,30,14,19.685260889489363,0.0
baseline,residual,384,30,15,18.46864295567408,0.0
baseline,residual,384,30,16,18.987451656849338,0.0
baseline,residual,384,30,17,19.827989930790885,0.0
baseline,residual,384,30,18,17.015065058236022,0.0
baseline,residual,384,30,19,20.259707753986046,0.0
baseline,residual,384,30,20,17.68271325800029,0.0
baseline,residual,384,30,21,13.0110073088426,0.0
baseline,residual,384,30,22,13.890815392817847,0.0
baseline,residual,384,30,23,12.833593125966084,0.0
baseline,residual,384,30,24,13.770944807389341,0.0
baseline,residual,384,30,25,16.49532003565809,0.0
baseline,residual,384,30,26,10.657821202291672,0.0
baseline,residual,384,30,27,15.127321643680704,0.0
baseline,residual,384,30,28,13.92251507488056,0.0
baseline,residual,384,30,29,11.869796591921054,0.0
baseline,residual,384,30,30,11.582865011804119,0.0
baseline,residual,384,30,31,17.498156510640776,0.0
baseline,residual,384,30,32,14.276585537680567,0.0
baseline,residual,384,30,33,9.564085204006387,0.0
baseline,residual,384,30,34,16.08832575606922,0.0
baseline,residual,384,30,35,24.434240582259104,0.0
baseline,residual,384,30,36,14.47070174907221,0.0
baseline,residual,384,30,37,10.249648501016088,0.0
baseline,residual,384,30,38,24.405694689297746,0.0
baseline,residual,384,30,39,18.02601173992048,0.0
baseline,residual,384,30,40,7.846539703793464,0.0
baseline,residual,384,30,41,24.42723892909223,0.0
baseline,residual,384,31,0,17.18722585380408,0.0
baseline,residual,384,31,1,15.376548967204439,0.0
baseline,residual,384,31,2,14.880709823428449,0.0
baseline,residual,384,31,3,14.459158129129097,0.0
baseline,residual,384,31,4,24.189400069616067,0.0
baseline,residual,384,31,5,23.31500487813848,0.0
baseline,residual,384,31,6,20.196291273112763,0.0
baseline,residual,384,31,7,21.84292540827696,0.0
baseline,residual,384,31,8,19.87358114502168,0.0
baseline,residual,384,31,9,18.498095796964588,0.0
baseline,residual,384,31,10,21.044288424693036,0.0
baseline,residual,384,31,11,17.05765271358786,0.0
baseline,residual,384,31,12,18.488269503736646,0.0
baseline,residual,384,31,13,18.337852635992817,0.0
baseline,residual,384,31,14,19.685260889489363,0.0
baseline,residual,384,31,15,18.46864295567457,0.0
baseline,residual,384,31,16,18.987451656849732,0.0
baseline,residual,384,31,17,19.827989930791674,0.0
baseline,residual,384,31,18,17.01506505823651,0.0
baseline,residual,384,31,19,20.259707753986532,0.0
baseline,residual,384,31,20,17.68271325800029,0.0
baseline,residual,384,31,21,13.011007308843089,0.0
baseline,residual,384,31,22,13.890815392817847,0.0
baseline,residual,384,31,23,12.833593125967061,0.0
baseline,residual,384,31,24,13.770944807389341,0.0
baseline,residual,384,31,25,16.49532003565939,0.0
baseline,residual,384,31,26,10.657821202292066,0.0
baseline,residual,384,31,27,15.127321643681354,0.0
baseline,residual,384,31,28,13.922515074881048,0.0
baseline,residual,384,31,29,11.869796591921705,0.0
baseline,residual,384,31,30,11.58286501180451,0.0
baseline,residual,384,31,31,17.498156510640776,0.0
baseline,residual,384,31,32,16.90430546142721,0.0
baseline,residual,384,31,33,9.564085204006387,0.0
baseline,residual,384,31,34,16.0883257560702,0.0
baseline,residual,384,31,35,24.434240582259594,0.0
baseline,residual,384,31,36,14.470701749072697,0.0
baseline,residual,384,31,37,10.249648501016088,0.0
baseline,residual,384,31,38,24.40569468929824,0.0
baseline,residual,384,31,39,18.02601173992146,0.0
baseline,residual,384,31,40,7.846539703793464,0.0
baseline,residual,384,31,41,24.42723892909272,0.0
baseline,residual,384,32,0,17.187225853804524,0.0
baseline,residual,384,32,1,15.376548967204966,0.0
baseline,residual,384,32,2,14.880709823428894,0.0
baseline,residual,384,32,3,14.45915812912927,0.0
baseline,residual,384,32,4,24.1894000696165,0.0
baseline,residual,384,32,5,23.315004878139053,0.0
baseline,residual,384,32,6,20.19629127311334,0.0
baseline,residual,384,32,7,21.84292540827725,0.0
baseline,residual,384,32,8,19.87358114502211,0.0
baseline,residual,384,32,9,18.498095796964588,0.0
baseline,residual,384,32,10,21.044288424693377,0.0
baseline,residual,384,32,11,17.057652713588205,0.0
baseline,residual,384,32,12,18.488269503737104,0.0
baseline,residual,384,32,13,18.33785263599316,0.0
baseline,residual,384,32,14,19.685260889489363,0.0
baseline,residual,384,32,15,18.468642955675,0.0
baseline,residual,384,32,16,18.987451656849732,0.0
baseline,residual,384,32,17,19.827989930792018,0.0
baseline,residual,384,32,18,17.01506505823694,0.0
baseline,residual,384,32,19,20.259707753986962,0.0
baseline,residual,384,32,20,17.68271325800029,0.0
baseline,residual,384,32,21,13.011007308843519,0.0
baseline,residual,384,32,22,13.890815392817847,0.0
baseline,residual,384,32,23,14.277377267308387,0.0
baseline,residual,384,32,24,13.770944807389341,0.0
baseline,residual,384,32,25,16.49532003566054,0.0
baseline,residual,384,32,26,10.657821202292066,0.0
baseline,residual,384,32,27,15.12732164368193,0.0
baseline,residual,384,32,28,13.92251507488148,0.0
baseline,residual,384,32,29,11.86979659192228,0.0
baseline,residual,384,32,30,11.582865011804854,0.0
baseline,residual,384,32,31,17.498156510640776,0.0
baseline,residual,384,32,32,16.904305461428066,0.0
baseline,residual,384,32,33,9.564085204006387,0.0
baseline,residual,384,32,34,16.08832575607063,0.0
baseline,residual,384,32,35,24.43424058226002,0.0
baseline,residual,384,32,36,14.470701749073129,0.0
baseline,residual,384,32,37,10.249648501016088,0.0
baseline,residual,384,32,38,24.405694689298667,0.0
baseline,residual,384,32,39,18.026011739921895,0.0
baseline,residual,384,32,40,7.846539703793464,0.0
baseline,residual,384,32,41,24.42723892909315,0.0
baseline,residual,384,33,0,17.187225853804925,0.0
baseline,residual,384,33,1,15.376548967205117,0.0
baseline,residual,384,33,2,14.880709823429088,0.0
baseline,residual,384,33,3,14.459158129129742,0.0
baseline,residual,384,33,4,24.1894000696165,0.0
baseline,residual,384,33,5,23.31500487813931,0.0
baseline,residual,384,33,6,20.196291273113594,0.0
baseline,residual,384,33,7,21.842925408277505,0.0
baseline,residual,384,33,8,19.87358114502211,0.0
baseline,residual,384,33,9,18.498095796964893,0.0
baseline,residual,384,33,10,21.044288424693686,0.0
baseline,residual,384,33,11,17.05765271358851,0.0
baseline,residual,384,33,12,18.488269503737104,0.0
baseline,residual,384,33,13,18.33785263599316,0.0
baseline,residual,384,33,14,19.685260889489363,0.0
baseline,residual,384,33,15,18.46864295567539,0.0
baseline,residual,384,33,16,18.987451656849732,0.0
baseline,residual,384,33,17,19.827989930792018,0.0
baseline,residual,384,33,18,17.015065058237322,0.0
baseline,residual,384,33,19,20.259707753987353,0.0
baseline,residual,384,33,20,17.68271325800029,0.0
baseline,residual,384,33,21,13.011007308843519,0.0
baseline,residual,384,33,22,13.890815392818395,0.0
baseline,residual,384,33,23,14.277377267308387,0.0
baseline,residual,384,33,24,13.770944807389753,0.0
baseline,residual,384,33,25,16.49532003566054,0.0
baseline,residual,384,33,26,10.657821202292702,0.0
baseline,residual,384,33,27,15.12732164368193,0.0
baseline,residual,384,33,28,13.922515074881892,0.0
baseline,residual,384,33,29,11.86979659192228,0.0
baseline,residual,384,33,30,11.582865011805492,0.0
baseline,residual,384,33,31,17.498156510640776,0.0
baseline,residual,384,33,32,16.904305461428066,0.0
baseline,residual,384,33,33,10.568597028704108,0.0
baseline,residual,384,33,34,16.08832575607063,0.0
baseline,residual,384,33,35,24.43424058226002,0.0
baseline,residual,384,33,36,14.470701749073925,0.0
baseline,residual,384,33,37,10.249648501016603,0.0
baseline,residual,384,33,38,24.405694689298667,0.0
baseline,residual,384,33,39,18.02601173992228,0.0
baseline,residual,384,33,40,7.846539703794264,0.0
baseline,residual,384,33,41,24.42723892909315,0.0
baseline,residual,384,34,0,17.187225853805163,0.0
baseline,residual,384,34,1,15.376548967205505,0.0
baseline,residual,384,34,2,14.880709823429806,0.0
baseline,residual,384,34,3,14.459158129130126,0.0
baseline,residual,384,34,4,24.189400069616976,0.0
baseline,residual,384,34,5,23.315004878139625,0.0
baseline,residual,384,34,6,20.19629127311391,0.0
baseline,residual,384,34,7,21.84292540827782,0.0
baseline,residual,384,34,8,19.873581145022587,0.0
baseline,residual,384,34,9,18.498095796965284,0.0
baseline,residual,384,34,10,21.044288424694066,0.0
baseline,residual,384,34,11,17.05765271358927,0.0
baseline,residual,384,34,12,18.488269503737104,0.0
baseline,residual,384,34,13,18.33785263599431,0.0
baseline,residual,384,34,14,19.685260889489747,0.0
baseline,residual,384,34,15,18.468642955675865,0.0
baseline,residual,384,34,16,18.987451656849732,0.0
baseline,residual,384,34,17,19.827989930792018,0.0
baseline,residual,384,34,18,17.0150650582378,0.0
baseline,residual,384,34,19,20.259707753987826,0.0
baseline,residual,384,34,20,17.68271325800029,0.0
baseline,residual,384,34,21,15.162692492246551,0.0
baseline,residual,384,34,22,13.890815392818395,0.0
baseline,residual,384,34,23,14.277377267308859,0.0
baseline,residual,384,34,24,13.770944807389753,0.0
baseline,residual,384,34,25,16.495320035661177,0.0
baseline,residual,384,34,26,10.657821202293084,0.0
baseline,residual,384,34,27,15.12732164368256,0.0
baseline,residual,384,34,28,13.922515074881892,0.0
baseline,residual,384,34,29,11.869796591922913,0.0
baseline,residual,384,34,30,11.582865011805492,0.0
baseline,residual,384,34,31,17.498156510641408,0.0
baseline,residual,384,34,32,16.904305461428546,0.0
baseline,residual,384,34,33,10.568597028704108,0.0
baseline,residual,384,34,34,16.088325756071583,0.0
baseline,residual,384,34,35,24.43424058226002,0.0
baseline,residual,384,34,36,14.470701749074399,0.0
baseline,residual,384,34,37,10.24964850101724,0.0
baseline,residual,384,34,38,24.405694689298667,0.0
baseline,residual,384,34,39,18.02601173992275,0.0
baseline,residual,384,34,40,7.846539703794742,0.0
baseline,residual,384,34,41,24.42723892909315,0.0
baseline,residual,384,35,0,17.187225853805554,0.0
baseline,residual,384,35,1,15.376548967205505,0.0
baseline,residual,384,35,2,14.880709823430186,0.0
baseline,residual,384,35,3,14.459158129130593,0.0
baseline,residual,384,35,4,24.189400069616976,0.0
baseline,residual,384,35,5,23.315004878139625,0.0
baseline,residual,384,35,6,20.19629127311391,0.0
baseline,residual,384,35,7,21.842925408278077,0.0
baseline,residual,384,35,8,19.873581145022587,0.0
baseline,residual,384,35,9,18.498095796965586,0.0
baseline,residual,384,35,10,21.044288424694066,0.0
baseline,residual,384,35,11,17.057652713589572,0.0
baseline,residual,384,35,12,18.488269503737104,0.0
baseline,residual,384,35,13,18.337852635994615,0.0
baseline,residual,384,35,14,19.685260889490046,0.0
baseline,residual,384,35,15,18.468642955676245,0.0
baseline,residual,384,35,16,18.987451656849732,0.0
baseline,residual,384,35,17,19.827989930792018,0.0
baseline,residual,384,35,18,17.0150650582378,0.0
baseline,residual,384,35,19,20.259707753988206,0.0
baseline,residual,384,35,20,17.68271325800029,0.0
baseline,residual,384,35,21,15.162692492246928,0.0
baseline,residual,384,35,22,13.890815392818935,0.0
baseline,residual,384,35,23,14.277377267308859,0.0
baseline,residual,384,35,24,13.770944807390157,0.0
baseline,residual,384,35,25,16.495320035661177,0.0
baseline,residual,384,35,26,10.657821202293709,0.0
baseline,residual,384,35,27,15.12732164368256,0.0
baseline,residual,384,35,28,13.922515074882293,0.0
baseline,residual,384,35,29,11.869796591922913,0.0
baseline,residual,384,35,30,11.582865011805813,0.0
baseline,residual,384,35,31,17.498156510641916,0.0
baseline,residual,384,35,32,16.904305461428546,0.0
baseline,residual,384,35,33,10.568597028704891,0.0
baseline,residual,384,35,34,16.088325756071963,0.0
baseline,residual,384,35,35,24.43424058226002,0.0
baseline,residual,384,35,36,14.4707017490748,0.0
baseline,residual,384,35,37,10.249648501018251,0.0
baseline,residual,384,35,38,24.405694689298667,0.0
baseline,residual,384,35,39,18.02601173992275,0.0
baseline,residual,384,35,40,8.833356782827943,0.0
baseline,residual,384,35,41,24.42723892909315,0.0
baseline,residual,384,36,0,17.18722585380596,0.0
baseline,residual,384,36,1,15.37654896720566,0.0
baseline,residual,384,36,2,14.88070982343038,0.0
baseline,residual,384,36,3,14.459158129131072,0.0
baseline,residual,384,36,4,24.189400069617363,0.0
baseline,residual,384,36,5,23.315004878140147,0.0
baseline,residual,384,36,6,20.19629127311417,0.0
baseline,residual,384,36,7,21.842925408278592,0.0
baseline,residual,384,36,8,19.873581145022975,0.0
baseline,residual,384,36,9,18.4980957969659,0.0
baseline,residual,384,36,10,21.04428842469438,0.0
baseline,residual,384,36,11,17.057652713589572,0.0
baseline,residual,384,36,12,18.488269503737495,0.0
baseline,residual,384,36,13,18.337852635994924,0.0
baseline,residual,384,36,14,19.685260889490355,0.0
baseline,residual,384,36,15,18.468642955676245,0.0
baseline,residual,384,36,16,18.987451656850045,0.0
baseline,residual,384,36,17,19.82798993079264,0.0
baseline,residual,384,36,18,17.0150650582378,0.0
baseline,residual,384,36,19,20.259707753988597,0.0
baseline,residual,384,36,20,17.68271325800068,0.0
baseline,residual,384,36,21,15.162692492246928,0.0
baseline,residual,384,36,22,13.89081539282001,0.0
baseline,residual,384,36,23,14.27737726730925,0.0
baseline,residual,384,36,24,13.770944807390963,0.0
baseline,residual,384,36,25,16.495320035661695,0.0
baseline,residual,384,36,26,10.657821202294041,0.0
baseline,residual,384,36,27,15.12732164368256,0.0
baseline,residual,384,36,28,14.9735222869757,0.0
baseline,residual,384,36,29,11.869796591922913,0.0
baseline,residual,384,36,30,11.582865011806458,0.0
baseline,residual,384,36,31,17.49815651064243,0.0
baseline,residual,384,36,32,16.904305461428933,0.0
baseline,residual,384,36,33,10.56859702870531,0.0
baseline,residual,384,36,34,16.088325756071963,0.0
baseline,residual,384,36,35,24.434240582260802,0.0
baseline,residual,384,36,36,14.470701749075218,0.0
baseline,residual,384,36,37,10.249648501018251,0.0
baseline,residual,384,36,38,24.405694689299448,0.0
baseline,residual,384,36,39,18.02601173992275,0.0
baseline,residual,384,36,40,8.83335678282836,0.0
baseline,residual,384,36,41,24.42723892909393,0.0
baseline,residual,384,37,0,17.187225853806357,0.0
baseline,residual,384,37,1,15.376548967206121,0.0
baseline,residual,384,37,2,14.88070982343038,0.0
baseline,residual,384,37,3,14.459158129131698,0.0
baseline,residual,384,37,4,24.189400069617363,0.0
baseline,residual,384,37,5,23.315004878140655,0.0
baseline,residual,384,37,6,20.196291273114937,0.0
baseline,residual,384,37,7,21.842925408279104,0.0
baseline,residual,384,37,8,19.873581145022975,0.0
baseline,residual,384,37,9,18.4980957969659,0.0
baseline,residual,384,37,10,21.044288424694685,0.0
baseline,residual,384,37,11,17.057652713590187,0.0
baseline,residual,384,37,12,18.488269503737495,0.0
baseline,residual,384,37,13,18.337852635994924,0.0
baseline,residual,384,37,14,19.685260889490355,0.0
baseline,residual,384,37,15,18.468642955676245,0.0
baseline,residual,384,37,16,18.98745165685035,0.0
baseline,residual,384,37,17,19.82798993079295,0.0
baseline,residual,384,37,18,17.01506505823818,0.0
baseline,residual,384,37,19,20.259707753988597,0.0
baseline,residual,384,37,20,17.68271325800068,0.0
baseline,residual,384,37,21,15.162692492246928,0.0
baseline,residual,384,37,22,13.890815392820555,0.0
baseline,residual,384,37,23,14.277377267309634,0.0
baseline,residual,384,37,24,13.770944807391757,0.0
baseline,residual,384,37,25,16.495320035662207,0.0
baseline,residual,384,37,26,10.657821202294677,0.0
baseline,residual,384,37,27,15.12732164368256,0.0
baseline,residual,384,37,28,14.973522286976491,0.0
baseline,residual,384,37,29,11.869796591922913,0.0
baseline,residual,384,37,30,12.396109166378384,0.0
baseline,residual,384,37,31,17.49815651064243,0.0
baseline,residual,384,37,32,16.904305461429317,0.0
baseline,residual,384,37,33,10.568597028706103,0.0
baseline,residual,384,37,34,16.088325756071963,0.0
baseline,residual,384,37,35,24.434240582261186,0.0
baseline,residual,384,37,36,14.470701749076012,0.0
baseline,residual,384,37,37,10.249648501018251,0.0
baseline,residual,384,37,38,24.405694689299832,0.0
baseline,residual,384,37,39,18.026011739923135,0.0
baseline,residual,384,37,40,8.833356782828771,0.0
baseline,residual,384,37,41,24.427238929094315,0.0
baseline,residual,384,38,0,17.187225853806556,0.0
baseline,residual,384,38,1,15.376548967206421,0.0
baseline,residual,384,38,2,14.880709823430758,0.0
baseline,residual,384,38,3,14.459158129132158,0.0
baseline,residual,384,38,4,24.189400069617363,0.0
baseline,residual,384,38,5,23.315004878140908,0.0
baseline,residual,384,38,6,20.19629127311519,0.0
baseline,residual,384,38,7,21.842925408279605,0.0
baseline,residual,384,38,8,19.873581145023355,0.0
baseline,residual,384,38,9,18.4980957969659,0.0
baseline,residual,384,38,10,21.044288424694983,0.0
baseline,residual,384,38,11,17.057652713590787,0.0
baseline,residual,384,38,12,18.488269503737495,0.0
baseline,residual,384,38,13,18.33785263599522,0.0
baseline,residual,384,38,14,19.685260889490657,0.0
baseline,residual,384,38,15,18.468642955676245,0.0
baseline,residual,384,38,16,18.987451656850656,0.0
baseline,residual,384,38,17,19.82798993079325,0.0
baseline,residual,384,38,18,17.01506505823856,0.0
baseline,residual,384,38,19,20.259707753988597,0.0
baseline,residual,384,38,20,17.68271325800068,0.0
baseline,residual,384,38,21,15.162692492247304,0.0
baseline,residual,384,38,22,13.890815392821095,0.0
baseline,residual,384,38,23,14.277377267309634,0.0
baseline,residual,384,38,24,13.770944807392162,0.0
baseline,residual,384,38,25,16.495320035662207,0.0
baseline,residual,384,38,26,11.437589118238304,0.0
baseline,residual,384,38,27,15.12732164368256,0.0
baseline,residual,384,38,28,14.973522286976896,0.0
baseline,residual,384,38,29,11.869796591922913,0.0
baseline,residual,384,38,30,12.396109166379008,0.0
baseline,residual,384,38,31,17.498156510642932,0.0
baseline,residual,384,38,32,16.904305461429697,0.0
baseline,residual,384,38,33,10.568597028706883,0.0
baseline,residual,384,38,34,16.088325756072717,0.0
baseline,residual,384,38,35,24.434240582261186,0.0
baseline,residual,384,38,36,14.47070174907679,0.0
baseline,residual,384,38,37,10.24964850101875,0.0
baseline,residual,384,38,38,24.405694689299832,0.0
baseline,residual,384,38,39,18.026011739923888,0.0
baseline,residual,384,38,40,8.833356782829549,0.0
baseline,residual,384,38,41,24.427238929094315,0.0
baseline,residual,384,39,0,20.209419761024325,0.0
baseline,residual,384,39,1,16.797933011761298,0.0
baseline,residual,384,39,2,16.3203189564517,0.0
baseline,residual,384,39,3,15.999775160953371,0.0
baseline,residual,384,39,4,26.177198468112824,0.0
baseline,residual,384,39,5,24.640203810471217,0.0
baseline,residual,384,39,6,21.531495949162125,0.0
baseline,residual,384,39,7,22.72640383636806,0.0
baseline,residual,384,39,8,21.198822681672798,0.0
baseline,residual,384,39,9,20.107285200847034,0.0
baseline,residual,384,39,10,22.65083803852901,0.0
baseline,residual,384,39,11,18.129852835370293,0.0
baseline,residual,384,39,12,20.68119476254388,0.0
baseline,residual,384,39,13,19.398045865314778,0.0
baseline,residual,384,39,14,21.291791387711267,0.0
baseline,residual,384,39,15,20.48004968660378,0.0
baseline,residual,384,39,16,20.589761287246077,0.0
baseline,residual,384,39,17,20.888164044499394,0.0
baseline,residual,384,39,18,18.360591295244422,0.0
baseline,residual,384,39,19,22.271218403356773,0.0
baseline,residual,384,39,20,19.00793090013336,0.0
baseline,residual,384,39,21,15.825273248610086,0.0
baseline,residual,384,39,22,16.297026846593912,0.0
baseline,residual,384,39,23,15.807665640346123,0.0
baseline,residual,384,39,24,16.253272793583374,0.0
baseline,residual,384,39,25,17.378761044145918,0.0
baseline,residual,384,39,26,12.351187366272665,0.0
baseline,residual,384,39,27,16.92135662635705,0.0
baseline,residual,384,39,28,16.778180877306507,0.0
baseline,residual,384,39,29,12.753237600406623,0.0
baseline,residual,384,39,30,13.851842931102649,0.0
baseline,residual,384,39,31,18.381704217691816,0.0
baseline,residual,384,39,32,17.566886217792483,0.0
baseline,residual,384,39,33,12.39686395146857,0.0
baseline,residual,384,39,34,16.750906512435495,0.0
baseline,residual,384,39,35,25.759458224393867,0.0
baseline,residual,384,39,36,16.275280315482522,0.0
baseline,residual,384,39,37,11.164673984643732,0.0
baseline,residual,384,39,38,25.73091233143251,0.0
baseline,residual,384,39,39,18.68859249628667,0.0
baseline,residual,384,39,40,10.661623705591238,0.0
baseline,residual,384,39,41,25.752456571226997,0.0
baseline,residual,384,40,0,21.704634887539374,0.0
baseline,residual,384,40,1,18.56277126060341,0.0
baseline,residual,384,40,2,19.626952838404073,0.0
baseline,residual,384,40,3,17.731303142032964,0.0
baseline,residual,384,40,4,27.63059947811009,0.0
baseline,residual,384,40,5,25.609137817136062,0.0
baseline,residual,384,40,6,22.015977672104498,0.0
baseline,residual,384,40,7,23.700841336767397,0.0
baseline,residual,384,40,8,23.412435566629892,0.0
baseline,residual,384,40,9,21.912239409258436,0.0
baseline,residual,384,40,10,23.81355884652682,0.0
baseline,residual,384,40,11,19.299213162913393,0.0
baseline,residual,384,40,12,22.20538653995995,0.0
baseline,residual,384,40,13,21.780747688308907,0.0
baseline,residual,384,40,14,22.461116388190476,0.0
baseline,residual,384,40,15,21.94628816221781,0.0
baseline,residual,384,40,16,21.779273527680903,0.0
baseline,residual,384,40,17,22.07767628493422,0.0
baseline,residual,384,40,18,19.087313879657987,0.0
baseline,residual,384,40,19,24.464135304554514,0.0
baseline,residual,384,40,20,21.07225869288649,0.0
baseline,residual,384,40,21,18.07697210176904,0.0
baseline,residual,384,40,22,17.265931414038853,0.0
baseline,residual,384,40,23,17.331901576592053,0.0
baseline,residual,384,40,24,16.979951219167077,0.0
baseline,residual,384,40,25,18.34772449003067,0.0
baseline,residual,384,40,26,13.547339126252773,0.0
baseline,residual,384,40,27,17.890320072241803,0.0
baseline,residual,384,40,28,17.50485930289021,0.0
baseline,residual,384,40,29,15.505733535850611,0.0
baseline,residual,384,40,30,13.851842931102649,0.0
baseline,residual,384,40,31,20.33057921849049,0.0
baseline,residual,384,40,32,19.05382067716587,0.0
baseline,residual,384,40,33,13.136379842669035,0.0
baseline,residual,384,40,34,18.972818796824193,0.0
baseline,residual,384,40,35,26.486136649977567,0.0
baseline,residual,384,40,36,17.002002899896087,0.0
baseline,residual,384,40,37,13.130665606264763,0.0
baseline,residual,384,40,38,26.45759075701621,0.0
baseline,residual,384,40,39,20.175526955660064,0.0
baseline,residual,384,40,40,12.13611742180701,0.0
baseline,residual,384,40,41,26.4791349968107,0.0
baseline,residual,384,41,0,25.535095703325737,0.0
baseline,residual,384,41,1,24.831408306468667,0.0
baseline,residual,384,41,2,23.680780359361574,0.0
baseline,residual,384,41,3,21.544154105762132,0.0
baseline,residual,384,41,4,30.600477238367063,0.0
baseline,residual,384,41,5,29.592049409704348,0.0
baseline,residual,384,41,6,27.014122612897623,0.0
baseline,residual,384,41,7,26.6936970957903,0.0
baseline,residual,384,41,8,26.450716824929263,0.0
baseline,residual,384,41,9,24.406471216398792,0.0
baseline,residual,384,41,10,27.4372932548093,0.0
baseline,residual,384,41,11,22.89978445956445,0.0
baseline,residual,384,41,12,25.30657048700081,0.0
baseline,residual,384,41,13,24.275211287752605,0.0
baseline,residual,384,41,14,24.890394725642818,0.0
baseline,residual,384,41,15,24.91616592247478,0.0
baseline,residual,384,41,16,25.42794675988687,0.0
baseline,residual,384,41,17,25.717436923619953,0.0
baseline,residual,384,41,18,23.61698189001109,0.0
baseline,residual,384,41,19,25.949219054872582,0.0
baseline,residual,384,41,20,24.377040800352503,0.0
baseline,residual,384,41,21,21.19505160107366,0.0
baseline,residual,384,41,22,17.265931414038853,0.0
baseline,residual,384,41,23,21.945084544449056,0.0
baseline,residual,384,41,24,18.502801241504336,0.0
baseline,residual,384,41,25,22.343448531037392,0.0
baseline,residual,384,41,26,15.984121411164603,0.0
baseline,residual,384,41,27,21.939503621834618,0.0
baseline,residual,384,41,28,19.01656858332718,0.0
baseline,residual,384,41,29,19.9124959996442,0.0
baseline,residual,384,41,30,17.473714651848823,0.0
baseline,residual,384,41,31,20.33057921849049,0.0
baseline,residual,384,41,32,23.603811215902212,0.0
baseline,residual,384,41,33,14.629160190827525,0.0
baseline,residual,384,41,34,22.011100055123563,0.0
baseline,residual,384,41,35,29.482639940353437,0.0
baseline,residual,384,41,36,19.979866998372653,0.0
baseline,residual,384,41,37,13.130665606264763,0.0
baseline,residual,384,41,38,29.454094047392076,0.0
baseline,residual,384,41,39,24.70658856211793,0.0
baseline,residual,384,41,40,12.13611742180701,0.0
baseline,residual,384,41,41,29.47563828718656,0.0
baseline,residual,384,42,0,30.642136191672716,0.0
baseline,residual,384,42,1,29.319876529368603,0.0
baseline,residual,384,42,2,28.388900349366082,0.0
baseline,residual,384,42,3,29.382146832480704,0.0
baseline,residual,384,42,4,32.44493986267463,0.0
baseline,residual,384,42,5,33.29150063236883,0.0
baseline,residual,384,42,6,30.72681156267783,0.0
baseline,residual,384,42,7,31.653018033670087,0.0
baseline,residual,384,42,8,28.29517944923683,0.0
baseline,residual,384,42,9,28.899875245751172,0.0
baseline,residual,384,42,10,31.883247166472316,0.0
baseline,residual,384,42,11,27.380863242033392,0.0
baseline,residual,384,42,12,27.15103311130837,0.0
baseline,residual,384,42,13,28.763986395132854,0.0
baseline,residual,384,42,14,29.370412543338585,0.0
baseline,residual,384,42,15,26.811756647762916,0.0
baseline,residual,384,42,16,28.39497223131786,0.0
baseline,residual,384,42,17,28.678998638591686,0.0
baseline,residual,384,42,18,27.32996165528229,0.0
baseline,residual,384,42,19,29.689272404468284,0.0
baseline,residual,384,42,20,28.131183795155653,0.0
baseline,residual,384,42,21,24.961557860991405,0.0
baseline,residual,384,42,22,23.3838193626195,0.0
baseline,residual,384,42,23,23.802574063856156,0.0
baseline,residual,384,42,24,24.955536417920996,0.0
baseline,residual,384,42,25,24.820101223580195,0.0
baseline,residual,384,42,26,21.168907491350947,0.0
baseline,residual,384,42,27,24.4271770551535,0.0
baseline,residual,384,42,28,25.462474064169772,0.0
baseline,residual,384,42,29,22.458736493638312,0.0
baseline,residual,384,42,30,24.12410406128741,0.0
baseline,residual,384,42,31,25.309602147997875,0.0
baseline,residual,384,42,32,25.46130073530931,0.0
baseline,residual,384,42,33,21.11592894352562,0.0
baseline,residual,384,42,34,23.900904627946534,0.0
baseline,residual,384,42,35,33.1845920840681,0.0
baseline,residual,384,42,36,24.57104502578262,0.0
baseline,residual,384,42,37,18.177859337079564,0.0
baseline,residual,384,42,38,33.156046191106746,0.0
baseline,residual,384,42,39,26.553813252399966,0.0
baseline,residual,384,42,40,18.665466057046032,0.0
baseline,residual,384,42,41,33.17759043090123,0.0
baseline,residual,384,43,0,30.64213619167278,0.0
baseline,residual,384,43,1,29.319876529368653,0.0
baseline,residual,384,43,2,28.388900349366153,0.0
baseline,residual,384,43,3,29.382146832480707,0.0
baseline,residual,384,43,4,32.44493986267475,0.0
baseline,residual,384,43,5,33.29150063236891,0.0
baseline,residual,384,43,6,30.72681156267792,0.0
baseline,residual,384,43,7,31.653018033670087,0.0
baseline,residual,384,43,8,28.295179449236958,0.0
baseline,residual,384,43,9,28.899875245751172,0.0
baseline,residual,384,43,10,31.88324716647242,0.0
baseline,residual,384,43,11,27.380863242033495,0.0
baseline,residual,384,43,12,27.15103311130837,0.0
baseline,residual,384,43,13,28.763986395132953,0.0
baseline,residual,384,43,14,29.370412543338585,0.0
baseline,residual,384,43,15,26.811756647763037,0.0
baseline,residual,384,43,16,28.39497223131786,0.0
baseline,residual,384,43,17,28.678998638591686,0.0
baseline,residual,384,43,18,27.329961655282418,0.0
baseline,residual,384,43,19,29.689272404468408,0.0
baseline,residual,384,43,20,28.131183795155668,0.0
baseline,residual,384,43,21,24.961557860991533,0.0
baseline,residual,384,43,22,23.3838193626195,0.0
baseline,residual,384,43,23,23.802574063856287,0.0
baseline,residual,384,43,24,24.955536417920996,0.0
baseline,residual,384,43,25,24.820101223580362,0.0
baseline,residual,384,43,26,21.168907491350947,0.0
baseline,residual,384,43,27,24.427177055153667,0.0
baseline,residual,384,43,28,25.462474064169772,0.0
baseline,residual,384,43,29,29.067682341765906,0.0
baseline,residual,384,43,30,24.12410406128741,0.0
baseline,residual,384,43,31,25.309602147997875,0.0
baseline,residual,384,43,32,25.46130073530944,0.0
baseline,residual,384,43,33,21.11592894352562,0.0
baseline,residual,384,43,34,23.90090462794666,0.0
baseline,residual,384,43,35,33.1845920840681,0.0
baseline,residual,384,43,36,24.57104502578274,0.0
baseline,residual,384,43,37,18.177859337079564,0.0
baseline,residual,384,43,38,33.156046191106746,0.0
baseline,residual,384,43,39,26.553813252400094,0.0
baseline,residual,384,43,40,18.665466057046032,0.0
baseline,residual,384,43,41,33.17759043090123,0.0
baseline,residual,384,44,0,30.642136191672837,0.0
baseline,residual,384,44,1,29.319876529368653,0.0
baseline,residual,384,44,2,28.388900349366224,0.0
baseline,residual,384,44,3,29.382146832480764,0.0
baseline,residual,384,44,4,32.44493986267475,0.0
baseline,residual,384,44,5,33.29150063236891,0.0
baseline,residual,384,44,6,30.72681156267792,0.0
baseline,residual,384,44,7,31.653018033670108,0.0
baseline,residual,384,44,8,28.295179449236958,0.0
baseline,residual,384,44,9,28.899875245751264,0.0
baseline,residual,384,44,10,31.88324716647242,0.0
baseline,residual,384,44,11,27.380863242033513,0.0
baseline,residual,384,44,12,27.15103311130837,0.0
baseline,residual,384,44,13,28.76398639513297,0.0
baseline,residual,384,44,14,29.370412543338603,0.0
baseline,residual,384,44,15,26.81175664776315,0.0
baseline,residual,384,44,16,28.39497223131786,0.0
baseline,residual,384,44,17,28.678998638591686,0.0
baseline,residual,384,44,18,27.329961655282418,0.0
baseline,residual,384,44,19,29.68927240446852,0.0
baseline,residual,384,44,20,28.131183795155668,0.0
baseline,residual,384,44,21,24.961557860991558,0.0
baseline,residual,384,44,22,23.3838193626195,0.0
baseline,residual,384,44,23,23.802574063856287,0.0
baseline,residual,384,44,24,24.955536417920996,0.0
baseline,residual,384,44,25,24.820101223580362,0.0
baseline,residual,384,44,26,21.16890749135097,0.0
baseline,residual,384,44,27,24.427177055153667,0.0
baseline,residual,384,44,28,25.462474064169772,0.0
baseline,residual,384,44,29,29.067682341765906,0.0
baseline,residual,384,44,30,24.12410406128741,0.0
baseline,residual,384,44,31,25.309602147997907,0.0
baseline,residual,384,44,32,25.46130073530944,0.0
baseline,residual,384,44,33,21.115928943525734,0.0
baseline,residual,384,44,34,23.900904627946687,0.0
baseline,residual,384,44,35,33.1845920840681,0.0
baseline,residual,384,44,36,24.57104502578274,0.0
baseline,residual,384,44,37,24.198370511046342,0.0
baseline,residual,384,44,38,33.156046191106746,0.0
baseline,residual,384,44,39,26.553813252400094,0.0
baseline,residual,384,44,40,18.66546605704617,0.0
baseline,residual,384,44,41,33.17759043090123,0.0
baseline,residual,384,45,0,30.64213619167282,0.0
baseline,residual,384,45,1,29.319876529368624,0.0
baseline,residual,384,45,2,28.388900349366182,0.0
baseline,residual,384,45,3,29.38214683248075,0.0
baseline,residual,384,45,4,32.444939862674715,0.0
baseline,residual,384,45,5,33.29150063236888,0.0
baseline,residual,384,45,6,30.726811562677888,0.0
baseline,residual,384,45,7,31.653018033670108,0.0
baseline,residual,384,45,8,28.295179449236915,0.0
baseline,residual,384,45,9,28.899875245751264,0.0
baseline,residual,384,45,10,31.883247166472383,0.0
baseline,residual,384,45,11,27.380863242033477,0.0
baseline,residual,384,45,12,27.15103311130837,0.0
baseline,residual,384,45,13,28.76398639513294,0.0
baseline,residual,384,45,14,29.370412543338603,0.0
baseline,residual,384,45,15,26.811756647763115,0.0
baseline,residual,384,45,16,28.39497223131786,0.0
baseline,residual,384,45,17,28.678998638591686,0.0
baseline,residual,384,45,18,27.329961655282375,0.0
baseline,residual,384,45,19,29.689272404468483,0.0
baseline,residual,384,45,20,28.131183795155625,0.0
baseline,residual,384,45,21,24.961557860991515,0.0
baseline,residual,384,45,22,23.3838193626195,0.0
baseline,residual,384,45,23,23.80257406385624,0.0
baseline,residual,384,45,24,24.955536417920996,0.0
baseline,residual,384,45,25,24.820101223580306,0.0
baseline,residual,384,45,26,21.16890749135097,0.0
baseline,residual,384,45,27,24.427177055153614,0.0
baseline,residual,384,45,28,25.462474064169772,0.0
baseline,residual,384,45,29,29.067682341765792,0.0
baseline,residual,384,45,30,24.12410406128741,0.0
baseline,residual,384,45,31,25.309602147997907,0.0
baseline,residual,384,45,32,25.461300735309397,0.0
baseline,residual,384,45,33,21.115928943525734,0.0
baseline,residual,384,45,34,23.900904627946645,0.0
baseline,residual,384,45,35,33.1845920840681,0.0
baseline,residual,384,45,36,24.571045025782706,0.0
baseline,residual,384,45,37,24.198370511046342,0.0
baseline,residual,384,45,38,33.156046191106746,0.0
baseline,residual,384,45,39,26.55381325240005,0.0
baseline,residual,384,45,40,18.66546605704617,0.0
baseline,residual,384,45,41,33.17759043090123,0.0
baseline,residual,384,46,0,30.64213619167285,0.0
baseline,residual,384,46,1,29.319876529368678,0.0
baseline,residual,384,46,2,28.388900349366214,0.0
baseline,residual,384,46,3,29.38214683248077,0.0
baseline,residual,384,46,4,32.44493986267478,0.0
baseline,residual,384,46,5,33.291500632368965,0.0
baseline,residual,384,46,6,30.72681156267798,0.0
baseline,residual,384,46,7,31.65301803367015,0.0
baseline,residual,384,46,8,28.295179449236983,0.0
baseline,residual,384,46,9,28.899875245751264,0.0
baseline,residual,384,46,10,31.883247166472437,0.0
baseline,residual,384,46,11,27.38086324203353,0.0
baseline,residual,384,46,12,27.151033111308376,0.0
baseline,residual,384,46,13,28.763986395132992,0.0
baseline,residual,384,46,14,29.370412543338603,0.0
baseline,residual,384,46,15,26.81175664776318,0.0
baseline,residual,384,46,16,28.39497223131786,0.0
baseline,residual,384,46,17,28.67899863859174,0.0
baseline,residual,384,46,18,27.329961655282442,0.0
baseline,residual,384,46,19,29.68927240446855,0.0
baseline,residual,384,46,20,28.131183795155625,0.0
baseline,residual,384,46,21,24.96155786099158,0.0
baseline,residual,384,46,22,23.3838193626195,0.0
baseline,residual,384,46,23,26.94421745260617,0.0
baseline,residual,384,46,24,24.955536417920996,0.0
baseline,residual,384,46,25,24.820101223580487,0.0
baseline,residual,384,46,26,21.16890749135097,0.0
baseline,residual,384,46,27,24.427177055153702,0.0
baseline,residual,384,46,28,25.46247406416984,0.0
baseline,residual,384,46,29,29.067682341765888,0.0
baseline,residual,384,46,30,24.124104061287465,0.0
baseline,residual,384,46,31,25.309602147997907,0.0
baseline,residual,384,46,32,25.461300735309532,0.0
baseline,residual,384,46,33,21.115928943525734,0.0
baseline,residual,384,46,34,23.900904627946712,0.0
baseline,residual,384,46,35,33.18459208406817,0.0
baseline,residual,384,46,36,24.57104502578277,0.0
baseline,residual,384,46,37,24.198370511046342,0.0
baseline,residual,384,46,38,33.15604619110681,0.0
baseline,residual,384,46,39,26.55381325240012,0.0
baseline,residual,384,46,40,18.66546605704617,0.0
baseline,residual,384,46,41,33.1775904309013,0.0
baseline,residual,384,47,0,31.07414189727598,0.0
baseline,residual,384,47,1,29.45523286821714,0.0
baseline,residual,384,47,2,28.820906054969342,0.0
baseline,residual,384,47,3,29.592395058114807,0.0
baseline,residual,384,47,4,33.11942694105241,0.0
baseline,residual,384,47,5,33.74115868462072,0.0
baseline,residual,384,47,6,30.95240546075875,0.0
baseline,residual,384,47,7,31.877082187841136,0.0
baseline,residual,384,47,8,28.96966652761461,0.0
baseline,residual,384,47,9,29.320371697019336,0.0
baseline,residual,384,47,10,32.42283682917454,0.0
baseline,residual,384,47,11,27.651575919730462,0.0
baseline,residual,384,47,12,27.48712934256484,0.0
baseline,residual,384,47,13,29.303576057835095,0.0
baseline,residual,384,47,14,29.639289528343774,0.0
baseline,residual,384,47,15,27.339671827712966,0.0
baseline,residual,384,47,16,28.663849216323033,0.0
baseline,residual,384,47,17,28.947875623596914,0.0
baseline,residual,384,47,18,27.668352502403604,0.0
baseline,residual,384,47,19,34.74614348444481,0.0
baseline,residual,384,47,20,28.467280026412094,0.0
baseline,residual,384,47,21,25.29994870811274,0.0
baseline,residual,384,47,22,23.83194767096146,0.0
baseline,residual,384,47,23,27.282608299727332,0.0
baseline,residual,384,47,24,25.291632649177462,0.0
baseline,residual,384,47,25,25.271289019742035,0.0
baseline,residual,384,47,26,21.16890749135097,0.0
baseline,residual,384,47,27,24.878364851315247,0.0
baseline,residual,384,47,28,25.798570295426305,0.0
baseline,residual,384,47,29,29.51887013792743,0.0
baseline,residual,384,47,30,24.124104061287465,0.0
baseline,residual,384,47,31,25.757730456339864,0.0
baseline,residual,384,47,32,25.799691582430693,0.0
baseline,residual,384,47,33,21.30545327635436,0.0
baseline,residual,384,47,34,24.239295475067873,0.0
baseline,residual,384,47,35,33.52068831532464,0.0
baseline,residual,384,47,36,24.90943587290393,0.0
baseline,residual,384,47,37,24.451069621484507,0.0
baseline,residual,384,47,38,33.49214242236328,0.0
baseline,residual,384,47,39,26.89220409952128,0.0
baseline,residual,384,47,40,18.854990389874796,0.0
baseline,residual,384,47,41,33.51368666215777,0.0
baseline,residual,384,48,0,31.91851371550069,0.0
baseline,residual,384,48,1,29.917197162605536,0.0
baseline,residual,384,48,2,29.35459882982883,0.0
baseline,residual,384,48,3,29.80592821830618,0.0
baseline,residual,384,48,4,34.274337677023404,0.0
baseline,residual,384,48,5,34.51109917526805,0.0
baseline,residual,384,48,6,31.72234595140608,0.0
baseline,residual,384,48,7,32.291320912328096,0.0
baseline,residual,384,48,8,29.503219176855158,0.0
baseline,residual,384,48,9,30.24452448678644,0.0
baseline,residual,384,48,10,32.84967894856698,0.0
baseline,residual,384,48,11,28.078418039122898,0.0
baseline,residual,384,48,12,28.10848742929529,0.0
baseline,residual,384,48,13,29.73041817722753,0.0
baseline,residual,384,48,14,30.13637599772813,0.0
baseline,residual,384,48,15,34.342574902159065,0.0
baseline,residual,384,48,16,29.16093568570739,0.0
baseline,residual,384,48,17,29.444962092981275,0.0
baseline,residual,384,48,18,28.201905151644155,0.0
baseline,residual,384,48,19,35.813529034163786,0.0
baseline,residual,384,48,20,29.08863811314254,0.0
baseline,residual,384,48,21,25.83350135735329,0.0
baseline,residual,384,48,22,23.83194767096146,0.0
baseline,residual,384,48,23,27.816160948967877,0.0
baseline,residual,384,48,24,25.291632649177462,0.0
baseline,residual,384,48,25,25.982692552062765,0.0
baseline,residual,384,48,26,21.16890749135097,0.0
baseline,residual,384,48,27,25.58976838363598,0.0
baseline,residual,384,48,28,25.798570295426305,0.0
baseline,residual,384,48,29,30.230273670248167,0.0
baseline,residual,384,48,30,24.124104061287465,0.0
baseline,residual,384,48,31,25.757730456339864,0.0
baseline,residual,384,48,32,26.333244231671245,0.0
baseline,residual,384,48,33,21.83928617683279,0.0
baseline,residual,384,48,34,24.77284812430842,0.0
baseline,residual,384,48,35,34.14204640205509,0.0
baseline,residual,384,48,36,25.44298852214448,0.0
baseline,residual,384,48,37,25.16284682212241,0.0
baseline,residual,384,48,38,34.11350050909373,0.0
baseline,residual,384,48,39,27.42575674876183,0.0
baseline,residual,384,48,40,19.388823290353226,0.0
baseline,residual,384,48,41,34.13504474888821,0.0
baseline,residual,384,49,0,32.408452432675325,0.0
baseline,residual,384,49,1,30.467215852737173,0.0
baseline,residual,384,49,2,29.8036917886795,0.0
baseline,residual,384,49,3,30.304712425099726,0.0
baseline,residual,384,49,4,34.787473740046686,0.0
baseline,residual,384,49,5,35.11663607793677,0.0
baseline,residual,384,49,6,32.63904376829214,0.0
baseline,residual,384,49,7,32.811467009433336,0.0
baseline,residual,384,49,8,30.01635523987844,0.0
baseline,residual,384,49,9,30.24452448678644,0.0
baseline,residual,384,49,10,33.57632323176945,0.0
baseline,residual,384,49,11,32.98244453110649,0.0
baseline,residual,384,49,12,28.10848742929529,0.0
baseline,residual,384,49,13,30.448966911388606,0.0
baseline,residual,384,49,14,30.44441588147058,0.0
baseline,residual,384,49,15,34.85571096518235,0.0
baseline,residual,384,49,16,29.53432878276818,0.0
baseline,residual,384,49,17,29.444962092981275,0.0
baseline,residual,384,49,18,29.110210505647235,0.0
baseline,residual,384,49,19,36.32666509718707,0.0
baseline,residual,384,49,20,29.08863811314254,0.0
baseline,residual,384,49,21,26.73168727505463,0.0
baseline,residual,384,49,22,23.83194767096146,0.0
baseline,residual,384,49,23,28.329297011991162,0.0
baseline,residual,384,49,24,25.758374020503457,0.0
baseline,residual,384,49,25,26.66687396942714,0.0
baseline,residual,384,49,26,21.793082807877262,0.0
baseline,residual,384,49,27,26.273949801000356,0.0
baseline,residual,384,49,28,25.798570295426305,0.0
baseline,residual,384,49,29,30.91445508761254,0.0
baseline,residual,384,49,30,24.813632591132105,0.0
baseline,residual,384,49,31,26.271130262577273,0.0
baseline,residual,384,49,32,26.846380294694523,0.0
baseline,residual,384,49,33,22.234455467812595,0.0
baseline,residual,384,49,34,25.67103404200976,0.0
baseline,residual,384,49,35,34.14204640205509,0.0
baseline,residual,384,49,36,26.351293876147565,0.0
baseline,residual,384,49,37,25.676246628359824,0.0
baseline,residual,384,49,38,34.11350050909373,0.0
baseline,residual,384,49,39,28.334062102764914,0.0
baseline,residual,384,49,40,19.773873145031285,0.0
baseline,residual,384,49,41,34.13504474888821,0.0
baseline,residual,384,50,0,32.40845303538777,0.0
baseline,residual,384,50,1,30.46721609382214,0.0
baseline,residual,384,50,2,29.803692090035728,0.0
baseline,residual,384,50,3,30.304712666184702,0.0
baseline,residual,384,50,4,34.78747434275911,0.0
baseline,residual,384,50,5,35.116636479745054,0.0
baseline,residual,384,50,6,32.63904417010042,0.0
baseline,residual,384,50,7,32.81146741124162,0.0
baseline,residual,384,50,8,30.01635523987844,0.0
baseline,residual,384,50,9,30.24452545112634,0.0
baseline,residual,384,50,10,33.57632323176945,0.0
baseline,residual,384,50,11,32.98244453110649,0.0
baseline,residual,384,50,12,28.108488032007717,0.0
baseline,residual,384,50,13,30.448966911388606,0.0
baseline,residual,384,50,14,30.44441636364052,0.0
baseline,residual,384,50,15,34.889723510502684,0.0
baseline,residual,384,50,16,29.53432926493813,0.0
baseline,residual,384,50,17,29.444962575151212,0.0
baseline,residual,384,50,18,29.110210505647235,0.0
baseline,residual,384,50,19,36.32666569989952,0.0
baseline,residual,384,50,20,29.088638715854966,0.0
baseline,residual,384,50,21,26.73168727505463,0.0
baseline,residual,384,50,22,23.83194767096146,0.0
baseline,residual,384,50,23,28.329297011991162,0.0
baseline,residual,384,50,24,25.758374020503457,0.0
baseline,residual,384,50,25,26.66687396942714,0.0
baseline,residual,384,50,26,21.793082807877262,0.0
baseline,residual,384,50,27,26.273949801000356,0.0
baseline,residual,384,50,28,25.798570295426305,0.0
baseline,residual,384,50,29,30.91445508761254,0.0
baseline,residual,384,50,30,24.813632591132105,0.0
baseline,residual,384,50,31,26.271130262577273,0.0
baseline,residual,384,50,32,26.846380294694523,0.0
baseline,residual,384,50,33,22.234456070525052,0.0
baseline,residual,384,50,34,25.67103404200976,0.0
baseline,residual,384,50,35,34.14204700476751,0.0
baseline,residual,384,50,36,26.351293876147565,0.0
baseline,residual,384,50,37,25.676247431976428,0.0
baseline,residual,384,50,38,34.11350111180616,0.0
baseline,residual,384,50,39,28.334062102764914,0.0
baseline,residual,384,50,40,19.77387374774374,0.0
baseline,residual,384,50,41,34.13504535160064,0.0
baseline,residual,384,51,0,32.787935021250895,0.0
baseline,residual,384,51,1,30.784397058316035,0.0
baseline,residual,384,51,2,30.0571468323499,0.0
baseline,residual,384,51,3,30.52232107174178,0.0
baseline,residual,384,51,4,35.54643831448536,0.0
baseline,residual,384,51,5,38.91827416685388,0.0
baseline,residual,384,51,6,33.16767911092358,0.0
baseline,residual,384,51,7,33.34218441190201,0.0
baseline,residual,384,51,8,30.523264724506785,0.0
baseline,residual,384,51,9,30.650182070558344,0.0
baseline,residual,384,51,10,34.15295805356694,0.0
baseline,residual,384,51,11,33.3550663231503,0.0
baseline,residual,384,51,12,28.615558806297713,0.0
baseline,residual,384,51,13,30.85449449909128,0.0
baseline,residual,384,51,14,30.85007298307252,0.0
baseline,residual,384,51,15,35.39367119503684,0.0
baseline,residual,384,51,16,29.939985884370124,0.0
baseline,residual,384,51,17,29.91071574184887,0.0
baseline,residual,384,51,18,29.575987745702005,0.0
baseline,residual,384,51,19,36.83357518452787,0.0
baseline,residual,384,51,20,29.59570949014497,0.0
baseline,residual,384,51,21,26.983580472490875,0.0
baseline,residual,384,51,22,24.171969387217583,0.0
baseline,residual,384,51,23,28.65631089350947,0.0
baseline,residual,384,51,24,26.013390307695555,0.0
baseline,residual,384,51,25,27.10289247811822,0.0
baseline,residual,384,51,26,21.964190041972078,0.0
baseline,residual,384,51,27,26.609807397582014,0.0
baseline,residual,384,51,28,26.128707266700463,0.0
baseline,residual,384,51,29,31.250312684194203,0.0
baseline,residual,384,51,30,25.044836372492572,0.0
baseline,residual,384,51,31,26.611151978833405,0.0
baseline,residual,384,51,32,27.173394176212827,0.0
baseline,residual,384,51,33,22.448340113143573,0.0
baseline,residual,384,51,34,25.922927239446,0.0
baseline,residual,384,51,35,34.72423846313958,0.0
baseline,residual,384,51,36,26.817071116202328,0.0
baseline,residual,384,51,37,25.676247431976428,0.0
baseline,residual,384,51,38,34.69569257017822,0.0
baseline,residual,384,51,39,28.79983934281968,0.0
baseline,residual,384,51,40,19.77387374774374,0.0
baseline,residual,384,51,41,34.717236809972704,0.0
baseline,residual,384,52,0,32.787935021250945,0.0
baseline,residual,384,52,1,30.784397058316124,0.0
baseline,residual,384,52,2,30.057146832349954,0.0
baseline,residual,384,52,3,30.522321071741825,0.0
baseline,residual,384,52,4,35.546438314485464,0.0
baseline,residual,384,52,5,38.91827416685401,0.0
baseline,residual,384,52,6,33.16767911092372,0.0
baseline,residual,384,52,7,33.34218441190208,0.0
baseline,residual,384,52,8,30.523264724506888,0.0
baseline,residual,384,52,9,30.650182070558344,0.0
baseline,residual,384,52,10,34.152958053567104,0.0
baseline,residual,384,52,11,33.355066323150474,0.0
baseline,residual,384,52,12,28.615558806297713,0.0
baseline,residual,384,52,13,30.854494499091363,0.0
baseline,residual,384,52,14,30.85007298307252,0.0
baseline,residual,384,52,15,35.39367119503694,0.0
baseline,residual,384,52,16,29.939985884370124,0.0
baseline,residual,384,52,17,29.91071574184887,0.0
baseline,residual,384,52,18,29.575987745702218,0.0
baseline,residual,384,52,19,36.833575184527966,0.0
baseline,residual,384,52,20,29.59570949014497,0.0
baseline,residual,384,52,21,26.98358047249098,0.0
baseline,residual,384,52,22,24.171969387217583,0.0
baseline,residual,384,52,23,28.656310893509573,0.0
baseline,residual,384,52,24,26.013390307695555,0.0
baseline,residual,384,52,25,27.10289247811836,0.0
baseline,residual,384,52,26,21.964190041972163,0.0
baseline,residual,384,52,27,26.609807397582156,0.0
baseline,residual,384,52,28,26.128707266700463,0.0
baseline,residual,384,52,29,31.25031268419434,0.0
baseline,residual,384,52,30,25.04483637249266,0.0
baseline,residual,384,52,31,26.611151978833405,0.0
baseline,residual,384,52,32,27.173394176212938,0.0
baseline,residual,384,52,33,22.448340113143676,0.0
baseline,residual,384,52,34,25.92292723944611,0.0
baseline,residual,384,52,35,34.72423846313958,0.0
baseline,residual,384,52,36,30.669318430295487,0.0
baseline,residual,384,52,37,25.676247431976428,0.0
baseline,residual,384,52,38,34.69569257017822,0.0
baseline,residual,384,52,39,28.799839342819894,0.0
baseline,residual,384,52,40,19.77387374774374,0.0
baseline,residual,384,52,41,34.717236809972704,0.0
baseline,residual,384,53,0,32.79121361456287,0.0
baseline,residual,384,53,1,30.785008743547237,0.0
baseline,residual,384,53,2,30.06042542566188,0.0
baseline,residual,384,53,3,30.52433226116025,0.0
baseline,residual,384,53,4,35.551245500629925,0.0
baseline,residual,384,53,5,38.92147895761698,0.0
baseline,residual,384,53,6,33.16869858630891,0.0
baseline,residual,384,53,7,33.344369727279854,0.0
baseline,residual,384,53,8,30.528071910651345,0.0
baseline,residual,384,53,9,30.654204449395195,0.0
baseline,residual,384,53,10,34.15680380248266,0.0
baseline,residual,384,53,11,33.3562896936127,0.0
baseline,residual,384,53,12,28.618836779364386,0.0
baseline,residual,384,53,13,30.858340248006925,0.0
baseline,residual,384,53,14,30.852695361525853,0.0
baseline,residual,384,53,15,35.39695040859413,0.0
baseline,residual,384,53,16,29.942608262823455,0.0
baseline,residual,384,53,17,29.913338120302196,0.0
baseline,residual,384,53,18,29.577516958780006,0.0
baseline,residual,384,53,19,37.420638612191055,0.0
baseline,residual,384,53,20,29.59898746321164,0.0
baseline,residual,384,53,21,26.98510968556877,0.0
baseline,residual,384,53,22,24.17634001797314,0.0
baseline,residual,384,53,23,28.65784010658736,0.0
baseline,residual,384,53,24,26.01666828076222,0.0
baseline,residual,384,53,25,27.104931428888744,0.0
baseline,residual,384,53,26,21.964190041972163,0.0
baseline,residual,384,53,27,26.61184634835254,0.0
baseline,residual,384,53,28,26.131985239767133,0.0
baseline,residual,384,53,29,31.252351634964725,0.0
baseline,residual,384,53,30,25.04483637249266,0.0
baseline,residual,384,53,31,26.615522609588954,0.0
baseline,residual,384,53,32,27.174923389290726,0.0
baseline,residual,384,53,33,22.450090113623077,0.0
baseline,residual,384,53,34,25.9244564525239,0.0
baseline,residual,384,53,35,34.727516436206244,0.0
baseline,residual,384,53,36,30.670847643373275,0.0
baseline,residual,384,53,37,25.67858076594897,0.0
baseline,residual,384,53,38,34.69897054324489,0.0
baseline,residual,384,53,39,28.80136855589768,0.0
baseline,residual,384,53,40,19.77562374822314,0.0
baseline,residual,384,53,41,34.72051478303937,0.0
baseline,residual,384,54,0,32.79121361456293,0.0
baseline,residual,384,54,1,30.78500874354728,0.0
baseline,residual,384,54,2,30.060425425661936,0.0
baseline,residual,384,54,3,30.52433226116034,0.0
baseline,residual,384,54,4,35.551245500629925,0.0
baseline,residual,384,54,5,38.921478957617055,0.0
baseline,residual,384,54,6,33.168698586308984,0.0
baseline,residual,384,54,7,33.34436972727993,0.0
baseline,residual,384,54,8,30.528071910651345,0.0
baseline,residual,384,54,9,30.654204449395284,0.0
baseline,residual,384,54,10,34.156803802482756,0.0
baseline,residual,384,54,11,33.356289693612794,0.0
baseline,residual,384,54,12,28.618836779364386,0.0
baseline,residual,384,54,13,30.858340248006925,0.0
baseline,residual,384,54,14,30.852695361525853,0.0
baseline,residual,384,54,15,35.396950408594236,0.0
baseline,residual,384,54,16,29.942608262823455,0.0
baseline,residual,384,54,17,29.913338120302196,0.0
baseline,residual,384,54,18,29.57751695878012,0.0
baseline,residual,384,54,19,37.42063861219116,0.0
baseline,residual,384,54,20,29.59898746321164,0.0
baseline,residual,384,54,21,26.98510968556877,0.0
baseline,residual,384,54,22,24.17634001797315,0.0
baseline,residual,384,54,23,28.65784010658736,0.0
baseline,residual,384,54,24,26.016668280762232,0.0
baseline,residual,384,54,25,27.104931428888744,0.0
baseline,residual,384,54,26,21.96419004197226,0.0
baseline,residual,384,54,27,26.61184634835254,0.0
baseline,residual,384,54,28,26.131985239767143,0.0
baseline,residual,384,54,29,31.252351634964725,0.0
baseline,residual,384,54,30,25.044836372492757,0.0
baseline,residual,384,54,31,26.615522609588954,0.0
baseline,residual,384,54,32,27.174923389290726,0.0
baseline,residual,384,54,33,26.166255642050448,0.0
baseline,residual,384,54,34,25.9244564525239,0.0
baseline,residual,384,54,35,34.727516436206244,0.0
baseline,residual,384,54,36,30.670847643373396,0.0
baseline,residual,384,54,37,25.678580765949107,0.0
baseline,residual,384,54,38,34.69897054324489,0.0
baseline,residual,384,54,39,28.801368555897795,0.0
baseline,residual,384,54,40,19.775623748223257,0.0
baseline,residual,384,54,41,34.72051478303937,0.0
baseline,residual,384,55,0,32.791213614562984,0.0
baseline,residual,384,55,1,30.78500874354728,0.0
baseline,residual,384,55,2,30.060425425661993,0.0
baseline,residual,384,55,3,30.52433226116039,0.0
baseline,residual,384,55,4,35.55124550063004,0.0
baseline,residual,384,55,5,38.92147895761713,0.0
baseline,residual,384,55,6,33.168698586308984,0.0
baseline,residual,384,55,7,33.34436972728001,0.0
baseline,residual,384,55,8,30.52807191065146,0.0
baseline,residual,384,55,9,30.65420444939538,0.0
baseline,residual,384,55,10,34.156803802482855,0.0
baseline,residual,384,55,11,33.356289693612794,0.0
baseline,residual,384,55,12,28.6188367793645,0.0
baseline,residual,384,55,13,30.85834024800702,0.0
baseline,residual,384,55,14,30.85269536152595,0.0
baseline,residual,384,55,15,35.396950408594236,0.0
baseline,residual,384,55,16,29.942608262823555,0.0
baseline,residual,384,55,17,29.91333812030229,0.0
baseline,residual,384,55,18,29.57751695878012,0.0
baseline,residual,384,55,19,37.420638612191276,0.0
baseline,residual,384,55,20,29.598987463211753,0.0
baseline,residual,384,55,21,26.985109685568773,0.0
baseline,residual,384,55,22,24.176340017973303,0.0
baseline,residual,384,55,23,28.65784010658736,0.0
baseline,residual,384,55,24,26.016668280762346,0.0
baseline,residual,384,55,25,27.104931428888744,0.0
baseline,residual,384,55,26,21.964190041972262,0.0
baseline,residual,384,55,27,26.61184634835254,0.0
baseline,residual,384,55,28,26.131985239767257,0.0
baseline,residual,384,55,29,31.252351634964725,0.0
baseline,residual,384,55,30,25.044836372492757,0.0
baseline,residual,384,55,31,34.268856870311595,0.0
baseline,residual,384,55,32,27.174923389290726,0.0
baseline,residual,384,55,33,26.166255642050448,0.0
baseline,residual,384,55,34,25.924456452523902,0.0
baseline,residual,384,55,35,34.72751643620636,0.0
baseline,residual,384,55,36,30.670847643373396,0.0
baseline,residual,384,55,37,25.678580765949114,0.0
baseline,residual,384,55,38,34.698970543245004,0.0
baseline,residual,384,55,39,28.801368555897795,0.0
baseline,residual,384,55,40,19.775623748223264,0.0
baseline,residual,384,55,41,34.720514783039484,0.0
baseline,residual,384,56,0,32.791213614563,0.0
baseline,residual,384,56,1,30.785008743547294,0.0
baseline,residual,384,56,2,30.060425425662018,0.0
baseline,residual,384,56,3,30.5243322611604,0.0
baseline,residual,384,56,4,35.55124550063005,0.0
baseline,residual,384,56,5,38.921478957617154,0.0
baseline,residual,384,56,6,33.168698586309006,0.0
baseline,residual,384,56,7,33.344369727280025,0.0
baseline,residual,384,56,8,30.52807191065148,0.0
baseline,residual,384,56,9,30.65420444939538,0.0
baseline,residual,384,56,10,34.15680380248288,0.0
baseline,residual,384,56,11,33.35628969361283,0.0
baseline,residual,384,56,12,28.6188367793645,0.0
baseline,residual,384,56,13,30.858340248007057,0.0
baseline,residual,384,56,14,30.852695361525964,0.0
baseline,residual,384,56,15,35.39695040859426,0.0
baseline,residual,384,56,16,29.942608262823555,0.0
baseline,residual,384,56,17,29.91333812030229,0.0
baseline,residual,384,56,18,29.57751695878014,0.0
baseline,residual,384,56,19,37.420638612191304,0.0
baseline,residual,384,56,20,29.598987463211753,0.0
baseline,residual,384,56,21,30.580895428990043,0.0
baseline,residual,384,56,22,24.176340017973303,0.0
baseline,residual,384,56,23,28.657840106587386,0.0
baseline,residual,384,56,24,26.016668280762346,0.0
baseline,residual,384,56,25,27.104931428888776,0.0
baseline,residual,384,56,26,21.96419004197228,0.0
baseline,residual,384,56,27,26.611846348352568,0.0
baseline,residual,384,56,28,26.131985239767257,0.0
baseline,residual,384,56,29,31.25235163496475,0.0
baseline,residual,384,56,30,25.044836372492757,0.0
baseline,residual,384,56,31,34.26885687031162,0.0
baseline,residual,384,56,32,27.17492338929075,0.0
baseline,residual,384,56,33,26.166255642050448,0.0
baseline,residual,384,56,34,25.924456452523945,0.0
baseline,residual,384,56,35,34.72751643620636,0.0
baseline,residual,384,56,36,30.67084764337342,0.0
baseline,residual,384,56,37,25.678580765949143,0.0
baseline,residual,384,56,38,34.698970543245004,0.0
baseline,residual,384,56,39,28.80136855589782,0.0
baseline,residual,384,56,40,19.775623748223282,0.0
baseline,residual,384,56,41,34.720514783039484,0.0
baseline,residual,384,57,0,32.791213614563056,0.0
baseline,residual,384,57,1,30.785008743547337,0.0
baseline,residual,384,57,2,30.06042542566207,0.0
baseline,residual,384,57,3,30.524332261160485,0.0
baseline,residual,384,57,4,35.55124550063016,0.0
baseline,residual,384,57,5,38.92147895761729,0.0
baseline,residual,384,57,6,33.16869858630907,0.0
baseline,residual,384,57,7,33.34436972728017,0.0
baseline,residual,384,57,8,30.528071910651587,0.0
baseline,residual,384,57,9,30.65420444939547,0.0
baseline,residual,384,57,10,34.15680380248296,0.0
baseline,residual,384,57,11,33.35628969361283,0.0
baseline,residual,384,57,12,28.618836779364603,0.0
baseline,residual,384,57,13,30.85834024800715,0.0
baseline,residual,384,57,14,30.852695361526052,0.0
baseline,residual,384,57,15,35.39695040859426,0.0
baseline,residual,384,57,16,29.942608262823637,0.0
baseline,residual,384,57,17,29.913338120302463,0.0
baseline,residual,384,57,18,29.57751695878014,0.0
baseline,residual,384,57,19,37.420638612191404,0.0
baseline,residual,384,57,20,29.598987463211856,0.0
baseline,residual,384,57,21,30.580895428990043,0.0
baseline,residual,384,57,22,24.176340017973455,0.0
baseline,residual,384,57,23,28.657840106587496,0.0
baseline,residual,384,57,24,26.016668280762456,0.0
baseline,residual,384,57,25,27.104931428888918,0.0
baseline,residual,384,57,26,21.964190041972284,0.0
baseline,residual,384,57,27,26.611846348352568,0.0
baseline,residual,384,57,28,29.902867630891404,0.0
baseline,residual,384,57,29,31.25235163496475,0.0
baseline,residual,384,57,30,25.044836372492842,0.0
baseline,residual,384,57,31,34.268856870311765,0.0
baseline,residual,384,57,32,27.174923389290853,0.0
baseline,residual,384,57,33,26.166255642050448,0.0
baseline,residual,384,57,34,25.924456452523945,0.0
baseline,residual,384,57,35,34.72751643620657,0.0
baseline,residual,384,57,36,30.67084764337342,0.0
baseline,residual,384,57,37,25.678580765949143,0.0
baseline,residual,384,57,38,34.69897054324522,0.0
baseline,residual,384,57,39,28.80136855589782,0.0
baseline,residual,384,57,40,19.775623748223282,0.0
baseline,residual,384,57,41,34.7205147830397,0.0
baseline,residual,384,58,0,33.41415648100392,0.0
baseline,residual,384,58,1,31.51619139268989,0.0
baseline,residual,384,58,2,30.3957660461909,0.0
baseline,residual,384,58,3,30.98724241387998,0.0
baseline,residual,384,58,4,36.22192674168782,0.0
baseline,residual,384,58,5,39.756647044972155,0.0
baseline,residual,384,58,6,34.00386667366393,0.0
baseline,residual,384,58,7,33.732416987263264,0.0
baseline,residual,384,58,8,31.19875315170924,0.0
baseline,residual,384,58,9,30.65420444939547,0.0
baseline,residual,384,58,10,35.61916910076807,0.0
baseline,residual,384,58,11,34.35849139843866,0.0
baseline,residual,384,58,12,28.618836779364603,0.0
baseline,residual,384,58,13,31.39488524085327,0.0
baseline,residual,384,58,14,31.31285895498532,0.0
baseline,residual,384,58,15,36.06763164965191,0.0
baseline,residual,384,58,16,29.942608262823637,0.0
baseline,residual,384,58,17,29.913338120302463,0.0
baseline,residual,384,58,18,37.30022503144938,0.0
baseline,residual,384,58,19,38.091319853249054,0.0
baseline,residual,384,58,20,29.598987463211856,0.0
baseline,residual,384,58,21,31.251576670047694,0.0
baseline,residual,384,58,22,24.176340017973455,0.0
baseline,residual,384,58,23,29.328521347645147,0.0
baseline,residual,384,58,24,26.016668280762456,0.0
baseline,residual,384,58,25,27.999173083632456,0.0
baseline,residual,384,58,26,22.429846753951992,0.0
baseline,residual,384,58,27,28.273027325528233,0.0
baseline,residual,384,58,28,29.902867630891404,0.0
baseline,residual,384,58,29,32.1465932897083,0.0
baseline,residual,384,58,30,25.510493084472554,0.0
baseline,residual,384,58,31,34.268856870311765,0.0
baseline,residual,384,58,32,27.845604630348507,0.0
baseline,residual,384,58,33,26.74832653202508,0.0
baseline,residual,384,58,34,26.595137693581602,0.0
baseline,residual,384,58,35,34.72751643620657,0.0
baseline,residual,384,58,36,31.923599774405712,0.0
baseline,residual,384,58,37,25.678580765949143,0.0
baseline,residual,384,58,38,34.69897054324522,0.0
baseline,residual,384,58,39,30.054120686930105,0.0
baseline,residual,384,58,40,19.775623748223282,0.0
baseline,residual,384,58,41,34.7205147830397,0.0
baseline,residual,384,59,0,33.41415648100393,0.0
baseline,residual,384,59,1,31.51619139268989,0.0
baseline,residual,384,59,2,30.3957660461909,0.0
baseline,residual,384,59,3,30.98724241387998,0.0
baseline,residual,384,59,4,36.221926741687824,0.0
baseline,residual,384,59,5,39.756647044972155,0.0
baseline,residual,384,59,6,34.003866673663936,0.0
baseline,residual,384,59,7,33.732416987263264,0.0
baseline,residual,384,59,8,31.198753151709244,0.0
baseline,residual,384,59,9,30.654204449395472,0.0
baseline,residual,384,59,10,35.61916910076807,0.0
baseline,residual,384,59,11,34.35849139843866,0.0
baseline,residual,384,59,12,28.61883677936461,0.0
baseline,residual,384,59,13,31.39488524085327,0.0
baseline,residual,384,59,14,31.312858954985327,0.0
baseline,residual,384,59,15,36.067631649651915,0.0
baseline,residual,384,59,16,29.942608262823637,0.0
baseline,residual,384,59,17,29.913338120302463,0.0
baseline,residual,384,59,18,37.30022503144938,0.0
baseline,residual,384,59,19,38.09131985324907,0.0
baseline,residual,384,59,20,29.59898746321186,0.0
baseline,residual,384,59,21,31.251576670047694,0.0
baseline,residual,384,59,22,24.176340017973455,0.0
baseline,residual,384,59,23,29.328521347645147,0.0
baseline,residual,384,59,24,26.016668280762456,0.0
baseline,residual,384,59,25,27.999173083632456,0.0
baseline,residual,384,59,26,22.429846753951992,0.0
baseline,residual,384,59,27,28.273027325528233,0.0
baseline,residual,384,59,28,29.902867630891404,0.0
baseline,residual,384,59,29,32.1465932897083,0.0
baseline,residual,384,59,30,25.510493084472554,0.0
baseline,residual,384,59,31,34.26885687031177,0.0
baseline,residual,384,59,32,27.845604630348507,0.0
baseline,residual,384,59,33,26.74832653202508,0.0
baseline,residual,384,59,34,26.595137693581602,0.0
baseline,residual,384,59,35,34.72751643620658,0.0
baseline,residual,384,59,36,31.923599774405712,0.0
baseline,residual,384,59,37,25.678580765949143,0.0
baseline,residual,384,59,38,37.70651937378138,0.0
baseline,residual,384,59,39,30.054120686930105,0.0
baseline,residual,384,59,40,19.775623748223282,0.0
baseline,residual,384,59,41,34.720514783039704,0.0
baseline,residual,384,60,0,33.94607832034125,0.0
baseline,residual,384,60,1,31.814976066947292,0.0
baseline,residual,384,60,2,30.743052038245878,0.0
baseline,residual,384,60,3,31.113995211092426,0.0
baseline,residual,384,60,4,44.51847390246109,0.0
baseline,residual,384,60,5,40.465876164088584,0.0
baseline,residual,384,60,6,34.50184113075961,0.0
baseline,residual,384,60,7,34.189852778993796,0.0
baseline,residual,384,60,8,31.893325135819197,0.0
baseline,residual,384,60,9,31.203127399472116,0.0
baseline,residual,384,60,10,36.17482668805602,0.0
baseline,residual,384,60,11,34.660643391301726,0.0
baseline,residual,384,60,12,29.30499046696042,0.0
baseline,residual,384,60,13,31.950542828141234,0.0
baseline,residual,384,60,14,31.86178190506197,0.0
baseline,residual,384,60,15,36.81459333529542,0.0
baseline,residual,384,60,16,30.49153121290028,0.0
baseline,residual,384,60,17,30.462261070379107,0.0
baseline,residual,384,60,18,37.67791502252821,0.0
baseline,residual,384,60,19,38.78589183735901,0.0
baseline,residual,384,60,20,30.285141150807664,0.0
baseline,residual,384,60,21,31.62926666112652,0.0
baseline,residual,384,60,22,24.598849342014958,0.0
baseline,residual,384,60,23,29.70621133872397,0.0
baseline,residual,384,60,24,26.33355027379358,0.0
baseline,residual,384,60,25,28.50275973840423,0.0
baseline,residual,384,60,26,22.429846753951992,0.0
baseline,residual,384,60,27,28.7766139803,0.0
baseline,residual,384,60,28,30.219749623922525,0.0
baseline,residual,384,60,29,32.650179944480065,0.0
baseline,residual,384,60,30,25.510493084472554,0.0
baseline,residual,384,60,31,34.69136619435327,0.0
baseline,residual,384,60,32,28.22329462142734,0.0
baseline,residual,384,60,33,26.74832653202508,0.0
baseline,residual,384,60,34,26.972827684660427,0.0
baseline,residual,384,60,35,35.41367012380238,0.0
baseline,residual,384,60,36,32.30128976548453,0.0
baseline,residual,384,60,37,25.678580765949143,0.0
baseline,residual,384,60,38,38.39267306137719,0.0
baseline,residual,384,60,39,30.431810678008933,0.0
baseline,residual,384,60,40,19.775623748223282,0.0
baseline,residual,384,60,41,35.40666847063551,0.0
baseline,residual,384,61,0,34.04633804402974,0.0
baseline,residual,384,61,1,31.924029578885335,0.0
baseline,residual,384,61,2,30.80971443704186,0.0
baseline,residual,384,61,3,31.236255025547955,0.0
baseline,residual,384,61,4,44.71899334983808,0.0
baseline,residual,384,61,5,40.71443895470448,0.0
baseline,residual,384,61,6,34.68359698398968,0.0
baseline,residual,384,61,7,36.438820742712856,0.0
baseline,residual,384,61,8,31.99353554189793,0.0
baseline,residual,384,61,9,31.363542957373706,0.0
baseline,residual,384,61,10,36.332261497098564,0.0
baseline,residual,384,61,11,34.76440138869186,0.0
baseline,residual,384,61,12,29.5055099143374,0.0
baseline,residual,384,61,13,32.057202666214806,0.0
baseline,residual,384,61,14,32.04868897617414,0.0
baseline,residual,384,61,15,36.91490237659367,0.0
baseline,residual,384,61,16,30.651946770801874,0.0
baseline,residual,384,61,17,30.68326993493864,0.0
baseline,residual,384,61,18,37.77449812775265,0.0
baseline,residual,384,61,19,38.886102243437755,0.0
baseline,residual,384,61,20,30.485660598184655,0.0
baseline,residual,384,61,21,31.662381052639745,0.0
baseline,residual,384,61,22,24.732463216786602,0.0
baseline,residual,384,61,23,29.781952972046394,0.0
baseline,residual,384,61,24,26.433760679872318,0.0
baseline,residual,384,61,25,28.60374858283412,0.0
baseline,residual,384,61,26,22.53360475134212,0.0
baseline,residual,384,61,27,28.7766139803,0.0
baseline,residual,384,61,28,30.395701663323678,0.0
baseline,residual,384,61,29,32.650179944480065,0.0
baseline,residual,384,61,30,25.648352875310035,0.0
baseline,residual,384,61,31,34.86913259114255,0.0
baseline,residual,384,61,32,28.29903625474975,0.0
baseline,residual,384,61,33,26.844909637249526,0.0
baseline,residual,384,61,34,27.005942076173653,0.0
baseline,residual,384,61,35,35.68993120450179,0.0
baseline,residual,384,61,36,32.39787287070897,0.0
baseline,residual,384,61,37,25.72273328796678,0.0
baseline,residual,384,61,38,38.66893414207659,0.0
baseline,residual,384,61,39,30.528393783233373,0.0
baseline,residual,384,61,40,19.80873813973651,0.0
baseline,residual,384,61,41,35.682929551334915,0.0
baseline,residual,384,62,0,34.046338044029746,0.0
baseline,residual,384,62,1,31.924029578885342,0.0
baseline,residual,384,62,2,30.809714437041862,0.0
baseline,residual,384,62,3,31.23625502554796,0.0
baseline,residual,384,62,4,44.71899334983809,0.0
baseline,residual,384,62,5,40.714438954704484,0.0
baseline,residual,384,62,6,34.683596983989695,0.0
baseline,residual,384,62,7,36.438820742712856,0.0
baseline,residual,384,62,8,31.993535541897945,0.0
baseline,residual,384,62,9,31.363542957373706,0.0
baseline,residual,384,62,10,36.33226149709857,0.0
baseline,residual,384,62,11,34.764401388691866,0.0
baseline,residual,384,62,12,29.5055099143374,0.0
baseline,residual,384,62,13,32.05720266621481,0.0
baseline,residual,384,62,14,32.04868897617414,0.0
baseline,residual,384,62,15,36.91490237659369,0.0
baseline,residual,384,62,16,30.651946770801878,0.0
baseline,residual,384,62,17,30.683269934938643,0.0
baseline,residual,384,62,18,37.77449812775266,0.0
baseline,residual,384,62,19,38.88610224343776,0.0
baseline,residual,384,62,20,30.485660598184655,0.0
baseline,residual,384,62,21,31.66238105263976,0.0
baseline,residual,384,62,22,24.732463216786602,0.0
baseline,residual,384,62,23,29.781952972046412,0.0
baseline,residual,384,62,24,26.433760679872318,0.0
baseline,residual,384,62,25,28.603748582834143,0.0
baseline,residual,384,62,26,22.533604751342125,0.0
baseline,residual,384,62,27,28.776613980300013,0.0
baseline,residual,384,62,28,30.39570166332369,0.0
baseline,residual,384,62,29,32.65017994448007,0.0
baseline,residual,384,62,30,25.648352875310042,0.0
baseline,residual,384,62,31,34.86913259114255,0.0
baseline,residual,384,62,32,30.705288688769276,0.0
baseline,residual,384,62,33,26.844909637249526,0.0
baseline,residual,384,62,34,27.005942076173667,0.0
baseline,residual,384,62,35,35.6899312045018,0.0
baseline,residual,384,62,36,32.39787287070899,0.0
baseline,residual,384,62,37,25.72273328796678,0.0
baseline,residual,384,62,38,38.6689341420766,0.0
baseline,residual,384,62,39,30.528393783233383,0.0
baseline,residual,384,62,40,19.80873813973651,0.0
baseline,residual,384,62,41,35.68292955133492,0.0
baseline,residual,384,63,0,34.046338044029746,0.0
baseline,residual,384,63,1,31.924029578885435,0.0
baseline,residual,384,63,2,30.809714437041976,0.0
baseline,residual,384,63,3,31.236255025548054,0.0
baseline,residual,384,63,4,44.71899334983809,0.0
baseline,residual,384,63,5,40.714438954704555,0.0
baseline,residual,384,63,6,34.683596983989766,0.0
baseline,residual,384,63,7,36.438820742713006,0.0
baseline,residual,384,63,8,31.993535541898055,0.0
baseline,residual,384,63,9,31.363542957373706,0.0
baseline,residual,384,63,10,36.33226149709867,0.0
baseline,residual,384,63,11,34.76440138869205,0.0
baseline,residual,384,63,12,29.5055099143374,0.0
baseline,residual,384,63,13,32.0572026662149,0.0
baseline,residual,384,63,14,32.04868897617423,0.0
baseline,residual,384,63,15,36.91490237659369,0.0
baseline,residual,384,63,16,30.651946770801963,0.0
baseline,residual,384,63,17,30.68326993493873,0.0
baseline,residual,384,63,18,37.774498127752786,0.0
baseline,residual,384,63,19,38.88610224343776,0.0
baseline,residual,384,63,20,30.485660598184655,0.0
baseline,residual,384,63,21,31.66238105263987,0.0
baseline,residual,384,63,22,24.732463216786623,0.0
baseline,residual,384,63,23,29.781952972046412,0.0
baseline,residual,384,63,24,26.433760679872332,0.0
baseline,residual,384,63,25,28.603748582834143,0.0
baseline,residual,384,63,26,25.061370049253597,0.0
baseline,residual,384,63,27,28.776613980300013,0.0
baseline,residual,384,63,28,30.395701663323706,0.0
baseline,residual,384,63,29,32.65017994448007,0.0
baseline,residual,384,63,30,25.648352875310145,0.0
baseline,residual,384,63,31,34.8691325911427,0.0
baseline,residual,384,63,32,30.705288688769386,0.0
baseline,residual,384,63,33,26.844909637249653,0.0
baseline,residual,384,63,34,27.00594207617389,0.0
baseline,residual,384,63,35,35.6899312045018,0.0
baseline,residual,384,63,36,32.397872870709115,0.0
baseline,residual,384,63,37,25.72273328796693,0.0
baseline,residual,384,63,38,38.6689341420766,0.0
baseline,residual,384,63,39,30.528393783233614,0.0
baseline,residual,384,63,40,19.808738139736633,0.0
baseline,residual,384,63,41,35.68292955133492,0.0
baseline,residual,384,64,0,34.35334898155786,0.0
baseline,residual,384,64,1,32.13278113615783,0.0
baseline,residual,384,64,2,31.042312894887743,0.0
baseline,residual,384,64,3,31.448988525283415,0.0
baseline,residual,384,64,4,45.18419026552963,0.0
baseline,residual,384,64,5,41.12152550119842,0.0
baseline,residual,384,64,6,34.932299606533974,0.0
baseline,residual,384,64,7,36.694159936028825,0.0
baseline,residual,384,64,8,32.4587324575896,0.0
baseline,residual,384,64,9,31.55360366611329,0.0
baseline,residual,384,64,10,40.92644496418232,0.0
baseline,residual,384,64,11,35.06284453574509,0.0
baseline,residual,384,64,12,29.74308580026188,0.0
baseline,residual,384,64,13,32.42936019876814,0.0
baseline,residual,384,64,14,32.35780965240555,0.0
baseline,residual,384,64,15,37.14252340636075,0.0
baseline,residual,384,64,16,30.842007479541547,0.0
baseline,residual,384,64,17,30.87333064367831,0.0
baseline,residual,384,64,18,38.29637702093376,0.0
baseline,residual,384,64,19,39.351299159129304,0.0
baseline,residual,384,64,20,30.723236484109133,0.0
baseline,residual,384,64,21,31.890002082406937,0.0
baseline,residual,384,64,22,25.049231064685927,0.0
baseline,residual,384,64,23,30.00957400181348,0.0
baseline,residual,384,64,24,26.671336565796807,0.0
baseline,residual,384,64,25,28.90724328919023,0.0
baseline,residual,384,64,26,25.17771637249299,0.0
baseline,residual,384,64,27,29.278541965808998,0.0
baseline,residual,384,64,28,30.63327754924818,0.0
baseline,residual,384,64,29,32.95367465083617,0.0
baseline,residual,384,64,30,25.764699198549547,0.0
baseline,residual,384,64,31,35.18590043904201,0.0
baseline,residual,384,64,32,30.93290971853645,0.0
baseline,residual,384,64,33,26.9903425412989,0.0
baseline,residual,384,64,34,27.23356310594096,0.0
baseline,residual,384,64,35,35.927507090426275,0.0
baseline,residual,384,64,36,32.77092680452543,0.0
baseline,residual,384,64,37,25.72273328796693,0.0
baseline,residual,384,64,38,38.90651002800107,0.0
baseline,residual,384,64,39,30.90144771704993,0.0
baseline,residual,384,64,40,19.808738139736633,0.0
baseline,residual,384,64,41,35.9205054372594,0.0
baseline,residual,384,65,0,34.35334898155785,0.0
baseline,residual,384,65,1,32.13278113615782,0.0
baseline,residual,384,65,2,31.04231289488772,0.0
baseline,residual,384,65,3,31.448988525283404,0.0
baseline,residual,384,65,4,45.184190265529615,0.0
baseline,residual,384,65,5,41.12152550119841,0.0
baseline,residual,384,65,6,34.93229960653397,0.0
baseline,residual,384,65,7,36.69415993602881,0.0
baseline,residual,384,65,8,32.45873245758958,0.0
baseline,residual,384,65,9,31.553603666113272,0.0
baseline,residual,384,65,10,40.92644496418231,0.0
baseline,residual,384,65,11,35.062844535745064,0.0
baseline,residual,384,65,12,29.74308580026188,0.0
baseline,residual,384,65,13,32.429360198768094,0.0
baseline,residual,384,65,14,32.357809652405535,0.0
baseline,residual,384,65,15,37.14252340636073,0.0
baseline,residual,384,65,16,30.842007479541547,0.0
baseline,residual,384,65,17,30.87333064367831,0.0
baseline,residual,384,65,18,38.29637702093374,0.0
baseline,residual,384,65,19,39.35129915912929,0.0
baseline,residual,384,65,20,30.723236484109133,0.0
baseline,residual,384,65,21,31.92010968414107,0.0
baseline,residual,384,65,22,25.049231064685927,0.0
baseline,residual,384,65,23,30.009574001813462,0.0
baseline,residual,384,65,24,26.671336565796807,0.0
baseline,residual,384,65,25,28.907243289190212,0.0
baseline,residual,384,65,26,25.177716372492977,0.0
baseline,residual,384,65,27,29.278541965808976,0.0
baseline,residual,384,65,28,30.63327754924818,0.0
baseline,residual,384,65,29,32.95367465083614,0.0
baseline,residual,384,65,30,25.764699198549547,0.0
baseline,residual,384,65,31,35.18590043904199,0.0
baseline,residual,384,65,32,30.932909718536433,0.0
baseline,residual,384,65,33,26.9903425412989,0.0
baseline,residual,384,65,34,27.23356310594092,0.0
baseline,residual,384,65,35,35.927507090426275,0.0
baseline,residual,384,65,36,32.77092680452541,0.0
baseline,residual,384,65,37,25.722733287966904,0.0
baseline,residual,384,65,38,38.90651002800107,0.0
baseline,residual,384,65,39,30.90144771704991,0.0
baseline,residual,384,65,40,19.808738139736615,0.0
baseline,residual,384,65,41,35.9205054372594,0.0
baseline,residual,384,66,0,34.81854114025827,0.0
baseline,residual,384,66,1,32.31824209006183,0.0
baseline,residual,384,66,2,31.41023396626368,0.0
baseline,residual,384,66,3,31.743325382384167,0.0
baseline,residual,384,66,4,45.846595238076866,0.0
baseline,residual,384,66,5,41.56312881622991,0.0
baseline,residual,384,66,6,35.15169779300361,0.0
baseline,residual,384,66,7,37.13576325106031,0.0
baseline,residual,384,66,8,32.79204015043236,0.0
baseline,residual,384,66,9,35.55458564973091,0.0
baseline,residual,384,66,10,41.19309111845653,0.0
baseline,residual,384,66,11,35.062844535745064,0.0
baseline,residual,384,66,12,30.40549077280913,0.0
baseline,residual,384,66,13,32.803650437086766,0.0
baseline,residual,384,66,14,32.887733630443336,0.0
baseline,residual,384,66,15,37.73960003091878,0.0
baseline,residual,384,66,16,31.371931457579347,0.0
baseline,residual,384,66,17,31.403254621716112,0.0
baseline,residual,384,66,18,38.29637702093374,0.0
baseline,residual,384,66,19,39.95258619682564,0.0
baseline,residual,384,66,20,31.385641456656383,0.0
baseline,residual,384,66,21,32.054664789196636,0.0
baseline,residual,384,66,22,25.49364132180963,0.0
baseline,residual,384,66,23,30.009574001813462,0.0
baseline,residual,384,66,24,27.004644258639587,0.0
baseline,residual,384,66,25,28.907243289190212,0.0
baseline,residual,384,66,26,25.177716372492977,0.0
baseline,residual,384,66,27,29.278541965808976,0.0
baseline,residual,384,66,28,30.966585242090957,0.0
baseline,residual,384,66,29,32.95367465083614,0.0
baseline,residual,384,66,30,25.764699198549547,0.0
baseline,residual,384,66,31,35.63031069616569,0.0
baseline,residual,384,66,32,30.932909718536433,0.0
baseline,residual,384,66,33,27.258321886152476,0.0
baseline,residual,384,66,34,27.23356310594092,0.0
baseline,residual,384,66,35,36.589912062973525,0.0
baseline,residual,384,66,36,32.77092680452541,0.0
baseline,residual,384,66,37,26.080039081105003,0.0
baseline,residual,384,66,38,39.56891500054832,0.0
baseline,residual,384,66,39,30.90144771704991,0.0
baseline,residual,384,66,40,20.076717484590194,0.0
baseline,residual,384,66,41,36.58291040980665,0.0
baseline,residual,384,67,0,34.81854114025824,0.0
baseline,residual,384,67,1,32.31824209006183,0.0
baseline,residual,384,67,2,31.410233966263636,0.0
baseline,residual,384,67,3,31.743325382384132,0.0
baseline,residual,384,67,4,45.846595238076816,0.0
baseline,residual,384,67,5,41.563128816229884,0.0
baseline,residual,384,67,6,35.15169779300361,0.0
baseline,residual,384,67,7,37.135763251060254,0.0
baseline,residual,384,67,8,32.79204015043232,0.0
baseline,residual,384,67,9,35.55458564973087,0.0
baseline,residual,384,67,10,41.193091118456486,0.0
baseline,residual,384,67,11,35.062844535745036,0.0
baseline,residual,384,67,12,30.405490772809088,0.0
baseline,residual,384,67,13,32.8036504370867,0.0
baseline,residual,384,67,14,32.88773363044327,0.0
baseline,residual,384,67,15,37.73960003091878,0.0
baseline,residual,384,67,16,31.37193145757931,0.0
baseline,residual,384,67,17,31.403254621716076,0.0
baseline,residual,384,67,18,38.29637702093374,0.0
baseline,residual,384,67,19,39.9525861968256,0.0
baseline,residual,384,67,20,31.38564145665634,0.0
baseline,residual,384,67,21,32.05466478919659,0.0
baseline,residual,384,67,22,25.493641321809573,0.0
baseline,residual,384,67,23,30.009574001813462,0.0
baseline,residual,384,67,24,27.004644258639544,0.0
baseline,residual,384,67,25,28.907243289190212,0.0
baseline,residual,384,67,26,25.177716372492945,0.0
baseline,residual,384,67,27,29.278541965808976,0.0
baseline,residual,384,67,28,30.96658524209092,0.0
baseline,residual,384,67,29,32.95367465083614,0.0
baseline,residual,384,67,30,25.764699198549547,0.0
baseline,residual,384,67,31,35.69063757344967,0.0
baseline,residual,384,67,32,30.932909718536433,0.0
baseline,residual,384,67,33,27.258321886152476,0.0
baseline,residual,384,67,34,27.233563105940878,0.0
baseline,residual,384,67,35,36.589912062973475,0.0
baseline,residual,384,67,36,32.77092680452541,0.0
baseline,residual,384,67,37,26.080039081104953,0.0
baseline,residual,384,67,38,39.56891500054828,0.0
baseline,residual,384,67,39,30.90144771704991,0.0
baseline,residual,384,67,40,20.07671748459015,0.0
baseline,residual,384,67,41,36.58291040980661,0.0
baseline,residual,384,68,0,34.818541140258226,0.0
baseline,residual,384,68,1,32.318242090061794,0.0
baseline,residual,384,68,2,31.4102339662636,0.0
baseline,residual,384,68,3,31.74332538238409,0.0
baseline,residual,384,68,4,45.846595238076816,0.0
baseline,residual,384,68,5,41.56312881622986,0.0
baseline,residual,384,68,6,35.15169779300359,0.0
baseline,residual,384,68,7,37.13576325106021,0.0
baseline,residual,384,68,8,32.79204015043228,0.0
baseline,residual,384,68,9,35.55458564973087,0.0
baseline,residual,384,68,10,41.193091118456465,0.0
baseline,residual,384,68,11,35.06284453574497,0.0
baseline,residual,384,68,12,30.405490772809088,0.0
baseline,residual,384,68,13,32.803650437086674,0.0
baseline,residual,384,68,14,32.88773363044324,0.0
baseline,residual,384,68,15,37.73960003091878,0.0
baseline,residual,384,68,16,31.371931457579283,0.0
baseline,residual,384,68,17,31.403254621716044,0.0
baseline,residual,384,68,18,38.29637702093371,0.0
baseline,residual,384,68,19,39.9525861968256,0.0
baseline,residual,384,68,20,31.38564145665634,0.0
baseline,residual,384,68,21,32.05466478919656,0.0
baseline,residual,384,68,22,25.493641321809523,0.0
baseline,residual,384,68,23,30.009574001813462,0.0
baseline,residual,384,68,24,27.004644258639505,0.0
baseline,residual,384,68,25,28.907243289190212,0.0
baseline,residual,384,68,26,25.177932700898996,0.0
baseline,residual,384,68,27,29.278541965808976,0.0
baseline,residual,384,68,28,30.966585242090883,0.0
baseline,residual,384,68,29,32.95367465083614,0.0
baseline,residual,384,68,30,25.764699198549486,0.0
baseline,residual,384,68,31,35.69063757344962,0.0
baseline,residual,384,68,32,30.932909718536393,0.0
baseline,residual,384,68,33,27.258321886152405,0.0
baseline,residual,384,68,34,27.233563105940807,0.0
baseline,residual,384,68,35,36.589912062973475,0.0
baseline,residual,384,68,36,32.77092680452534,0.0
baseline,residual,384,68,37,26.080039081104903,0.0
baseline,residual,384,68,38,39.56891500054828,0.0
baseline,residual,384,68,39,30.901447717049837,0.0
baseline,residual,384,68,40,20.07671748459008,0.0
baseline,residual,384,68,41,36.58291040980661,0.0
baseline,residual,384,69,0,39.52243146335487,0.0
baseline,residual,384,69,1,36.884743517863136,0.0
baseline,residual,384,69,2,40.514341883741395,0.0
baseline,residual,384,69,3,36.05561646964116,0.0
baseline,residual,384,69,4,50.33708696347757,0.0
baseline,residual,384,69,5,44.556789966497035,0.0
baseline,residual,384,69,6,36.64851357934627,0.0
baseline,residual,384,69,7,40.15878968417842,0.0
baseline,residual,384,69,8,39.80493000811433,0.0
baseline,residual,384,69,9,40.941405699756096,0.0
baseline,residual,384,69,10,44.78548449877708,0.0
baseline,residual,384,69,11,38.69044076238866,0.0
baseline,residual,384,69,12,35.31062512371343,0.0
baseline,residual,384,69,13,40.01212862113562,0.0
baseline,residual,384,69,14,36.5153653501851,0.0
baseline,residual,384,69,15,42.24224632620775,0.0
baseline,residual,384,69,16,35.1860644001137,0.0
baseline,residual,384,69,17,35.21738756425047,0.0
baseline,residual,384,69,18,40.54160070044773,0.0
baseline,residual,384,69,19,46.7005005380013,0.0
baseline,residual,384,69,20,35.38884055436365,0.0
baseline,residual,384,69,21,38.81999447337102,0.0
baseline,residual,384,69,22,28.487332049658498,0.0
baseline,residual,384,69,23,34.91466398634508,0.0
baseline,residual,384,69,24,29.249912304526244,0.0
baseline,residual,384,69,25,31.900874861875568,0.0
baseline,residual,384,69,26,29.027268489756505,0.0
baseline,residual,384,69,27,32.272173538494336,0.0
baseline,residual,384,69,28,33.21185328797762,0.0
baseline,residual,384,69,29,38.29121429261559,0.0
baseline,residual,384,69,30,25.764699198549486,0.0
baseline,residual,384,69,31,41.73669043968604,0.0
baseline,residual,384,69,32,35.70053153033171,0.0
baseline,residual,384,69,33,29.515744501927344,0.0
baseline,residual,384,69,34,34.290456521526714,0.0
baseline,residual,384,69,35,38.835180108860214,0.0
baseline,residual,384,69,36,35.016150484039365,0.0
baseline,residual,384,69,37,32.1422980405256,0.0
baseline,residual,384,69,38,41.81418304643502,0.0
baseline,residual,384,69,39,35.66906952884515,0.0
baseline,residual,384,69,40,24.623411704155604,0.0
baseline,residual,384,69,41,38.82817845569335,0.0
baseline,residual,384,70,0,39.52243144517123,0.0
baseline,residual,384,70,1,36.8847435106458,0.0
baseline,residual,384,70,2,40.51434186544106,0.0
baseline,residual,384,70,3,36.05561646231157,0.0
baseline,residual,384,70,4,50.66942561492548,0.0
baseline,residual,384,70,5,44.556789942252166,0.0
baseline,residual,384,70,6,36.64851356731739,0.0
baseline,residual,384,70,7,40.15878967211803,0.0
baseline,residual,384,70,8,39.80492997151366,0.0
baseline,residual,384,70,9,40.94140568528362,0.0
baseline,residual,384,70,10,44.78548446949653,0.0
baseline,residual,384,70,11,38.6904407477673,0.0
baseline,residual,384,70,12,35.31062510562284,0.0
baseline,residual,384,70,13,40.01212859185509,0.0
baseline,residual,384,70,14,36.51536533571263,0.0
baseline,residual,384,70,15,42.24224630816442,0.0
baseline,residual,384,70,16,35.18606438564123,0.0
baseline,residual,384,70,17,35.217387549777996,0.0
baseline,residual,384,70,18,40.54160068217103,0.0
baseline,residual,384,70,19,46.70050050140062,0.0
baseline,residual,384,70,20,35.38884053627306,0.0
baseline,residual,384,70,21,38.8199944550943,0.0
baseline,residual,384,70,22,28.48733202522654,0.0
baseline,residual,384,70,23,34.914663968068375,0.0
baseline,residual,384,70,24,29.24991228620227,0.0
baseline,residual,384,70,25,31.90087483750663,0.0
baseline,residual,384,70,26,29.027268489756505,0.0
baseline,residual,384,70,27,32.2721735141254,0.0
baseline,residual,384,70,28,33.211853269653645,0.0
baseline,residual,384,70,29,38.291214268246655,0.0
baseline,residual,384,70,30,25.764699198549486,0.0
baseline,residual,384,70,31,41.73669041525409,0.0
baseline,residual,384,70,32,35.70053151205501,0.0
baseline,residual,384,70,33,29.515744501927344,0.0
baseline,residual,384,70,34,34.290456503250006,0.0
baseline,residual,384,70,35,38.835180090769626,0.0
baseline,residual,384,70,36,35.01615046576266,0.0
baseline,residual,384,70,37,32.1422980405256,0.0
baseline,residual,384,70,38,41.814183028344424,0.0
baseline,residual,384,70,39,35.66906951056845,0.0
baseline,residual,384,70,40,24.623411704155604,0.0
baseline,residual,384,70,41,38.82817843760275,0.0
baseline,residual,384,71,0,39.52243144517123,0.0
baseline,residual,384,71,1,36.8847435106458,0.0
baseline,residual,384,71,2,40.51434186544106,0.0
baseline,residual,384,71,3,36.055616462311576,0.0
baseline,residual,384,71,4,50.66942561492548,0.0
baseline,residual,384,71,5,44.556789942252166,0.0
baseline,residual,384,71,6,36.648513567317394,0.0
baseline,residual,384,71,7,40.15878967211803,0.0
baseline,residual,384,71,8,39.80492997151366,0.0
baseline,residual,384,71,9,40.94140568528362,0.0
baseline,residual,384,71,10,44.78548446949653,0.0
baseline,residual,384,71,11,38.6904407477673,0.0
baseline,residual,384,71,12,35.31062510562284,0.0
baseline,residual,384,71,13,40.01212859185509,0.0
baseline,residual,384,71,14,36.51536533571263,0.0
baseline,residual,384,71,15,42.24224630816442,0.0
baseline,residual,384,71,16,35.18606438564123,0.0
baseline,residual,384,71,17,35.217387549778,0.0
baseline,residual,384,71,18,40.54160068217103,0.0
baseline,residual,384,71,19,46.70050050140062,0.0
baseline,residual,384,71,20,35.38884053627306,0.0
baseline,residual,384,71,21,38.8199944550943,0.0
baseline,residual,384,71,22,28.48733202522654,0.0
baseline,residual,384,71,23,34.914663968068375,0.0
baseline,residual,384,71,24,29.24991228620227,0.0
baseline,residual,384,71,25,31.90087483750663,0.0
baseline,residual,384,71,26,29.027268489756505,0.0
baseline,residual,384,71,27,32.2721735141254,0.0
baseline,residual,384,71,28,33.211853269653645,0.0
baseline,residual,384,71,29,38.291214268246655,0.0
baseline,residual,384,71,30,25.764699198549486,0.0
baseline,residual,384,71,31,41.73669041525409,0.0
baseline,residual,384,71,32,35.70053151205501,0.0
baseline,residual,384,71,33,29.515744501927344,0.0
baseline,residual,384,71,34,34.290456503250006,0.0
baseline,residual,384,71,35,42.00212007548572,0.0
baseline,residual,384,71,36,35.01615046576266,0.0
baseline,residual,384,71,37,32.1422980405256,0.0
baseline,residual,384,71,38,41.814183028344424,0.0
baseline,residual,384,71,39,35.66906951056845,0.0
baseline,residual,384,71,40,24.623411704155604,0.0
baseline,residual,384,71,41,38.82817843760275,0.0
baseline,residual,384,72,0,39.522431445171186,0.0
baseline,residual,384,72,1,36.88474351064577,0.0
baseline,residual,384,72,2,40.51434186544104,0.0
baseline,residual,384,72,3,36.05561646231154,0.0
baseline,residual,384,72,4,50.669425614925444,0.0
baseline,residual,384,72,5,44.55678994225212,0.0
baseline,residual,384,72,6,36.64851356731734,0.0
baseline,residual,384,72,7,40.158789672118004,0.0
baseline,residual,384,72,8,39.804929971513616,0.0
baseline,residual,384,72,9,40.94140568528362,0.0
baseline,residual,384,72,10,44.785484469496474,0.0
baseline,residual,384,72,11,38.690440747767234,0.0
baseline,residual,384,72,12,35.31062510562284,0.0
baseline,residual,384,72,13,40.01212859185505,0.0
baseline,residual,384,72,14,36.51536533571263,0.0
baseline,residual,384,72,15,42.24224630816438,0.0
baseline,residual,384,72,16,35.18606438564123,0.0
baseline,residual,384,72,17,35.217387549778,0.0
baseline,residual,384,72,18,40.541600682170944,0.0
baseline,residual,384,72,19,46.700500501400576,0.0
baseline,residual,384,72,20,35.38884053627306,0.0
baseline,residual,384,72,21,38.81999445509427,0.0
baseline,residual,384,72,22,28.48733202522649,0.0
baseline,residual,384,72,23,34.91466396806833,0.0
baseline,residual,384,72,24,29.249912286202232,0.0
baseline,residual,384,72,25,31.900874837506578,0.0
baseline,residual,384,72,26,29.027268489756445,0.0
baseline,residual,384,72,27,32.27217351412534,0.0
baseline,residual,384,72,28,33.2118532696536,0.0
baseline,residual,384,72,29,38.291214268246605,0.0
baseline,residual,384,72,30,25.764699198549422,0.0
baseline,residual,384,72,31,41.73669041525409,0.0
baseline,residual,384,72,32,35.700531512054965,0.0
baseline,residual,384,72,33,29.515744501927262,0.0
baseline,residual,384,72,34,34.29045650324996,0.0
baseline,residual,384,72,35,42.00212007548572,0.0
baseline,residual,384,72,36,35.03228644377743,0.0
baseline,residual,384,72,37,32.1422980405256,0.0
baseline,residual,384,72,38,41.814183028344424,0.0
baseline,residual,384,72,39,35.66906951056837,0.0
baseline,residual,384,72,40,24.62341170415557,0.0
baseline,residual,384,72,41,38.82817843760275,0.0
baseline,residual,384,73,0,39.522431445171314,0.0
baseline,residual,384,73,1,36.884743510645826,0.0
baseline,residual,384,73,2,40.514341865441104,0.0
baseline,residual,384,73,3,36.05561646231159,0.0
baseline,residual,384,73,4,50.66942561492569,0.0
baseline,residual,384,73,5,44.55678994225228,0.0
baseline,residual,384,73,6,36.64851356731742,0.0
baseline,residual,384,73,7,40.15878967211817,0.0
baseline,residual,384,73,8,39.80492997151374,0.0
baseline,residual,384,73,9,40.941405685283826,0.0
baseline,residual,384,73,10,44.78548446949656,0.0
baseline,residual,384,73,11,38.690440747767234,0.0
baseline,residual,384,73,12,35.31062510562309,0.0
baseline,residual,384,73,13,40.012128591855145,0.0
baseline,residual,384,73,14,36.51536533571282,0.0
baseline,residual,384,73,15,42.24224630816451,0.0
baseline,residual,384,73,16,35.18606438564144,0.0
baseline,residual,384,73,17,35.2173875497782,0.0
baseline,residual,384,73,18,40.541600682170944,0.0
baseline,residual,384,73,19,46.700500501400704,0.0
baseline,residual,384,73,20,41.81030278316869,0.0
baseline,residual,384,73,21,38.81999445509427,0.0
baseline,residual,384,73,22,28.48733202522666,0.0
baseline,residual,384,73,23,34.91466396806833,0.0
baseline,residual,384,73,24,29.249912286202356,0.0
baseline,residual,384,73,25,31.900874837506578,0.0
baseline,residual,384,73,26,29.027268489756445,0.0
baseline,residual,384,73,27,32.27217351412534,0.0
baseline,residual,384,73,28,33.21185326965372,0.0
baseline,residual,384,73,29,38.291214268246605,0.0
baseline,residual,384,73,30,25.764699198549422,0.0
baseline,residual,384,73,31,41.73669041525425,0.0
baseline,residual,384,73,32,35.700531512054965,0.0
baseline,residual,384,73,33,29.515744501927262,0.0
baseline,residual,384,73,34,34.29045650324996,0.0
baseline,residual,384,73,35,42.00212007548597,0.0
baseline,residual,384,73,36,35.03228644377743,0.0
baseline,residual,384,73,37,32.1422980405256,0.0
baseline,residual,384,73,38,41.81418302834468,0.0
baseline,residual,384,73,39,35.66906951056837,0.0
baseline,residual,384,73,40,24.62341170415557,0.0
baseline,residual,384,73,41,38.82817843760301,0.0
baseline,residual,384,74,0,39.522431445171314,0.0
baseline,residual,384,74,1,36.884743510645826,0.0
baseline,residual,384,74,2,40.514341865441104,0.0
baseline,residual,384,74,3,36.0556164623116,0.0
baseline,residual,384,74,4,50.66942561492569,0.0
baseline,residual,384,74,5,44.55678994225229,0.0
baseline,residual,384,74,6,36.64851356731742,0.0
baseline,residual,384,74,7,40.15878967211817,0.0
baseline,residual,384,74,8,39.804929971513744,0.0
baseline,residual,384,74,9,40.941405685283826,0.0
baseline,residual,384,74,10,44.78548446949657,0.0
baseline,residual,384,74,11,38.69044074776725,0.0
baseline,residual,384,74,12,35.31062510562309,0.0
baseline,residual,384,74,13,40.01212859185516,0.0
baseline,residual,384,74,14,36.51536533571282,0.0
baseline,residual,384,74,15,42.24224630816451,0.0
baseline,residual,384,74,16,35.18606438564144,0.0
baseline,residual,384,74,17,35.2173875497782,0.0
baseline,residual,384,74,18,40.54160068217095,0.0
baseline,residual,384,74,19,46.70050050140071,0.0
baseline,residual,384,74,20,41.81030278316869,0.0
baseline,residual,384,74,21,40.796297287417055,0.0
baseline,residual,384,74,22,28.48733202522666,0.0
baseline,residual,384,74,23,34.91466396806834,0.0
baseline,residual,384,74,24,29.249912286202356,0.0
baseline,residual,384,74,25,31.900874837506578,0.0
baseline,residual,384,74,26,29.027268489756445,0.0
baseline,residual,384,74,27,32.27217351412534,0.0
baseline,residual,384,74,28,33.21185326965372,0.0
baseline,residual,384,74,29,38.291214268246605,0.0
baseline,residual,384,74,30,25.764699198549422,0.0
baseline,residual,384,74,31,41.73669041525425,0.0
baseline,residual,384,74,32,35.70053151205497,0.0
baseline,residual,384,74,33,29.515744501927262,0.0
baseline,residual,384,74,34,34.29045650324997,0.0
baseline,residual,384,74,35,42.00212007548597,0.0
baseline,residual,384,74,36,35.03228644377743,0.0
baseline,residual,384,74,37,32.1422980405256,0.0
baseline,residual,384,74,38,41.81418302834468,0.0
baseline,residual,384,74,39,35.66906951056837,0.0
baseline,residual,384,74,40,24.62341170415557,0.0
baseline,residual,384,74,41,38.82817843760301,0.0
baseline,residual,384,75,0,39.52243144517137,0.0
baseline,residual,384,75,1,36.884743510645826,0.0
baseline,residual,384,75,2,40.51434186544116,0.0
baseline,residual,384,75,3,36.05561646231164,0.0
baseline,residual,384,75,4,50.66942561492581,0.0
baseline,residual,384,75,5,44.55678994225236,0.0
baseline,residual,384,75,6,36.64851356731742,0.0
baseline,residual,384,75,7,40.15878967211824,0.0
baseline,residual,384,75,8,39.80492997151385,0.0
baseline,residual,384,75,9,40.94140568528391,0.0
baseline,residual,384,75,10,44.78548446949665,0.0
baseline,residual,384,75,11,38.69044074776725,0.0
baseline,residual,384,75,12,35.310625105623195,0.0
baseline,residual,384,75,13,40.01212859185524,0.0
baseline,residual,384,75,14,36.515365335712914,0.0
baseline,residual,384,75,15,42.24224630816451,0.0
baseline,residual,384,75,16,35.18606438564152,0.0
baseline,residual,384,75,17,35.21738754977829,0.0
baseline,residual,384,75,18,40.54160068217095,0.0
baseline,residual,384,75,19,46.7005005014008,0.0
baseline,residual,384,75,20,41.810302783168794,0.0
baseline,residual,384,75,21,40.796297287417055,0.0
baseline,residual,384,75,22,33.71218304725723,0.0
baseline,residual,384,75,23,34.91466396806834,0.0
baseline,residual,384,75,24,29.24991228620247,0.0
baseline,residual,384,75,25,31.900874837506578,0.0
baseline,residual,384,75,26,29.027268489756445,0.0
baseline,residual,384,75,27,32.27217351412534,0.0
baseline,residual,384,75,28,33.21185326965384,0.0
baseline,residual,384,75,29,38.291214268246605,0.0
baseline,residual,384,75,30,25.764699198549426,0.0
baseline,residual,384,75,31,41.736690415254394,0.0
baseline,residual,384,75,32,35.70053151205497,0.0
baseline,residual,384,75,33,29.51574450192727,0.0
baseline,residual,384,75,34,34.29045650324997,0.0
baseline,residual,384,75,35,42.00212007548608,0.0
baseline,residual,384,75,36,35.03228644377744,0.0
baseline,residual,384,75,37,32.1422980405256,0.0
baseline,residual,384,75,38,41.814183028344786,0.0
baseline,residual,384,75,39,35.66906951056837,0.0
baseline,residual,384,75,40,24.623411704155572,0.0
baseline,residual,384,75,41,38.828178437603114,0.0
baseline,residual,384,76,0,39.52243144517137,0.0
baseline,residual,384,76,1,36.884743510645826,0.0
baseline,residual,384,76,2,40.51434186544116,0.0
baseline,residual,384,76,3,36.05561646231163,0.0
baseline,residual,384,76,4,50.66942561492579,0.0
baseline,residual,384,76,5,44.55678994225235,0.0
baseline,residual,384,76,6,36.648513567317416,0.0
baseline,residual,384,76,7,40.15878967211823,0.0
baseline,residual,384,76,8,39.80492997151385,0.0
baseline,residual,384,76,9,40.941405685283904,0.0
baseline,residual,384,76,10,44.78548446949665,0.0
baseline,residual,384,76,11,38.69044074776725,0.0
baseline,residual,384,76,12,35.31062510562319,0.0
baseline,residual,384,76,13,40.01212859185524,0.0
baseline,residual,384,76,14,36.51536533571291,0.0
baseline,residual,384,76,15,42.2422463081645,0.0
baseline,residual,384,76,16,35.18606438564152,0.0
baseline,residual,384,76,17,35.21738754977828,0.0
baseline,residual,384,76,18,40.54160068217095,0.0
baseline,residual,384,76,19,46.7005005014008,0.0
baseline,residual,384,76,20,41.81030278316879,0.0
baseline,residual,384,76,21,40.796297287417055,0.0
baseline,residual,384,76,22,33.71218304725722,0.0
baseline,residual,384,76,23,34.91466396806833,0.0
baseline,residual,384,76,24,29.24991228620247,0.0
baseline,residual,384,76,25,31.900874837506574,0.0
baseline,residual,384,76,26,29.027268489756445,0.0
baseline,residual,384,76,27,32.27217351412534,0.0
baseline,residual,384,76,28,33.21185326965384,0.0
baseline,residual,384,76,29,38.291214268246605,0.0
baseline,residual,384,76,30,25.764699198549426,0.0
baseline,residual,384,76,31,41.736690415254394,0.0
baseline,residual,384,76,32,35.700531512054965,0.0
baseline,residual,384,76,33,29.51574450192727,0.0
baseline,residual,384,76,34,34.29045650324997,0.0
baseline,residual,384,76,35,42.00212007548607,0.0
baseline,residual,384,76,36,35.03228644377744,0.0
baseline,residual,384,76,37,32.1422980405256,0.0
baseline,residual,384,76,38,41.976534263451676,0.0
baseline,residual,384,76,39,35.66906951056837,0.0
baseline,residual,384,76,40,24.623411704155572,0.0
baseline,residual,384,76,41,38.82817843760311,0.0
baseline,residual,384,77,0,39.52243144517137,0.0
baseline,residual,384,77,1,36.884743510645826,0.0
baseline,residual,384,77,2,40.51434186544116,0.0
baseline,residual,384,77,3,36.05561646231164,0.0
baseline,residual,384,77,4,50.66942561492579,0.0
baseline,residual,384,77,5,44.55678994225236,0.0
baseline,residual,384,77,6,36.648513567317416,0.0
baseline,residual,384,77,7,40.15878967211824,0.0
baseline,residual,384,77,8,39.80492997151385,0.0
baseline,residual,384,77,9,40.94140568528391,0.0
baseline,residual,384,77,10,44.78548446949665,0.0
baseline,residual,384,77,11,38.69044074776725,0.0
baseline,residual,384,77,12,35.31062510562319,0.0
baseline,residual,384,77,13,40.01212859185524,0.0
baseline,residual,384,77,14,36.51536533571291,0.0
baseline,residual,384,77,15,42.2422463081645,0.0
baseline,residual,384,77,16,35.18606438564152,0.0
baseline,residual,384,77,17,35.21738754977829,0.0
baseline,residual,384,77,18,40.54160068217095,0.0
baseline,residual,384,77,19,46.7005005014008,0.0
baseline,residual,384,77,20,41.81030278316879,0.0
baseline,residual,384,77,21,40.796297287417055,0.0
baseline,residual,384,77,22,33.71218304725723,0.0
baseline,residual,384,77,23,34.91466396806833,0.0
baseline,residual,384,77,24,29.24991228620247,0.0
baseline,residual,384,77,25,31.900874837506574,0.0
baseline,residual,384,77,26,29.027268489756445,0.0
baseline,residual,384,77,27,32.27217351412534,0.0
baseline,residual,384,77,28,33.21185326965384,0.0
baseline,residual,384,77,29,38.291214268246605,0.0
baseline,residual,384,77,30,25.764699198549426,0.0
baseline,residual,384,77,31,43.698718592347646,0.0
baseline,residual,384,77,32,35.700531512054965,0.0
baseline,residual,384,77,33,29.51574450192727,0.0
baseline,residual,384,77,34,34.29045650324997,0.0
baseline,residual,384,77,35,42.002120075486076,0.0
baseline,residual,384,77,36,35.03228644377744,0.0
baseline,residual,384,77,37,32.1422980405256,0.0
baseline,residual,384,77,38,41.97653426345168,0.0
baseline,residual,384,77,39,35.66906951056837,0.0
baseline,residual,384,77,40,24.623411704155572,0.0
baseline,residual,384,77,41,38.82817843760311,0.0
baseline,residual,384,78,0,39.52243144517135,0.0
baseline,residual,384,78,1,36.884743510645826,0.0
baseline,residual,384,78,2,40.514341865441125,0.0
baseline,residual,384,78,3,36.05561646231161,0.0
baseline,residual,384,78,4,50.66942561492579,0.0
baseline,residual,384,78,5,44.55678994225236,0.0
baseline,residual,384,78,6,36.648513567317416,0.0
baseline,residual,384,78,7,40.15878967211822,0.0
baseline,residual,384,78,8,39.80492997151385,0.0
baseline,residual,384,78,9,40.94140568528389,0.0
baseline,residual,384,78,10,44.78548446949665,0.0
baseline,residual,384,78,11,38.69044074776721,0.0
baseline,residual,384,78,12,35.31062510562319,0.0
baseline,residual,384,78,13,40.01212859185521,0.0
baseline,residual,384,78,14,36.51536533571288,0.0
baseline,residual,384,78,15,42.242246308164475,0.0
baseline,residual,384,78,16,35.18606438564152,0.0
baseline,residual,384,78,17,35.21738754977829,0.0
baseline,residual,384,78,18,40.54160068217095,0.0
baseline,residual,384,78,19,46.700500501400775,0.0
baseline,residual,384,78,20,41.81030278316879,0.0
baseline,residual,384,78,21,40.79629728741702,0.0
baseline,residual,384,78,22,33.71218304725723,0.0
baseline,residual,384,78,23,34.91466396806833,0.0
baseline,residual,384,78,24,29.24991228620247,0.0
baseline,residual,384,78,25,31.900874837506574,0.0
baseline,residual,384,78,26,29.027268489756416,0.0
baseline,residual,384,78,27,32.27217351412534,0.0
baseline,residual,384,78,28,33.21185326965384,0.0
baseline,residual,384,78,29,38.291214268246605,0.0
baseline,residual,384,78,30,25.764699198549426,0.0
baseline,residual,384,78,31,43.698718592347596,0.0
baseline,residual,384,78,32,35.700531512054965,0.0
baseline,residual,384,78,33,29.51574450192724,0.0
baseline,residual,384,78,34,34.290456503249935,0.0
baseline,residual,384,78,35,42.002120075486076,0.0
baseline,residual,384,78,36,35.03228644377744,0.0
baseline,residual,384,78,37,35.50242940454379,0.0
baseline,residual,384,78,38,41.97653426345168,0.0
baseline,residual,384,78,39,35.66906951056837,0.0
baseline,residual,384,78,40,24.6234117041555,0.0
baseline,residual,384,78,41,38.82817843760311,0.0
baseline,residual,384,79,0,39.52243144517135,0.0
baseline,residual,384,79,1,36.884743510645826,0.0
baseline,residual,384,79,2,40.514341865441125,0.0
baseline,residual,384,79,3,36.05561646231161,0.0
baseline,residual,384,79,4,50.66942561492579,0.0
baseline,residual,384,79,5,44.55678994225236,0.0
baseline,residual,384,79,6,36.64851356731742,0.0
baseline,residual,384,79,7,40.15878967211822,0.0
baseline,residual,384,79,8,39.80492997151385,0.0
baseline,residual,384,79,9,40.94140568528389,0.0
baseline,residual,384,79,10,44.78548446949665,0.0
baseline,residual,384,79,11,38.69044074776721,0.0
baseline,residual,384,79,12,35.31062510562319,0.0
baseline,residual,384,79,13,40.01212859185521,0.0
baseline,residual,384,79,14,36.51536533571288,0.0
baseline,residual,384,79,15,42.242246308164475,0.0
baseline,residual,384,79,16,35.18606438564152,0.0
baseline,residual,384,79,17,35.21738754977829,0.0
baseline,residual,384,79,18,40.54160068217095,0.0
baseline,residual,384,79,19,46.700500501400775,0.0
baseline,residual,384,79,20,41.81030278316879,0.0
baseline,residual,384,79,21,40.79629728741702,0.0
baseline,residual,384,79,22,33.71218304725723,0.0
baseline,residual,384,79,23,34.91466396806833,0.0
baseline,residual,384,79,24,29.24991228620247,0.0
baseline,residual,384,79,25,31.900874837506578,0.0
baseline,residual,384,79,26,29.027268489756416,0.0
baseline,residual,384,79,27,32.27217351412534,0.0
baseline,residual,384,79,28,33.21185326965384,0.0
baseline,residual,384,79,29,40.447191443004485,0.0
baseline,residual,384,79,30,25.764699198549426,0.0
baseline,residual,384,79,31,43.698718592347596,0.0
baseline,residual,384,79,32,35.700531512054965,0.0
baseline,residual,384,79,33,29.51574450192724,0.0
baseline,residual,384,79,34,34.290456503249935,0.0
baseline,residual,384,79,35,42.002120075486076,0.0
baseline,residual,384,79,36,35.03228644377744,0.0
baseline,residual,384,79,37,35.50242940454379,0.0
baseline,residual,384,79,38,41.97653426345168,0.0
baseline,residual,384,79,39,35.66906951056837,0.0
baseline,residual,384,79,40,24.6234117041555,0.0
baseline,residual,384,79,41,38.82817843760311,0.0
baseline,residual,384,80,0,39.52243144517135,0.0
baseline,residual,384,80,1,36.884743510645826,0.0
baseline,residual,384,80,2,40.514341865441125,0.0
baseline,residual,384,80,3,36.05561646231161,0.0
baseline,residual,384,80,4,50.66942561492579,0.0
baseline,residual,384,80,5,44.55678994225236,0.0
baseline,residual,384,80,6,36.64851356731742,0.0
baseline,residual,384,80,7,40.15878967211822,0.0
baseline,residual,384,80,8,39.80492997151385,0.0
baseline,residual,384,80,9,40.94140568528389,0.0
baseline,residual,384,80,10,44.78548446949665,0.0
baseline,residual,384,80,11,38.69044074776721,0.0
baseline,residual,384,80,12,35.31062510562319,0.0
baseline,residual,384,80,13,40.01212859185521,0.0
baseline,residual,384,80,14,36.51536533571288,0.0
baseline,residual,384,80,15,42.242246308164475,0.0
baseline,residual,384,80,16,35.18606438564152,0.0
baseline,residual,384,80,17,35.21738754977829,0.0
baseline,residual,384,80,18,40.54160068217095,0.0
baseline,residual,384,80,19,46.700500501400775,0.0
baseline,residual,384,80,20,41.81030278316879,0.0
baseline,residual,384,80,21,40.79629728741702,0.0
baseline,residual,384,80,22,33.71218304725723,0.0
baseline,residual,384,80,23,34.91466396806833,0.0
baseline,residual,384,80,24,29.24991228620247,0.0
baseline,residual,384,80,25,31.900874837506578,0.0
baseline,residual,384,80,26,29.027268489756416,0.0
baseline,residual,384,80,27,32.27217351412534,0.0
baseline,residual,384,80,28,33.21185326965384,0.0
baseline,residual,384,80,29,40.447191443004485,0.0
baseline,residual,384,80,30,25.764699198549426,0.0
baseline,residual,384,80,31,43.698718592347596,0.0
baseline,residual,384,80,32,35.700531512054965,0.0
baseline,residual,384,80,33,29.51574450192724,0.0
baseline,residual,384,80,34,34.290456503249935,0.0
baseline,residual,384,80,35,42.002120075486076,0.0
baseline,residual,384,80,36,35.03228644377744,0.0
baseline,residual,384,80,37,35.50242940454379,0.0
baseline,residual,384,80,38,41.97653426345168,0.0
baseline,residual,384,80,39,35.66906951056837,0.0
baseline,residual,384,80,40,24.6234117041555,0.0
baseline,residual,384,80,41,38.82817843760311,0.0
baseline,residual,384,81,0,39.52244515126289,0.0
baseline,residual,384,81,1,36.88475450830448,0.0
baseline,residual,384,81,2,40.5143510240561,0.0
baseline,residual,384,81,3,36.055623825910956,0.0
baseline,residual,384,81,4,50.66945302710889,0.0
baseline,residual,384,81,5,44.79503534099787,0.0
baseline,residual,384,81,6,36.64853189674852,0.0
baseline,residual,384,81,7,40.158808008085884,0.0
baseline,residual,384,81,8,39.804948288743795,0.0
baseline,residual,384,81,9,40.94142029206032,0.0
baseline,residual,384,81,10,44.78549987486727,0.0
baseline,residual,384,81,11,38.69044882232391,0.0
baseline,residual,384,81,12,35.31064336409374,0.0
baseline,residual,384,81,13,40.012143245639166,0.0
baseline,residual,384,81,14,36.515379942489325,0.0
baseline,residual,384,81,15,42.24226455683017,0.0
baseline,residual,384,81,16,35.18607899241796,0.0
baseline,residual,384,81,17,35.21740880135283,0.0
baseline,residual,384,81,18,40.54161077536682,0.0
baseline,residual,384,81,19,46.70051881863072,0.0
baseline,residual,384,81,20,41.81032104163935,0.0
baseline,residual,384,81,21,40.79630644112956,0.0
baseline,residual,384,81,22,33.71219526528043,0.0
baseline,residual,384,81,23,34.91468142777851,0.0
baseline,residual,384,81,24,29.249921449719867,0.0
baseline,residual,384,81,25,31.90089811712014,0.0
baseline,residual,384,81,26,29.02726924134308,0.0
baseline,residual,384,81,27,32.272185719075395,0.0
baseline,residual,384,81,28,33.211870739168866,0.0
baseline,residual,384,81,29,40.447203647954545,0.0
baseline,residual,384,81,30,25.764706594934196,0.0
baseline,residual,384,81,31,43.6987308103708,0.0
baseline,residual,384,81,32,35.70054897176514,0.0
baseline,residual,384,81,33,29.51574544141057,0.0
baseline,residual,384,81,34,34.290465656962475,0.0
baseline,residual,384,81,35,42.002146639954255,0.0
baseline,residual,384,81,36,35.032296536973305,0.0
baseline,residual,384,81,37,35.50242940454379,0.0
baseline,residual,384,81,38,41.97656082791986,0.0
baseline,residual,384,81,39,35.66907960376424,0.0
baseline,residual,384,81,40,24.6234117041555,0.0
baseline,residual,384,81,41,38.82820500207129,0.0
baseline,residual,384,82,0,40.073117746822575,0.0
baseline,residual,384,82,1,37.42299147216469,0.0
baseline,residual,384,82,2,41.04223743169908,0.0
baseline,residual,384,82,3,36.407130818491474,0.0
baseline,residual,384,82,4,51.770798218228244,0.0
baseline,residual,384,82,5,45.739489771999175,0.0
baseline,residual,384,82,6,37.21736564370403,0.0
baseline,residual,384,82,7,41.103262439087196,0.0
baseline,residual,384,82,8,40.86072110402975,0.0
baseline,residual,384,82,9,41.8224964449558,0.0
baseline,residual,384,82,10,45.23624469572223,0.0
baseline,residual,384,82,11,38.69044882232391,0.0
baseline,residual,384,82,12,36.4119885552131,0.0
baseline,residual,384,82,13,40.462888066494116,0.0
baseline,residual,384,82,14,37.396456095384806,0.0
baseline,residual,384,82,15,42.78017872188084,0.0
baseline,residual,384,82,16,36.461028576687255,0.0
baseline,residual,384,82,17,41.07140948664957,0.0
baseline,residual,384,82,18,40.54161077536682,0.0
baseline,residual,384,82,19,47.26394984469942,0.0
baseline,residual,384,82,20,42.911666232758705,0.0
baseline,residual,384,82,21,40.79630644112956,0.0
baseline,residual,384,82,22,34.46343663337202,0.0
baseline,residual,384,82,23,35.23001788316112,0.0
baseline,residual,384,82,24,29.813352475788562,0.0
baseline,residual,384,82,25,32.321346724296944,0.0
baseline,residual,384,82,26,29.42114267271689,0.0
baseline,residual,384,82,27,32.272185719075395,0.0
baseline,residual,384,82,28,34.09063822062017,0.0
baseline,residual,384,82,29,40.447203647954545,0.0
baseline,residual,384,82,30,26.016975759240278,0.0
baseline,residual,384,82,31,44.44997217846239,0.0
baseline,residual,384,82,32,36.50822721636501,0.0
baseline,residual,384,82,33,29.51574544141057,0.0
baseline,residual,384,82,34,34.78280744617974,0.0
baseline,residual,384,82,35,43.41882828645621,0.0
baseline,residual,384,82,36,35.032296536973305,0.0
baseline,residual,384,82,37,35.50242940454379,0.0
baseline,residual,384,82,38,43.39324247442183,0.0
baseline,residual,384,82,39,36.1614213929815,0.0
baseline,residual,384,82,40,24.6234117041555,0.0
baseline,residual,384,82,41,40.24488664857325,0.0
baseline,residual,384,83,0,40.07311774682263,0.0
baseline,residual,384,83,1,37.42299147216483,0.0
baseline,residual,384,83,2,41.04223743169908,0.0
baseline,residual,384,83,3,36.40713081849161,0.0
baseline,residual,384,83,4,51.770798218228244,0.0
baseline,residual,384,83,5,45.739489771999324,0.0
baseline,residual,384,83,6,37.217365643704255,0.0
baseline,residual,384,83,7,41.103262439087345,0.0
baseline,residual,384,83,8,40.86072110402975,0.0
baseline,residual,384,83,9,41.8224964449558,0.0
baseline,residual,384,83,10,45.23624469572232,0.0
baseline,residual,384,83,11,38.69044882232408,0.0
baseline,residual,384,83,12,36.4119885552131,0.0
baseline,residual,384,83,13,40.462888066494116,0.0
baseline,residual,384,83,14,37.396456095384806,0.0
baseline,residual,384,83,15,42.78017872188084,0.0
baseline,residual,384,83,16,36.46102857668734,0.0
baseline,residual,384,83,17,41.071409486649664,0.0
baseline,residual,384,83,18,40.541610775366934,0.0
baseline,residual,384,83,19,47.26394984469942,0.0
baseline,residual,384,83,20,42.911666232758705,0.0
baseline,residual,384,83,21,40.79630644112956,0.0
baseline,residual,384,83,22,34.46343663337203,0.0
baseline,residual,384,83,23,35.23001788316123,0.0
baseline,residual,384,83,24,29.81335247578868,0.0
baseline,residual,384,83,25,32.3213467242971,0.0
baseline,residual,384,83,26,29.42114267271699,0.0
baseline,residual,384,83,27,32.272185719075395,0.0
baseline,residual,384,83,28,34.09063822062029,0.0
baseline,residual,384,83,29,40.447203647954545,0.0
baseline,residual,384,83,30,29.02007058867334,0.0
baseline,residual,384,83,31,44.44997217846239,0.0
baseline,residual,384,83,32,36.50822721636512,0.0
baseline,residual,384,83,33,29.51574544141069,0.0
baseline,residual,384,83,34,34.78280744617974,0.0
baseline,residual,384,83,35,43.418828286456325,0.0
baseline,residual,384,83,36,35.03229653697343,0.0
baseline,residual,384,83,37,35.50242940454379,0.0
baseline,residual,384,83,38,43.393242474421946,0.0
baseline,residual,384,83,39,36.16142139298162,0.0
baseline,residual,384,83,40,24.62341170415551,0.0
baseline,residual,384,83,41,40.24488664857336,0.0
baseline,residual,384,84,0,40.07311773763186,0.0
baseline,residual,384,84,1,37.42299146848962,0.0
baseline,residual,384,84,2,41.04223742250693,0.0
baseline,residual,384,84,3,36.4071308148142,0.0
baseline,residual,384,84,4,51.87186488312654,0.0
baseline,residual,384,84,5,45.739489759744956,0.0
baseline,residual,384,84,6,37.2173656375789,0.0
baseline,residual,384,84,7,41.103262432960165,0.0
baseline,residual,384,84,8,40.86072108564546,0.0
baseline,residual,384,84,9,41.822496437603185,0.0
baseline,residual,384,84,10,45.23624468101489,0.0
baseline,residual,384,84,11,38.69044881497146,0.0
baseline,residual,384,84,12,36.41198854602232,0.0
baseline,residual,384,84,13,40.46288805178668,0.0
baseline,residual,384,84,14,37.39645608803218,0.0
baseline,residual,384,84,15,42.780178712692795,0.0
baseline,residual,384,84,16,36.46102856933472,0.0
baseline,residual,384,84,17,41.07140947929704,0.0
baseline,residual,384,84,18,40.541610766176156,0.0
baseline,residual,384,84,19,47.26394982631513,0.0
baseline,residual,384,84,20,42.91166622356792,0.0
baseline,residual,384,84,21,40.79630643193878,0.0
baseline,residual,384,84,22,34.463436621114006,0.0
baseline,residual,384,84,23,35.23001787397045,0.0
baseline,residual,384,84,24,29.813352466595166,0.0
baseline,residual,384,84,25,32.321346712042725,0.0
baseline,residual,384,84,26,29.42114267271699,0.0
baseline,residual,384,84,27,32.272185706821034,0.0
baseline,residual,384,84,28,34.09063821142678,0.0
baseline,residual,384,84,29,40.44720363570017,0.0
baseline,residual,384,84,30,29.02007058867334,0.0
baseline,residual,384,84,31,44.44997216620436,0.0
baseline,residual,384,84,32,36.50822720717435,0.0
baseline,residual,384,84,33,29.51574544141069,0.0
baseline,residual,384,84,34,34.78280743698896,0.0
baseline,residual,384,84,35,43.41882827726556,0.0
baseline,residual,384,84,36,35.032296527782655,0.0
baseline,residual,384,84,37,35.50242940454379,0.0
baseline,residual,384,84,38,43.39324246523116,0.0
baseline,residual,384,84,39,36.161421383790845,0.0
baseline,residual,384,84,40,24.62341170415551,0.0
baseline,residual,384,84,41,40.24488663938259,0.0
baseline,residual,384,85,0,41.24757053883322,0.0
baseline,residual,384,85,1,38.00675056943771,0.0
baseline,residual,384,85,2,41.59535103898916,0.0
baseline,residual,384,85,3,37.811205819667855,0.0
baseline,residual,384,85,4,52.12806759345168,0.0
baseline,residual,384,85,5,46.25503445974448,0.0
baseline,residual,384,85,6,37.73581726072342,0.0
baseline,residual,384,85,7,41.7625670761264,0.0
baseline,residual,384,85,8,41.11692379597061,0.0
baseline,residual,384,85,9,42.37233480474963,0.0
baseline,residual,384,85,10,45.84840287319362,0.0
baseline,residual,384,85,11,39.27605311684727,0.0
baseline,residual,384,85,12,36.66819125634747,0.0
baseline,residual,384,85,13,41.02055278866757,0.0
baseline,residual,384,85,14,37.97648431796937,0.0
baseline,residual,384,85,15,42.986035665274834,0.0
baseline,residual,384,85,16,36.87444121362897,0.0
baseline,residual,384,85,17,41.485421225254846,0.0
baseline,residual,384,85,18,41.050605796074436,0.0
baseline,residual,384,85,19,47.7260094892223,0.0
baseline,residual,384,85,20,43.37115829317438,0.0
baseline,residual,384,85,21,41.237184642714745,0.0
baseline,residual,384,85,22,36.63582714435638,0.0
baseline,residual,384,85,23,35.49132984609256,0.0
baseline,residual,384,85,24,31.7032084540696,0.0
baseline,residual,384,85,25,32.6697626748722,0.0
baseline,residual,384,85,26,30.896768644243974,0.0
baseline,residual,384,85,27,32.60977592328271,0.0
baseline,residual,384,85,28,35.981243075980665,0.0
baseline,residual,384,85,29,40.71825611474193,0.0
baseline,residual,384,85,30,30.74068468213208,0.0
baseline,residual,384,85,31,45.079095666304674,0.0
baseline,residual,384,85,32,36.76953917929646,0.0
baseline,residual,384,85,33,31.35049494365137,0.0
baseline,residual,384,85,34,34.99844735173904,0.0
baseline,residual,384,85,35,43.93634295971282,0.0
baseline,residual,384,85,36,36.6611890774413,0.0
baseline,residual,384,85,37,36.064425227653274,0.0
baseline,residual,384,85,38,43.910757147678424,0.0
baseline,residual,384,85,39,36.41722375134286,0.0
baseline,residual,384,85,40,26.41799875359425,0.0
baseline,residual,384,85,41,40.76240132182985,0.0
baseline,residual,384,86,0,41.25014225348007,0.0
baseline,residual,384,86,1,38.007779214770856,0.0
baseline,residual,384,86,2,41.597922753636006,0.0
baseline,residual,384,86,3,37.81223454605219,0.0
baseline,residual,384,86,4,52.133210916996255,0.0
baseline,residual,384,86,5,46.25846334210752,0.0
baseline,residual,384,86,6,37.737531669612004,0.0
baseline,residual,384,86,7,41.76428154960086,0.0
baseline,residual,384,86,8,41.122067119515165,0.0
baseline,residual,384,86,9,42.374392257518295,0.0
baseline,residual,384,86,10,45.852517532029275,0.0
baseline,residual,384,86,11,39.27811040751356,0.0
baseline,residual,384,86,12,36.67076296655917,0.0
baseline,residual,384,86,13,41.02466744750323,0.0
baseline,residual,384,86,14,37.97854168613873,0.0
baseline,residual,384,86,15,42.98860738435683,0.0
baseline,residual,384,86,16,36.87649858179832,0.0
baseline,residual,384,86,17,41.4874785934242,0.0
baseline,residual,384,86,18,41.053177409407304,0.0
baseline,residual,384,86,19,49.860198367432154,0.0
baseline,residual,384,86,20,43.37373000338608,0.0
baseline,residual,384,86,21,41.239756256047606,0.0
baseline,residual,384,86,22,36.639256091305306,0.0
baseline,residual,384,86,23,35.49390145942542,0.0
baseline,residual,384,86,24,31.705780164281293,0.0
baseline,residual,384,86,25,32.67319149264936,0.0
baseline,residual,384,86,26,30.896768644243974,0.0
baseline,residual,384,86,27,32.61320474105987,0.0
baseline,residual,384,86,28,35.98381478619236,0.0
baseline,residual,384,86,29,40.72168493251908,0.0
baseline,residual,384,86,30,30.74068468213208,0.0
baseline,residual,384,86,31,45.0825246132536,0.0
baseline,residual,384,86,32,36.77211079262932,0.0
baseline,residual,384,86,33,31.350495049400507,0.0
baseline,residual,384,86,34,35.00101896507191,0.0
baseline,residual,384,86,35,43.93891466992451,0.0
baseline,residual,384,86,36,36.66376069077416,0.0
baseline,residual,384,86,37,36.06442536865213,0.0
baseline,residual,384,86,38,43.91332885789012,0.0
baseline,residual,384,86,39,36.41979536467573,0.0
baseline,residual,384,86,40,26.41799885934339,0.0
baseline,residual,384,86,41,40.764973032041546,0.0
baseline,residual,384,87,0,41.25014225348007,0.0
baseline,residual,384,87,1,38.007779214770856,0.0
baseline,residual,384,87,2,41.597922753636006,0.0
baseline,residual,384,87,3,37.81223454605219,0.0
baseline,residual,384,87,4,52.133210916996255,0.0
baseline,residual,384,87,5,46.25846334210752,0.0
baseline,residual,384,87,6,37.737531669612004,0.0
baseline,residual,384,87,7,41.76428154960087,0.0
baseline,residual,384,87,8,41.12206711951517,0.0
baseline,residual,384,87,9,42.374392257518295,0.0
baseline,residual,384,87,10,45.852517532029275,0.0
baseline,residual,384,87,11,39.27811040751356,0.0
baseline,residual,384,87,12,36.67076296655917,0.0
baseline,residual,384,87,13,41.02466744750323,0.0
baseline,residual,384,87,14,37.97854168613873,0.0
baseline,residual,384,87,15,42.98860738435683,0.0
baseline,residual,384,87,16,36.87649858179832,0.0
baseline,residual,384,87,17,41.4874785934242,0.0
baseline,residual,384,87,18,41.053177409407304,0.0
baseline,residual,384,87,19,49.860198367432154,0.0
baseline,residual,384,87,20,43.37373000338609,0.0
baseline,residual,384,87,21,41.239756256047606,0.0
baseline,residual,384,87,22,36.639256091305306,0.0
baseline,residual,384,87,23,35.49390145942542,0.0
baseline,residual,384,87,24,31.705780164281297,0.0
baseline,residual,384,87,25,32.67319149264936,0.0
baseline,residual,384,87,26,30.896768644243974,0.0
baseline,residual,384,87,27,32.61320474105987,0.0
baseline,residual,384,87,28,35.98381478619236,0.0
baseline,residual,384,87,29,40.72168493251908,0.0
baseline,residual,384,87,30,30.74068468213208,0.0
baseline,residual,384,87,31,45.082524613253604,0.0
baseline,residual,384,87,32,36.77211079262932,0.0
baseline,residual,384,87,33,31.350495049400507,0.0
baseline,residual,384,87,34,35.00101896507191,0.0
baseline,residual,384,87,35,43.938914669924515,0.0
baseline,residual,384,87,36,36.66376069077416,0.0
baseline,residual,384,87,37,36.06442536865213,0.0
baseline,residual,384,87,38,43.91332885789012,0.0
baseline,residual,384,87,39,36.41979536467573,0.0
baseline,residual,384,87,40,26.41799885934339,0.0
baseline,residual,384,87,41,44.285910284752426,0.0
baseline,residual,384,88,0,41.25014225348007,0.0
baseline,residual,384,88,1,38.00777921477086,0.0
baseline,residual,384,88,2,41.597922753636006,0.0
baseline,residual,384,88,3,37.81223454605219,0.0
baseline,residual,384,88,4,52.133210916996255,0.0
baseline,residual,384,88,5,46.258463342107525,0.0
baseline,residual,384,88,6,37.737531669612004,0.0
baseline,residual,384,88,7,41.764281549600874,0.0
baseline,residual,384,88,8,41.12206711951517,0.0
baseline,residual,384,88,9,42.374392257518295,0.0
baseline,residual,384,88,10,45.85251753202928,0.0
baseline,residual,384,88,11,39.27811040751356,0.0
baseline,residual,384,88,12,36.67076296655917,0.0
baseline,residual,384,88,13,41.02466744750323,0.0
baseline,residual,384,88,14,37.97854168613873,0.0
baseline,residual,384,88,15,42.98860738435683,0.0
baseline,residual,384,88,16,36.87649858179832,0.0
baseline,residual,384,88,17,41.4874785934242,0.0
baseline,residual,384,88,18,41.053177409407304,0.0
baseline,residual,384,88,19,49.860198367432154,0.0
baseline,residual,384,88,20,43.37373000338609,0.0
baseline,residual,384,88,21,41.239756256047606,0.0
baseline,residual,384,88,22,36.639256091305306,0.0
baseline,residual,384,88,23,35.49390145942542,0.0
baseline,residual,384,88,24,31.705780164281297,0.0
baseline,residual,384,88,25,32.67319149264936,0.0
baseline,residual,384,88,26,30.896768644243974,0.0
baseline,residual,384,88,27,32.61320474105987,0.0
baseline,residual,384,88,28,35.98381478619236,0.0
baseline,residual,384,88,29,40.72168493251908,0.0
baseline,residual,384,88,30,30.74068468213208,0.0
baseline,residual,384,88,31,45.082524613253604,0.0
baseline,residual,384,88,32,36.77211079262933,0.0
baseline,residual,384,88,33,31.350495049400507,0.0
baseline,residual,384,88,34,35.00101896507191,0.0
baseline,residual,384,88,35,43.938914669924515,0.0
baseline,residual,384,88,36,37.99250671546863,0.0
baseline,residual,384,88,37,36.06442536865213,0.0
baseline,residual,384,88,38,43.91332885789012,0.0
baseline,residual,384,88,39,36.41979536467573,0.0
baseline,residual,384,88,40,26.41799885934339,0.0
baseline,residual,384,88,41,44.285910284752426,0.0
baseline,residual,384,89,0,41.25014225348004,0.0
baseline,residual,384,89,1,38.00777921477085,0.0
baseline,residual,384,89,2,41.59792275363599,0.0
baseline,residual,384,89,3,37.81223454605215,0.0
baseline,residual,384,89,4,52.13321091699623,0.0
baseline,residual,384,89,5,46.258463342107476,0.0
baseline,residual,384,89,6,37.737531669611975,0.0
baseline,residual,384,89,7,41.76428154960083,0.0
baseline,residual,384,89,8,41.122067119515144,0.0
baseline,residual,384,89,9,42.374392257518274,0.0
baseline,residual,384,89,10,45.85251753202926,0.0
baseline,residual,384,89,11,39.27811040751356,0.0
baseline,residual,384,89,12,36.67076296655914,0.0
baseline,residual,384,89,13,41.0246674475032,0.0
baseline,residual,384,89,14,37.978541686138705,0.0
baseline,residual,384,89,15,42.98860738435683,0.0
baseline,residual,384,89,16,36.8764985817983,0.0
baseline,residual,384,89,17,41.48747859342416,0.0
baseline,residual,384,89,18,41.053177409407304,0.0
baseline,residual,384,89,19,49.860198367432126,0.0
baseline,residual,384,89,20,43.37373000338605,0.0
baseline,residual,384,89,21,41.239756256047606,0.0
baseline,residual,384,89,22,36.639256091305214,0.0
baseline,residual,384,89,23,35.493901459425395,0.0
baseline,residual,384,89,24,31.705780164281233,0.0
baseline,residual,384,89,25,32.67319149264932,0.0
baseline,residual,384,89,26,30.896768644243945,0.0
baseline,residual,384,89,27,32.61320474105987,0.0
baseline,residual,384,89,28,37.22013188004454,0.0
baseline,residual,384,89,29,40.72168493251908,0.0
baseline,residual,384,89,30,30.740684682132027,0.0
baseline,residual,384,89,31,45.08252461325356,0.0
baseline,residual,384,89,32,36.77211079262929,0.0
baseline,residual,384,89,33,31.350495049400475,0.0
baseline,residual,384,89,34,35.00101896507191,0.0
baseline,residual,384,89,35,43.93891466992445,0.0
baseline,residual,384,89,36,37.992506715468586,0.0
baseline,residual,384,89,37,36.06442536865213,0.0
baseline,residual,384,89,38,43.913328857890065,0.0
baseline,residual,384,89,39,36.41979536467573,0.0
baseline,residual,384,89,40,26.417998859343356,0.0
baseline,residual,384,89,41,44.28591028475237,0.0
baseline,residual,384,90,0,41.25014579453188,0.0
baseline,residual,384,90,1,38.0077847610527,0.0
baseline,residual,384,90,2,41.5979262198392,0.0
baseline,residual,384,90,3,37.812237319371434,0.0
baseline,residual,384,90,4,52.133217849402634,0.0
baseline,residual,384,90,5,46.25847248611237,0.0
baseline,residual,384,90,6,37.737540813616874,0.0
baseline,residual,384,90,7,41.764286072001454,0.0
baseline,residual,384,90,8,41.12207405192155,0.0
baseline,residual,384,90,9,42.374392257518274,0.0
baseline,residual,384,90,10,45.85252862459295,0.0
baseline,residual,384,90,11,39.27812138031944,0.0
baseline,residual,384,90,12,36.67076296655914,0.0
baseline,residual,384,90,13,41.02467299342833,0.0
baseline,residual,384,90,14,37.97854180589653,0.0
baseline,residual,384,90,15,42.98861431676324,0.0
baseline,residual,384,90,16,36.8764985817983,0.0
baseline,residual,384,90,17,41.48747859342416,0.0
baseline,residual,384,90,18,41.46969925757892,0.0
baseline,residual,384,90,19,49.86020529983853,0.0
baseline,residual,384,90,20,43.37373000338605,0.0
baseline,residual,384,90,21,41.23976318845402,0.0
baseline,residual,384,90,22,36.639256091305214,0.0
baseline,residual,384,90,23,35.49390839183181,0.0
baseline,residual,384,90,24,31.705780164281233,0.0
baseline,residual,384,90,25,32.673200735857876,0.0
baseline,residual,384,90,26,30.89677407112469,0.0
baseline,residual,384,90,27,32.613214183864784,0.0
baseline,residual,384,90,28,37.22013188004454,0.0
baseline,residual,384,90,29,40.721694175727635,0.0
baseline,residual,384,90,30,30.740690109012778,0.0
baseline,residual,384,90,31,45.08252461325356,0.0
baseline,residual,384,90,32,36.772117725035706,0.0
baseline,residual,384,90,33,31.350501833001406,0.0
baseline,residual,384,90,34,35.00102589747832,0.0
baseline,residual,384,90,35,43.93891466992445,0.0
baseline,residual,384,90,36,37.99252043147593,0.0
baseline,residual,384,90,37,36.06442536865213,0.0
baseline,residual,384,90,38,43.913328857890065,0.0
baseline,residual,384,90,39,36.41980908068307,0.0
baseline,residual,384,90,40,26.417998859343356,0.0
baseline,residual,384,90,41,44.28591028475237,0.0
baseline,residual,384,91,0,41.250145794532,0.0
baseline,residual,384,91,1,38.00778476105275,0.0
baseline,residual,384,91,2,41.59792621983926,0.0
baseline,residual,384,91,3,37.812237319371526,0.0
baseline,residual,384,91,4,52.13321784940275,0.0
baseline,residual,384,91,5,46.25847248611246,0.0
baseline,residual,384,91,6,37.73754081361695,0.0
baseline,residual,384,91,7,41.764286072001525,0.0
baseline,residual,384,91,8,41.122074051921665,0.0
baseline,residual,384,91,9,42.374392257518366,0.0
baseline,residual,384,91,10,45.85252862459304,0.0
baseline,residual,384,91,11,39.278121380319526,0.0
baseline,residual,384,91,12,36.67076296655925,0.0
baseline,residual,384,91,13,41.024672993428425,0.0
baseline,residual,384,91,14,37.978541805896626,0.0
baseline,residual,384,91,15,42.98861431676324,0.0
baseline,residual,384,91,16,36.87649858179848,0.0
baseline,residual,384,91,17,41.48747859342425,0.0
baseline,residual,384,91,18,41.46969925757892,0.0
baseline,residual,384,91,19,49.86020529983865,0.0
baseline,residual,384,91,20,43.373730003386164,0.0
baseline,residual,384,91,21,41.23976318845402,0.0
baseline,residual,384,91,22,36.639256091305384,0.0
baseline,residual,384,91,23,35.49390839183181,0.0
baseline,residual,384,91,24,36.644145456754394,0.0
baseline,residual,384,91,25,32.673200735857876,0.0
baseline,residual,384,91,26,30.896774071124696,0.0
baseline,residual,384,91,27,32.613214183864784,0.0
baseline,residual,384,91,28,37.22013188004466,0.0
baseline,residual,384,91,29,40.721694175727635,0.0
baseline,residual,384,91,30,30.74069010901287,0.0
baseline,residual,384,91,31,45.08252461325372,0.0
baseline,residual,384,91,32,36.772117725035706,0.0
baseline,residual,384,91,33,31.350501833001413,0.0
baseline,residual,384,91,34,35.00102589747832,0.0
baseline,residual,384,91,35,43.938914669924564,0.0
baseline,residual,384,91,36,37.992520431475945,0.0
baseline,residual,384,91,37,36.06442536865213,0.0
baseline,residual,384,91,38,43.91332885789018,0.0
baseline,residual,384,91,39,36.41980908068307,0.0
baseline,residual,384,91,40,26.41799885934336,0.0
baseline,residual,384,91,41,44.28591028475248,0.0
baseline,residual,384,92,0,41.25014579453195,0.0
baseline,residual,384,92,1,38.00778476105275,0.0
baseline,residual,384,92,2,41.59792621983923,0.0
baseline,residual,384,92,3,37.812237319371484,0.0
baseline,residual,384,92,4,52.133217849402705,0.0
baseline,residual,384,92,5,46.258472486112424,0.0
baseline,residual,384,92,6,37.73754081361695,0.0
baseline,residual,384,92,7,41.7642860720015,0.0
baseline,residual,384,92,8,41.12207405192162,0.0
baseline,residual,384,92,9,42.37439225751833,0.0
baseline,residual,384,92,10,45.852528624593,0.0
baseline,residual,384,92,11,39.278121380319526,0.0
baseline,residual,384,92,12,36.6707629665592,0.0
baseline,residual,384,92,13,41.02467299342838,0.0
baseline,residual,384,92,14,37.97854180589659,0.0
baseline,residual,384,92,15,42.98861431676324,0.0
baseline,residual,384,92,16,36.87649858179844,0.0
baseline,residual,384,92,17,41.48747859342421,0.0
baseline,residual,384,92,18,41.46969925757892,0.0
baseline,residual,384,92,19,49.860205299838604,0.0
baseline,residual,384,92,20,43.37373000338612,0.0
baseline,residual,384,92,21,41.23976318845402,0.0
baseline,residual,384,92,22,38.448008258873834,0.0
baseline,residual,384,92,23,35.49390839183181,0.0
baseline,residual,384,92,24,36.644145456754295,0.0
baseline,residual,384,92,25,32.673200735857876,0.0
baseline,residual,384,92,26,30.896774071124653,0.0
baseline,residual,384,92,27,32.613214183864784,0.0
baseline,residual,384,92,28,37.220131880044555,0.0
baseline,residual,384,92,29,40.721694175727635,0.0
baseline,residual,384,92,30,30.740690109012824,0.0
baseline,residual,384,92,31,45.082524613253646,0.0
baseline,residual,384,92,32,36.772117725035706,0.0
baseline,residual,384,92,33,31.350501833001363,0.0
baseline,residual,384,92,34,35.00102589747832,0.0
baseline,residual,384,92,35,43.93891466992452,0.0
baseline,residual,384,92,36,37.99252043147589,0.0
baseline,residual,384,92,37,36.06442536865213,0.0
baseline,residual,384,92,38,43.91332885789012,0.0
baseline,residual,384,92,39,36.41980908068307,0.0
baseline,residual,384,92,40,26.41799885934331,0.0
baseline,residual,384,92,41,44.285910284752426,0.0
baseline,residual,384,93,0,48.319080319183286,0.0
baseline,residual,384,93,1,49.116650388577106,0.0
baseline,residual,384,93,2,48.45302909372712,0.0
baseline,residual,384,93,3,44.425987753801145,0.0
baseline,residual,384,93,4,57.66671243816362,0.0
baseline,residual,384,93,5,53.68055559494654,0.0
baseline,residual,384,93,6,47.069757962343544,0.0
baseline,residual,384,93,7,47.344577611127725,0.0
baseline,residual,384,93,8,46.676201352263284,0.0
baseline,residual,384,93,9,46.72369948276912,0.0
baseline,residual,384,93,10,52.544059672902115,0.0
baseline,residual,384,93,11,46.00075731449397,0.0
baseline,residual,384,93,12,42.354423648954295,0.0
baseline,residual,384,93,13,45.36748431496935,0.0
baseline,residual,384,93,14,42.45624355526151,0.0
baseline,residual,384,93,15,48.52210890552417,0.0
baseline,residual,384,93,16,43.618457173652565,0.0
baseline,residual,384,93,17,48.19665519434555,0.0
baseline,residual,384,93,18,49.83411306796532,0.0
baseline,residual,384,93,19,52.622892654400424,0.0
baseline,residual,384,93,20,48.72193543945897,0.0
baseline,residual,384,93,21,46.668277340380236,0.0
baseline,residual,384,93,22,38.448008258873834,0.0
baseline,residual,384,93,23,43.99367276576236,0.0
baseline,residual,384,93,24,39.509346516593006,0.0
baseline,residual,384,93,25,40.12241530350395,0.0
baseline,residual,384,93,26,35.35025123040255,0.0
baseline,residual,384,93,27,40.06522392662329,0.0
baseline,residual,384,93,28,40.044355451217285,0.0
baseline,residual,384,93,29,47.841808250975056,0.0
baseline,residual,384,93,30,37.512555016476,0.0
baseline,residual,384,93,31,45.082524613253646,0.0
baseline,residual,384,93,32,45.150468596550105,0.0
baseline,residual,384,93,33,34.12590833631888,0.0
baseline,residual,384,93,34,40.55515319781999,0.0
baseline,residual,384,93,35,49.53394547529634,0.0
baseline,residual,384,93,36,43.53061428935524,0.0
baseline,residual,384,93,37,36.06442536865213,0.0
baseline,residual,384,93,38,49.508359663261956,0.0
baseline,residual,384,93,39,44.74934288434226,0.0
baseline,residual,384,93,40,26.41799885934331,0.0
baseline,residual,384,93,41,49.88094109012426,0.0
baseline,residual,384,94,0,48.319080319183286,0.0
baseline,residual,384,94,1,49.116650388577106,0.0
baseline,residual,384,94,2,48.45302909372713,0.0
baseline,residual,384,94,3,44.42598775380115,0.0
baseline,residual,384,94,4,57.66671243816362,0.0
baseline,residual,384,94,5,53.68055559494654,0.0
baseline,residual,384,94,6,47.06975796234355,0.0
baseline,residual,384,94,7,47.344577611127725,0.0
baseline,residual,384,94,8,46.67620135226329,0.0
baseline,residual,384,94,9,46.72369948276912,0.0
baseline,residual,384,94,10,52.54405967290213,0.0
baseline,residual,384,94,11,46.00075731449398,0.0
baseline,residual,384,94,12,42.354423648954295,0.0
baseline,residual,384,94,13,45.36748431496935,0.0
baseline,residual,384,94,14,42.45624355526151,0.0
baseline,residual,384,94,15,48.52210890552417,0.0
baseline,residual,384,94,16,43.618457173652565,0.0
baseline,residual,384,94,17,48.19665519434555,0.0
baseline,residual,384,94,18,49.834113067965326,0.0
baseline,residual,384,94,19,52.62289265440043,0.0
baseline,residual,384,94,20,48.72193543945897,0.0
baseline,residual,384,94,21,46.668277340380236,0.0
baseline,residual,384,94,22,38.448008258873834,0.0
baseline,residual,384,94,23,43.99367276576237,0.0
baseline,residual,384,94,24,39.509346516593006,0.0
baseline,residual,384,94,25,40.12241530350396,0.0
baseline,residual,384,94,26,35.35025123040255,0.0
baseline,residual,384,94,27,40.065223926623304,0.0
baseline,residual,384,94,28,40.044355451217285,0.0
baseline,residual,384,94,29,49.17909937285077,0.0
baseline,residual,384,94,30,37.512555016476,0.0
baseline,residual,384,94,31,45.082524613253646,0.0
baseline,residual,384,94,32,45.150468596550105,0.0
baseline,residual,384,94,33,34.12590833631888,0.0
baseline,residual,384,94,34,40.55515319782,0.0
baseline,residual,384,94,35,49.53394547529634,0.0
baseline,residual,384,94,36,43.53061428935524,0.0
baseline,residual,384,94,37,36.06442536865213,0.0
baseline,residual,384,94,38,49.508359663261956,0.0
baseline,residual,384,94,39,44.749342884342276,0.0
baseline,residual,384,94,40,26.41799885934331,0.0
baseline,residual,384,94,41,49.88094109012426,0.0
baseline,residual,384,95,0,48.31908031918331,0.0
baseline,residual,384,95,1,49.116650388577106,0.0
baseline,residual,384,95,2,48.45302909372713,0.0
baseline,residual,384,95,3,44.42598775380115,0.0
baseline,residual,384,95,4,57.66671243816364,0.0
baseline,residual,384,95,5,53.680555594946554,0.0
baseline,residual,384,95,6,47.06975796234355,0.0
baseline,residual,384,95,7,47.34457761112773,0.0
baseline,residual,384,95,8,46.6762013522633,0.0
baseline,residual,384,95,9,46.72369948276913,0.0
baseline,residual,384,95,10,52.54405967290213,0.0
baseline,residual,384,95,11,46.00075731449398,0.0
baseline,residual,384,95,12,42.3544236489543,0.0
baseline,residual,384,95,13,45.36748431496937,0.0
baseline,residual,384,95,14,42.45624355526151,0.0
baseline,residual,384,95,15,48.52210890552417,0.0
baseline,residual,384,95,16,43.61845717365257,0.0
baseline,residual,384,95,17,48.19665519434556,0.0
baseline,residual,384,95,18,49.834113067965326,0.0
baseline,residual,384,95,19,52.62289265440044,0.0
baseline,residual,384,95,20,48.721935439458974,0.0
baseline,residual,384,95,21,46.668277340380236,0.0
baseline,residual,384,95,22,38.448008258873855,0.0
baseline,residual,384,95,23,43.99367276576237,0.0
baseline,residual,384,95,24,39.50934651659302,0.0
baseline,residual,384,95,25,40.12241530350396,0.0
baseline,residual,384,95,26,35.350251230402556,0.0
baseline,residual,384,95,27,40.065223926623304,0.0
baseline,residual,384,95,28,40.04435545121731,0.0
baseline,residual,384,95,29,49.17909937285077,0.0
baseline,residual,384,95,30,37.51255501647601,0.0
baseline,residual,384,95,31,45.08252461325365,0.0
baseline,residual,384,95,32,45.150468596550105,0.0
baseline,residual,384,95,33,34.12590833631889,0.0
baseline,residual,384,95,34,40.55515319782,0.0
baseline,residual,384,95,35,49.533945475296356,0.0
baseline,residual,384,95,36,43.53061428935526,0.0
baseline,residual,384,95,37,36.06442536865213,0.0
baseline,residual,384,95,38,49.508359663261956,0.0
baseline,residual,384,95,39,44.749342884342276,0.0
baseline,residual,384,95,40,26.417998859343317,0.0
baseline,residual,384,95,41,49.88094109012426,0.0
baseline,residual,384,96,0,48.31951698369753,0.0
baseline,residual,384,96,1,49.11699838085911,0.0
baseline,residual,384,96,2,48.45346406797864,0.0
baseline,residual,384,96,3,44.426335745818086,0.0
baseline,residual,384,96,4,57.66758238666667,0.0
baseline,residual,384,96,5,53.68142331101305,0.0
baseline,residual,384,96,6,47.070335695796594,0.0
baseline,residual,384,96,7,47.34515534413899,0.0
baseline,residual,384,96,8,46.67707130076633,0.0
baseline,residual,384,96,9,46.724047461905265,0.0
baseline,residual,384,96,10,54.09179739537081,0.0
baseline,residual,384,96,11,46.00145059463763,0.0
baseline,residual,384,96,12,42.35485862287448,0.0
baseline,residual,384,96,13,45.36818027377179,0.0
baseline,residual,384,96,14,42.456594238818006,0.0
baseline,residual,384,96,15,48.522543880107015,0.0
baseline,residual,384,96,16,43.61880515278872,0.0
baseline,residual,384,96,17,48.1970031734817,0.0
baseline,residual,384,96,18,49.834983048670345,0.0
baseline,residual,384,96,19,52.62376260290347,0.0
baseline,residual,384,96,20,48.722370413379146,0.0
baseline,residual,384,96,21,46.66871231496308,0.0
baseline,residual,384,96,22,38.44858822410076,0.0
baseline,residual,384,96,23,43.99410774034522,0.0
baseline,residual,384,96,24,39.5097814905132,0.0
baseline,residual,384,96,25,40.12299526961443,0.0
baseline,residual,384,96,26,35.35059653087992,0.0
baseline,residual,384,96,27,40.06580840010103,0.0
baseline,residual,384,96,28,40.04479042513748,0.0
baseline,residual,384,96,29,49.17967933896124,0.0
baseline,residual,384,96,30,37.51290031695338,0.0
baseline,residual,384,96,31,45.083104578480565,0.0
baseline,residual,384,96,32,45.15090357113297,0.0
baseline,residual,384,96,33,34.12633996191561,0.0
baseline,residual,384,96,34,40.55558817240284,0.0
baseline,residual,384,96,35,49.53438044921652,0.0
baseline,residual,384,96,36,43.531480889534826,0.0
baseline,residual,384,96,37,36.06442536865213,0.0
baseline,residual,384,96,38,49.50879463718214,0.0
baseline,residual,384,96,39,44.75020948452184,0.0
baseline,residual,384,96,40,26.417998859343317,0.0
baseline,residual,384,96,41,49.881376064044446,0.0
baseline,residual,384,97,0,48.31951698369753,0.0
baseline,residual,384,97,1,49.11699838085912,0.0
baseline,residual,384,97,2,48.45346406797865,0.0
baseline,residual,384,97,3,44.42633574581809,0.0
baseline,residual,384,97,4,57.66758238666667,0.0
baseline,residual,384,97,5,53.681423311013056,0.0
baseline,residual,384,97,6,47.07033569579661,0.0
baseline,residual,384,97,7,47.345155344139,0.0
baseline,residual,384,97,8,46.677071300766336,0.0
baseline,residual,384,97,9,46.724047461905265,0.0
baseline,residual,384,97,10,54.091797395370826,0.0
baseline,residual,384,97,11,46.001450594637646,0.0
baseline,residual,384,97,12,42.35485862287448,0.0
baseline,residual,384,97,13,45.36818027377179,0.0
baseline,residual,384,97,14,42.456594238818006,0.0
baseline,residual,384,97,15,48.52254388010704,0.0
baseline,residual,384,97,16,43.61880515278872,0.0
baseline,residual,384,97,17,48.1970031734817,0.0
baseline,residual,384,97,18,49.83498304867036,0.0
baseline,residual,384,97,19,52.623762602903476,0.0
baseline,residual,384,97,20,48.722370413379146,0.0
baseline,residual,384,97,21,46.6687123149631,0.0
baseline,residual,384,97,22,38.44858822410076,0.0
baseline,residual,384,97,23,43.994107740345235,0.0
baseline,residual,384,97,24,39.5097814905132,0.0
baseline,residual,384,97,25,40.12299526961444,0.0
baseline,residual,384,97,26,35.35059653087993,0.0
baseline,residual,384,97,27,40.06580840010104,0.0
baseline,residual,384,97,28,40.04479042513748,0.0
baseline,residual,384,97,29,49.17967933896126,0.0
baseline,residual,384,97,30,37.512900316953385,0.0
baseline,residual,384,97,31,45.083104578480565,0.0
baseline,residual,384,97,32,45.15090357113297,0.0
baseline,residual,384,97,33,34.12633996191562,0.0
baseline,residual,384,97,34,40.55558817240286,0.0
baseline,residual,384,97,35,49.53438044921652,0.0
baseline,residual,384,97,36,43.53148088953484,0.0
baseline,residual,384,97,37,36.06442536865213,0.0
baseline,residual,384,97,38,49.50879463718214,0.0
baseline,residual,384,97,39,50.60836021444919,0.0
baseline,residual,384,97,40,26.417998859343317,0.0
baseline,residual,384,97,41,49.881376064044446,0.0
baseline,residual,384,98,0,48.323529287357196,0.0
baseline,residual,384,98,1,49.120373095390356,0.0
baseline,residual,384,98,2,48.45727038089137,0.0
baseline,residual,384,98,3,44.431150597870186,0.0
baseline,residual,384,98,4,57.675606993986,0.0
baseline,residual,384,98,5,53.68972271876246,0.0
baseline,residual,384,98,6,47.07596022001533,0.0
baseline,residual,384,98,7,48.94994747399937,0.0
baseline,residual,384,98,8,46.68108362606236,0.0
baseline,residual,384,98,9,46.73046714776071,0.0
baseline,residual,384,98,10,54.09821684585178,0.0
baseline,residual,384,98,11,46.00754042530533,0.0
baseline,residual,384,98,12,42.362883230193795,0.0
baseline,residual,384,98,13,45.374270374432136,0.0
baseline,residual,384,98,14,42.46589416509699,0.0
baseline,residual,384,98,15,48.52655616213034,0.0
baseline,residual,384,98,16,43.625224838644165,0.0
baseline,residual,384,98,17,48.20375287253684,0.0
baseline,residual,384,98,18,49.838995036475545,0.0
baseline,residual,384,98,19,52.6277749281995,0.0
baseline,residual,384,98,20,48.73039502069847,0.0
baseline,residual,384,98,21,46.67231261549252,0.0
baseline,residual,384,98,22,38.45393799116212,0.0
baseline,residual,384,98,23,43.99452025684483,0.0
baseline,residual,384,98,24,39.513793815809215,0.0
baseline,residual,384,98,25,40.12354529161391,0.0
baseline,residual,384,98,26,35.35668636154762,0.0
baseline,residual,384,98,27,40.06580840010104,0.0
baseline,residual,384,98,28,40.049215266933096,0.0
baseline,residual,384,98,29,49.17967933896126,0.0
baseline,residual,384,98,30,37.51643992039722,0.0
baseline,residual,384,98,31,45.09325474624781,0.0
baseline,residual,384,98,32,45.15131608763258,0.0
baseline,residual,384,98,33,34.1303519497208,0.0
baseline,residual,384,98,34,40.55918847293227,0.0
baseline,residual,384,98,35,49.54281757303545,0.0
baseline,residual,384,98,36,43.535492877340026,0.0
baseline,residual,384,98,37,36.06922576935801,0.0
baseline,residual,384,98,38,49.51723176100106,0.0
baseline,residual,384,98,39,50.61237220225437,0.0
baseline,residual,384,98,40,26.421599159872738,0.0
baseline,residual,384,98,41,49.88981318786336,0.0
baseline,residual,384,99,0,48.323529287357196,0.0
baseline,residual,384,99,1,49.120373095390356,0.0
baseline,residual,384,99,2,48.45727038089137,0.0
baseline,residual,384,99,3,44.431150597870186,0.0
baseline,residual,384,99,4,57.675606993986,0.0
baseline,residual,384,99,5,53.68972271876247,0.0
baseline,residual,384,99,6,47.07596022001533,0.0
baseline,residual,384,99,7,48.94994747399938,0.0
baseline,residual,384,99,8,46.68108362606236,0.0
baseline,residual,384,99,9,46.73046714776072,0.0
baseline,residual,384,99,10,54.09821684585179,0.0
baseline,residual,384,99,11,46.00754042530533,0.0
baseline,residual,384,99,12,42.3628832301938,0.0
baseline,residual,384,99,13,45.37427037443214,0.0
baseline,residual,384,99,14,42.465894165097005,0.0
baseline,residual,384,99,15,48.52655616213034,0.0
baseline,residual,384,99,16,43.625224838644165,0.0
baseline,residual,384,99,17,48.20375287253684,0.0
baseline,residual,384,99,18,49.838995036475545,0.0
baseline,residual,384,99,19,52.6277749281995,0.0
baseline,residual,384,99,20,48.730395020698474,0.0
baseline,residual,384,99,21,46.67231261549252,0.0
baseline,residual,384,99,22,38.45393799116212,0.0
baseline,residual,384,99,23,43.99452025684483,0.0
baseline,residual,384,99,24,39.513793815809215,0.0
baseline,residual,384,99,25,40.12354529161391,0.0
baseline,residual,384,99,26,35.35668636154762,0.0
baseline,residual,384,99,27,40.06580840010104,0.0
baseline,residual,384,99,28,40.04921526693311,0.0
baseline,residual,384,99,29,49.17967933896126,0.0
baseline,residual,384,99,30,37.51643992039722,0.0
baseline,residual,384,99,31,45.19160118652562,0.0
baseline,residual,384,99,32,45.15131608763258,0.0
baseline,residual,384,99,33,34.1303519497208,0.0
baseline,residual,384,99,34,40.55918847293228,0.0
baseline,residual,384,99,35,49.54281757303546,0.0
baseline,residual,384,99,36,43.535492877340026,0.0
baseline,residual,384,99,37,36.06922576935803,0.0
baseline,residual,384,99,38,49.517231761001064,0.0
baseline,residual,384,99,39,50.61237220225437,0.0
baseline,residual,384,99,40,26.42159915987274,0.0
baseline,residual,384,99,41,49.889813187863375,0.0
baseline,residual,384,100,0,49.31209447289715,0.0
baseline,residual,384,100,1,49.28382364683338,0.0
baseline,residual,384,100,2,48.652812996018724,0.0
baseline,residual,384,100,3,45.37025859356057,0.0
baseline,residual,384,100,4,57.75593673418052,0.0
baseline,residual,384,100,5,53.83677077148116,0.0
baseline,residual,384,100,6,47.20841928119008,0.0
baseline,residual,384,100,7,49.15209857571551,0.0
baseline,residual,384,100,8,46.761413366256875,0.0
baseline,residual,384,100,9,46.92226453997618,0.0
baseline,residual,384,100,10,54.27461118245258,0.0
baseline,residual,384,100,11,46.18279556598706,0.0
baseline,residual,384,100,12,42.44321297038832,0.0
baseline,residual,384,100,13,45.56790485680643,0.0
baseline,residual,384,100,14,42.64603768091279,0.0
baseline,residual,384,100,15,48.60691437292795,0.0
baseline,residual,384,100,16,43.736245633102655,0.0
baseline,residual,384,100,17,48.31783605621734,0.0
baseline,residual,384,100,18,49.97915821703202,0.0
baseline,residual,384,100,19,52.78846287919165,0.0
baseline,residual,384,100,20,48.87940867738218,0.0
baseline,residual,384,100,21,46.83402597826586,0.0
baseline,residual,384,100,22,40.822112426261626,0.0
baseline,residual,384,100,23,44.05679449625094,0.0
baseline,residual,384,100,24,41.348370895012444,0.0
baseline,residual,384,100,25,40.20657761082205,0.0
baseline,residual,384,100,26,36.84182536883056,0.0
baseline,residual,384,100,27,40.14873517487312,0.0
baseline,residual,384,100,28,41.88762033266384,0.0
baseline,residual,384,100,29,49.27125789428018,0.0
baseline,residual,384,100,30,39.03203166271099,0.0
baseline,residual,384,100,31,45.40891360477984,0.0
baseline,residual,384,100,32,45.213590327038695,0.0
baseline,residual,384,100,33,35.98447934612596,0.0
baseline,residual,384,100,34,40.641843046428434,0.0
baseline,residual,384,100,35,49.68542155263608,0.0
baseline,residual,384,100,36,45.30926206294756,0.0
baseline,residual,384,100,37,36.286576148416394,0.0
baseline,residual,384,100,38,49.659835740601686,0.0
baseline,residual,384,100,39,50.690340301731794,0.0
baseline,residual,384,100,40,28.28041303029663,0.0
baseline,residual,384,100,41,50.03241716746399,0.0
baseline,residual,384,101,0,49.99276914967685,0.0
baseline,residual,384,101,1,49.74095742878959,0.0
baseline,residual,384,101,2,49.81621797863335,0.0
baseline,residual,384,101,3,46.02938898756641,0.0
baseline,residual,384,101,4,59.117286087739906,0.0
baseline,residual,384,101,5,54.744337007187426,0.0
baseline,residual,384,101,6,47.66107526799985,0.0
baseline,residual,384,101,7,49.941415582608,0.0
baseline,residual,384,101,8,48.12276271981627,0.0
baseline,residual,384,101,9,47.83923721839266,0.0
baseline,residual,384,101,10,55.3636906653001,0.0
baseline,residual,384,101,11,47.12727085975401,0.0
baseline,residual,384,101,12,43.125578343733046,0.0
baseline,residual,384,101,13,53.46089018219346,0.0
baseline,residual,384,101,14,43.59321808918378,0.0
baseline,residual,384,101,15,49.28589835314262,0.0
baseline,residual,384,101,16,44.28213793177843,0.0
baseline,residual,384,101,17,48.86372835489312,0.0
baseline,residual,384,101,18,50.65814219724668,0.0
baseline,residual,384,101,19,54.14981223275103,0.0
baseline,residual,384,101,20,49.56177405072691,0.0
baseline,residual,384,101,21,48.47847057015042,0.0
baseline,residual,384,101,22,41.73193292405459,0.0
baseline,residual,384,101,23,44.73577847646561,0.0
baseline,residual,384,101,24,42.03073626835717,0.0
baseline,residual,384,101,25,41.11188958444161,0.0
baseline,residual,384,101,26,37.243113478425784,0.0
baseline,residual,384,101,27,41.05404714849268,0.0
baseline,residual,384,101,28,42.569985706008566,0.0
baseline,residual,384,101,29,50.176569867899744,0.0
baseline,residual,384,101,30,39.03203166271099,0.0
baseline,residual,384,101,31,46.98754761856483,0.0
baseline,residual,384,101,32,45.89257430725335,0.0
baseline,residual,384,101,33,35.98447934612596,0.0
baseline,residual,384,101,34,41.82243716363711,0.0
baseline,residual,384,101,35,50.3677869259808,0.0
baseline,residual,384,101,36,45.98824604316223,0.0
baseline,residual,384,101,37,36.955389664408415,0.0
baseline,residual,384,101,38,50.34220111394641,0.0
baseline,residual,384,101,39,51.369324281946454,0.0
baseline,residual,384,101,40,28.782023167290642,0.0
baseline,residual,384,101,41,50.71478254080872,0.0
baseline,residual,384,102,0,49.99284218579327,0.0
baseline,residual,384,102,1,49.74107412417469,0.0
baseline,residual,384,102,2,49.816290913247435,0.0
baseline,residual,384,102,3,46.02944733526024,0.0
baseline,residual,384,102,4,59.11743195696808,0.0
baseline,residual,384,102,5,54.744531364159464,0.0
baseline,residual,384,102,6,47.6612696249719,0.0
baseline,residual,384,102,7,49.94151269342793,0.0
baseline,residual,384,102,8,48.122908589044435,0.0
baseline,residual,384,102,9,47.83923721839266,0.0
baseline,residual,384,102,10,55.36392405607028,0.0
baseline,residual,384,102,11,47.12750408812045,0.0
baseline,residual,384,102,12,43.125578343733046,0.0
baseline,residual,384,102,13,53.461006877576,0.0
baseline,residual,384,102,14,43.59321825158751,0.0
baseline,residual,384,102,15,49.2860442223708,0.0
baseline,residual,384,102,16,44.28213793177843,0.0
baseline,residual,384,102,17,48.86372835489312,0.0
baseline,residual,384,102,18,52.330686881311834,0.0
baseline,residual,384,102,19,54.1499581019792,0.0
baseline,residual,384,102,20,49.56177405072691,0.0
baseline,residual,384,102,21,48.478616439378584,0.0
baseline,residual,384,102,22,41.73193292405459,0.0
baseline,residual,384,102,23,44.735924345693775,0.0
baseline,residual,384,102,24,42.03073626835717,0.0
baseline,residual,384,102,25,41.112084076745845,0.0
baseline,residual,384,102,26,37.243230011409686,0.0
baseline,residual,384,102,27,41.05424191146979,0.0
baseline,residual,384,102,28,42.569985706008566,0.0
baseline,residual,384,102,29,50.176764360203975,0.0
baseline,residual,384,102,30,39.03214819569491,0.0
baseline,residual,384,102,31,46.98754761856483,0.0
baseline,residual,384,102,32,45.89272017648151,0.0
baseline,residual,384,102,33,35.98462501235584,0.0
baseline,residual,384,102,34,41.82258303286528,0.0
baseline,residual,384,102,35,50.3677869259808,0.0
baseline,residual,384,102,36,45.98853757862028,0.0
baseline,residual,384,102,37,36.955389664408415,0.0
baseline,residual,384,102,38,50.34220111394641,0.0
baseline,residual,384,102,39,51.369615817404515,0.0
baseline,residual,384,102,40,28.782023167290642,0.0
baseline,residual,384,102,41,50.71478254080872,0.0
baseline,residual,384,103,0,50.499931138019214,0.0
baseline,residual,384,103,1,50.06245697199104,0.0
baseline,residual,384,103,2,50.45846329817226,0.0
baseline,residual,384,103,3,46.22180239538375,0.0
baseline,residual,384,103,4,60.13160986141997,0.0
baseline,residual,384,103,5,55.42064996712739,0.0
baseline,residual,384,103,6,48.0167964610673,0.0
baseline,residual,384,103,7,50.26210446030044,0.0
baseline,residual,384,103,8,57.16093899412444,0.0
baseline,residual,384,103,9,48.22394733863968,0.0
baseline,residual,384,103,10,56.175266379631786,0.0
baseline,residual,384,103,11,47.55413629143494,0.0
baseline,residual,384,103,12,43.60646599404182,0.0
baseline,residual,384,103,13,54.272349201137494,0.0
baseline,residual,384,103,14,43.97792837183453,0.0
baseline,residual,384,103,15,49.81933447651391,0.0
baseline,residual,384,103,16,44.88298154434368,0.0
baseline,residual,384,103,17,49.464571967458355,0.0
baseline,residual,384,103,18,52.863977135454945,0.0
baseline,residual,384,103,19,55.164136006431086,0.0
baseline,residual,384,103,20,50.042661701035684,0.0
baseline,residual,384,103,21,49.0119066935217,0.0
baseline,residual,384,103,22,42.373116457799625,0.0
baseline,residual,384,103,23,45.26921459983689,0.0
baseline,residual,384,103,24,42.51162391866594,0.0
baseline,residual,384,103,25,41.82313774893666,0.0
baseline,residual,384,103,26,37.4593635037279,0.0
baseline,residual,384,103,27,41.7652955836606,0.0
baseline,residual,384,103,28,43.05087335631735,0.0
baseline,residual,384,103,29,50.88781803239478,0.0
baseline,residual,384,103,30,39.03214819569491,0.0
baseline,residual,384,103,31,47.62873115230986,0.0
baseline,residual,384,103,32,46.6961772960224,0.0
baseline,residual,384,103,33,35.98462501235584,0.0
baseline,residual,384,103,34,42.62604015240616,0.0
baseline,residual,384,103,35,50.848674576289575,0.0
baseline,residual,384,103,36,46.52182783276339,0.0
baseline,residual,384,103,37,36.955389664408415,0.0
baseline,residual,384,103,38,50.82308876425518,0.0
baseline,residual,384,103,39,52.1730729369454,0.0
baseline,residual,384,103,40,28.782023167290642,0.0
baseline,residual,384,103,41,51.19567019111749,0.0
baseline,residual,384,104,0,50.50109017885135,0.0
baseline,residual,384,104,1,50.06338416177643,0.0
baseline,residual,384,104,2,50.45904286380253,0.0
baseline,residual,384,104,3,46.221802438264056,0.0
baseline,residual,384,104,4,60.13392783588345,0.0
baseline,residual,384,104,5,55.42219528343637,0.0
baseline,residual,384,104,6,48.01834177737629,0.0
baseline,residual,384,104,7,50.26287709390293,0.0
baseline,residual,384,104,8,57.162098018184196,0.0
baseline,residual,384,104,9,48.2248745847233,0.0
baseline,residual,384,104,10,56.176193598879586,0.0
baseline,residual,384,104,11,47.55506351068275,0.0
baseline,residual,384,104,12,43.607624944445554,0.0
baseline,residual,384,104,13,54.27327642038531,0.0
baseline,residual,384,104,14,43.97885553215751,0.0
baseline,residual,384,104,15,52.09732830713051,0.0
baseline,residual,384,104,16,44.88390870466666,0.0
baseline,residual,384,104,17,49.465499127781335,0.0
baseline,residual,384,104,18,52.8651361595147,0.0
baseline,residual,384,104,19,55.16529513769162,0.0
baseline,residual,384,104,20,50.04382065143941,0.0
baseline,residual,384,104,21,49.01306571758145,0.0
baseline,residual,384,104,22,42.373116457799625,0.0
baseline,residual,384,104,23,45.27037362389664,0.0
baseline,residual,384,104,24,42.51162391866594,0.0
baseline,residual,384,104,25,41.824683114349654,0.0
baseline,residual,384,104,26,37.4593635037279,0.0
baseline,residual,384,104,27,41.76684094907361,0.0
baseline,residual,384,104,28,43.05087335631735,0.0
baseline,residual,384,104,29,50.889363397807784,0.0
baseline,residual,384,104,30,39.03214819569491,0.0
baseline,residual,384,104,31,47.62873115230986,0.0
baseline,residual,384,104,32,46.69733632008215,0.0
baseline,residual,384,104,33,35.984625119556625,0.0
baseline,residual,384,104,34,42.627199176465915,0.0
baseline,residual,384,104,35,50.84983352669332,0.0
baseline,residual,384,104,36,46.522986856823145,0.0
baseline,residual,384,104,37,36.95538980734279,0.0
baseline,residual,384,104,38,50.82424771465892,0.0
baseline,residual,384,104,39,52.17423196100515,0.0
baseline,residual,384,104,40,28.782023274491422,0.0
baseline,residual,384,104,41,51.19682914152122,0.0
baseline,residual,384,105,0,50.501090178851406,0.0
baseline,residual,384,105,1,50.06338416177649,0.0
baseline,residual,384,105,2,50.45904286380259,0.0
baseline,residual,384,105,3,46.22180243826406,0.0
baseline,residual,384,105,4,60.13392783588356,0.0
baseline,residual,384,105,5,55.422195283436466,0.0
baseline,residual,384,105,6,48.01834177737638,0.0
baseline,residual,384,105,7,50.262877093902944,0.0
baseline,residual,384,105,8,57.16209801818431,0.0
baseline,residual,384,105,9,48.2248745847233,0.0
baseline,residual,384,105,10,56.176193598879685,0.0
baseline,residual,384,105,11,47.55506351068284,0.0
baseline,residual,384,105,12,43.607624944445554,0.0
baseline,residual,384,105,13,54.2732764203854,0.0
baseline,residual,384,105,14,43.97885553215751,0.0
baseline,residual,384,105,15,52.097328307130624,0.0
baseline,residual,384,105,16,44.88390870466666,0.0
baseline,residual,384,105,17,49.46549912778135,0.0
baseline,residual,384,105,18,52.86513615951481,0.0
baseline,residual,384,105,19,55.165295137691736,0.0
baseline,residual,384,105,20,50.04382065143941,0.0
baseline,residual,384,105,21,49.01306571758156,0.0
baseline,residual,384,105,22,42.373116457799625,0.0
baseline,residual,384,105,23,45.27037362389677,0.0
baseline,residual,384,105,24,42.51162391866594,0.0
baseline,residual,384,105,25,52.053415693977655,0.0
baseline,residual,384,105,26,37.4593635037279,0.0
baseline,residual,384,105,27,41.76684094907376,0.0
baseline,residual,384,105,28,43.05087335631735,0.0
baseline,residual,384,105,29,50.88936339780795,0.0
baseline,residual,384,105,30,39.032148195694916,0.0
baseline,residual,384,105,31,47.62873115230986,0.0
baseline,residual,384,105,32,46.69733632008228,0.0
baseline,residual,384,105,33,35.984625119556625,0.0
baseline,residual,384,105,34,42.62719917646603,0.0
baseline,residual,384,105,35,50.84983352669332,0.0
baseline,residual,384,105,36,46.52298685682326,0.0
baseline,residual,384,105,37,36.95538980734279,0.0
baseline,residual,384,105,38,50.82424771465893,0.0
baseline,residual,384,105,39,52.17423196100526,0.0
baseline,residual,384,105,40,28.782023274491422,0.0
baseline,residual,384,105,41,51.19682914152124,0.0
baseline,residual,384,106,0,50.5010901788514,0.0
baseline,residual,384,106,1,50.063384161776476,0.0
baseline,residual,384,106,2,50.45904286380259,0.0
baseline,residual,384,106,3,46.221802438264056,0.0
baseline,residual,384,106,4,60.13392783588356,0.0
baseline,residual,384,106,5,55.42219528343645,0.0
baseline,residual,384,106,6,48.018341777376364,0.0
baseline,residual,384,106,7,50.26287709390294,0.0
baseline,residual,384,106,8,57.1620980181843,0.0
baseline,residual,384,106,9,48.2248745847233,0.0
baseline,residual,384,106,10,56.17619359887967,0.0
baseline,residual,384,106,11,47.555063510682835,0.0
baseline,residual,384,106,12,43.607624944445554,0.0
baseline,residual,384,106,13,54.27327642038539,0.0
baseline,residual,384,106,14,43.97885553215751,0.0
baseline,residual,384,106,15,52.0973283071306,0.0
baseline,residual,384,106,16,44.88390870466666,0.0
baseline,residual,384,106,17,49.46549912778134,0.0
baseline,residual,384,106,18,52.865136159514805,0.0
baseline,residual,384,106,19,55.165295137691736,0.0
baseline,residual,384,106,20,50.04382065143941,0.0
baseline,residual,384,106,21,49.01306571758156,0.0
baseline,residual,384,106,22,42.373116457799625,0.0
baseline,residual,384,106,23,45.27037362389675,0.0
baseline,residual,384,106,24,42.51162391866594,0.0
baseline,residual,384,106,25,52.05341569397763,0.0
baseline,residual,384,106,26,37.4593635037279,0.0
baseline,residual,384,106,27,41.766840949073746,0.0
baseline,residual,384,106,28,43.05087335631735,0.0
baseline,residual,384,106,29,50.88936339780793,0.0
baseline,residual,384,106,30,39.03214819569491,0.0
baseline,residual,384,106,31,47.62873115230986,0.0
baseline,residual,384,106,32,46.697336320082265,0.0
baseline,residual,384,106,33,35.984625119556625,0.0
baseline,residual,384,106,34,42.62719917646603,0.0
baseline,residual,384,106,35,50.84983352669332,0.0
baseline,residual,384,106,36,46.52298685682326,0.0
baseline,residual,384,106,37,36.95538980734279,0.0
baseline,residual,384,106,38,50.824247714658924,0.0
baseline,residual,384,106,39,52.17423196100526,0.0
baseline,residual,384,106,40,28.782023274491422,0.0
baseline,residual,384,106,41,51.19682914152123,0.0
baseline,residual,384,107,0,50.5010901788514,0.0
baseline,residual,384,107,1,50.063384161776476,0.0
baseline,residual,384,107,2,50.45904286380259,0.0
baseline,residual,384,107,3,46.221802438264056,0.0
baseline,residual,384,107,4,60.13392783588356,0.0
baseline,residual,384,107,5,55.42219528343645,0.0
baseline,residual,384,107,6,48.018341777376364,0.0
baseline,residual,384,107,7,50.26287709390294,0.0
baseline,residual,384,107,8,57.1620980181843,0.0
baseline,residual,384,107,9,48.2248745847233,0.0
baseline,residual,384,107,10,56.17619359887967,0.0
baseline,residual,384,107,11,47.555063510682835,0.0
baseline,residual,384,107,12,43.607624944445554,0.0
baseline,residual,384,107,13,54.27327642038539,0.0
baseline,residual,384,107,14,43.97885553215751,0.0
baseline,residual,384,107,15,52.0973283071306,0.0
baseline,residual,384,107,16,44.88390870466666,0.0
baseline,residual,384,107,17,49.46549912778134,0.0
baseline,residual,384,107,18,52.865136159514805,0.0
baseline,residual,384,107,19,55.165295137691736,0.0
baseline,residual,384,107,20,50.04382065143941,0.0
baseline,residual,384,107,21,49.01306571758156,0.0
baseline,residual,384,107,22,42.373116457799625,0.0
baseline,residual,384,107,23,45.27037362389675,0.0
baseline,residual,384,107,24,42.51162391866594,0.0
baseline,residual,384,107,25,52.05341569397763,0.0
baseline,residual,384,107,26,37.4593635037279,0.0
baseline,residual,384,107,27,41.766840949073746,0.0
baseline,residual,384,107,28,43.05087335631735,0.0
baseline,residual,384,107,29,50.88936339780793,0.0
baseline,residual,384,107,30,39.03214819569491,0.0
baseline,residual,384,107,31,47.84683169539523,0.0
baseline,residual,384,107,32,46.697336320082265,0.0
baseline,residual,384,107,33,35.984625119556625,0.0
baseline,residual,384,107,34,42.62719917646603,0.0
baseline,residual,384,107,35,50.84983352669332,0.0
baseline,residual,384,107,36,46.52298685682326,0.0
baseline,residual,384,107,37,36.95538980734279,0.0
baseline,residual,384,107,38,50.824247714658924,0.0
baseline,residual,384,107,39,52.17423196100526,0.0
baseline,residual,384,107,40,28.782023274491422,0.0
baseline,residual,384,107,41,51.19682914152123,0.0
baseline,residual,384,108,0,50.50140249234249,0.0
baseline,residual,384,108,1,50.06363401303294,0.0
baseline,residual,384,108,2,50.459251073181655,0.0
baseline,residual,384,108,3,46.22196900623085,0.0
baseline,residual,384,108,4,60.13455246286574,0.0
baseline,residual,384,108,5,56.754571176080695,0.0
baseline,residual,384,108,6,48.018758196137135,0.0
baseline,residual,384,108,7,50.263293512663616,0.0
baseline,residual,384,108,8,57.16251443694242,0.0
baseline,residual,384,108,9,48.22520771880573,0.0
baseline,residual,384,108,10,56.17669028996688,0.0
baseline,residual,384,108,11,47.555393634266835,0.0
baseline,residual,384,108,12,43.608041362048596,0.0
baseline,residual,384,108,13,54.273609555391886,0.0
baseline,residual,384,108,14,43.97918866623995,0.0
baseline,residual,384,108,15,52.09774472473379,0.0
baseline,residual,384,108,16,44.8842418387491,0.0
baseline,residual,384,108,17,49.465835274213454,0.0
baseline,residual,384,108,18,52.86554881399481,0.0
baseline,residual,384,108,19,55.16571155644986,0.0
baseline,residual,384,108,20,50.044237069042474,0.0
baseline,residual,384,108,21,49.01327392696069,0.0
baseline,residual,384,108,22,42.37339407030495,0.0
baseline,residual,384,108,23,45.27058559871298,0.0
baseline,residual,384,108,24,42.51183212804494,0.0
baseline,residual,384,108,25,52.05369832706593,0.0
baseline,residual,384,108,26,37.45952705980861,0.0
baseline,residual,384,108,27,41.76711856157925,0.0
baseline,residual,384,108,28,43.051085331133436,0.0
baseline,residual,384,108,29,50.88964101031344,0.0
baseline,residual,384,108,30,39.032314764125296,0.0
baseline,residual,384,108,31,47.847109307900546,0.0
baseline,residual,384,108,32,46.69754829489849,0.0
baseline,residual,384,108,33,35.9848295646575,0.0
baseline,residual,384,108,34,42.62740738584515,0.0
baseline,residual,384,108,35,50.850253709733465,0.0
baseline,residual,384,108,36,46.52339951130327,0.0
baseline,residual,384,108,37,36.95538980734279,0.0
baseline,residual,384,108,38,50.824667897699065,0.0
baseline,residual,384,108,39,52.17464461548527,0.0
baseline,residual,384,108,40,28.782023274491422,0.0
baseline,residual,384,108,41,51.19724932456137,0.0
baseline,residual,384,109,0,50.5014024923457,0.0
baseline,residual,384,109,1,50.06363401303362,0.0
baseline,residual,384,109,2,50.45925107318234,0.0
baseline,residual,384,109,3,46.22196900623147,0.0
baseline,residual,384,109,4,60.13455246286713,0.0
baseline,residual,384,109,5,56.75457117607889,0.0
baseline,residual,384,109,6,48.018758196134925,0.0
baseline,residual,384,109,7,50.2632935126613,0.0
baseline,residual,384,109,8,57.16251443694381,0.0
baseline,residual,384,109,9,48.225207718806224,0.0
baseline,residual,384,109,10,56.19058277071402,0.0
baseline,residual,384,109,11,47.55539363426418,0.0
baseline,residual,384,109,12,43.60804136204922,0.0
baseline,residual,384,109,13,54.273609555393,0.0
baseline,residual,384,109,14,43.97918866624447,0.0
baseline,residual,384,109,15,52.09774472473456,0.0
baseline,residual,384,109,16,44.884241838749595,0.0
baseline,residual,384,109,17,49.46583527421396,0.0
baseline,residual,384,109,18,52.86554881399652,0.0
baseline,residual,384,109,19,55.16571155645124,0.0
baseline,residual,384,109,20,50.044237069043085,0.0
baseline,residual,384,109,21,49.01327392696146,0.0
baseline,residual,384,109,22,42.37339407030577,0.0
baseline,residual,384,109,23,45.270585598713744,0.0
baseline,residual,384,109,24,42.51183212804555,0.0
baseline,residual,384,109,25,52.05369832706696,0.0
baseline,residual,384,109,26,37.45952705980533,0.0
baseline,residual,384,109,27,41.767118561586976,0.0
baseline,residual,384,109,28,43.051085331134054,0.0
baseline,residual,384,109,29,50.88964101031447,0.0
baseline,residual,384,109,30,39.03231476412202,0.0
baseline,residual,384,109,31,47.84710930790138,0.0
baseline,residual,384,109,32,46.69754829489926,0.0
baseline,residual,384,109,33,35.98482956465341,0.0
baseline,residual,384,109,34,42.62740738584592,0.0
baseline,residual,384,109,35,50.85025370973408,0.0
baseline,residual,384,109,36,46.52339951129994,0.0
baseline,residual,384,109,37,36.95538980734279,0.0
baseline,residual,384,109,38,50.82466789769969,0.0
baseline,residual,384,109,39,52.17464461548193,0.0
baseline,residual,384,109,40,28.782023274491422,0.0
baseline,residual,384,109,41,51.197249324561994,0.0
baseline,residual,384,110,0,50.5014024923457,0.0
baseline,residual,384,110,1,50.06363401303362,0.0
baseline,residual,384,110,2,50.459251073182344,0.0
baseline,residual,384,110,3,46.22196900623147,0.0
baseline,residual,384,110,4,60.134552462867134,0.0
baseline,residual,384,110,5,56.75457117607889,0.0
baseline,residual,384,110,6,48.018758196134925,0.0
baseline,residual,384,110,7,50.2632935126613,0.0
baseline,residual,384,110,8,57.162514436943816,0.0
baseline,residual,384,110,9,48.225207718806224,0.0
baseline,residual,384,110,10,56.19058277071402,0.0
baseline,residual,384,110,11,47.55539363426418,0.0
baseline,residual,384,110,12,43.60804136204922,0.0
baseline,residual,384,110,13,54.27360955539301,0.0
baseline,residual,384,110,14,43.97918866624447,0.0
baseline,residual,384,110,15,52.09774472473456,0.0
baseline,residual,384,110,16,44.8842418387496,0.0
baseline,residual,384,110,17,49.46583527421396,0.0
baseline,residual,384,110,18,52.86554881399652,0.0
baseline,residual,384,110,19,55.16571155645124,0.0
baseline,residual,384,110,20,50.044237069043085,0.0
baseline,residual,384,110,21,49.01327392696146,0.0
baseline,residual,384,110,22,42.373394070305785,0.0
baseline,residual,384,110,23,45.27058559871375,0.0
baseline,residual,384,110,24,42.51183212804556,0.0
baseline,residual,384,110,25,52.05369832706696,0.0
baseline,residual,384,110,26,37.45952705980533,0.0
baseline,residual,384,110,27,41.767118561586976,0.0
baseline,residual,384,110,28,44.663888925487335,0.0
baseline,residual,384,110,29,50.88964101031447,0.0
baseline,residual,384,110,30,39.03231476412202,0.0
baseline,residual,384,110,31,47.84710930790138,0.0
baseline,residual,384,110,32,46.69754829489926,0.0
baseline,residual,384,110,33,35.98482956465341,0.0
baseline,residual,384,110,34,42.62740738584592,0.0
baseline,residual,384,110,35,50.85025370973408,0.0
baseline,residual,384,110,36,46.52339951129994,0.0
baseline,residual,384,110,37,36.95538980734279,0.0
baseline,residual,384,110,38,50.82466789769969,0.0
baseline,residual,384,110,39,52.17464461548193,0.0
baseline,residual,384,110,40,28.782023274491426,0.0
baseline,residual,384,110,41,51.197249324561994,0.0
baseline,residual,384,111,0,50.5014024923457,0.0
baseline,residual,384,111,1,50.06363401303362,0.0
baseline,residual,384,111,2,50.459251073182344,0.0
baseline,residual,384,111,3,46.22196900623147,0.0
baseline,residual,384,111,4,60.134552462867134,0.0
baseline,residual,384,111,5,56.75457117607889,0.0
baseline,residual,384,111,6,48.018758196134925,0.0
baseline,residual,384,111,7,50.2632935126613,0.0
baseline,residual,384,111,8,57.162514436943816,0.0
baseline,residual,384,111,9,48.225207718806224,0.0
baseline,residual,384,111,10,56.19058277071402,0.0
baseline,residual,384,111,11,47.55539363426418,0.0
baseline,residual,384,111,12,43.60804136204922,0.0
baseline,residual,384,111,13,54.27360955539301,0.0
baseline,residual,384,111,14,43.97918866624447,0.0
baseline,residual,384,111,15,52.09774472473456,0.0
baseline,residual,384,111,16,44.8842418387496,0.0
baseline,residual,384,111,17,49.46583527421396,0.0
baseline,residual,384,111,18,52.86554881399652,0.0
baseline,residual,384,111,19,55.16571155645124,0.0
baseline,residual,384,111,20,50.044237069043085,0.0
baseline,residual,384,111,21,49.01327392696146,0.0
baseline,residual,384,111,22,42.373394070305785,0.0
baseline,residual,384,111,23,45.27058559871375,0.0
baseline,residual,384,111,24,42.51183212804556,0.0
baseline,residual,384,111,25,52.05369832706696,0.0
baseline,residual,384,111,26,37.45952705980533,0.0
baseline,residual,384,111,27,41.767118561586976,0.0
baseline,residual,384,111,28,44.663888925487335,0.0
baseline,residual,384,111,29,50.88964101031447,0.0
baseline,residual,384,111,30,39.03231476412202,0.0
baseline,residual,384,111,31,47.84710930790138,0.0
baseline,residual,384,111,32,46.69754829489926,0.0
baseline,residual,384,111,33,35.98482956465341,0.0
baseline,residual,384,111,34,42.62740738584592,0.0
baseline,residual,384,111,35,50.85025370973408,0.0
baseline,residual,384,111,36,46.52339951129994,0.0
baseline,residual,384,111,37,36.95538980734279,0.0
baseline,residual,384,111,38,50.82466789769969,0.0
baseline,residual,384,111,39,52.17464461548193,0.0
baseline,residual,384,111,40,28.782023274491426,0.0
baseline,residual,384,111,41,51.197249324561994,0.0
baseline,residual,384,112,0,50.50140249234568,0.0
baseline,residual,384,112,1,50.06363401303361,0.0
baseline,residual,384,112,2,50.45925107318234,0.0
baseline,residual,384,112,3,46.221969006231454,0.0
baseline,residual,384,112,4,60.134552462867106,0.0
baseline,residual,384,112,5,56.754571176078876,0.0
baseline,residual,384,112,6,48.01875819613491,0.0
baseline,residual,384,112,7,50.263293512661285,0.0
baseline,residual,384,112,8,57.16251443694381,0.0
baseline,residual,384,112,9,48.22520771880621,0.0
baseline,residual,384,112,10,56.190582770714016,0.0
baseline,residual,384,112,11,47.55539363426418,0.0
baseline,residual,384,112,12,43.6080413620492,0.0
baseline,residual,384,112,13,54.273609555392994,0.0
baseline,residual,384,112,14,43.979188666244454,0.0
baseline,residual,384,112,15,52.09774472473455,0.0
baseline,residual,384,112,16,44.88424183874958,0.0
baseline,residual,384,112,17,49.46583527421392,0.0
baseline,residual,384,112,18,52.86554881399652,0.0
baseline,residual,384,112,19,55.165711556451235,0.0
baseline,residual,384,112,20,50.04423706904307,0.0
baseline,residual,384,112,21,49.01327392696146,0.0
baseline,residual,384,112,22,42.373394070305764,0.0
baseline,residual,384,112,23,45.27058559871373,0.0
baseline,residual,384,112,24,42.51183212804555,0.0
baseline,residual,384,112,25,52.053698327066954,0.0
baseline,residual,384,112,26,37.45952705980533,0.0
baseline,residual,384,112,27,41.767118561586976,0.0
baseline,residual,384,112,28,44.66388892548732,0.0
baseline,residual,384,112,29,50.88964101031447,0.0
baseline,residual,384,112,30,39.032314764122006,0.0
baseline,residual,384,112,31,47.84710930790137,0.0
baseline,residual,384,112,32,46.697548294899256,0.0
baseline,residual,384,112,33,35.98482956465341,0.0
baseline,residual,384,112,34,42.62740738584592,0.0
baseline,residual,384,112,35,52.023158241734905,0.0
baseline,residual,384,112,36,46.52339951129994,0.0
baseline,residual,384,112,37,36.95538980734279,0.0
baseline,residual,384,112,38,50.82466789769965,0.0
baseline,residual,384,112,39,52.17464461548193,0.0
baseline,residual,384,112,40,28.782023274491426,0.0
baseline,residual,384,112,41,51.19724932456196,0.0
baseline,residual,384,113,0,50.503420239737466,0.0
baseline,residual,384,113,1,50.06524832739933,0.0
baseline,residual,384,113,2,50.4611309154945,0.0
baseline,residual,384,113,3,46.22288660573616,0.0
baseline,residual,384,113,4,60.13858795765068,0.0
baseline,residual,384,113,5,56.75744564016345,0.0
baseline,residual,384,113,6,48.02028746194051,0.0
baseline,residual,384,113,7,50.266167976745855,0.0
baseline,residual,384,113,8,57.16627412156814,0.0
baseline,residual,384,113,9,48.22843611463307,0.0
baseline,residual,384,113,10,56.192197008648776,0.0
baseline,residual,384,113,11,47.55539363426418,0.0
baseline,residual,384,113,12,43.61207685683277,0.0
baseline,residual,384,113,13,54.275223793327754,0.0
baseline,residual,384,113,14,43.9824170620713,0.0
baseline,residual,384,113,15,52.09976242209967,0.0
baseline,residual,384,113,16,44.88886374434114,0.0
baseline,residual,384,113,17,51.20386311168375,0.0
baseline,residual,384,113,18,52.86554881399652,0.0
baseline,residual,384,113,19,55.16772935386968,0.0
baseline,residual,384,113,20,50.048272563826636,0.0
baseline,residual,384,113,21,49.01327392696146,0.0
baseline,residual,384,113,22,42.3760844668637,0.0
baseline,residual,384,113,23,45.27086180005703,0.0
baseline,residual,384,113,24,42.513849925464,0.0
baseline,residual,384,113,25,52.054066595524674,0.0
baseline,residual,384,113,26,37.46092056957003,0.0
baseline,residual,384,113,27,41.767118561586976,0.0
baseline,residual,384,113,28,44.666182924249064,0.0
baseline,residual,384,113,29,50.88964101031447,0.0
baseline,residual,384,113,30,39.032535725196645,0.0
baseline,residual,384,113,31,47.8497997044593,0.0
baseline,residual,384,113,32,46.69956638344843,0.0
baseline,residual,384,113,33,35.98482956465341,0.0
baseline,residual,384,113,34,42.6291492730518,0.0
baseline,residual,384,113,35,52.02746993786176,0.0
baseline,residual,384,113,36,46.52339951129994,0.0
baseline,residual,384,113,37,36.95538980734279,0.0
baseline,residual,384,113,38,50.828979593826524,0.0
baseline,residual,384,113,39,52.17638650268782,0.0
baseline,residual,384,113,40,28.782023274491426,0.0
baseline,residual,384,113,41,51.201561020688835,0.0
baseline,residual,384,114,0,50.50342023973747,0.0
baseline,residual,384,114,1,50.06524832739933,0.0
baseline,residual,384,114,2,50.461130915494515,0.0
baseline,residual,384,114,3,46.22288660573616,0.0
baseline,residual,384,114,4,60.138587957650685,0.0
baseline,residual,384,114,5,56.75744564016345,0.0
baseline,residual,384,114,6,48.02028746194051,0.0
baseline,residual,384,114,7,50.266167976745855,0.0
baseline,residual,384,114,8,57.16674256497644,0.0
baseline,residual,384,114,9,48.22843611463307,0.0
baseline,residual,384,114,10,56.192197008648776,0.0
baseline,residual,384,114,11,47.55539363426418,0.0
baseline,residual,384,114,12,43.61207685683277,0.0
baseline,residual,384,114,13,54.275223793327754,0.0
baseline,residual,384,114,14,43.98241706207131,0.0
baseline,residual,384,114,15,52.09976242209968,0.0
baseline,residual,384,114,16,44.88886374434114,0.0
baseline,residual,384,114,17,51.20386311168376,0.0
baseline,residual,384,114,18,52.86554881399652,0.0
baseline,residual,384,114,19,55.167729353869696,0.0
baseline,residual,384,114,20,50.04827256382665,0.0
baseline,residual,384,114,21,49.01327392696146,0.0
baseline,residual,384,114,22,42.37608446686371,0.0
baseline,residual,384,114,23,45.27086180005704,0.0
baseline,residual,384,114,24,42.513849925464,0.0
baseline,residual,384,114,25,52.05406659552468,0.0
baseline,residual,384,114,26,37.460920569570035,0.0
baseline,residual,384,114,27,41.76711856158699,0.0
baseline,residual,384,114,28,44.666182924249064,0.0
baseline,residual,384,114,29,50.88964101031447,0.0
baseline,residual,384,114,30,39.032535725196645,0.0
baseline,residual,384,114,31,47.8497997044593,0.0
baseline,residual,384,114,32,46.69956638344843,0.0
baseline,residual,384,114,33,35.98482956465341,0.0
baseline,residual,384,114,34,42.62914927305181,0.0
baseline,residual,384,114,35,52.027469937861774,0.0
baseline,residual,384,114,36,46.52339951129994,0.0
baseline,residual,384,114,37,36.95538980734279,0.0
baseline,residual,384,114,38,50.828979593826524,0.0
baseline,residual,384,114,39,52.17638650268782,0.0
baseline,residual,384,114,40,28.782023274491426,0.0
baseline,residual,384,114,41,51.201561020688835,0.0
baseline,residual,384,115,0,50.503420239737515,0.0
baseline,residual,384,115,1,50.06524832739936,0.0
baseline,residual,384,115,2,50.46113091549454,0.0
baseline,residual,384,115,3,46.22288660573616,0.0
baseline,residual,384,115,4,60.13858795765075,0.0
baseline,residual,384,115,5,56.7574456401635,0.0
baseline,residual,384,115,6,48.02028746194057,0.0
baseline,residual,384,115,7,50.266167976745855,0.0
baseline,residual,384,115,8,57.16674256497651,0.0
baseline,residual,384,115,9,48.22843611463307,0.0
baseline,residual,384,115,10,56.19219700864884,0.0
baseline,residual,384,115,11,47.555393634264234,0.0
baseline,residual,384,115,12,43.61207685683277,0.0
baseline,residual,384,115,13,54.27522379332781,0.0
baseline,residual,384,115,14,43.98241706207132,0.0
baseline,residual,384,115,15,52.09976242209975,0.0
baseline,residual,384,115,16,44.88886374434114,0.0
baseline,residual,384,115,17,51.20386311168376,0.0
baseline,residual,384,115,18,52.86554881399659,0.0
baseline,residual,384,115,19,55.16772935386975,0.0
baseline,residual,384,115,20,50.04827256382665,0.0
baseline,residual,384,115,21,49.01327392696154,0.0
baseline,residual,384,115,22,42.37608446686371,0.0
baseline,residual,384,115,23,45.270861800057105,0.0
baseline,residual,384,115,24,42.513849925464,0.0
baseline,residual,384,115,25,52.054066595524766,0.0
baseline,residual,384,115,26,37.460920569570035,0.0
baseline,residual,384,115,27,51.441431282511346,0.0
baseline,residual,384,115,28,44.666182924249064,0.0
baseline,residual,384,115,29,50.889641010314556,0.0
baseline,residual,384,115,30,39.032535725196645,0.0
baseline,residual,384,115,31,47.8497997044593,0.0
baseline,residual,384,115,32,46.69956638344849,0.0
baseline,residual,384,115,33,35.98482956465341,0.0
baseline,residual,384,115,34,42.62914927305187,0.0
baseline,residual,384,115,35,52.027469937861774,0.0
baseline,residual,384,115,36,46.52339951130002,0.0
baseline,residual,384,115,37,36.95538980734279,0.0
baseline,residual,384,115,38,50.828979593826524,0.0
baseline,residual,384,115,39,52.1763865026879,0.0
baseline,residual,384,115,40,28.782023274491426,0.0
baseline,residual,384,115,41,51.201561020688835,0.0
baseline,residual,384,116,0,50.50342023973752,0.0
baseline,residual,384,116,1,50.06524832739936,0.0
baseline,residual,384,116,2,50.46113091549454,0.0
baseline,residual,384,116,3,46.22288660573616,0.0
baseline,residual,384,116,4,60.13858795765075,0.0
baseline,residual,384,116,5,56.7574456401635,0.0
baseline,residual,384,116,6,48.02028746194057,0.0
baseline,residual,384,116,7,50.266167976745855,0.0
baseline,residual,384,116,8,57.16674256497651,0.0
baseline,residual,384,116,9,48.22843611463308,0.0
baseline,residual,384,116,10,56.19219700864884,0.0
baseline,residual,384,116,11,47.555393634264234,0.0
baseline,residual,384,116,12,43.61207685683278,0.0
baseline,residual,384,116,13,54.27522379332781,0.0
baseline,residual,384,116,14,43.98241706207132,0.0
baseline,residual,384,116,15,52.09976242209975,0.0
baseline,residual,384,116,16,44.888863744341144,0.0
baseline,residual,384,116,17,51.203863111683766,0.0
baseline,residual,384,116,18,52.86554881399659,0.0
baseline,residual,384,116,19,55.16772935386976,0.0
baseline,residual,384,116,20,50.04827256382665,0.0
baseline,residual,384,116,21,49.01327392696154,0.0
baseline,residual,384,116,22,42.37608446686371,0.0
baseline,residual,384,116,23,45.270861800057105,0.0
baseline,residual,384,116,24,42.513849925464,0.0
baseline,residual,384,116,25,52.05406659552477,0.0
baseline,residual,384,116,26,37.460920569570035,0.0
baseline,residual,384,116,27,51.441431282511346,0.0
baseline,residual,384,116,28,44.666182924249064,0.0
baseline,residual,384,116,29,50.889641010314556,0.0
baseline,residual,384,116,30,39.032535725196645,0.0
baseline,residual,384,116,31,47.849799704459315,0.0
baseline,residual,384,116,32,46.699566383448506,0.0
baseline,residual,384,116,33,35.98482956465341,0.0
baseline,residual,384,116,34,42.62914927305187,0.0
baseline,residual,384,116,35,52.0274722504937,0.0
baseline,residual,384,116,36,46.52339951130002,0.0
baseline,residual,384,116,37,36.95538980734279,0.0
baseline,residual,384,116,38,50.828979593826524,0.0
baseline,residual,384,116,39,52.1763865026879,0.0
baseline,residual,384,116,40,28.782023274491426,0.0
baseline,residual,384,116,41,51.201561020688835,0.0
baseline,residual,384,117,0,50.50342023973752,0.0
baseline,residual,384,117,1,50.06524832739936,0.0
baseline,residual,384,117,2,50.46113091549454,0.0
baseline,residual,384,117,3,46.22288660573616,0.0
baseline,residual,384,117,4,60.13858795765075,0.0
baseline,residual,384,117,5,56.757445640163496,0.0
baseline,residual,384,117,6,48.02028746194057,0.0
baseline,residual,384,117,7,50.266167976745855,0.0
baseline,residual,384,117,8,57.16674256497651,0.0
baseline,residual,384,117,9,48.22843611463308,0.0
baseline,residual,384,117,10,56.19219700864884,0.0
baseline,residual,384,117,11,47.555393634264234,0.0
baseline,residual,384,117,12,43.61207685683278,0.0
baseline,residual,384,117,13,54.27522379332781,0.0
baseline,residual,384,117,14,43.98241706207132,0.0
baseline,residual,384,117,15,52.09976242209975,0.0
baseline,residual,384,117,16,44.888863744341144,0.0
baseline,residual,384,117,17,51.203863111683766,0.0
baseline,residual,384,117,18,52.86554881399659,0.0
baseline,residual,384,117,19,55.16772935386976,0.0
baseline,residual,384,117,20,50.04827256382665,0.0
baseline,residual,384,117,21,49.01327392696154,0.0
baseline,residual,384,117,22,42.37608446686371,0.0
baseline,residual,384,117,23,45.270861800057105,0.0
baseline,residual,384,117,24,42.513849925464,0.0
baseline,residual,384,117,25,52.05406659552477,0.0
baseline,residual,384,117,26,37.460920569570035,0.0
baseline,residual,384,117,27,51.441431282511346,0.0
baseline,residual,384,117,28,44.666182924249064,0.0
baseline,residual,384,117,29,50.889641010314556,0.0
baseline,residual,384,117,30,39.032535725196645,0.0
baseline,residual,384,117,31,47.849799704459315,0.0
baseline,residual,384,117,32,46.699566383448506,0.0
baseline,residual,384,117,33,35.98482956465341,0.0
baseline,residual,384,117,34,42.62914927305187,0.0
baseline,residual,384,117,35,52.0274722504937,0.0
baseline,residual,384,117,36,46.52339951130002,0.0
baseline,residual,384,117,37,36.95538980734279,0.0
baseline,residual,384,117,38,50.828979593826524,0.0
baseline,residual,384,117,39,52.1763865026879,0.0
baseline,residual,384,117,40,28.782023274491426,0.0
baseline,residual,384,117,41,51.201561020688835,0.0
baseline,residual,384,118,0,50.50342023973752,0.0
baseline,residual,384,118,1,50.06524832739936,0.0
baseline,residual,384,118,2,50.46113091549454,0.0
baseline,residual,384,118,3,46.22288660573616,0.0
baseline,residual,384,118,4,60.13858795765075,0.0
baseline,residual,384,118,5,56.757445640163496,0.0
baseline,residual,384,118,6,48.02028746194057,0.0
baseline,residual,384,118,7,50.266167976745855,0.0
baseline,residual,384,118,8,57.16674256497651,0.0
baseline,residual,384,118,9,48.22843611463308,0.0
baseline,residual,384,118,10,56.19219700864884,0.0
baseline,residual,384,118,11,47.555393634264234,0.0
baseline,residual,384,118,12,43.61207685683278,0.0
baseline,residual,384,118,13,54.27522379332781,0.0
baseline,residual,384,118,14,43.98241706207132,0.0
baseline,residual,384,118,15,52.09976242209975,0.0
baseline,residual,384,118,16,44.888863744341144,0.0
baseline,residual,384,118,17,51.203863111683766,0.0
baseline,residual,384,118,18,52.86554881399659,0.0
baseline,residual,384,118,19,55.16772935386976,0.0
baseline,residual,384,118,20,50.04827256382665,0.0
baseline,residual,384,118,21,49.013273926961524,0.0
baseline,residual,384,118,22,42.376084466863716,0.0
baseline,residual,384,118,23,45.270861800057105,0.0
baseline,residual,384,118,24,42.51384992546401,0.0
baseline,residual,384,118,25,52.05406659552477,0.0
baseline,residual,384,118,26,40.139759264448536,0.0
baseline,residual,384,118,27,51.441431282511346,0.0
baseline,residual,384,118,28,44.666182924249064,0.0
baseline,residual,384,118,29,50.889641010314556,0.0
baseline,residual,384,118,30,39.032535725196645,0.0
baseline,residual,384,118,31,47.8497997044593,0.0
baseline,residual,384,118,32,46.699566383448506,0.0
baseline,residual,384,118,33,35.98482956465342,0.0
baseline,residual,384,118,34,42.62914927305187,0.0
baseline,residual,384,118,35,52.0274722504937,0.0
baseline,residual,384,118,36,46.52339951130002,0.0
baseline,residual,384,118,37,36.95538980734279,0.0
baseline,residual,384,118,38,50.828979593826524,0.0
baseline,residual,384,118,39,52.1763865026879,0.0
baseline,residual,384,118,40,28.782023274491426,0.0
baseline,residual,384,118,41,51.201561020688835,0.0
baseline,residual,384,119,0,50.50342023973752,0.0
baseline,residual,384,119,1,50.06524832739936,0.0
baseline,residual,384,119,2,50.46113091549454,0.0
baseline,residual,384,119,3,46.22288660573616,0.0
baseline,residual,384,119,4,60.13858795765075,0.0
baseline,residual,384,119,5,56.757445640163496,0.0
baseline,residual,384,119,6,48.02028746194057,0.0
baseline,residual,384,119,7,50.266167976745855,0.0
baseline,residual,384,119,8,57.16674256497651,0.0
baseline,residual,384,119,9,48.22843611463308,0.0
baseline,residual,384,119,10,56.19219700864884,0.0
baseline,residual,384,119,11,47.555393634264234,0.0
baseline,residual,384,119,12,43.61207685683278,0.0
baseline,residual,384,119,13,54.27522379332781,0.0
baseline,residual,384,119,14,43.98241706207132,0.0
baseline,residual,384,119,15,52.09976242209975,0.0
baseline,residual,384,119,16,44.888863744341144,0.0
baseline,residual,384,119,17,51.203863111683766,0.0
baseline,residual,384,119,18,52.86554881399659,0.0
baseline,residual,384,119,19,55.16772935386976,0.0
baseline,residual,384,119,20,50.04827256382665,0.0
baseline,residual,384,119,21,49.013273926961524,0.0
baseline,residual,384,119,22,44.29789749486379,0.0
baseline,residual,384,119,23,45.270861800057105,0.0
baseline,residual,384,119,24,42.51384992546401,0.0
baseline,residual,384,119,25,52.05406659552477,0.0
baseline,residual,384,119,26,40.139759264448536,0.0
baseline,residual,384,119,27,51.441431282511346,0.0
baseline,residual,384,119,28,44.666182924249064,0.0
baseline,residual,384,119,29,50.889641010314556,0.0
baseline,residual,384,119,30,39.032535725196645,0.0
baseline,residual,384,119,31,47.8497997044593,0.0
baseline,residual,384,119,32,46.699566383448506,0.0
baseline,residual,384,119,33,35.98482956465342,0.0
baseline,residual,384,119,34,42.62914927305187,0.0
baseline,residual,384,119,35,52.0274722504937,0.0
baseline,residual,384,119,36,46.52339951130002,0.0
baseline,residual,384,119,37,36.95538980734279,0.0
baseline,residual,384,119,38,50.828979593826524,0.0
baseline,residual,384,119,39,52.1763865026879,0.0
baseline,residual,384,119,40,28.782023274491426,0.0
baseline,residual,384,119,41,51.201561020688835,0.0
baseline,residual,384,120,0,50.503420239737466,0.0
baseline,residual,384,120,1,50.065248327399345,0.0
baseline,residual,384,120,2,50.46113091549452,0.0
baseline,residual,384,120,3,46.222886605736115,0.0
baseline,residual,384,120,4,60.138587957650714,0.0
baseline,residual,384,120,5,56.75744564016347,0.0
baseline,residual,384,120,6,48.02028746194054,0.0
baseline,residual,384,120,7,50.266167976745834,0.0
baseline,residual,384,120,8,57.16674256497647,0.0
baseline,residual,384,120,9,48.22843611463305,0.0
baseline,residual,384,120,10,56.19219700864881,0.0
baseline,residual,384,120,11,47.555393634264206,0.0
baseline,residual,384,120,12,43.61207685683274,0.0
baseline,residual,384,120,13,54.27522379332778,0.0
baseline,residual,384,120,14,43.982417062071285,0.0
baseline,residual,384,120,15,52.09976242209975,0.0
baseline,residual,384,120,16,44.88886374434108,0.0
baseline,residual,384,120,17,51.20386311168374,0.0
baseline,residual,384,120,18,52.86554881399659,0.0
baseline,residual,384,120,19,55.167729353869724,0.0
baseline,residual,384,120,20,50.04827256382661,0.0
baseline,residual,384,120,21,49.013273926961524,0.0
baseline,residual,384,120,22,44.29789749486369,0.0
baseline,residual,384,120,23,45.270861800057105,0.0
baseline,residual,384,120,24,44.20182558246804,0.0
baseline,residual,384,120,25,52.05406659552477,0.0
baseline,residual,384,120,26,40.1397592644485,0.0
baseline,residual,384,120,27,51.441431282511346,0.0
baseline,residual,384,120,28,44.66618292424899,0.0
baseline,residual,384,120,29,50.889641010314556,0.0
baseline,residual,384,120,30,39.03253572519659,0.0
baseline,residual,384,120,31,47.84979970445925,0.0
baseline,residual,384,120,32,46.699566383448506,0.0
baseline,residual,384,120,33,35.984829564653374,0.0
baseline,residual,384,120,34,42.62914927305187,0.0
baseline,residual,384,120,35,52.027472250493666,0.0
baseline,residual,384,120,36,46.52339951129998,0.0
baseline,residual,384,120,37,36.95538980734279,0.0
baseline,residual,384,120,38,50.82897959382649,0.0
baseline,residual,384,120,39,52.1763865026879,0.0
baseline,residual,384,120,40,28.78202327449139,0.0
baseline,residual,384,120,41,51.20156102068879,0.0
baseline,residual,384,121,0,50.93328738016363,0.0
baseline,residual,384,121,1,50.26555985740495,0.0
baseline,residual,384,121,2,50.79061071860391,0.0
baseline,residual,384,121,3,46.552201412522244,0.0
baseline,residual,384,121,4,60.83399482775652,0.0
baseline,residual,384,121,5,57.221050220234005,0.0
baseline,residual,384,121,6,48.244588404785524,0.0
baseline,residual,384,121,7,50.92977532373666,0.0
baseline,residual,384,121,8,57.52569802081481,0.0
baseline,residual,384,121,9,48.78476161071769,0.0
baseline,residual,384,121,10,56.6108233019167,0.0
baseline,residual,384,121,11,47.79539695456856,0.0
baseline,residual,384,121,12,44.30748372693855,0.0
baseline,residual,384,121,13,54.8023914783028,0.0
baseline,residual,384,121,14,50.46024066351082,0.0
baseline,residual,384,121,15,52.43621383636722,0.0
baseline,residual,384,121,16,45.44518924042573,0.0
baseline,residual,384,121,17,51.76018860776838,0.0
baseline,residual,384,121,18,53.029876224743134,0.0
baseline,residual,384,121,19,55.52668480970806,0.0
baseline,residual,384,121,20,50.743679433932414,0.0
baseline,residual,384,121,21,49.31327807734198,0.0
baseline,residual,384,121,22,44.7765047693148,0.0
baseline,residual,384,121,23,45.270861800057105,0.0
baseline,residual,384,121,24,44.560781038306374,0.0
baseline,residual,384,121,25,52.05406659552477,0.0
baseline,residual,384,121,26,40.379762584752854,0.0
baseline,residual,384,121,27,51.66053449684005,0.0
baseline,residual,384,121,28,45.02513838008733,0.0
baseline,residual,384,121,29,50.889641010314556,0.0
baseline,residual,384,121,30,39.03253572519659,0.0
baseline,residual,384,121,31,48.72841251275096,0.0
baseline,residual,384,121,32,46.699566383448506,0.0
baseline,residual,384,121,33,35.984829564653374,0.0
baseline,residual,384,121,34,42.92915342343232,0.0
baseline,residual,384,121,35,52.722879120599465,0.0
baseline,residual,384,121,36,46.52339951129998,0.0
baseline,residual,384,121,37,37.35539534118338,0.0
baseline,residual,384,121,38,51.524386463932295,0.0
baseline,residual,384,121,39,52.1763865026879,0.0
baseline,residual,384,121,40,29.08202742487184,0.0
baseline,residual,384,121,41,51.8969678907946,0.0
baseline,residual,384,122,0,50.93810837871263,0.0
baseline,residual,384,122,1,50.266860834180186,0.0
baseline,residual,384,122,2,50.79383435399578,0.0
baseline,residual,384,122,3,46.55478032083574,0.0
baseline,residual,384,122,4,60.840442018181626,0.0
baseline,residual,384,122,5,57.22534834718408,0.0
baseline,residual,384,122,6,48.24673746086964,0.0
baseline,residual,384,122,7,50.93407345068673,0.0
baseline,residual,384,122,8,57.52892162711373,0.0
baseline,residual,384,122,9,51.04706994589075,0.0
baseline,residual,384,122,10,56.613402186955845,0.0
baseline,residual,384,122,11,47.79539695456856,0.0
baseline,residual,384,122,12,44.313930917363656,0.0
baseline,residual,384,122,13,54.80499344959148,0.0
baseline,residual,384,122,14,50.46539841585091,0.0
baseline,residual,384,122,15,52.44263222716628,0.0
baseline,residual,384,122,16,45.450346992765816,0.0
baseline,residual,384,122,17,51.76534636010847,0.0
baseline,residual,384,122,18,53.029876224743134,0.0
baseline,residual,384,122,19,55.53310322267987,0.0
baseline,residual,384,122,20,50.75012662435753,0.0
baseline,residual,384,122,21,49.31330693515389,0.0
baseline,residual,384,122,22,44.780802911046706,0.0
baseline,residual,384,122,23,45.270861800057105,0.0
baseline,residual,384,122,24,44.56400464460531,0.0
baseline,residual,384,122,25,52.05406659552477,0.0
baseline,residual,384,122,26,40.379762584752854,0.0
baseline,residual,384,122,27,51.66053449684005,0.0
baseline,residual,384,122,28,45.028361986386265,0.0
baseline,residual,384,122,29,50.889641010314556,0.0
baseline,residual,384,122,30,39.03253572519659,0.0
baseline,residual,384,122,31,48.73271065448287,0.0
baseline,residual,384,122,32,46.699566383448506,0.0
baseline,residual,384,122,33,35.988024371326254,0.0
baseline,residual,384,122,34,42.92915342343232,0.0
baseline,residual,384,122,35,52.72932631102458,0.0
baseline,residual,384,122,36,46.52339951129998,0.0
baseline,residual,384,122,37,37.35965508341389,0.0
baseline,residual,384,122,38,51.5308336543574,0.0
baseline,residual,384,122,39,52.1763865026879,0.0
baseline,residual,384,122,40,29.08522223154472,0.0
baseline,residual,384,122,41,51.90341508121971,0.0
baseline,residual,384,123,0,50.93810837871265,0.0
baseline,residual,384,123,1,50.26686083418021,0.0
baseline,residual,384,123,2,50.793834353995805,0.0
baseline,residual,384,123,3,46.55478032083577,0.0
baseline,residual,384,123,4,60.840442018181676,0.0
baseline,residual,384,123,5,57.22583779560997,0.0
baseline,residual,384,123,6,48.246737460869674,0.0
baseline,residual,384,123,7,50.93407345068678,0.0
baseline,residual,384,123,8,57.52892162711379,0.0
baseline,residual,384,123,9,51.047069945890776,0.0
baseline,residual,384,123,10,56.61340218695591,0.0
baseline,residual,384,123,11,47.795396954568595,0.0
baseline,residual,384,123,12,44.31393091736368,0.0
baseline,residual,384,123,13,54.80499344959152,0.0
baseline,residual,384,123,14,50.46539841585093,0.0
baseline,residual,384,123,15,52.44263222716629,0.0
baseline,residual,384,123,16,45.45034699276583,0.0
baseline,residual,384,123,17,51.7653463601085,0.0
baseline,residual,384,123,18,53.02987622474317,0.0
baseline,residual,384,123,19,55.53310322267993,0.0
baseline,residual,384,123,20,50.75012662435754,0.0
baseline,residual,384,123,21,49.31330693515391,0.0
baseline,residual,384,123,22,44.78080291104674,0.0
baseline,residual,384,123,23,45.27086180005714,0.0
baseline,residual,384,123,24,44.56400464460534,0.0
baseline,residual,384,123,25,52.05406659552482,0.0
baseline,residual,384,123,26,40.37976258475287,0.0
baseline,residual,384,123,27,51.66053449684008,0.0
baseline,residual,384,123,28,45.02836198638632,0.0
baseline,residual,384,123,29,50.88964101031459,0.0
baseline,residual,384,123,30,39.03253572519663,0.0
baseline,residual,384,123,31,48.73271065448291,0.0
baseline,residual,384,123,32,46.69956638344854,0.0
baseline,residual,384,123,33,35.98802437132628,0.0
baseline,residual,384,123,34,42.92915342343233,0.0
baseline,residual,384,123,35,52.72932631102463,0.0
baseline,residual,384,123,36,46.52339951130002,0.0
baseline,residual,384,123,37,37.35965508341389,0.0
baseline,residual,384,123,38,51.53083365435745,0.0
baseline,residual,384,123,39,52.17638650268793,0.0
baseline,residual,384,123,40,29.08522223154472,0.0
baseline,residual,384,123,41,51.903415081219755,0.0
baseline,residual,384,124,0,50.944509528900916,0.0
baseline,residual,384,124,1,50.27495395472486,0.0
baseline,residual,384,124,2,50.798593448819624,0.0
baseline,residual,384,124,3,46.56073070611202,0.0
baseline,residual,384,124,4,60.84787953209099,0.0
baseline,residual,384,124,5,57.23574980553956,0.0
baseline,residual,384,124,6,48.26022599511075,0.0
baseline,residual,384,124,7,50.94041423516905,0.0
baseline,residual,384,124,8,57.536359141023105,0.0
baseline,residual,384,124,9,51.047069945890776,0.0
baseline,residual,384,124,10,56.62529659887142,0.0
baseline,residual,384,124,11,50.07043445223903,0.0
baseline,residual,384,124,12,44.31393091736368,0.0
baseline,residual,384,124,13,54.812608001309634,0.0
baseline,residual,384,124,14,50.46706295644159,0.0
baseline,residual,384,124,15,52.450069741075616,0.0
baseline,residual,384,124,16,45.45463882193961,0.0
baseline,residual,384,124,17,51.7653463601085,0.0
baseline,residual,384,124,18,53.044744239637566,0.0
baseline,residual,384,124,19,55.54054073658924,0.0
baseline,residual,384,124,20,50.75012662435754,0.0
baseline,residual,384,124,21,49.32282512480155,0.0
baseline,residual,384,124,22,44.78080291104674,0.0
baseline,residual,384,124,23,45.278299313966464,0.0
baseline,residual,384,124,24,44.569369431072566,0.0
baseline,residual,384,124,25,52.06398328073724,0.0
baseline,residual,384,124,26,40.38737152613159,0.0
baseline,residual,384,124,27,51.6704511820525,0.0
baseline,residual,384,124,28,45.02836198638632,0.0
baseline,residual,384,124,29,50.89955769552701,0.0
baseline,residual,384,124,30,39.042771955158464,0.0
baseline,residual,384,124,31,48.73548488880067,0.0
baseline,residual,384,124,32,46.70700389735786,0.0
baseline,residual,384,124,33,35.99545487231135,0.0
baseline,residual,384,124,34,42.938671613079975,0.0
baseline,residual,384,124,35,52.72932631102463,0.0
baseline,residual,384,124,36,46.53826752619441,0.0
baseline,residual,384,124,37,37.36242931773165,0.0
baseline,residual,384,124,38,51.53083365435745,0.0
baseline,residual,384,124,39,52.19125451758233,0.0
baseline,residual,384,124,40,29.087302907283043,0.0
baseline,residual,384,124,41,51.903415081219755,0.0
baseline,residual,384,125,0,50.944509528900916,0.0
baseline,residual,384,125,1,50.27495395472486,0.0
baseline,residual,384,125,2,50.798593448819624,0.0
baseline,residual,384,125,3,46.56073070611202,0.0
baseline,residual,384,125,4,60.84787953209099,0.0
baseline,residual,384,125,5,57.23574980553956,0.0
baseline,residual,384,125,6,48.26022599511075,0.0
baseline,residual,384,125,7,50.94041423516905,0.0
baseline,residual,384,125,8,57.536359141023105,0.0
baseline,residual,384,125,9,51.047069945890776,0.0
baseline,residual,384,125,10,56.62529659887142,0.0
baseline,residual,384,125,11,50.07043445223903,0.0
baseline,residual,384,125,12,44.31393091736368,0.0
baseline,residual,384,125,13,54.812608001309634,0.0
baseline,residual,384,125,14,50.46706295644159,0.0
baseline,residual,384,125,15,52.450069741075616,0.0
baseline,residual,384,125,16,45.45463882193961,0.0
baseline,residual,384,125,17,51.7653463601085,0.0
baseline,residual,384,125,18,53.044744239637566,0.0
baseline,residual,384,125,19,55.54054073658924,0.0
baseline,residual,384,125,20,50.75012662435754,0.0
baseline,residual,384,125,21,49.32282512480155,0.0
baseline,residual,384,125,22,44.78080291104674,0.0
baseline,residual,384,125,23,45.278299313966464,0.0
baseline,residual,384,125,24,44.569369431072566,0.0
baseline,residual,384,125,25,52.06398328073724,0.0
baseline,residual,384,125,26,40.38737152613159,0.0
baseline,residual,384,125,27,51.6704511820525,0.0
baseline,residual,384,125,28,45.02836198638632,0.0
baseline,residual,384,125,29,50.89955769552701,0.0
baseline,residual,384,125,30,39.042771955158464,0.0
baseline,residual,384,125,31,48.73548488880067,0.0
baseline,residual,384,125,32,46.70700389735786,0.0
baseline,residual,384,125,33,35.99545487231135,0.0
baseline,residual,384,125,34,42.938671613079975,0.0
baseline,residual,384,125,35,52.72932631102463,0.0
baseline,residual,384,125,36,46.53826752619441,0.0
baseline,residual,384,125,37,37.36242931773165,0.0
baseline,residual,384,125,38,51.53083365435745,0.0
baseline,residual,384,125,39,52.19125451758233,0.0
baseline,residual,384,125,40,29.087302907283043,0.0
baseline,residual,384,125,41,51.903415081219755,0.0
baseline,residual,384,126,0,50.94450952890097,0.0
baseline,residual,384,126,1,50.274953954724886,0.0
baseline,residual,384,126,2,50.798593448819645,0.0
baseline,residual,384,126,3,46.56073070611205,0.0
baseline,residual,384,126,4,60.84787953209107,0.0
baseline,residual,384,126,5,57.23574980553961,0.0
baseline,residual,384,126,6,48.26022599511078,0.0
baseline,residual,384,126,7,50.9404142351691,0.0
baseline,residual,384,126,8,57.53635914102315,0.0
baseline,residual,384,126,9,51.04706994589083,0.0
baseline,residual,384,126,10,56.625296598871486,0.0
baseline,residual,384,126,11,50.07043445223902,0.0
baseline,residual,384,126,12,44.313930917363756,0.0
baseline,residual,384,126,13,54.81260800130966,0.0
baseline,residual,384,126,14,50.4672330531692,0.0
baseline,residual,384,126,15,52.45006974107565,0.0
baseline,residual,384,126,16,45.45463882193967,0.0
baseline,residual,384,126,17,51.76534636010856,0.0
baseline,residual,384,126,18,53.0447442396376,0.0
baseline,residual,384,126,19,55.540540736589286,0.0
baseline,residual,384,126,20,50.75012662435762,0.0
baseline,residual,384,126,21,49.32282512480155,0.0
baseline,residual,384,126,22,44.78080291104679,0.0
baseline,residual,384,126,23,45.278299313966464,0.0
baseline,residual,384,126,24,44.5693694310726,0.0
baseline,residual,384,126,25,52.06398328073724,0.0
baseline,residual,384,126,26,40.38737152613159,0.0
baseline,residual,384,126,27,51.67045118205255,0.0
baseline,residual,384,126,28,45.02836198638636,0.0
baseline,residual,384,126,29,50.89955769552701,0.0
baseline,residual,384,126,30,39.042771955158464,0.0
baseline,residual,384,126,31,48.73548488880072,0.0
baseline,residual,384,126,32,46.70700389735786,0.0
baseline,residual,384,126,33,35.99545487231135,0.0
baseline,residual,384,126,34,42.938671613079975,0.0
baseline,residual,384,126,35,52.7293263110247,0.0
baseline,residual,384,126,36,46.53826752619441,0.0
baseline,residual,384,126,37,37.36242931773165,0.0
baseline,residual,384,126,38,51.53083365435753,0.0
baseline,residual,384,126,39,52.19125451758233,0.0
baseline,residual,384,126,40,29.087302907283043,0.0
baseline,residual,384,126,41,51.90341508121983,0.0
baseline,residual,384,127,0,50.94450952890097,0.0
baseline,residual,384,127,1,50.274953954724886,0.0
baseline,residual,384,127,2,50.798593448819645,0.0
baseline,residual,384,127,3,46.56073070611205,0.0
baseline,residual,384,127,4,60.84787953209107,0.0
baseline,residual,384,127,5,57.23574980553961,0.0
baseline,residual,384,127,6,48.26022599511078,0.0
baseline,residual,384,127,7,50.9404142351691,0.0
baseline,residual,384,127,8,57.53635914102315,0.0
baseline,residual,384,127,9,51.04706994589083,0.0
baseline,residual,384,127,10,56.625296598871486,0.0
baseline,residual,384,127,11,50.07043445223902,0.0
baseline,residual,384,127,12,44.313930917363756,0.0
baseline,residual,384,127,13,54.81260800130966,0.0
baseline,residual,384,127,14,50.4672330531692,0.0
baseline,residual,384,127,15,52.45006974107565,0.0
baseline,residual,384,127,16,45.45463882193967,0.0
baseline,residual,384,127,17,51.76534636010856,0.0
baseline,residual,384,127,18,53.0447442396376,0.0
baseline,residual,384,127,19,55.540540736589286,0.0
baseline,residual,384,127,20,50.75012662435762,0.0
baseline,residual,384,127,21,49.32282512480155,0.0
baseline,residual,384,127,22,44.78080291104679,0.0
baseline,residual,384,127,23,45.278299313966464,0.0
baseline,residual,384,127,24,44.5693694310726,0.0
baseline,residual,384,127,25,52.06398328073724,0.0
baseline,residual,384,127,26,40.38737152613159,0.0
baseline,residual,384,127,27,51.67045118205255,0.0
baseline,residual,384,127,28,45.02836198638636,0.0
baseline,residual,384,127,29,50.89955769552701,0.0
baseline,residual,384,127,30,39.042771955158464,0.0
baseline,residual,384,127,31,48.73548488880072,0.0
baseline,residual,384,127,32,46.70700389735786,0.0
baseline,residual,384,127,33,35.99545487231135,0.0
baseline,residual,384,127,34,42.938671613079975,0.0
baseline,residual,384,127,35,52.7293263110247,0.0
baseline,residual,384,127,36,46.53826752619441,0.0
baseline,residual,384,127,37,37.36242931773165,0.0
baseline,residual,384,127,38,51.53083365435753,0.0
baseline,residual,384,127,39,52.19125451758233,0.0
baseline,residual,384,127,40,29.087302907283043,0.0
baseline,residual,384,127,41,51.90341508121983,0.0
baseline,residual,384,128,0,74.38271876167113,0.0
baseline,residual,384,128,1,61.78220235876817,0.0
baseline,residual,384,128,2,62.33197418619003,0.0
baseline,residual,384,128,3,58.44305719652448,0.0
baseline,residual,384,128,4,78.16651696116598,0.0
baseline,residual,384,128,5,68.78150809158956,0.0
baseline,residual,384,128,6,59.82576234683053,0.0
baseline,residual,384,128,7,58.638884192429714,0.0
baseline,residual,384,128,8,69.07999668869884,0.0
baseline,residual,384,128,9,65.00399714431481,0.0
baseline,residual,384,128,10,70.49632393109408,0.0
baseline,residual,384,128,11,59.329078169183354,0.0
baseline,residual,384,128,12,61.48630571818072,0.0
baseline,residual,384,128,13,64.04751803945022,0.0
baseline,residual,384,128,14,64.34151429596399,0.0
baseline,residual,384,128,15,69.89445617779788,0.0
baseline,residual,384,128,16,59.33470049304955,0.0
baseline,residual,384,128,17,61.003510308821305,0.0
baseline,residual,384,128,18,64.61082335042414,0.0
baseline,residual,384,128,19,72.98263234640403,0.0
baseline,residual,384,128,20,62.29783156024856,0.0
baseline,residual,384,128,21,55.093757617985524,0.0
baseline,residual,384,128,22,61.060594102104204,0.0
baseline,residual,384,128,23,56.67390167207648,0.0
baseline,residual,384,128,24,62.58158497736208,0.0
baseline,residual,384,128,25,59.7585599383159,0.0
baseline,residual,384,128,26,45.53708219717267,0.0
baseline,residual,384,128,27,67.0918899964346,0.0
baseline,residual,384,128,28,57.238205379679414,0.0
baseline,residual,384,128,29,58.59413435310565,0.0
baseline,residual,384,128,30,48.834380348596675,0.0
baseline,residual,384,128,31,56.43242496145635,0.0
baseline,residual,384,128,32,52.477936390541835,0.0
baseline,residual,384,128,33,48.331047273251734,0.0
baseline,residual,384,128,34,48.70960410626396,0.0
baseline,residual,384,128,35,64.27703124691563,0.0
baseline,residual,384,128,36,58.74633835817972,0.0
baseline,residual,384,128,37,45.22703473391705,0.0
baseline,residual,384,128,38,63.078538590248456,0.0
baseline,residual,384,128,39,57.96218701076631,0.0
baseline,residual,384,128,40,41.422895308223424,0.0
baseline,residual,384,128,41,63.45112001711076,0.0
baseline,residual,384,129,0,74.38271876167113,0.0
baseline,residual,384,129,1,61.78220235876817,0.0
baseline,residual,384,129,2,62.33197418619003,0.0
baseline,residual,384,129,3,58.44305719652448,0.0
baseline,residual,384,129,4,78.16651696116598,0.0
baseline,residual,384,129,5,68.78150809158956,0.0
baseline,residual,384,129,6,59.82576234683053,0.0
baseline,residual,384,129,7,58.638884192429714,0.0
baseline,residual,384,129,8,69.07999668869884,0.0
baseline,residual,384,129,9,65.00399714431481,0.0
baseline,residual,384,129,10,70.49632393109408,0.0
baseline,residual,384,129,11,59.329078169183354,0.0
baseline,residual,384,129,12,61.48630571818072,0.0
baseline,residual,384,129,13,64.04751803945022,0.0
baseline,residual,384,129,14,64.34151429596399,0.0
baseline,residual,384,129,15,69.89445617779788,0.0
baseline,residual,384,129,16,59.33470049304955,0.0
baseline,residual,384,129,17,61.003510308821305,0.0
baseline,residual,384,129,18,64.61082335042414,0.0
baseline,residual,384,129,19,72.98263234640403,0.0
baseline,residual,384,129,20,62.29783156024856,0.0
baseline,residual,384,129,21,55.093757617985524,0.0
baseline,residual,384,129,22,61.060594102104204,0.0
baseline,residual,384,129,23,56.67390167207648,0.0
baseline,residual,384,129,24,62.58158497736208,0.0
baseline,residual,384,129,25,59.7585599383159,0.0
baseline,residual,384,129,26,45.53708219717267,0.0
baseline,residual,384,129,27,67.0918899964346,0.0
baseline,residual,384,129,28,57.238205379679414,0.0
baseline,residual,384,129,29,58.59413435310565,0.0
baseline,residual,384,129,30,48.834380348596675,0.0
baseline,residual,384,129,31,56.515039615833224,0.0
baseline,residual,384,129,32,52.477936390541835,0.0
baseline,residual,384,129,33,48.331047273251734,0.0
baseline,residual,384,129,34,48.70960410626396,0.0
baseline,residual,384,129,35,64.27703124691563,0.0
baseline,residual,384,129,36,58.74633835817972,0.0
baseline,residual,384,129,37,45.22703473391705,0.0
baseline,residual,384,129,38,63.078538590248456,0.0
baseline,residual,384,129,39,57.96218701076631,0.0
baseline,residual,384,129,40,41.422895308223424,0.0
baseline,residual,384,129,41,63.45112001711076,0.0
baseline,residual,384,130,0,74.38271876167113,0.0
baseline,residual,384,130,1,61.78220235876817,0.0
baseline,residual,384,130,2,62.33197418619003,0.0
baseline,residual,384,130,3,58.44305719652448,0.0
baseline,residual,384,130,4,78.16651696116598,0.0
baseline,residual,384,130,5,68.78150809158956,0.0
baseline,residual,384,130,6,59.82576234683053,0.0
baseline,residual,384,130,7,58.638884192429714,0.0
baseline,residual,384,130,8,69.07999668869884,0.0
baseline,residual,384,130,9,65.00399714431481,0.0
baseline,residual,384,130,10,70.49632393109408,0.0
baseline,residual,384,130,11,59.329078169183354,0.0
baseline,residual,384,130,12,61.48630571818072,0.0
baseline,residual,384,130,13,64.04751803945022,0.0
baseline,residual,384,130,14,64.34151429596399,0.0
baseline,residual,384,130,15,69.89445617779788,0.0
baseline,residual,384,130,16,59.33470049304955,0.0
baseline,residual,384,130,17,61.003510308821305,0.0
baseline,residual,384,130,18,64.61082335042414,0.0
baseline,residual,384,130,19,72.98263234640403,0.0
baseline,residual,384,130,20,62.29783156024856,0.0
baseline,residual,384,130,21,55.09375761798554,0.0
baseline,residual,384,130,22,61.060594102104204,0.0
baseline,residual,384,130,23,56.67390167207648,0.0
baseline,residual,384,130,24,62.58158497736208,0.0
baseline,residual,384,130,25,59.7585599383159,0.0
baseline,residual,384,130,26,45.537082197172666,0.0
baseline,residual,384,130,27,67.0918899964346,0.0
baseline,residual,384,130,28,57.238205379679414,0.0
baseline,residual,384,130,29,58.59413435310565,0.0
baseline,residual,384,130,30,48.834380348596675,0.0
baseline,residual,384,130,31,56.515039615833224,0.0
baseline,residual,384,130,32,52.477936390541835,0.0
baseline,residual,384,130,33,48.331047273251734,0.0
baseline,residual,384,130,34,48.70960410626396,0.0
baseline,residual,384,130,35,64.27703124691563,0.0
baseline,residual,384,130,36,58.74633835817972,0.0
baseline,residual,384,130,37,46.03728625986804,0.0
baseline,residual,384,130,38,63.078538590248456,0.0
baseline,residual,384,130,39,57.96218701076631,0.0
baseline,residual,384,130,40,41.422895308223424,0.0
baseline,residual,384,130,41,63.45112001711076,0.0
baseline,residual,384,131,0,74.38271876850045,0.0
baseline,residual,384,131,1,61.782202369695064,0.0
baseline,residual,384,131,2,62.33197419984867,0.0
baseline,residual,384,131,3,58.443057207451375,0.0
baseline,residual,384,131,4,78.16651697482462,0.0
baseline,residual,384,131,5,68.78150810980108,0.0
baseline,residual,384,131,6,59.82576236504204,0.0
baseline,residual,384,131,7,58.63888421064124,0.0
baseline,residual,384,131,8,69.07999670235748,0.0
baseline,residual,384,131,9,65.00399714431481,0.0
baseline,residual,384,131,10,70.4963239529479,0.0
baseline,residual,384,131,11,59.51327937317783,0.0
baseline,residual,384,131,12,61.48630571818072,0.0
baseline,residual,384,131,13,64.04751806130405,0.0
baseline,residual,384,131,14,64.34151430689089,0.0
baseline,residual,384,131,15,69.89445619145651,0.0
baseline,residual,384,131,16,59.33470049304955,0.0
baseline,residual,384,131,17,61.003510308821305,0.0
baseline,residual,384,131,18,64.6108233777414,0.0
baseline,residual,384,131,19,72.98263236006265,0.0
baseline,residual,384,131,20,62.29783156024856,0.0
baseline,residual,384,131,21,55.093757645302794,0.0
baseline,residual,384,131,22,61.060594102104204,0.0
baseline,residual,384,131,23,56.673901685735125,0.0
baseline,residual,384,131,24,62.58158497736208,0.0
baseline,residual,384,131,25,59.75855995652741,0.0
baseline,residual,384,131,26,45.53708221902648,0.0
baseline,residual,384,131,27,67.09189001464613,0.0
baseline,residual,384,131,28,57.238205379679414,0.0
baseline,residual,384,131,29,58.59413437131717,0.0
baseline,residual,384,131,30,48.83438035952358,0.0
baseline,residual,384,131,31,56.51503963404473,0.0
baseline,residual,384,131,32,52.47793640420048,0.0
baseline,residual,384,131,33,48.331047286910376,0.0
baseline,residual,384,131,34,48.70960413358123,0.0
baseline,residual,384,131,35,64.27703124691563,0.0
baseline,residual,384,131,36,58.746338385497005,0.0
baseline,residual,384,131,37,46.037286278079556,0.0
baseline,residual,384,131,38,63.078538590248456,0.0
baseline,residual,384,131,39,57.96218703808358,0.0
baseline,residual,384,131,40,41.42289532188206,0.0
baseline,residual,384,131,41,63.45112001711076,0.0
baseline,residual,384,132,0,74.97453841570005,0.0
baseline,residual,384,132,1,62.240797034163656,0.0
baseline,residual,384,132,2,62.82186729764914,0.0
baseline,residual,384,132,3,58.72210088211792,0.0
baseline,residual,384,132,4,79.16101649697181,0.0
baseline,residual,384,132,5,69.44450779123252,0.0
baseline,residual,384,132,6,60.27587561836529,0.0
baseline,residual,384,132,7,59.30188389207269,0.0
baseline,residual,384,132,8,70.05978289795843,0.0
baseline,residual,384,132,9,65.79959676203256,0.0
baseline,residual,384,132,10,70.90309948447937,0.0
baseline,residual,384,132,11,59.66459119097944,0.0
baseline,residual,384,132,12,62.4808052403279,0.0
baseline,residual,384,132,13,64.45429359283551,0.0
baseline,residual,384,132,14,65.13711392460864,0.0
baseline,residual,384,132,15,70.38048629918937,0.0
baseline,residual,384,132,16,66.86680932001283,0.0
baseline,residual,384,132,17,62.17616335148835,0.0
baseline,residual,384,132,18,64.6108233777414,0.0
baseline,residual,384,132,19,73.49110177447699,0.0
baseline,residual,384,132,20,63.29233108239574,0.0
baseline,residual,384,132,21,55.093757645302794,0.0
baseline,residual,384,132,22,61.73855332132333,0.0
baseline,residual,384,132,23,56.673901685735125,0.0
baseline,residual,384,132,24,63.27919416402841,0.0
baseline,residual,384,132,25,59.75855995652741,0.0
baseline,residual,384,132,26,45.91413564397577,0.0
baseline,residual,384,132,27,67.09189001464613,0.0
baseline,residual,384,132,28,57.746674794093735,0.0
baseline,residual,384,132,29,58.59413437131717,0.0
baseline,residual,384,132,30,48.985692177325184,0.0
baseline,residual,384,132,31,57.19299885326385,0.0
baseline,residual,384,132,32,52.94925318538708,0.0
baseline,residual,384,132,33,48.331047286910376,0.0
baseline,residual,384,132,34,49.180920914767846,0.0
baseline,residual,384,132,35,65.2715307690628,0.0
baseline,residual,384,132,36,58.746338385497005,0.0
baseline,residual,384,132,37,46.037286278079556,0.0
baseline,residual,384,132,38,64.07303811239564,0.0
baseline,residual,384,132,39,58.433503819270186,0.0
baseline,residual,384,132,40,41.42289532188206,0.0
baseline,residual,384,132,41,64.44561953925795,0.0
baseline,residual,384,133,0,74.97453841623877,0.0
baseline,residual,384,133,1,62.24079703502539,0.0
baseline,residual,384,133,2,62.821867298187726,0.0
baseline,residual,384,133,3,58.72210088254879,0.0
baseline,residual,384,133,4,79.16101649804897,0.0
baseline,residual,384,133,5,69.44450779266852,0.0
baseline,residual,384,133,6,60.275875619801276,0.0
baseline,residual,384,133,7,59.301883892790585,0.0
baseline,residual,384,133,8,70.05978289903558,0.0
baseline,residual,384,133,9,65.79959676203256,0.0
baseline,residual,384,133,10,70.90309948620282,0.0
baseline,residual,384,133,11,59.66459119270264,0.0
baseline,residual,384,133,12,62.4808052403279,0.0
baseline,residual,384,133,13,64.45429359369723,0.0
baseline,residual,384,133,14,65.1371139246089,0.0
baseline,residual,384,133,15,70.38048630026653,0.0
baseline,residual,384,133,16,66.86680932001283,0.0
baseline,residual,384,133,17,62.17616335148835,0.0
baseline,residual,384,133,18,64.90532616524847,0.0
baseline,residual,384,133,19,73.49110177555416,0.0
baseline,residual,384,133,20,63.29233108239574,0.0
baseline,residual,384,133,21,55.09375764637996,0.0
baseline,residual,384,133,22,61.73855332132333,0.0
baseline,residual,384,133,23,56.67390168681228,0.0
baseline,residual,384,133,24,63.27919416402841,0.0
baseline,residual,384,133,25,59.75855995796361,0.0
baseline,residual,384,133,26,45.91413564483724,0.0
baseline,residual,384,133,27,67.09189001608274,0.0
baseline,residual,384,133,28,57.746674794093735,0.0
baseline,residual,384,133,29,58.59413437275339,0.0
baseline,residual,384,133,30,48.98569217818666,0.0
baseline,residual,384,133,31,57.19299885326385,0.0
baseline,residual,384,133,32,52.94925318646424,0.0
baseline,residual,384,133,33,48.33104728798722,0.0
baseline,residual,384,133,34,49.18092091584501,0.0
baseline,residual,384,133,35,65.2715307690628,0.0
baseline,residual,384,133,36,58.746338387651,0.0
baseline,residual,384,133,37,46.037286278079556,0.0
baseline,residual,384,133,38,64.07303811239564,0.0
baseline,residual,384,133,39,58.43350382142419,0.0
baseline,residual,384,133,40,41.42289532188206,0.0
baseline,residual,384,133,41,64.44561953925795,0.0
baseline,residual,384,134,0,74.99899308250896,0.0
baseline,residual,384,134,1,62.24768730771991,0.0
baseline,residual,384,134,2,62.8305355295395,0.0
baseline,residual,384,134,3,58.73644018227071,0.0
baseline,residual,384,134,4,79.17344761895323,0.0
baseline,residual,384,134,5,69.4527952066047,0.0
baseline,residual,384,134,6,60.28139249309667,0.0
baseline,residual,384,134,7,59.30741586355847,0.0
baseline,residual,384,134,8,70.06804024851301,0.0
baseline,residual,384,134,9,65.80969509988992,0.0
baseline,residual,384,134,10,70.91306234557435,0.0
baseline,residual,384,134,11,59.667872423515625,0.0
baseline,residual,384,134,12,62.493857343536014,0.0
baseline,residual,384,134,13,64.46089947327917,0.0
baseline,residual,384,134,14,65.14710926931994,0.0
baseline,residual,384,134,15,70.39311820261567,0.0
baseline,residual,384,134,16,66.87342238394534,0.0
baseline,residual,384,134,17,62.18280171640981,0.0
baseline,residual,384,134,18,64.91365555473787,0.0
baseline,residual,384,134,19,73.50368409120146,0.0
baseline,residual,384,134,20,63.300629038547584,0.0
baseline,residual,384,134,21,55.097890811132395,0.0
baseline,residual,384,134,22,61.77503156750223,0.0
baseline,residual,384,134,23,56.68278899862097,0.0
baseline,residual,384,134,24,63.30652122242642,0.0
baseline,residual,384,134,25,59.764070844300186,0.0
baseline,residual,384,134,26,45.93272324476459,0.0
baseline,residual,384,134,27,67.10299586873526,0.0
baseline,residual,384,134,28,57.77403347872794,0.0
baseline,residual,384,134,29,58.59964525908994,0.0
baseline,residual,384,134,30,49.00425447712505,0.0
baseline,residual,384,134,31,57.19849776623052,0.0
baseline,residual,384,134,32,52.95338635121667,0.0
baseline,residual,384,134,33,48.358606754066265,0.0
baseline,residual,384,134,34,49.18505408059744,0.0
baseline,residual,384,134,35,65.27982872521466,0.0
baseline,residual,384,134,36,58.77370605231261,0.0
baseline,residual,384,134,37,46.04305289963938,0.0
baseline,residual,384,134,38,64.08133606854749,0.0
baseline,residual,384,134,39,58.43763698617662,0.0
baseline,residual,384,134,40,41.450454787961114,0.0
baseline,residual,384,134,41,64.45391749540978,0.0
baseline,residual,384,135,0,74.99899438710742,0.0
baseline,residual,384,135,1,62.24768835139864,0.0
baseline,residual,384,135,2,62.830536834138,0.0
baseline,residual,384,135,3,58.73644122594951,0.0
baseline,residual,384,135,4,79.17345022815005,0.0
baseline,residual,384,135,5,69.45279694606926,0.0
baseline,residual,384,135,6,60.281393362828894,0.0
baseline,residual,384,135,7,59.30741760302302,0.0
baseline,residual,384,135,8,70.06804155311147,0.0
baseline,residual,384,135,9,66.38942889954669,0.0
baseline,residual,384,135,10,70.9130633892531,0.0
baseline,residual,384,135,11,59.667872423515625,0.0
baseline,residual,384,135,12,62.49385995273283,0.0
baseline,residual,384,135,13,64.46090156063671,0.0
baseline,residual,384,135,14,65.14711135667739,0.0
baseline,residual,384,135,15,70.39311950721412,0.0
baseline,residual,384,135,16,66.87342447130281,0.0
baseline,residual,384,135,17,62.182803803767264,0.0
baseline,residual,384,135,18,64.91365555473787,0.0
baseline,residual,384,135,19,73.50368539579999,0.0
baseline,residual,384,135,20,63.30063164774439,0.0
baseline,residual,384,135,21,55.09789211573084,0.0
baseline,residual,384,135,22,61.77503330696683,0.0
baseline,residual,384,135,23,56.68278899862097,0.0
baseline,residual,384,135,24,63.30652252702487,0.0
baseline,residual,384,135,25,59.764070844300186,0.0
baseline,residual,384,135,26,45.93272324476459,0.0
baseline,residual,384,135,27,67.10299586873526,0.0
baseline,residual,384,135,28,57.774034783326385,0.0
baseline,residual,384,135,29,58.59964525908994,0.0
baseline,residual,384,135,30,49.00425447712505,0.0
baseline,residual,384,135,31,57.19849950569512,0.0
baseline,residual,384,135,32,52.95338635121667,0.0
baseline,residual,384,135,33,48.35860675406636,0.0
baseline,residual,384,135,34,49.18505408059744,0.0
baseline,residual,384,135,35,65.27983133441147,0.0
baseline,residual,384,135,36,58.77370605231261,0.0
baseline,residual,384,135,37,46.04305289963949,0.0
baseline,residual,384,135,38,64.08133867774428,0.0
baseline,residual,384,135,39,58.43763698617662,0.0
baseline,residual,384,135,40,41.450454787961206,0.0
baseline,residual,384,135,41,64.4539201046066,0.0
baseline,residual,384,136,0,74.99899438710743,0.0
baseline,residual,384,136,1,62.24768835139865,0.0
baseline,residual,384,136,2,62.83053683413802,0.0
baseline,residual,384,136,3,58.73644122594954,0.0
baseline,residual,384,136,4,79.17345022815005,0.0
baseline,residual,384,136,5,69.45279694606927,0.0
baseline,residual,384,136,6,60.28139336282892,0.0
baseline,residual,384,136,7,59.307417603023055,0.0
baseline,residual,384,136,8,70.06804155311148,0.0
baseline,residual,384,136,9,66.38942889954669,0.0
baseline,residual,384,136,10,70.91306338925311,0.0
baseline,residual,384,136,11,59.667872423515654,0.0
baseline,residual,384,136,12,62.49385995273283,0.0
baseline,residual,384,136,13,64.46090156063673,0.0
baseline,residual,384,136,14,65.1471113566774,0.0
baseline,residual,384,136,15,70.39311950721412,0.0
baseline,residual,384,136,16,66.87342447130283,0.0
baseline,residual,384,136,17,62.18280380376728,0.0
baseline,residual,384,136,18,64.91365555473789,0.0
baseline,residual,384,136,19,73.50368539579999,0.0
baseline,residual,384,136,20,63.30063164774439,0.0
baseline,residual,384,136,21,55.09789211573087,0.0
baseline,residual,384,136,22,61.77503330696686,0.0
baseline,residual,384,136,23,56.68278899862097,0.0
baseline,residual,384,136,24,63.30652252702489,0.0
baseline,residual,384,136,25,59.764070844300186,0.0
baseline,residual,384,136,26,46.700047718734645,0.0
baseline,residual,384,136,27,67.10299586873526,0.0
baseline,residual,384,136,28,57.77403478332641,0.0
baseline,residual,384,136,29,58.59964525908994,0.0
baseline,residual,384,136,30,49.00425447712509,0.0
baseline,residual,384,136,31,57.19849950569515,0.0
baseline,residual,384,136,32,52.95338635121669,0.0
baseline,residual,384,136,33,48.35860675406639,0.0
baseline,residual,384,136,34,49.185054080597475,0.0
baseline,residual,384,136,35,65.27983133441147,0.0
baseline,residual,384,136,36,58.77370605231266,0.0
baseline,residual,384,136,37,46.04305289963952,0.0
baseline,residual,384,136,38,64.08133867774428,0.0
baseline,residual,384,136,39,58.43763698617666,0.0
baseline,residual,384,136,40,41.45045478796125,0.0
baseline,residual,384,136,41,64.4539201046066,0.0
baseline,residual,384,137,0,74.99899438710743,0.0
baseline,residual,384,137,1,62.247688351398665,0.0
baseline,residual,384,137,2,62.83053683413804,0.0
baseline,residual,384,137,3,58.73644122594954,0.0
baseline,residual,384,137,4,79.17345022815006,0.0
baseline,residual,384,137,5,69.45279694606928,0.0
baseline,residual,384,137,6,60.281393362828936,0.0
baseline,residual,384,137,7,59.307417603023055,0.0
baseline,residual,384,137,8,70.06804155311151,0.0
baseline,residual,384,137,9,66.38942889954669,0.0
baseline,residual,384,137,10,70.91306338925314,0.0
baseline,residual,384,137,11,59.667872423515675,0.0
baseline,residual,384,137,12,62.49385995273283,0.0
baseline,residual,384,137,13,64.46090156063674,0.0
baseline,residual,384,137,14,65.14711135667741,0.0
baseline,residual,384,137,15,70.39311950721414,0.0
baseline,residual,384,137,16,66.87342447130283,0.0
baseline,residual,384,137,17,62.18280380376729,0.0
baseline,residual,384,137,18,64.9136555547379,0.0
baseline,residual,384,137,19,73.50368539580002,0.0
baseline,residual,384,137,20,63.30063164774439,0.0
baseline,residual,384,137,21,55.09789211573089,0.0
baseline,residual,384,137,22,61.77503330696686,0.0
baseline,residual,384,137,23,56.682788998620985,0.0
baseline,residual,384,137,24,63.30652252702489,0.0
baseline,residual,384,137,25,59.764070844300214,0.0
baseline,residual,384,137,26,46.700047718734666,0.0
baseline,residual,384,137,27,67.10299586873529,0.0
baseline,residual,384,137,28,57.77403478332641,0.0
baseline,residual,384,137,29,58.599645259089975,0.0
baseline,residual,384,137,30,49.00425447712509,0.0
baseline,residual,384,137,31,57.19849950569515,0.0
baseline,residual,384,137,32,52.953386351216714,0.0
baseline,residual,384,137,33,48.35860675406639,0.0
baseline,residual,384,137,34,55.10305491945551,0.0
baseline,residual,384,137,35,65.27983133441147,0.0
baseline,residual,384,137,36,58.77370605231267,0.0
baseline,residual,384,137,37,46.043052899639534,0.0
baseline,residual,384,137,38,64.08133867774428,0.0
baseline,residual,384,137,39,58.43763698617668,0.0
baseline,residual,384,137,40,41.450454787961256,0.0
baseline,residual,384,137,41,64.4539201046066,0.0
baseline,residual,384,138,0,74.9989943871074,0.0
baseline,residual,384,138,1,62.24768835139864,0.0
baseline,residual,384,138,2,62.83053683413801,0.0
baseline,residual,384,138,3,58.73644122594953,0.0
baseline,residual,384,138,4,79.17345022815003,0.0
baseline,residual,384,138,5,69.45279694606923,0.0
baseline,residual,384,138,6,60.281393362828894,0.0
baseline,residual,384,138,7,59.307417603023026,0.0
baseline,residual,384,138,8,70.06804155311148,0.0
baseline,residual,384,138,9,66.38942889954669,0.0
baseline,residual,384,138,10,70.91306338925311,0.0
baseline,residual,384,138,11,59.66787242351566,0.0
baseline,residual,384,138,12,62.4938599527328,0.0
baseline,residual,384,138,13,64.46090156063673,0.0
baseline,residual,384,138,14,65.14711135667741,0.0
baseline,residual,384,138,15,70.39311950721411,0.0
baseline,residual,384,138,16,66.87342447130283,0.0
baseline,residual,384,138,17,62.18280380376726,0.0
baseline,residual,384,138,18,64.91365555473789,0.0
baseline,residual,384,138,19,73.50368539579999,0.0
baseline,residual,384,138,20,63.30063164774439,0.0
baseline,residual,384,138,21,55.09789211573087,0.0
baseline,residual,384,138,22,61.77503330696686,0.0
baseline,residual,384,138,23,60.7842648883036,0.0
baseline,residual,384,138,24,63.30652252702489,0.0
baseline,residual,384,138,25,59.764070844300136,0.0
baseline,residual,384,138,26,46.700047718734666,0.0
baseline,residual,384,138,27,67.10299586873526,0.0
baseline,residual,384,138,28,57.77403478332638,0.0
baseline,residual,384,138,29,58.59964525908994,0.0
baseline,residual,384,138,30,49.004254477125066,0.0
baseline,residual,384,138,31,57.19849950569515,0.0
baseline,residual,384,138,32,52.953386351216665,0.0
baseline,residual,384,138,33,48.35860675406639,0.0
baseline,residual,384,138,34,55.103054919455495,0.0
baseline,residual,384,138,35,65.27983133441144,0.0
baseline,residual,384,138,36,58.773706052312654,0.0
baseline,residual,384,138,37,46.043052899639534,0.0
baseline,residual,384,138,38,64.08133867774427,0.0
baseline,residual,384,138,39,58.43763698617666,0.0
baseline,residual,384,138,40,41.450454787961256,0.0
baseline,residual,384,138,41,64.45392010460658,0.0
baseline,residual,384,139,0,74.9989943871074,0.0
baseline,residual,384,139,1,62.24768835139862,0.0
baseline,residual,384,139,2,62.830536834138,0.0
baseline,residual,384,139,3,58.73644122594953,0.0
baseline,residual,384,139,4,79.17345022815003,0.0
baseline,residual,384,139,5,69.45279694606923,0.0
baseline,residual,384,139,6,60.281393362828894,0.0
baseline,residual,384,139,7,59.307417603023026,0.0
baseline,residual,384,139,8,70.06804155311147,0.0
baseline,residual,384,139,9,66.38942889954669,0.0
baseline,residual,384,139,10,70.9130633892531,0.0
baseline,residual,384,139,11,59.66787242351565,0.0
baseline,residual,384,139,12,62.4938599527328,0.0
baseline,residual,384,139,13,64.46090156063671,0.0
baseline,residual,384,139,14,65.14711135667741,0.0
baseline,residual,384,139,15,70.39311950721411,0.0
baseline,residual,384,139,16,66.87342447130283,0.0
baseline,residual,384,139,17,62.18280380376726,0.0
baseline,residual,384,139,18,64.91365555473787,0.0
baseline,residual,384,139,19,73.50368539579998,0.0
baseline,residual,384,139,20,63.30063164774439,0.0
baseline,residual,384,139,21,55.09789211573085,0.0
baseline,residual,384,139,22,61.77503330696686,0.0
baseline,residual,384,139,23,60.784264888303596,0.0
baseline,residual,384,139,24,63.30652252702489,0.0
baseline,residual,384,139,25,59.76407084430012,0.0
baseline,residual,384,139,26,46.70004771873466,0.0
baseline,residual,384,139,27,67.10299586873525,0.0
baseline,residual,384,139,28,57.77403478332638,0.0
baseline,residual,384,139,29,58.59964525908994,0.0
baseline,residual,384,139,30,49.00425447712505,0.0
baseline,residual,384,139,31,57.19849950569515,0.0
baseline,residual,384,139,32,52.95338635121664,0.0
baseline,residual,384,139,33,48.35860675406639,0.0
baseline,residual,384,139,34,55.103054919455474,0.0
baseline,residual,384,139,35,65.27983133441144,0.0
baseline,residual,384,139,36,58.77370605231263,0.0
baseline,residual,384,139,37,46.043052899639534,0.0
baseline,residual,384,139,38,64.08133867774427,0.0
baseline,residual,384,139,39,58.51116507500947,0.0
baseline,residual,384,139,40,41.450454787961256,0.0
baseline,residual,384,139,41,64.45392010460658,0.0
baseline,residual,384,140,0,74.9989943871074,0.0
baseline,residual,384,140,1,62.24768835139862,0.0
baseline,residual,384,140,2,62.830536834138,0.0
baseline,residual,384,140,3,58.736441225949534,0.0
baseline,residual,384,140,4,79.17345022815003,0.0
baseline,residual,384,140,5,69.45279694606923,0.0
baseline,residual,384,140,6,60.281393362828894,0.0
baseline,residual,384,140,7,59.307417603023026,0.0
baseline,residual,384,140,8,70.06804155311147,0.0
baseline,residual,384,140,9,66.38942889954669,0.0
baseline,residual,384,140,10,70.9130633892531,0.0
baseline,residual,384,140,11,59.66787242351565,0.0
baseline,residual,384,140,12,62.4938599527328,0.0
baseline,residual,384,140,13,64.46090156063671,0.0
baseline,residual,384,140,14,65.14711135667741,0.0
baseline,residual,384,140,15,70.39311950721411,0.0
baseline,residual,384,140,16,66.87342447130283,0.0
baseline,residual,384,140,17,62.18280380376726,0.0
baseline,residual,384,140,18,64.91365555473787,0.0
baseline,residual,384,140,19,73.50368539579998,0.0
baseline,residual,384,140,20,63.30063164774439,0.0
baseline,residual,384,140,21,55.09789211573085,0.0
baseline,residual,384,140,22,61.77503330696686,0.0
baseline,residual,384,140,23,60.784264888303596,0.0
baseline,residual,384,140,24,63.30652252702489,0.0
baseline,residual,384,140,25,59.76407084430012,0.0
baseline,residual,384,140,26,46.70004771873466,0.0
baseline,residual,384,140,27,67.10299586873525,0.0
baseline,residual,384,140,28,57.77403478332638,0.0
baseline,residual,384,140,29,58.59964525908994,0.0
baseline,residual,384,140,30,49.00425447712505,0.0
baseline,residual,384,140,31,57.19849950569515,0.0
baseline,residual,384,140,32,52.95338635121664,0.0
baseline,residual,384,140,33,48.35860675406639,0.0
baseline,residual,384,140,34,55.103054919455474,0.0
baseline,residual,384,140,35,65.27983133441144,0.0
baseline,residual,384,140,36,61.3087103104545,0.0
baseline,residual,384,140,37,46.043052899639534,0.0
baseline,residual,384,140,38,64.08133867774427,0.0
baseline,residual,384,140,39,58.51116507500947,0.0
baseline,residual,384,140,40,41.450454787961256,0.0
baseline,residual,384,140,41,64.45392010460658,0.0
baseline,residual,384,141,0,74.99899438710737,0.0
baseline,residual,384,141,1,62.2476883513986,0.0
baseline,residual,384,141,2,62.83053683413797,0.0
baseline,residual,384,141,3,58.73644122594951,0.0
baseline,residual,384,141,4,79.17345022814999,0.0
baseline,residual,384,141,5,69.4527969460692,0.0
baseline,residual,384,141,6,60.28139336282887,0.0
baseline,residual,384,141,7,59.30741760302299,0.0
baseline,residual,384,141,8,70.06804155311146,0.0
baseline,residual,384,141,9,66.38942889954664,0.0
baseline,residual,384,141,10,70.91306338925308,0.0
baseline,residual,384,141,11,59.66787242351565,0.0
baseline,residual,384,141,12,62.49385995273275,0.0
baseline,residual,384,141,13,64.4609015606367,0.0
baseline,residual,384,141,14,65.14711135667737,0.0
baseline,residual,384,141,15,70.39311950721408,0.0
baseline,residual,384,141,16,66.87342447130278,0.0
baseline,residual,384,141,17,62.18280380376722,0.0
baseline,residual,384,141,18,64.91365555473787,0.0
baseline,residual,384,141,19,73.50368539579996,0.0
baseline,residual,384,141,20,64.42282506497644,0.0
baseline,residual,384,141,21,55.09789211573085,0.0
baseline,residual,384,141,22,61.77503330696683,0.0
baseline,residual,384,141,23,60.784264888303596,0.0
baseline,residual,384,141,24,63.30652252702487,0.0
baseline,residual,384,141,25,59.76407084430012,0.0
baseline,residual,384,141,26,46.70004771873466,0.0
baseline,residual,384,141,27,67.10299586873525,0.0
baseline,residual,384,141,28,57.77403478332635,0.0
baseline,residual,384,141,29,58.59964525908989,0.0
baseline,residual,384,141,30,49.00425447712505,0.0
baseline,residual,384,141,31,57.19849950569513,0.0
baseline,residual,384,141,32,52.95338635121664,0.0
baseline,residual,384,141,33,48.35860675406639,0.0
baseline,residual,384,141,34,55.103054919455474,0.0
baseline,residual,384,141,35,65.27983133441138,0.0
baseline,residual,384,141,36,61.3087103104545,0.0
baseline,residual,384,141,37,46.043052899639534,0.0
baseline,residual,384,141,38,64.08133867774421,0.0
baseline,residual,384,141,39,58.51116507500947,0.0
baseline,residual,384,141,40,41.450454787961256,0.0
baseline,residual,384,141,41,64.45392010460652,0.0
baseline,residual,384,142,0,74.9989943881169,0.0
baseline,residual,384,142,1,62.2476883518024,0.0
baseline,residual,384,142,2,62.830536835147484,0.0
baseline,residual,384,142,3,58.736441226353314,0.0
baseline,residual,384,142,4,79.17345023016901,0.0
baseline,residual,384,142,5,69.45279694741522,0.0
baseline,residual,384,142,6,60.28139336350187,0.0
baseline,residual,384,142,7,59.307417603696,0.0
baseline,residual,384,142,8,70.15471831066161,0.0
baseline,residual,384,142,9,66.38942890035426,0.0
baseline,residual,384,142,10,70.9130633908683,0.0
baseline,residual,384,142,11,59.66787242432326,0.0
baseline,residual,384,142,12,62.493859953742266,0.0
baseline,residual,384,142,13,64.46090156225192,0.0
baseline,residual,384,142,14,65.14711135748499,0.0
baseline,residual,384,142,15,70.39311950822359,0.0
baseline,residual,384,142,16,66.87342447211039,0.0
baseline,residual,384,142,17,62.18280380457484,0.0
baseline,residual,384,142,18,64.91365555574738,0.0
baseline,residual,384,142,19,73.50368539781898,0.0
baseline,residual,384,142,20,64.42282506598595,0.0
baseline,residual,384,142,21,55.097892116740375,0.0
baseline,residual,384,142,22,61.77503330831285,0.0
baseline,residual,384,142,23,60.78426488931311,0.0
baseline,residual,384,142,24,63.306522528034385,0.0
baseline,residual,384,142,25,59.76407084564615,0.0
baseline,residual,384,142,26,46.70004771873466,0.0
baseline,residual,384,142,27,67.10299587008127,0.0
baseline,residual,384,142,28,57.77403478433587,0.0
baseline,residual,384,142,29,58.59964526043591,0.0
baseline,residual,384,142,30,49.00425447712505,0.0
baseline,residual,384,142,31,57.198499507041156,0.0
baseline,residual,384,142,32,52.953386352226154,0.0
baseline,residual,384,142,33,48.35860675406639,0.0
baseline,residual,384,142,34,55.10305492046499,0.0
baseline,residual,384,142,35,65.27983133542091,0.0
baseline,residual,384,142,36,61.30871031146402,0.0
baseline,residual,384,142,37,46.043052899639534,0.0
baseline,residual,384,142,38,64.08133867875374,0.0
baseline,residual,384,142,39,58.51116507601898,0.0
baseline,residual,384,142,40,41.450454787961256,0.0
baseline,residual,384,142,41,64.45392010561604,0.0
baseline,residual,384,143,0,74.9989943881169,0.0
baseline,residual,384,143,1,62.247688351802395,0.0
baseline,residual,384,143,2,62.830536835147484,0.0
baseline,residual,384,143,3,58.736441226353314,0.0
baseline,residual,384,143,4,79.17345023016901,0.0
baseline,residual,384,143,5,69.45279694741521,0.0
baseline,residual,384,143,6,60.28139336350187,0.0
baseline,residual,384,143,7,59.307417603695995,0.0
baseline,residual,384,143,8,70.1547183106616,0.0
baseline,residual,384,143,9,66.38942890035426,0.0
baseline,residual,384,143,10,70.9130633908683,0.0
baseline,residual,384,143,11,59.66787242432326,0.0
baseline,residual,384,143,12,62.493859953742266,0.0
baseline,residual,384,143,13,64.46090156225192,0.0
baseline,residual,384,143,14,65.14711135748499,0.0
baseline,residual,384,143,15,70.39311950822359,0.0
baseline,residual,384,143,16,66.87342447211037,0.0
baseline,residual,384,143,17,62.18280380457482,0.0
baseline,residual,384,143,18,64.91365555574737,0.0
baseline,residual,384,143,19,73.50368539781898,0.0
baseline,residual,384,143,20,64.42282506598595,0.0
baseline,residual,384,143,21,55.09789211674036,0.0
baseline,residual,384,143,22,61.77503330831285,0.0
baseline,residual,384,143,23,60.784264889313086,0.0
baseline,residual,384,143,24,63.306522528034385,0.0
baseline,residual,384,143,25,59.764070845646124,0.0
baseline,residual,384,143,26,46.70004771873464,0.0
baseline,residual,384,143,27,67.10299587008126,0.0
baseline,residual,384,143,28,57.77403478433586,0.0
baseline,residual,384,143,29,58.5996452604359,0.0
baseline,residual,384,143,30,49.00425447712505,0.0
baseline,residual,384,143,31,57.198499507041156,0.0
baseline,residual,384,143,32,56.50537711188071,0.0
baseline,residual,384,143,33,48.35860675406639,0.0
baseline,residual,384,143,34,55.10305492046498,0.0
baseline,residual,384,143,35,65.2798313354209,0.0
baseline,residual,384,143,36,61.30871031146401,0.0
baseline,residual,384,143,37,46.043052899639534,0.0
baseline,residual,384,143,38,64.08133867875372,0.0
baseline,residual,384,143,39,58.51116507601896,0.0
baseline,residual,384,143,40,41.450454787961256,0.0
baseline,residual,384,143,41,64.45392010561604,0.0
baseline,residual,384,144,0,74.9989943881169,0.0
baseline,residual,384,144,1,62.247688351802395,0.0
baseline,residual,384,144,2,62.830536835147484,0.0
baseline,residual,384,144,3,58.736441226353314,0.0
baseline,residual,384,144,4,79.17345023016901,0.0
baseline,residual,384,144,5,69.45279694741521,0.0
baseline,residual,384,144,6,60.28139336350187,0.0
baseline,residual,384,144,7,59.307417603696,0.0
baseline,residual,384,144,8,70.1547183106616,0.0
baseline,residual,384,144,9,66.38942890035426,0.0
baseline,residual,384,144,10,70.9130633908683,0.0
baseline,residual,384,144,11,59.667872424323264,0.0
baseline,residual,384,144,12,62.493859953742266,0.0
baseline,residual,384,144,13,64.46090156225192,0.0
baseline,residual,384,144,14,65.14711135748499,0.0
baseline,residual,384,144,15,70.39311950822359,0.0
baseline,residual,384,144,16,66.87342447211037,0.0
baseline,residual,384,144,17,62.182803804574824,0.0
baseline,residual,384,144,18,64.91365555574737,0.0
baseline,residual,384,144,19,73.50368539781898,0.0
baseline,residual,384,144,20,64.42282506598595,0.0
baseline,residual,384,144,21,55.097892116740375,0.0
baseline,residual,384,144,22,61.77503330831285,0.0
baseline,residual,384,144,23,60.7842648893131,0.0
baseline,residual,384,144,24,63.306522528034385,0.0
baseline,residual,384,144,25,59.764070845646124,0.0
baseline,residual,384,144,26,46.70004771873464,0.0
baseline,residual,384,144,27,67.10299587008126,0.0
baseline,residual,384,144,28,57.77403478433586,0.0
baseline,residual,384,144,29,58.5996452604359,0.0
baseline,residual,384,144,30,49.00425447712505,0.0
baseline,residual,384,144,31,57.198499507041156,0.0
baseline,residual,384,144,32,56.505377111880726,0.0
baseline,residual,384,144,33,48.35860675406639,0.0
baseline,residual,384,144,34,55.10305492046498,0.0
baseline,residual,384,144,35,65.2798313354209,0.0
baseline,residual,384,144,36,61.30871031146402,0.0
baseline,residual,384,144,37,46.043052899639534,0.0
baseline,residual,384,144,38,64.08133867875372,0.0
baseline,residual,384,144,39,58.511165076018976,0.0
baseline,residual,384,144,40,41.450454787961256,0.0
baseline,residual,384,144,41,64.45392010561604,0.0
baseline,residual,384,145,0,74.99899438811688,0.0
baseline,residual,384,145,1,62.24768835180239,0.0
baseline,residual,384,145,2,62.830536835147484,0.0
baseline,residual,384,145,3,58.736441226353314,0.0
baseline,residual,384,145,4,79.173450230169,0.0
baseline,residual,384,145,5,69.4527969474152,0.0
baseline,residual,384,145,6,60.28139336350187,0.0
baseline,residual,384,145,7,59.307417603695995,0.0
baseline,residual,384,145,8,70.1547183106616,0.0
baseline,residual,384,145,9,66.38942890035425,0.0
baseline,residual,384,145,10,70.91306339086829,0.0
baseline,residual,384,145,11,59.667872424323264,0.0
baseline,residual,384,145,12,62.49385995374225,0.0
baseline,residual,384,145,13,64.4609015622519,0.0
baseline,residual,384,145,14,65.14711135748499,0.0
baseline,residual,384,145,15,70.39311950822359,0.0
baseline,residual,384,145,16,66.87342447211037,0.0
baseline,residual,384,145,17,62.18280380457481,0.0
baseline,residual,384,145,18,64.91365555574737,0.0
baseline,residual,384,145,19,73.50368539781898,0.0
baseline,residual,384,145,20,64.42282506598595,0.0
baseline,residual,384,145,21,55.097892116740375,0.0
baseline,residual,384,145,22,61.77503330831285,0.0
baseline,residual,384,145,23,60.784264889313086,0.0
baseline,residual,384,145,24,63.30652252803438,0.0
baseline,residual,384,145,25,59.764070845646124,0.0
baseline,residual,384,145,26,46.70004771873464,0.0
baseline,residual,384,145,27,67.10299587008126,0.0
baseline,residual,384,145,28,57.774034784335846,0.0
baseline,residual,384,145,29,58.5996452604359,0.0
baseline,residual,384,145,30,49.00425447712505,0.0
baseline,residual,384,145,31,57.19849950704114,0.0
baseline,residual,384,145,32,56.50537711188071,0.0
baseline,residual,384,145,33,48.35860675406639,0.0
baseline,residual,384,145,34,55.10305492046498,0.0
baseline,residual,384,145,35,65.2798313354209,0.0
baseline,residual,384,145,36,61.30871031146402,0.0
baseline,residual,384,145,37,46.043052899639534,0.0
baseline,residual,384,145,38,64.08133867875371,0.0
baseline,residual,384,145,39,58.511165076018976,0.0
baseline,residual,384,145,40,41.450454787961256,0.0
baseline,residual,384,145,41,65.29418707835265,0.0
baseline,residual,384,146,0,84.3301378666752,0.0
baseline,residual,384,146,1,73.1132422834123,0.0
baseline,residual,384,146,2,74.32262323893367,0.0
baseline,residual,384,146,3,75.4843148885275,0.0
baseline,residual,384,146,4,83.59880700775243,0.0
baseline,residual,384,146,5,78.45187522238047,0.0
baseline,residual,384,146,6,69.27891620393825,0.0
baseline,residual,384,146,7,71.56768399746157,0.0
baseline,residual,384,146,8,74.58007508824501,0.0
baseline,residual,384,146,9,77.06415832215498,0.0
baseline,residual,384,146,10,81.55526459557335,0.0
baseline,residual,384,146,11,70.68143590366101,0.0
baseline,residual,384,146,12,66.91921673132568,0.0
baseline,residual,384,146,13,75.50931315338536,0.0
baseline,residual,384,146,14,76.14101946860508,0.0
baseline,residual,384,146,15,74.81779897475815,0.0
baseline,residual,384,146,16,73.95212879480918,0.0
baseline,residual,384,146,17,69.41997889838782,0.0
baseline,residual,384,146,18,73.79105028404527,0.0
baseline,residual,384,146,19,82.35372164193696,0.0
baseline,residual,384,146,20,73.59716069569036,0.0
baseline,residual,384,146,21,64.48304982807376,0.0
baseline,residual,384,146,22,68.96081688388047,0.0
baseline,residual,384,146,23,65.40537697899595,0.0
baseline,residual,384,146,24,73.1188838355002,0.0
baseline,residual,384,146,25,65.92555363188993,0.0
baseline,residual,384,146,26,54.94637702071416,0.0
baseline,residual,384,146,27,73.00332411423626,0.0
baseline,residual,384,146,28,67.78448455569442,0.0
baseline,residual,384,146,29,64.9316170632639,0.0
baseline,residual,384,146,30,60.572466608922554,0.0
baseline,residual,384,146,31,69.62135144808632,0.0
baseline,residual,384,146,32,61.126489201563565,0.0
baseline,residual,384,146,33,58.199415669874895,0.0
baseline,residual,384,146,34,59.994837098665435,0.0
baseline,residual,384,146,35,74.32630020268716,0.0
baseline,residual,384,146,36,66.72483976073795,0.0
baseline,residual,384,146,37,58.465001759286224,0.0
baseline,residual,384,146,38,73.12780754601998,0.0
baseline,residual,384,146,39,62.96331362120062,0.0
baseline,residual,384,146,40,51.730897336788566,0.0
baseline,residual,384,146,41,74.34065594561892,0.0
baseline,residual,384,147,0,84.3301378666752,0.0
baseline,residual,384,147,1,73.1132422834123,0.0
baseline,residual,384,147,2,74.32262323893367,0.0
baseline,residual,384,147,3,75.4843148885275,0.0
baseline,residual,384,147,4,83.59880700775241,0.0
baseline,residual,384,147,5,78.45187522238047,0.0
baseline,residual,384,147,6,69.27891620393825,0.0
baseline,residual,384,147,7,71.56768399746157,0.0
baseline,residual,384,147,8,74.58007508824501,0.0
baseline,residual,384,147,9,77.06415832215498,0.0
baseline,residual,384,147,10,81.55526459557335,0.0
baseline,residual,384,147,11,70.68143590366101,0.0
baseline,residual,384,147,12,66.91921673132568,0.0
baseline,residual,384,147,13,75.50931315338536,0.0
baseline,residual,384,147,14,76.14101946860508,0.0
baseline,residual,384,147,15,74.81779897475813,0.0
baseline,residual,384,147,16,73.95212879480918,0.0
baseline,residual,384,147,17,69.41997889838782,0.0
baseline,residual,384,147,18,73.79105028404527,0.0
baseline,residual,384,147,19,82.35372164193696,0.0
baseline,residual,384,147,20,73.59716069569036,0.0
baseline,residual,384,147,21,64.48304982807376,0.0
baseline,residual,384,147,22,68.96081688388047,0.0
baseline,residual,384,147,23,65.40537697899593,0.0
baseline,residual,384,147,24,73.1188838355002,0.0
baseline,residual,384,147,25,65.92555363188993,0.0
baseline,residual,384,147,26,54.94637702071416,0.0
baseline,residual,384,147,27,73.00332411423626,0.0
baseline,residual,384,147,28,67.78448455569442,0.0
baseline,residual,384,147,29,65.20896211328305,0.0
baseline,residual,384,147,30,60.572466608922554,0.0
baseline,residual,384,147,31,69.62135144808632,0.0
baseline,residual,384,147,32,61.12648920156355,0.0
baseline,residual,384,147,33,58.199415669874895,0.0
baseline,residual,384,147,34,59.99483709866542,0.0
baseline,residual,384,147,35,74.32630020268716,0.0
baseline,residual,384,147,36,66.72483976073795,0.0
baseline,residual,384,147,37,58.465001759286224,0.0
baseline,residual,384,147,38,73.12780754601998,0.0
baseline,residual,384,147,39,62.963313621200605,0.0
baseline,residual,384,147,40,51.730897336788566,0.0
baseline,residual,384,147,41,74.34065594561892,0.0
baseline,residual,384,148,0,84.3301378666752,0.0
baseline,residual,384,148,1,73.1132422834123,0.0
baseline,residual,384,148,2,74.32262323893367,0.0
baseline,residual,384,148,3,75.4843148885275,0.0
baseline,residual,384,148,4,83.59880700775241,0.0
baseline,residual,384,148,5,78.45187522238047,0.0
baseline,residual,384,148,6,69.27891620393825,0.0
baseline,residual,384,148,7,71.56768399746157,0.0
baseline,residual,384,148,8,74.58007508824501,0.0
baseline,residual,384,148,9,77.06415832215498,0.0
baseline,residual,384,148,10,81.55526459557335,0.0
baseline,residual,384,148,11,70.68143590366101,0.0
baseline,residual,384,148,12,66.91921673132568,0.0
baseline,residual,384,148,13,75.50931315338536,0.0
baseline,residual,384,148,14,76.14101946860508,0.0
baseline,residual,384,148,15,74.81779897475813,0.0
baseline,residual,384,148,16,73.95212879480918,0.0
baseline,residual,384,148,17,69.41997889838782,0.0
baseline,residual,384,148,18,73.79105028404527,0.0
baseline,residual,384,148,19,82.35372164193696,0.0
baseline,residual,384,148,20,73.59716069569036,0.0
baseline,residual,384,148,21,64.48304982807376,0.0
baseline,residual,384,148,22,68.96081688388047,0.0
baseline,residual,384,148,23,65.40537697899593,0.0
baseline,residual,384,148,24,73.1188838355002,0.0
baseline,residual,384,148,25,65.92555363188993,0.0
baseline,residual,384,148,26,54.94637702071416,0.0
baseline,residual,384,148,27,73.00332411423626,0.0
baseline,residual,384,148,28,67.78448455569442,0.0
baseline,residual,384,148,29,65.20896211328305,0.0
baseline,residual,384,148,30,60.572466608922554,0.0
baseline,residual,384,148,31,69.62135144808632,0.0
baseline,residual,384,148,32,61.12648920156355,0.0
baseline,residual,384,148,33,58.199415669874895,0.0
baseline,residual,384,148,34,59.99483709866542,0.0
baseline,residual,384,148,35,74.46193331907163,0.0
baseline,residual,384,148,36,66.72483976073795,0.0
baseline,residual,384,148,37,58.465001759286224,0.0
baseline,residual,384,148,38,73.12780754601998,0.0
baseline,residual,384,148,39,62.963313621200605,0.0
baseline,residual,384,148,40,51.730897336788566,0.0
baseline,residual,384,148,41,74.34065594561892,0.0
baseline,residual,384,149,0,84.3301378666752,0.0
baseline,residual,384,149,1,73.1132422834123,0.0
baseline,residual,384,149,2,74.32262323893367,0.0
baseline,residual,384,149,3,75.4843148885275,0.0
baseline,residual,384,149,4,83.59880700775241,0.0
baseline,residual,384,149,5,78.45187522238047,0.0
baseline,residual,384,149,6,69.27891620393825,0.0
baseline,residual,384,149,7,71.56768399746157,0.0
baseline,residual,384,149,8,74.58007508824501,0.0
baseline,residual,384,149,9,77.06415832215498,0.0
baseline,residual,384,149,10,81.55526459557335,0.0
baseline,residual,384,149,11,70.68143590366101,0.0
baseline,residual,384,149,12,66.91921673132568,0.0
baseline,residual,384,149,13,75.50931315338536,0.0
baseline,residual,384,149,14,76.14101946860508,0.0
baseline,residual,384,149,15,74.81779897475813,0.0
baseline,residual,384,149,16,73.95212879480918,0.0
baseline,residual,384,149,17,69.41997889838782,0.0
baseline,residual,384,149,18,73.79105028404527,0.0
baseline,residual,384,149,19,82.35372164193696,0.0
baseline,residual,384,149,20,73.59716069569036,0.0
baseline,residual,384,149,21,64.48304982807376,0.0
baseline,residual,384,149,22,68.96081688388047,0.0
baseline,residual,384,149,23,65.40537697899593,0.0
baseline,residual,384,149,24,73.1188838355002,0.0
baseline,residual,384,149,25,66.08725988000278,0.0
baseline,residual,384,149,26,54.94637702071416,0.0
baseline,residual,384,149,27,73.00332411423626,0.0
baseline,residual,384,149,28,67.78448455569442,0.0
baseline,residual,384,149,29,65.20896211328305,0.0
baseline,residual,384,149,30,60.572466608922554,0.0
baseline,residual,384,149,31,69.62135144808632,0.0
baseline,residual,384,149,32,61.12648920156355,0.0
baseline,residual,384,149,33,58.199415669874895,0.0
baseline,residual,384,149,34,59.99483709866542,0.0
baseline,residual,384,149,35,74.46193331907163,0.0
baseline,residual,384,149,36,66.72483976073795,0.0
baseline,residual,384,149,37,58.465001759286224,0.0
baseline,residual,384,149,38,73.12780754601998,0.0
baseline,residual,384,149,39,62.963313621200605,0.0
baseline,residual,384,149,40,51.730897336788566,0.0
baseline,residual,384,149,41,74.34065594561892,0.0
baseline,residual,384,150,0,84.3301378666752,0.0
baseline,residual,384,150,1,73.1132422834123,0.0
baseline,residual,384,150,2,74.32262323893367,0.0
baseline,residual,384,150,3,75.4843148885275,0.0
baseline,residual,384,150,4,83.59880700775241,0.0
baseline,residual,384,150,5,78.45187522238047,0.0
baseline,residual,384,150,6,69.27891620393825,0.0
baseline,residual,384,150,7,71.56768399746157,0.0
baseline,residual,384,150,8,74.58007508824501,0.0
baseline,residual,384,150,9,77.06415832215498,0.0
baseline,residual,384,150,10,81.55526459557335,0.0
baseline,residual,384,150,11,70.68143590366101,0.0
baseline,residual,384,150,12,66.91921673132568,0.0
baseline,residual,384,150,13,75.50931315338536,0.0
baseline,residual,384,150,14,76.14101946860508,0.0
baseline,residual,384,150,15,74.81779897475813,0.0
baseline,residual,384,150,16,73.95212879480918,0.0
baseline,residual,384,150,17,69.41997889838782,0.0
baseline,residual,384,150,18,73.79105028404527,0.0
baseline,residual,384,150,19,82.35372164193696,0.0
baseline,residual,384,150,20,73.59716069569036,0.0
baseline,residual,384,150,21,64.48304982807376,0.0
baseline,residual,384,150,22,68.96081688388047,0.0
baseline,residual,384,150,23,65.40537697899593,0.0
baseline,residual,384,150,24,73.1188838355002,0.0
baseline,residual,384,150,25,66.08725988000278,0.0
baseline,residual,384,150,26,54.94637702071416,0.0
baseline,residual,384,150,27,73.00332411423626,0.0
baseline,residual,384,150,28,67.78448455569442,0.0
baseline,residual,384,150,29,65.20896211328305,0.0
baseline,residual,384,150,30,60.572466608922554,0.0
baseline,residual,384,150,31,69.62135144808632,0.0
baseline,residual,384,150,32,61.12648920156355,0.0
baseline,residual,384,150,33,58.199415669874895,0.0
baseline,residual,384,150,34,59.99483709866542,0.0
baseline,residual,384,150,35,74.46193331907163,0.0
baseline,residual,384,150,36,66.72483976073795,0.0
baseline,residual,384,150,37,58.465001759286224,0.0
baseline,residual,384,150,38,73.12780754601998,0.0
baseline,residual,384,150,39,62.963313621200605,0.0
baseline,residual,384,150,40,51.730897336788566,0.0
baseline,residual,384,150,41,74.34065594561892,0.0
baseline,residual,384,151,0,84.3301378666752,0.0
baseline,residual,384,151,1,73.1132422834123,0.0
baseline,residual,384,151,2,74.32262323893367,0.0
baseline,residual,384,151,3,75.4843148885275,0.0
baseline,residual,384,151,4,83.59880700775241,0.0
baseline,residual,384,151,5,78.45187522238047,0.0
baseline,residual,384,151,6,69.27891620393825,0.0
baseline,residual,384,151,7,71.56768399746157,0.0
baseline,residual,384,151,8,74.58007508824501,0.0
baseline,residual,384,151,9,77.06415832215498,0.0
baseline,residual,384,151,10,81.55526459557335,0.0
baseline,residual,384,151,11,70.68143590366101,0.0
baseline,residual,384,151,12,66.91921673132568,0.0
baseline,residual,384,151,13,75.50931315338536,0.0
baseline,residual,384,151,14,76.14101946860508,0.0
baseline,residual,384,151,15,74.81779897475813,0.0
baseline,residual,384,151,16,73.95212879480918,0.0
baseline,residual,384,151,17,69.41997889838782,0.0
baseline,residual,384,151,18,73.79105028404527,0.0
baseline,residual,384,151,19,82.35372164193696,0.0
baseline,residual,384,151,20,73.59716069569036,0.0
baseline,residual,384,151,21,64.48304982807376,0.0
baseline,residual,384,151,22,68.96081688388047,0.0
baseline,residual,384,151,23,65.40537697899593,0.0
baseline,residual,384,151,24,73.1188838355002,0.0
baseline,residual,384,151,25,66.08725988000278,0.0
baseline,residual,384,151,26,54.94637702071416,0.0
baseline,residual,384,151,27,73.00332411423626,0.0
baseline,residual,384,151,28,67.78448455569442,0.0
baseline,residual,384,151,29,65.20896211328305,0.0
baseline,residual,384,151,30,60.572466608922554,0.0
baseline,residual,384,151,31,69.62135144808632,0.0
baseline,residual,384,151,32,61.12648920156355,0.0
baseline,residual,384,151,33,58.199415669874895,0.0
baseline,residual,384,151,34,59.99483709866542,0.0
baseline,residual,384,151,35,74.46193331907163,0.0
baseline,residual,384,151,36,66.72483976073795,0.0
baseline,residual,384,151,37,58.465001759286224,0.0
baseline,residual,384,151,38,73.12780754601998,0.0
baseline,residual,384,151,39,62.963313621200605,0.0
baseline,residual,384,151,40,51.730897336788566,0.0
baseline,residual,384,151,41,74.34065594561892,0.0
baseline,residual,384,152,0,84.3301378666752,0.0
baseline,residual,384,152,1,73.1132422834123,0.0
baseline,residual,384,152,2,74.32262323893367,0.0
baseline,residual,384,152,3,75.4843148885275,0.0
baseline,residual,384,152,4,83.59880700775241,0.0
baseline,residual,384,152,5,78.45187522238047,0.0
baseline,residual,384,152,6,69.27891620393825,0.0
baseline,residual,384,152,7,71.56768399746157,0.0
baseline,residual,384,152,8,74.58007508824501,0.0
baseline,residual,384,152,9,77.06415832215498,0.0
baseline,residual,384,152,10,81.55526459557335,0.0
baseline,residual,384,152,11,70.68143590366101,0.0
baseline,residual,384,152,12,66.91921673132568,0.0
baseline,residual,384,152,13,75.50931315338536,0.0
baseline,residual,384,152,14,76.14101946860508,0.0
baseline,residual,384,152,15,74.81779897475813,0.0
baseline,residual,384,152,16,73.95212879480918,0.0
baseline,residual,384,152,17,69.41997889838782,0.0
baseline,residual,384,152,18,73.79105028404527,0.0
baseline,residual,384,152,19,82.35372164193696,0.0
baseline,residual,384,152,20,73.59716069569036,0.0
baseline,residual,384,152,21,64.48304982807376,0.0
baseline,residual,384,152,22,68.96081688388047,0.0
baseline,residual,384,152,23,65.40537697899593,0.0
baseline,residual,384,152,24,73.1188838355002,0.0
baseline,residual,384,152,25,66.08725988000278,0.0
baseline,residual,384,152,26,54.94637702071416,0.0
baseline,residual,384,152,27,73.00332411423626,0.0
baseline,residual,384,152,28,67.78448455569442,0.0
baseline,residual,384,152,29,65.20896211328305,0.0
baseline,residual,384,152,30,60.572466608922554,0.0
baseline,residual,384,152,31,69.62135144808632,0.0
baseline,residual,384,152,32,61.12648920156355,0.0
baseline,residual,384,152,33,58.199415669874895,0.0
baseline,residual,384,152,34,59.99483709866542,0.0
baseline,residual,384,152,35,74.46193331907163,0.0
baseline,residual,384,152,36,66.72483976073795,0.0
baseline,residual,384,152,37,58.465001759286224,0.0
baseline,residual,384,152,38,73.12780754601998,0.0
baseline,residual,384,152,39,62.963313621200605,0.0
baseline,residual,384,152,40,51.730897336788566,0.0
baseline,residual,384,152,41,74.34065594561892,0.0
baseline,residual,384,153,0,84.61389864898776,0.0
baseline,residual,384,153,1,73.4809778169796,0.0
baseline,residual,384,153,2,74.42788752036932,0.0
baseline,residual,384,153,3,75.68115134321303,0.0
baseline,residual,384,153,4,84.02605470495688,0.0
baseline,residual,384,153,5,78.97125186671221,0.0
baseline,residual,384,153,6,74.57886211836038,0.0
baseline,residual,384,153,7,71.94670826654576,0.0
baseline,residual,384,153,8,74.79060365111633,0.0
baseline,residual,384,153,9,77.23753362962151,0.0
baseline,residual,384,153,10,81.88418941301981,0.0
baseline,residual,384,153,11,71.12257981504399,0.0
baseline,residual,384,153,12,67.13593586565884,0.0
baseline,residual,384,153,13,75.67773600368241,0.0
baseline,residual,384,153,14,76.31439477607161,0.0
baseline,residual,384,153,15,75.24504667196261,0.0
baseline,residual,384,153,16,74.23772319621222,0.0
baseline,residual,384,153,17,69.71430605413944,0.0
baseline,residual,384,153,18,74.20220630585335,0.0
baseline,residual,384,153,19,82.56425020480827,0.0
baseline,residual,384,153,20,73.81387983002351,0.0
baseline,residual,384,153,21,64.69357839094506,0.0
baseline,residual,384,153,22,68.96081688388047,0.0
baseline,residual,384,153,23,65.76709535222363,0.0
baseline,residual,384,153,24,73.25915770292083,0.0
baseline,residual,384,153,25,66.56955104430637,0.0
baseline,residual,384,153,26,55.10687898786357,0.0
baseline,residual,384,153,27,73.28402886473135,0.0
baseline,residual,384,153,28,67.9356743660508,0.0
baseline,residual,384,153,29,65.48966686377814,0.0
baseline,residual,384,153,30,60.96613951829359,0.0
baseline,residual,384,153,31,69.62135144808632,0.0
baseline,residual,384,153,32,61.48820757479126,0.0
baseline,residual,384,153,33,58.40004312881166,0.0
baseline,residual,384,153,34,60.205365661536746,0.0
baseline,residual,384,153,35,74.82984226376117,0.0
baseline,residual,384,153,36,67.13599578254603,0.0
baseline,residual,384,153,37,58.465001759286224,0.0
baseline,residual,384,153,38,73.49571649070951,0.0
baseline,residual,384,153,39,63.374469643008695,0.0
baseline,residual,384,153,40,51.730897336788566,0.0
baseline,residual,384,153,41,74.70856489030845,0.0
baseline,residual,384,154,0,84.61389864898773,0.0
baseline,residual,384,154,1,73.48097781697957,0.0
baseline,residual,384,154,2,74.42788752036932,0.0
baseline,residual,384,154,3,75.68115134321299,0.0
baseline,residual,384,154,4,84.02605470495688,0.0
baseline,residual,384,154,5,78.97125186671218,0.0
baseline,residual,384,154,6,74.57886211836032,0.0
baseline,residual,384,154,7,71.94670826654573,0.0
baseline,residual,384,154,8,74.79060365111633,0.0
baseline,residual,384,154,9,77.23753362962151,0.0
baseline,residual,384,154,10,81.8841894130198,0.0
baseline,residual,384,154,11,71.12257981504395,0.0
baseline,residual,384,154,12,67.13593586565884,0.0
baseline,residual,384,154,13,75.67773600368241,0.0
baseline,residual,384,154,14,76.31439477607161,0.0
baseline,residual,384,154,15,75.24504667196261,0.0
baseline,residual,384,154,16,74.2377231962122,0.0
baseline,residual,384,154,17,69.71430605413943,0.0
baseline,residual,384,154,18,74.20220630585332,0.0
baseline,residual,384,154,19,82.56425020480827,0.0
baseline,residual,384,154,20,73.81387983002351,0.0
baseline,residual,384,154,21,64.69357839094506,0.0
baseline,residual,384,154,22,68.96081688388044,0.0
baseline,residual,384,154,23,65.76709535222362,0.0
baseline,residual,384,154,24,73.25915770292079,0.0
baseline,residual,384,154,25,66.56955104430634,0.0
baseline,residual,384,154,26,55.10687898786353,0.0
baseline,residual,384,154,27,73.28402886473135,0.0
baseline,residual,384,154,28,67.93567436605076,0.0
baseline,residual,384,154,29,65.48966686377814,0.0
baseline,residual,384,154,30,64.19634516887021,0.0
baseline,residual,384,154,31,69.62135144808632,0.0
baseline,residual,384,154,32,61.48820757479124,0.0
baseline,residual,384,154,33,58.4000431288116,0.0
baseline,residual,384,154,34,60.205365661536746,0.0
baseline,residual,384,154,35,74.82984226376114,0.0
baseline,residual,384,154,36,67.13599578254599,0.0
baseline,residual,384,154,37,58.465001759286224,0.0
baseline,residual,384,154,38,73.49571649070948,0.0
baseline,residual,384,154,39,63.374469643008666,0.0
baseline,residual,384,154,40,51.73089733678855,0.0
baseline,residual,384,154,41,74.70856489030842,0.0
baseline,residual,384,155,0,84.6138986489878,0.0
baseline,residual,384,155,1,73.48097781697957,0.0
baseline,residual,384,155,2,74.42788752036945,0.0
baseline,residual,384,155,3,75.68115134321309,0.0
baseline,residual,384,155,4,84.02605470495688,0.0
baseline,residual,384,155,5,78.97125186671218,0.0
baseline,residual,384,155,6,74.57886211836032,0.0
baseline,residual,384,155,7,71.94670826654581,0.0
baseline,residual,384,155,8,74.79060365111633,0.0
baseline,residual,384,155,9,77.2375336296216,0.0
baseline,residual,384,155,10,81.8841894130198,0.0
baseline,residual,384,155,11,71.12257981504403,0.0
baseline,residual,384,155,12,67.13593586565884,0.0
baseline,residual,384,155,13,75.67773600368251,0.0
baseline,residual,384,155,14,76.3143947760717,0.0
baseline,residual,384,155,15,75.24504667196273,0.0
baseline,residual,384,155,16,74.2377231962122,0.0
baseline,residual,384,155,17,69.71430605413943,0.0
baseline,residual,384,155,18,74.20220630585332,0.0
baseline,residual,384,155,19,82.56425020480839,0.0
baseline,residual,384,155,20,73.81387983002351,0.0
baseline,residual,384,155,21,64.69357839094518,0.0
baseline,residual,384,155,22,68.96081688388047,0.0
baseline,residual,384,155,23,65.76709535222362,0.0
baseline,residual,384,155,24,73.2591577029208,0.0
baseline,residual,384,155,25,66.56955104430634,0.0
baseline,residual,384,155,26,55.10687898786364,0.0
baseline,residual,384,155,27,73.28402886473135,0.0
baseline,residual,384,155,28,67.93567436605076,0.0
baseline,residual,384,155,29,65.48966686377814,0.0
baseline,residual,384,155,30,64.19634516887022,0.0
baseline,residual,384,155,31,69.62135144808647,0.0
baseline,residual,384,155,32,61.48820757479124,0.0
baseline,residual,384,155,33,58.400043128811745,0.0
baseline,residual,384,155,34,60.20536566153686,0.0
baseline,residual,384,155,35,74.82984226376114,0.0
baseline,residual,384,155,36,67.135995782546,0.0
baseline,residual,384,155,37,58.46500175928654,0.0
baseline,residual,384,155,38,73.49571649070948,0.0
baseline,residual,384,155,39,63.374469643008666,0.0
baseline,residual,384,155,40,59.55226105098196,0.0
baseline,residual,384,155,41,74.70856489030842,0.0
baseline,residual,384,156,0,84.6138986489878,0.0
baseline,residual,384,156,1,73.48097781697957,0.0
baseline,residual,384,156,2,74.42788752036945,0.0
baseline,residual,384,156,3,75.68115134321309,0.0
baseline,residual,384,156,4,84.02605470495688,0.0
baseline,residual,384,156,5,78.97125186671218,0.0
baseline,residual,384,156,6,74.57886211836032,0.0
baseline,residual,384,156,7,71.94670826654581,0.0
baseline,residual,384,156,8,74.79060365111633,0.0
baseline,residual,384,156,9,77.2375336296216,0.0
baseline,residual,384,156,10,81.8841894130198,0.0
baseline,residual,384,156,11,71.12257981504403,0.0
baseline,residual,384,156,12,67.13593586565884,0.0
baseline,residual,384,156,13,75.67773600368251,0.0
baseline,residual,384,156,14,76.3143947760717,0.0
baseline,residual,384,156,15,75.24504667196273,0.0
baseline,residual,384,156,16,74.2377231962122,0.0
baseline,residual,384,156,17,69.71430605413943,0.0
baseline,residual,384,156,18,74.20220630585332,0.0
baseline,residual,384,156,19,82.56425020480839,0.0
baseline,residual,384,156,20,73.81387983002351,0.0
baseline,residual,384,156,21,64.69357839094518,0.0
baseline,residual,384,156,22,68.96081688388047,0.0
baseline,residual,384,156,23,65.76709535222362,0.0
baseline,residual,384,156,24,73.2591577029208,0.0
baseline,residual,384,156,25,66.56955104430634,0.0
baseline,residual,384,156,26,55.10687898786364,0.0
baseline,residual,384,156,27,73.28402886473135,0.0
baseline,residual,384,156,28,67.93567436605076,0.0
baseline,residual,384,156,29,65.48966686377814,0.0
baseline,residual,384,156,30,64.19634516887022,0.0
baseline,residual,384,156,31,69.62135144808647,0.0
baseline,residual,384,156,32,61.48820757479124,0.0
baseline,residual,384,156,33,58.400043128811745,0.0
baseline,residual,384,156,34,60.20536566153686,0.0
baseline,residual,384,156,35,74.82984226376114,0.0
baseline,residual,384,156,36,67.135995782546,0.0
baseline,residual,384,156,37,58.46500175928654,0.0
baseline,residual,384,156,38,73.49571649070948,0.0
baseline,residual,384,156,39,63.374469643008666,0.0
baseline,residual,384,156,40,59.55226105098196,0.0
baseline,residual,384,156,41,74.70856489030842,0.0
baseline,residual,384,157,0,84.67002809704752,0.0
baseline,residual,384,157,1,73.52671698160272,0.0
baseline,residual,384,157,2,74.488770707911,0.0
baseline,residual,384,157,3,75.76696610545311,0.0
baseline,residual,384,157,4,84.0478828302547,0.0
baseline,residual,384,157,5,79.00191598649806,0.0
baseline,residual,384,157,6,74.6095262381462,0.0
baseline,residual,384,157,7,71.9984299533379,0.0
baseline,residual,384,157,8,74.81243177641413,0.0
baseline,residual,384,157,9,77.2903987984609,0.0
baseline,residual,384,157,10,81.93436346149892,0.0
baseline,residual,384,157,11,71.18056044209965,0.0
baseline,residual,384,157,12,67.15776399095664,0.0
baseline,residual,384,157,13,75.73840761718071,0.0
baseline,residual,384,157,14,76.37458885854842,0.0
baseline,residual,384,157,15,75.2668749666484,0.0
baseline,residual,384,157,16,74.2726481966887,0.0
baseline,residual,384,157,17,69.73585395147259,0.0
baseline,residual,384,157,18,74.24309574115443,0.0
baseline,residual,384,157,19,82.60790662479188,0.0
baseline,residual,384,157,20,73.85980651884599,0.0
baseline,residual,384,157,21,64.74758978252014,0.0
baseline,residual,384,157,22,69.0231826823434,0.0
baseline,residual,384,157,23,65.77220209859225,0.0
baseline,residual,384,157,24,73.32776017706581,0.0
baseline,residual,384,157,25,66.57636003946453,0.0
baseline,residual,384,157,26,55.1673540935205,0.0
baseline,residual,384,157,27,73.31313303444969,0.0
baseline,residual,384,157,28,67.98755546126661,0.0
baseline,residual,384,157,29,65.52179828181103,0.0
baseline,residual,384,157,30,64.25309909145277,0.0
baseline,residual,384,157,31,69.69257074916267,0.0
baseline,residual,384,157,32,61.49331432115988,0.0
baseline,residual,384,157,33,58.46587895505916,0.0
baseline,residual,384,157,34,60.236952012046196,0.0
baseline,residual,384,157,35,74.85677713542759,0.0
baseline,residual,384,157,36,67.18000331410774,0.0
baseline,residual,384,157,37,58.53622128621321,0.0
baseline,residual,384,157,38,73.52265136237594,0.0
baseline,residual,384,157,39,63.39353095102103,0.0
baseline,residual,384,157,40,59.63062191972636,0.0
baseline,residual,384,157,41,74.73549976197488,0.0
baseline,residual,384,158,0,85.58784804483713,0.0
baseline,residual,384,158,1,74.02822210053964,0.0
baseline,residual,384,158,2,75.08792886548953,0.0
baseline,residual,384,158,3,75.99971694474789,0.0
baseline,residual,384,158,4,85.26708350891374,0.0
baseline,residual,384,158,5,79.81471643893741,0.0
baseline,residual,384,158,6,75.03440862509429,0.0
baseline,residual,384,158,7,72.81123040577728,0.0
baseline,residual,384,158,8,75.39430887465106,0.0
baseline,residual,384,158,9,78.26575934138812,0.0
baseline,residual,384,158,10,82.39986514008847,0.0
baseline,residual,384,158,11,71.18056044209965,0.0
baseline,residual,384,158,12,77.37690229850205,0.0
baseline,residual,384,158,13,76.20390929577025,0.0
baseline,residual,384,158,14,77.34994940147566,0.0
baseline,residual,384,158,15,75.90419854707052,0.0
baseline,residual,384,158,16,75.24800873961594,0.0
baseline,residual,384,158,17,70.71121449439984,0.0
baseline,residual,384,158,18,74.24309574115443,0.0
baseline,residual,384,158,19,83.1897837230288,0.0
baseline,residual,384,158,20,75.07900719750504,0.0
baseline,residual,384,158,21,64.74758978252014,0.0
baseline,residual,384,158,22,69.79901881332596,0.0
baseline,residual,384,158,23,66.38864131551243,0.0
baseline,residual,384,158,24,73.90963727530273,0.0
baseline,residual,384,158,25,66.57636003946453,0.0
baseline,residual,384,158,26,55.1673540935205,0.0
baseline,residual,384,158,27,73.31313303444969,0.0
baseline,residual,384,158,28,68.56943255950353,0.0
baseline,residual,384,158,29,65.52179828181103,0.0
baseline,residual,384,158,30,64.25309909145277,0.0
baseline,residual,384,158,31,70.46840688014521,0.0
baseline,residual,384,158,32,61.49331432115988,0.0
baseline,residual,384,158,33,58.46587895505916,0.0
baseline,residual,384,158,34,60.236952012046196,0.0
baseline,residual,384,158,35,76.07597781408664,0.0
baseline,residual,384,158,36,67.18000331410774,0.0
baseline,residual,384,158,37,58.53622128621321,0.0
baseline,residual,384,158,38,74.74185204103499,0.0
baseline,residual,384,158,39,63.39353095102103,0.0
baseline,residual,384,158,40,59.63062191972636,0.0
baseline,residual,384,158,41,75.95470044063393,0.0
baseline,residual,384,159,0,85.58784814330438,0.0
baseline,residual,384,159,1,74.02822213992654,0.0
baseline,residual,384,159,2,75.08792896395674,0.0
baseline,residual,384,159,3,75.99971698413476,0.0
baseline,residual,384,159,4,85.53819842044523,0.0
baseline,residual,384,159,5,79.81471657022709,0.0
baseline,residual,384,159,6,75.03440869073914,0.0
baseline,residual,384,159,7,72.81123047142215,0.0
baseline,residual,384,159,8,75.39430907158547,0.0
baseline,residual,384,159,9,78.26575942016198,0.0
baseline,residual,384,159,10,82.39986529763601,0.0
baseline,residual,384,159,11,71.18056052087337,0.0
baseline,residual,384,159,12,77.37690239696938,0.0
baseline,residual,384,159,13,76.20390945331779,0.0
baseline,residual,384,159,14,77.3499494802495,0.0
baseline,residual,384,159,15,75.90419864553779,0.0
baseline,residual,384,159,16,75.24800881838979,0.0
baseline,residual,384,159,17,70.71121457317369,0.0
baseline,residual,384,159,18,74.24309583962162,0.0
baseline,residual,384,159,19,83.1897839199632,0.0
baseline,residual,384,159,20,75.07900729597236,0.0
baseline,residual,384,159,21,64.7475898809873,0.0
baseline,residual,384,159,22,69.79901894461561,0.0
baseline,residual,384,159,23,66.3886414139796,0.0
baseline,residual,384,159,24,73.90963737376997,0.0
baseline,residual,384,159,25,66.5763601707541,0.0
baseline,residual,384,159,26,55.1673540935205,0.0
baseline,residual,384,159,27,73.31313316573927,0.0
baseline,residual,384,159,28,68.56943265797076,0.0
baseline,residual,384,159,29,65.52179841310061,0.0
baseline,residual,384,159,30,64.25309909145277,0.0
baseline,residual,384,159,31,70.46840701143486,0.0
baseline,residual,384,159,32,61.49331441962705,0.0
baseline,residual,384,159,33,58.46587895505916,0.0
baseline,residual,384,159,34,60.23695211051336,0.0
baseline,residual,384,159,35,76.07597791255397,0.0
baseline,residual,384,159,36,67.18000341257492,0.0
baseline,residual,384,159,37,58.53622128621321,0.0
baseline,residual,384,159,38,74.74185213950231,0.0
baseline,residual,384,159,39,63.393531049488196,0.0
baseline,residual,384,159,40,59.63062191972636,0.0
baseline,residual,384,159,41,75.95470053910125,0.0
baseline,residual,384,160,0,85.58785078689313,0.0
baseline,residual,384,160,1,74.02822425468645,0.0
baseline,residual,384,160,2,75.08793292933986,0.0
baseline,residual,384,160,3,75.99971909900577,0.0
baseline,residual,384,160,4,85.53820370762271,0.0
baseline,residual,384,160,5,79.81472009501209,0.0
baseline,residual,384,160,6,75.03441045313164,0.0
baseline,residual,384,160,7,72.81123223399979,0.0
baseline,residual,384,160,8,75.39431435876295,0.0
baseline,residual,384,160,9,78.26576364968182,0.0
baseline,residual,384,160,10,82.399869527378,0.0
baseline,residual,384,160,11,71.18056263596654,0.0
baseline,residual,384,160,12,77.37690504055813,0.0
baseline,residual,384,160,13,76.77633816012475,0.0
baseline,residual,384,160,14,77.34995159534267,0.0
baseline,residual,384,160,15,75.90420128912653,0.0
baseline,residual,384,160,16,75.2480109332608,0.0
baseline,residual,384,160,17,70.7112166880447,0.0
baseline,residual,384,160,18,74.24309848321036,0.0
baseline,residual,384,160,19,83.18978920714069,0.0
baseline,residual,384,160,20,75.0790099395611,0.0
baseline,residual,384,160,21,64.7475951681648,0.0
baseline,residual,384,160,22,69.7990224694006,0.0
baseline,residual,384,160,23,66.38864405756834,0.0
baseline,residual,384,160,24,73.90964001735871,0.0
baseline,residual,384,160,25,66.5763636955391,0.0
baseline,residual,384,160,26,55.16735409374266,0.0
baseline,residual,384,160,27,73.31313669052426,0.0
baseline,residual,384,160,28,68.56943530155951,0.0
baseline,residual,384,160,29,65.5218019378856,0.0
baseline,residual,384,160,30,64.25309909145277,0.0
baseline,residual,384,160,31,70.46841053659014,0.0
baseline,residual,384,160,32,61.493317063215805,0.0
baseline,residual,384,160,33,58.46587895505916,0.0
baseline,residual,384,160,34,60.236954754379816,0.0
baseline,residual,384,160,35,76.07598055614271,0.0
baseline,residual,384,160,36,67.18000605616366,0.0
baseline,residual,384,160,37,58.536221286583476,0.0
baseline,residual,384,160,38,74.74185478309106,0.0
baseline,residual,384,160,39,63.393533693076954,0.0
baseline,residual,384,160,40,59.63062192000407,0.0
baseline,residual,384,160,41,75.95470318269,0.0
baseline,residual,384,161,0,85.58785078689313,0.0
baseline,residual,384,161,1,74.02822425468645,0.0
baseline,residual,384,161,2,75.08793292933987,0.0
baseline,residual,384,161,3,75.99971909900577,0.0
baseline,residual,384,161,4,85.53820370762276,0.0
baseline,residual,384,161,5,79.81472009501209,0.0
baseline,residual,384,161,6,75.03441045313164,0.0
baseline,residual,384,161,7,72.81123223399982,0.0
baseline,residual,384,161,8,75.39431435876297,0.0
baseline,residual,384,161,9,78.26576364968182,0.0
baseline,residual,384,161,10,82.399869527378,0.0
baseline,residual,384,161,11,71.18056263596654,0.0
baseline,residual,384,161,12,77.37690504055813,0.0
baseline,residual,384,161,13,76.77633816012475,0.0
baseline,residual,384,161,14,77.34995159534269,0.0
baseline,residual,384,161,15,75.90420128912653,0.0
baseline,residual,384,161,16,75.2480109332608,0.0
baseline,residual,384,161,17,70.71121668804471,0.0
baseline,residual,384,161,18,74.24309848321036,0.0
baseline,residual,384,161,19,83.18978920714072,0.0
baseline,residual,384,161,20,75.07900993956112,0.0
baseline,residual,384,161,21,64.7475951681648,0.0
baseline,residual,384,161,22,69.79902246940063,0.0
baseline,residual,384,161,23,66.38864405756836,0.0
baseline,residual,384,161,24,73.90964001735874,0.0
baseline,residual,384,161,25,66.5763636955391,0.0
baseline,residual,384,161,26,55.16735409374267,0.0
baseline,residual,384,161,27,73.31313669052426,0.0
baseline,residual,384,161,28,69.70660580336305,0.0
baseline,residual,384,161,29,65.5218019378856,0.0
baseline,residual,384,161,30,64.2530990914528,0.0
baseline,residual,384,161,31,70.46841053659016,0.0
baseline,residual,384,161,32,61.493317063215805,0.0
baseline,residual,384,161,33,58.46587895505917,0.0
baseline,residual,384,161,34,60.236954754379816,0.0
baseline,residual,384,161,35,76.07598055614272,0.0
baseline,residual,384,161,36,67.18000605616366,0.0
baseline,residual,384,161,37,58.536221286583476,0.0
baseline,residual,384,161,38,74.74185478309109,0.0
baseline,residual,384,161,39,63.393533693076954,0.0
baseline,residual,384,161,40,59.63062192000407,0.0
baseline,residual,384,161,41,75.95470318269001,0.0
baseline,residual,384,162,0,85.58785079178305,0.0
baseline,residual,384,162,1,74.02822425775904,0.0
baseline,residual,384,162,2,75.08793293318057,0.0
baseline,residual,384,162,3,75.99971910207834,0.0
baseline,residual,384,162,4,85.53820371530412,0.0
baseline,residual,384,162,5,79.81472010129454,0.0
baseline,residual,384,162,6,75.0344104568536,0.0
baseline,residual,384,162,7,72.81123223772177,0.0
baseline,residual,384,162,8,75.39431436644436,0.0
baseline,residual,384,162,9,78.26576365275439,0.0
baseline,residual,384,162,10,82.68355467566468,0.0
baseline,residual,384,162,11,71.1805626404329,0.0
baseline,residual,384,162,12,77.37690504439882,0.0
baseline,residual,384,162,13,76.77633816626987,0.0
baseline,residual,384,162,14,77.349951600094,0.0
baseline,residual,384,162,15,75.90420129296723,0.0
baseline,residual,384,162,16,75.24801093633337,0.0
baseline,residual,384,162,17,70.71121669111726,0.0
baseline,residual,384,162,18,74.24309849089175,0.0
baseline,residual,384,162,19,83.1897892148221,0.0
baseline,residual,384,162,20,75.0790099434018,0.0
baseline,residual,384,162,21,64.7475951720055,0.0
baseline,residual,384,162,22,69.79902247452156,0.0
baseline,residual,384,162,23,66.38864406140905,0.0
baseline,residual,384,162,24,73.90964002119942,0.0
baseline,residual,384,162,25,66.57636370066002,0.0
baseline,residual,384,162,26,55.167354095136474,0.0
baseline,residual,384,162,27,73.31313669844312,0.0
baseline,residual,384,162,28,69.70660580720374,0.0
baseline,residual,384,162,29,65.52180194300654,0.0
baseline,residual,384,162,30,64.2530990928466,0.0
baseline,residual,384,162,31,70.46841054171108,0.0
baseline,residual,384,162,32,61.4933170670565,0.0
baseline,residual,384,162,33,58.46587895680142,0.0
baseline,residual,384,162,34,60.23695475822052,0.0
baseline,residual,384,162,35,76.07598055998342,0.0
baseline,residual,384,162,36,67.18000606174662,0.0
baseline,residual,384,162,37,58.536221286583476,0.0
baseline,residual,384,162,38,74.74185478693177,0.0
baseline,residual,384,162,39,63.3935336986599,0.0
baseline,residual,384,162,40,59.63062192000407,0.0
baseline,residual,384,162,41,75.95470318653071,0.0
baseline,residual,384,163,0,85.58785291920246,0.0
baseline,residual,384,163,1,74.02822679107973,0.0
baseline,residual,384,163,2,75.087934021369,0.0
baseline,residual,384,163,3,75.99972165498198,0.0
baseline,residual,384,163,4,85.53820797014295,0.0
baseline,residual,384,163,5,79.81472574177522,0.0
baseline,residual,384,163,6,75.0344146790548,0.0
baseline,residual,384,163,7,73.56456802118424,0.0
baseline,residual,384,163,8,75.39431649386361,0.0
baseline,residual,384,163,9,78.26576705662544,0.0
baseline,residual,384,163,10,82.68355807953104,0.0
baseline,residual,384,163,11,71.18056438152995,0.0
baseline,residual,384,163,12,77.37690929923764,0.0
baseline,residual,384,163,13,76.77633990737135,0.0
baseline,residual,384,163,14,77.34995504313113,0.0
baseline,residual,384,163,15,75.90420342038679,0.0
baseline,residual,384,163,16,75.24801434020442,0.0
baseline,residual,384,163,17,70.71122175776314,0.0
baseline,residual,384,163,18,74.24310061830546,0.0
baseline,residual,384,163,19,83.18979134224135,0.0
baseline,residual,384,163,20,75.07901419824063,0.0
baseline,residual,384,163,21,64.7475952209631,0.0
baseline,residual,384,163,22,69.79902531108057,0.0
baseline,residual,384,163,23,66.38864613987757,0.0
baseline,residual,384,163,24,73.90964214861869,0.0
baseline,residual,384,163,25,66.5763664719514,0.0
baseline,residual,384,163,26,55.16735583623351,0.0
baseline,residual,384,163,27,73.31313669844312,0.0
baseline,residual,384,163,28,69.70661001309152,0.0
baseline,residual,384,163,29,65.52180194300654,0.0
baseline,residual,384,163,30,64.25310245755237,0.0
baseline,residual,384,163,31,70.4684134435469,0.0
baseline,residual,384,163,32,61.49331914552503,0.0
baseline,residual,384,163,33,58.46588108421512,0.0
baseline,residual,384,163,34,60.23695480717811,0.0
baseline,residual,384,163,35,76.07598689329076,0.0
baseline,residual,384,163,36,67.18000818916033,0.0
baseline,residual,384,163,37,58.53622135186029,0.0
baseline,residual,384,163,38,74.74186112023911,0.0
baseline,residual,384,163,39,63.39353582607361,0.0
baseline,residual,384,163,40,59.63062196896167,0.0
baseline,residual,384,163,41,75.95470951983806,0.0
baseline,residual,384,164,0,85.58785291920246,0.0
baseline,residual,384,164,1,74.02822679107975,0.0
baseline,residual,384,164,2,75.08793402136901,0.0
baseline,residual,384,164,3,75.99972165498198,0.0
baseline,residual,384,164,4,85.53820797014298,0.0
baseline,residual,384,164,5,79.81472574177522,0.0
baseline,residual,384,164,6,75.0344146790548,0.0
baseline,residual,384,164,7,73.56456802118424,0.0
baseline,residual,384,164,8,75.39431649386363,0.0
baseline,residual,384,164,9,78.26576705662544,0.0
baseline,residual,384,164,10,82.68355807953104,0.0
baseline,residual,384,164,11,71.18056438152995,0.0
baseline,residual,384,164,12,77.37690929923764,0.0
baseline,residual,384,164,13,76.77633990737137,0.0
baseline,residual,384,164,14,77.34995504313113,0.0
baseline,residual,384,164,15,75.9042034203868,0.0
baseline,residual,384,164,16,75.24801434020442,0.0
baseline,residual,384,164,17,70.71122175776314,0.0
baseline,residual,384,164,18,74.24310061830549,0.0
baseline,residual,384,164,19,83.18979134224138,0.0
baseline,residual,384,164,20,75.07901419824063,0.0
baseline,residual,384,164,21,65.80189465330854,0.0
baseline,residual,384,164,22,69.79902531108057,0.0
baseline,residual,384,164,23,66.38864613987758,0.0
baseline,residual,384,164,24,73.90964214861869,0.0
baseline,residual,384,164,25,66.5763664719514,0.0
baseline,residual,384,164,26,55.16735583623352,0.0
baseline,residual,384,164,27,73.31313669844312,0.0
baseline,residual,384,164,28,69.70661001309152,0.0
baseline,residual,384,164,29,65.52180194300654,0.0
baseline,residual,384,164,30,64.25310245755237,0.0
baseline,residual,384,164,31,70.46841344354691,0.0
baseline,residual,384,164,32,61.49331914552503,0.0
baseline,residual,384,164,33,58.46588108421512,0.0
baseline,residual,384,164,34,60.23695480717813,0.0
baseline,residual,384,164,35,76.07598689329076,0.0
baseline,residual,384,164,36,67.18000818916035,0.0
baseline,residual,384,164,37,58.5362213518603,0.0
baseline,residual,384,164,38,74.74186112023911,0.0
baseline,residual,384,164,39,63.39353582607362,0.0
baseline,residual,384,164,40,59.63062196896167,0.0
baseline,residual,384,164,41,75.95470951983806,0.0
baseline,residual,384,165,0,85.58785291920246,0.0
baseline,residual,384,165,1,74.02822679107975,0.0
baseline,residual,384,165,2,75.08793402136901,0.0
baseline,residual,384,165,3,75.99972165498198,0.0
baseline,residual,384,165,4,85.53820797014298,0.0
baseline,residual,384,165,5,79.81472574177522,0.0
baseline,residual,384,165,6,75.0344146790548,0.0
baseline,residual,384,165,7,73.56456802118424,0.0
baseline,residual,384,165,8,75.39431649386363,0.0
baseline,residual,384,165,9,78.26576705662544,0.0
baseline,residual,384,165,10,82.68355807953104,0.0
baseline,residual,384,165,11,71.18056438152995,0.0
baseline,residual,384,165,12,77.37690929923764,0.0
baseline,residual,384,165,13,76.77633990737137,0.0
baseline,residual,384,165,14,77.34995504313113,0.0
baseline,residual,384,165,15,75.9042034203868,0.0
baseline,residual,384,165,16,75.24801434020442,0.0
baseline,residual,384,165,17,70.71122175776314,0.0
baseline,residual,384,165,18,74.24310061830549,0.0
baseline,residual,384,165,19,83.18979134224138,0.0
baseline,residual,384,165,20,75.07901419824063,0.0
baseline,residual,384,165,21,65.80189465330854,0.0
baseline,residual,384,165,22,69.79902531108057,0.0
baseline,residual,384,165,23,66.38864613987758,0.0
baseline,residual,384,165,24,73.90964214861869,0.0
baseline,residual,384,165,25,66.5763664719514,0.0
baseline,residual,384,165,26,55.16735583623352,0.0
baseline,residual,384,165,27,73.31313669844312,0.0
baseline,residual,384,165,28,69.70661001309152,0.0
baseline,residual,384,165,29,65.52180194300654,0.0
baseline,residual,384,165,30,64.25310245755237,0.0
baseline,residual,384,165,31,70.46841344354691,0.0
baseline,residual,384,165,32,61.49331914552503,0.0
baseline,residual,384,165,33,58.46588108421512,0.0
baseline,residual,384,165,34,60.23695480717813,0.0
baseline,residual,384,165,35,76.07598689329076,0.0
baseline,residual,384,165,36,67.18000818916035,0.0
baseline,residual,384,165,37,58.5362213518603,0.0
baseline,residual,384,165,38,76.07598689329076,0.0
baseline,residual,384,165,39,63.39353582607362,0.0
baseline,residual,384,165,40,59.63062196896167,0.0
baseline,residual,384,165,41,75.95470951983806,0.0
baseline,residual,384,166,0,85.58785297134983,0.0
baseline,residual,384,166,1,74.02822683336323,0.0
baseline,residual,384,166,2,75.08793407802905,0.0
baseline,residual,384,166,3,75.99972173422101,0.0
baseline,residual,384,166,4,85.53820799100187,0.0
baseline,residual,384,166,5,79.81472577048153,0.0
baseline,residual,384,166,6,75.03441470776112,0.0
baseline,residual,384,166,7,73.56456806976516,0.0
baseline,residual,384,166,8,75.39431651472253,0.0
baseline,residual,384,166,9,78.2657671066825,0.0
baseline,residual,384,166,10,82.68355812959243,0.0
baseline,residual,384,166,11,71.18056443875375,0.0
baseline,residual,384,166,12,77.37690932009654,0.0
baseline,residual,384,166,13,76.77633996459086,0.0
baseline,residual,384,166,14,77.34995510035493,0.0
baseline,residual,384,166,15,75.90420344124571,0.0
baseline,residual,384,166,16,75.24801437357867,0.0
baseline,residual,384,166,17,70.71122177552358,0.0
baseline,residual,384,166,18,74.24310066002329,0.0
baseline,residual,384,166,19,83.18979138395918,0.0
baseline,residual,384,166,20,75.07901424003639,0.0
baseline,residual,384,166,21,65.80189470397401,0.0
baseline,residual,384,166,22,69.7990253667046,0.0
baseline,residual,384,166,23,66.38864614121924,0.0
baseline,residual,384,166,24,73.90964221119562,0.0
baseline,residual,384,166,25,66.57636647374026,0.0
baseline,residual,384,166,26,55.167355893457476,0.0
baseline,residual,384,166,27,73.313136726255,0.0
baseline,residual,384,166,28,69.7066100561512,0.0
baseline,residual,384,166,29,65.52180197092233,0.0
baseline,residual,384,166,30,64.25310250868723,0.0
baseline,residual,384,166,31,70.46841351110801,0.0
baseline,residual,384,166,32,61.49331914686669,0.0
baseline,residual,384,166,33,58.46588114679205,0.0
baseline,residual,384,166,34,60.23695483699006,0.0
baseline,residual,384,166,35,76.07598691549133,0.0
baseline,residual,384,166,36,67.18000823087836,0.0
baseline,residual,384,166,37,58.53622141942141,0.0
baseline,residual,384,166,38,76.07598691549133,0.0
baseline,residual,384,166,39,63.393535846932515,0.0
baseline,residual,384,166,40,59.63062204049163,0.0
baseline,residual,384,166,41,75.95470954203861,0.0
baseline,residual,384,167,0,85.58785297134983,0.0
baseline,residual,384,167,1,74.02822683336323,0.0
baseline,residual,384,167,2,75.08793407802905,0.0
baseline,residual,384,167,3,75.99972173422101,0.0
baseline,residual,384,167,4,85.53820799100187,0.0
baseline,residual,384,167,5,79.81472577048154,0.0
baseline,residual,384,167,6,75.03441470776112,0.0
baseline,residual,384,167,7,73.56456806976516,0.0
baseline,residual,384,167,8,75.39431651472253,0.0
baseline,residual,384,167,9,78.2657671066825,0.0
baseline,residual,384,167,10,82.68355812959243,0.0
baseline,residual,384,167,11,71.18056443875375,0.0
baseline,residual,384,167,12,77.37690932009654,0.0
baseline,residual,384,167,13,76.77633996459086,0.0
baseline,residual,384,167,14,77.34995510035493,0.0
baseline,residual,384,167,15,75.90420344124571,0.0
baseline,residual,384,167,16,75.24801437357867,0.0
baseline,residual,384,167,17,70.71122177552358,0.0
baseline,residual,384,167,18,74.24310066002329,0.0
baseline,residual,384,167,19,83.18979138395918,0.0
baseline,residual,384,167,20,75.07901424003639,0.0
baseline,residual,384,167,21,65.80189470397401,0.0
baseline,residual,384,167,22,69.7990253667046,0.0
baseline,residual,384,167,23,66.38864614121924,0.0
baseline,residual,384,167,24,73.90964221119562,0.0
baseline,residual,384,167,25,66.57636647374028,0.0
baseline,residual,384,167,26,55.167355893457476,0.0
baseline,residual,384,167,27,73.313136726255,0.0
baseline,residual,384,167,28,69.7066100561512,0.0
baseline,residual,384,167,29,65.52180197092233,0.0
baseline,residual,384,167,30,64.25310250868723,0.0
baseline,residual,384,167,31,70.46841351110801,0.0
baseline,residual,384,167,32,61.49331914686669,0.0
baseline,residual,384,167,33,58.46588114679205,0.0
baseline,residual,384,167,34,60.23695483699006,0.0
baseline,residual,384,167,35,76.07598691549133,0.0
baseline,residual,384,167,36,67.18000823087836,0.0
baseline,residual,384,167,37,58.53622141942141,0.0
baseline,residual,384,167,38,76.07598691549133,0.0
baseline,residual,384,167,39,63.393535846932515,0.0
baseline,residual,384,167,40,59.63062204049163,0.0
baseline,residual,384,167,41,75.95470954203861,0.0
baseline,residual,384,168,0,89.54945885376297,0.0
baseline,residual,384,168,1,76.07785010983076,0.0
baseline,residual,384,168,2,77.1059608253552,0.0
baseline,residual,384,168,3,77.90713675680863,0.0
baseline,residual,384,168,4,88.63099671244863,0.0
baseline,residual,384,168,5,81.87658491811271,0.0
baseline,residual,384,168,6,77.06541247240403,0.0
baseline,residual,384,168,7,74.93813989435532,0.0
baseline,residual,384,168,8,77.45733487864139,0.0
baseline,residual,384,168,9,80.61850310776322,0.0
baseline,residual,384,168,10,85.12204376307685,0.0
baseline,residual,384,168,11,72.79394547030292,0.0
baseline,residual,384,168,12,80.52973992324958,0.0
baseline,residual,384,168,13,78.42675465572596,0.0
baseline,residual,384,168,14,79.78631223221245,0.0
baseline,residual,384,168,15,78.84696704780077,0.0
baseline,residual,384,168,16,77.68373680698681,0.0
baseline,residual,384,168,17,72.35950796503178,0.0
baseline,residual,384,168,18,76.26062032252146,0.0
baseline,residual,384,168,19,86.13337201234367,0.0
baseline,residual,384,168,20,77.13937197692162,0.0
baseline,residual,384,168,21,66.83432568853553,0.0
baseline,residual,384,168,22,72.35714711229369,0.0
baseline,residual,384,168,23,68.51354999204854,0.0
baseline,residual,384,168,24,76.81252882526236,0.0
baseline,residual,384,168,25,67.9529411198223,0.0
baseline,residual,384,168,26,55.87775903732507,0.0
baseline,residual,384,168,27,76.00316294291925,0.0
baseline,residual,384,168,28,71.62520136534302,0.0
baseline,residual,384,168,29,66.89837661700436,0.0
baseline,residual,384,168,30,65.75094189645478,0.0
baseline,residual,384,168,31,71.84253001691779,0.0
baseline,residual,384,168,32,62.525750131428204,0.0
baseline,residual,384,168,33,60.234447341092185,0.0
baseline,residual,384,168,34,61.26938582155159,0.0
baseline,residual,384,168,35,78.13634465237656,0.0
baseline,residual,384,168,36,69.10044314527437,0.0
baseline,residual,384,168,37,59.71030443870892,0.0
baseline,residual,384,168,38,78.13634465237656,0.0
baseline,residual,384,168,39,64.42596683149404,0.0
baseline,residual,384,168,40,61.399188234791744,0.0
baseline,residual,384,168,41,78.01506727892387,0.0
baseline,residual,384,169,0,89.54945885376299,0.0
baseline,residual,384,169,1,76.07785010983076,0.0
baseline,residual,384,169,2,77.10596082535521,0.0
baseline,residual,384,169,3,77.90713675680863,0.0
baseline,residual,384,169,4,88.63099671244863,0.0
baseline,residual,384,169,5,81.87658491811271,0.0
baseline,residual,384,169,6,77.06541247240403,0.0
baseline,residual,384,169,7,74.93813989435532,0.0
baseline,residual,384,169,8,77.45733487864139,0.0
baseline,residual,384,169,9,80.61850310776322,0.0
baseline,residual,384,169,10,85.12204376307685,0.0
baseline,residual,384,169,11,72.79394547030294,0.0
baseline,residual,384,169,12,80.52973992324958,0.0
baseline,residual,384,169,13,78.42675465572596,0.0
baseline,residual,384,169,14,79.78631223221245,0.0
baseline,residual,384,169,15,78.84696704780079,0.0
baseline,residual,384,169,16,77.68373680698681,0.0
baseline,residual,384,169,17,72.35950796503178,0.0
baseline,residual,384,169,18,76.26062032252146,0.0
baseline,residual,384,169,19,86.13337201234367,0.0
baseline,residual,384,169,20,77.13937197692162,0.0
baseline,residual,384,169,21,66.83432568853553,0.0
baseline,residual,384,169,22,72.35714711229369,0.0
baseline,residual,384,169,23,68.51354999204855,0.0
baseline,residual,384,169,24,76.81252882526238,0.0
baseline,residual,384,169,25,67.9529411198223,0.0
baseline,residual,384,169,26,55.87775903732507,0.0
baseline,residual,384,169,27,76.00316294291925,0.0
baseline,residual,384,169,28,71.62520136534302,0.0
baseline,residual,384,169,29,66.89837661700436,0.0
baseline,residual,384,169,30,65.75094189645479,0.0
baseline,residual,384,169,31,71.84253001691779,0.0
baseline,residual,384,169,32,62.52575013142822,0.0
baseline,residual,384,169,33,60.23444734109219,0.0
baseline,residual,384,169,34,61.26938582155159,0.0
baseline,residual,384,169,35,78.13634465237656,0.0
baseline,residual,384,169,36,69.11750422415541,0.0
baseline,residual,384,169,37,59.71030443870892,0.0
baseline,residual,384,169,38,78.13634465237656,0.0
baseline,residual,384,169,39,64.42596683149405,0.0
baseline,residual,384,169,40,61.39918823479175,0.0
baseline,residual,384,169,41,78.01506727892387,0.0
baseline,residual,384,170,0,89.54945885428197,0.0
baseline,residual,384,170,1,76.07785010996916,0.0
baseline,residual,384,170,2,77.10596082570119,0.0
baseline,residual,384,170,3,77.90713675708542,0.0
baseline,residual,384,170,4,88.63099671314062,0.0
baseline,residual,384,170,5,81.87658491857404,0.0
baseline,residual,384,170,6,77.06541247263469,0.0
baseline,residual,384,170,7,74.93813989481663,0.0
baseline,residual,384,170,8,77.45733487898738,0.0
baseline,residual,384,170,9,80.69322712806736,0.0
baseline,residual,384,170,10,85.12204376335363,0.0
baseline,residual,384,170,11,72.79394547030294,0.0
baseline,residual,384,170,12,80.52973992394156,0.0
baseline,residual,384,170,13,78.42675465600274,0.0
baseline,residual,384,170,14,79.78631223276604,0.0
baseline,residual,384,170,15,78.84696704849274,0.0
baseline,residual,384,170,16,77.68373680754038,0.0
baseline,residual,384,170,17,72.35950796558537,0.0
baseline,residual,384,170,18,76.26062032252146,0.0
baseline,residual,384,170,19,86.13337201303564,0.0
baseline,residual,384,170,20,77.1393719776136,0.0
baseline,residual,384,170,21,66.83432568853553,0.0
baseline,residual,384,170,22,72.357147112755,0.0
baseline,residual,384,170,23,68.51354999204855,0.0
baseline,residual,384,170,24,76.81252882560837,0.0
baseline,residual,384,170,25,67.9529411198223,0.0
baseline,residual,384,170,26,55.87775903732507,0.0
baseline,residual,384,170,27,76.00316294291925,0.0
baseline,residual,384,170,28,71.62520136568901,0.0
baseline,residual,384,170,29,66.89837661700436,0.0
baseline,residual,384,170,30,65.75094189645479,0.0
baseline,residual,384,170,31,71.8425300173791,0.0
baseline,residual,384,170,32,62.52575013142822,0.0
baseline,residual,384,170,33,60.23444734143817,0.0
baseline,residual,384,170,34,61.26938582155159,0.0
baseline,residual,384,170,35,78.13634465306855,0.0
baseline,residual,384,170,36,69.11750422415541,0.0
baseline,residual,384,170,37,59.71030443917024,0.0
baseline,residual,384,170,38,78.13634465306855,0.0
baseline,residual,384,170,39,64.42596683149405,0.0
baseline,residual,384,170,40,61.399188235137736,0.0
baseline,residual,384,170,41,78.01506727961583,0.0
baseline,residual,384,171,0,89.54945885428195,0.0
baseline,residual,384,171,1,76.07785010996913,0.0
baseline,residual,384,171,2,77.10596082570116,0.0
baseline,residual,384,171,3,77.90713675708542,0.0
baseline,residual,384,171,4,88.63099671314059,0.0
baseline,residual,384,171,5,81.87658491857403,0.0
baseline,residual,384,171,6,77.06541247263469,0.0
baseline,residual,384,171,7,74.93813989481663,0.0
baseline,residual,384,171,8,77.45733487898734,0.0
baseline,residual,384,171,9,80.69322712806736,0.0
baseline,residual,384,171,10,85.12204376335362,0.0
baseline,residual,384,171,11,72.79394547030292,0.0
baseline,residual,384,171,12,80.52973992394156,0.0
baseline,residual,384,171,13,78.42675465600271,0.0
baseline,residual,384,171,14,79.78631223276602,0.0
baseline,residual,384,171,15,78.84696704849273,0.0
baseline,residual,384,171,16,77.68373680754038,0.0
baseline,residual,384,171,17,72.35950796558534,0.0
baseline,residual,384,171,18,76.26062032252145,0.0
baseline,residual,384,171,19,86.13337201303563,0.0
baseline,residual,384,171,20,77.1393719776136,0.0
baseline,residual,384,171,21,66.83432568853549,0.0
baseline,residual,384,171,22,72.357147112755,0.0
baseline,residual,384,171,23,68.51354999204854,0.0
baseline,residual,384,171,24,76.81252882560837,0.0
baseline,residual,384,171,25,67.95294111982227,0.0
baseline,residual,384,171,26,55.87775903732505,0.0
baseline,residual,384,171,27,76.00316294291923,0.0
baseline,residual,384,171,28,71.62520136568901,0.0
baseline,residual,384,171,29,66.89837661700433,0.0
baseline,residual,384,171,30,65.75094189645479,0.0
baseline,residual,384,171,31,71.84253001737908,0.0
baseline,residual,384,171,32,62.525750131428175,0.0
baseline,residual,384,171,33,60.23444734143817,0.0
baseline,residual,384,171,34,61.51943952757083,0.0
baseline,residual,384,171,35,78.13634465306855,0.0
baseline,residual,384,171,36,69.11750422415538,0.0
baseline,residual,384,171,37,59.71030443917021,0.0
baseline,residual,384,171,38,78.13634465306855,0.0
baseline,residual,384,171,39,64.42596683149401,0.0
baseline,residual,384,171,40,61.39918823513772,0.0
baseline,residual,384,171,41,78.01506727961583,0.0
baseline,residual,384,172,0,89.54945885428195,0.0
baseline,residual,384,172,1,76.07785010996913,0.0
baseline,residual,384,172,2,77.10596082570116,0.0
baseline,residual,384,172,3,77.90713675708542,0.0
baseline,residual,384,172,4,88.63099671314059,0.0
baseline,residual,384,172,5,81.87658491857403,0.0
baseline,residual,384,172,6,77.06541247263469,0.0
baseline,residual,384,172,7,74.93813989481663,0.0
baseline,residual,384,172,8,77.45733487898734,0.0
baseline,residual,384,172,9,80.69322712806736,0.0
baseline,residual,384,172,10,85.12204376335362,0.0
baseline,residual,384,172,11,72.79394547030292,0.0
baseline,residual,384,172,12,80.52973992394156,0.0
baseline,residual,384,172,13,78.42675465600271,0.0
baseline,residual,384,172,14,79.78631223276602,0.0
baseline,residual,384,172,15,78.84696704849273,0.0
baseline,residual,384,172,16,77.68373680754038,0.0
baseline,residual,384,172,17,72.35950796558534,0.0
baseline,residual,384,172,18,76.26062032252145,0.0
baseline,residual,384,172,19,86.13337201303563,0.0
baseline,residual,384,172,20,77.1393719776136,0.0
baseline,residual,384,172,21,66.83432568853549,0.0
baseline,residual,384,172,22,72.357147112755,0.0
baseline,residual,384,172,23,68.51354999204854,0.0
baseline,residual,384,172,24,76.81252882560837,0.0
baseline,residual,384,172,25,67.95294111982227,0.0
baseline,residual,384,172,26,55.87775903732505,0.0
baseline,residual,384,172,27,76.00316294291923,0.0
baseline,residual,384,172,28,71.62520136568901,0.0
baseline,residual,384,172,29,66.89837661700433,0.0
baseline,residual,384,172,30,65.75094189645479,0.0
baseline,residual,384,172,31,71.84253001737908,0.0
baseline,residual,384,172,32,62.525750131428175,0.0
baseline,residual,384,172,33,60.23444734143817,0.0
baseline,residual,384,172,34,61.51943952757083,0.0
baseline,residual,384,172,35,78.13634465306855,0.0
baseline,residual,384,172,36,69.11750422415538,0.0
baseline,residual,384,172,37,59.71030443917021,0.0
baseline,residual,384,172,38,78.13634465306855,0.0
baseline,residual,384,172,39,64.42596683149401,0.0
baseline,residual,384,172,40,61.39918823513772,0.0
baseline,residual,384,172,41,78.01506727961583,0.0
baseline,residual,384,173,0,89.54945885428195,0.0
baseline,residual,384,173,1,76.07785010996916,0.0
baseline,residual,384,173,2,77.10596082570116,0.0
baseline,residual,384,173,3,77.90713675708542,0.0
baseline,residual,384,173,4,88.63099671314059,0.0
baseline,residual,384,173,5,81.87658491857403,0.0
baseline,residual,384,173,6,77.06541247263469,0.0
baseline,residual,384,173,7,74.93813989481663,0.0
baseline,residual,384,173,8,77.45733487898734,0.0
baseline,residual,384,173,9,80.69322712806736,0.0
baseline,residual,384,173,10,85.12204376335363,0.0
baseline,residual,384,173,11,72.79394547030292,0.0
baseline,residual,384,173,12,80.52973992394156,0.0
baseline,residual,384,173,13,78.42675465600271,0.0
baseline,residual,384,173,14,79.78631223276602,0.0
baseline,residual,384,173,15,78.84696704849274,0.0
baseline,residual,384,173,16,77.68373680754038,0.0
baseline,residual,384,173,17,72.35950796558535,0.0
baseline,residual,384,173,18,76.26062032252146,0.0
baseline,residual,384,173,19,86.13337201303563,0.0
baseline,residual,384,173,20,77.1393719776136,0.0
baseline,residual,384,173,21,66.8343256885355,0.0
baseline,residual,384,173,22,72.357147112755,0.0
baseline,residual,384,173,23,68.63482736550127,0.0
baseline,residual,384,173,24,76.81252882560837,0.0
baseline,residual,384,173,25,67.9529411198223,0.0
baseline,residual,384,173,26,55.87775903732505,0.0
baseline,residual,384,173,27,76.00316294291923,0.0
baseline,residual,384,173,28,71.62520136568902,0.0
baseline,residual,384,173,29,66.89837661700435,0.0
baseline,residual,384,173,30,65.75094189645479,0.0
baseline,residual,384,173,31,71.84253001737908,0.0
baseline,residual,384,173,32,62.52575013142819,0.0
baseline,residual,384,173,33,60.23444734143817,0.0
baseline,residual,384,173,34,61.51943952757083,0.0
baseline,residual,384,173,35,78.13634465306855,0.0
baseline,residual,384,173,36,69.11750422415538,0.0
baseline,residual,384,173,37,59.71030443917021,0.0
baseline,residual,384,173,38,78.13634465306855,0.0
baseline,residual,384,173,39,64.42596683149402,0.0
baseline,residual,384,173,40,61.39918823513772,0.0
baseline,residual,384,173,41,78.01506727961585,0.0
baseline,residual,384,174,0,89.54945885428195,0.0
baseline,residual,384,174,1,76.07785010996916,0.0
baseline,residual,384,174,2,77.10596082570116,0.0
baseline,residual,384,174,3,77.90713675708542,0.0
baseline,residual,384,174,4,88.63099671314059,0.0
baseline,residual,384,174,5,81.87658491857403,0.0
baseline,residual,384,174,6,77.06541247263469,0.0
baseline,residual,384,174,7,74.93813989481663,0.0
baseline,residual,384,174,8,77.45733487898734,0.0
baseline,residual,384,174,9,80.69322712806736,0.0
baseline,residual,384,174,10,85.12204376335363,0.0
baseline,residual,384,174,11,72.79394547030292,0.0
baseline,residual,384,174,12,80.52973992394156,0.0
baseline,residual,384,174,13,78.42675465600271,0.0
baseline,residual,384,174,14,79.78631223276602,0.0
baseline,residual,384,174,15,78.84696704849274,0.0
baseline,residual,384,174,16,77.68373680754038,0.0
baseline,residual,384,174,17,72.35950796558535,0.0
baseline,residual,384,174,18,76.26062032252146,0.0
baseline,residual,384,174,19,86.13337201303563,0.0
baseline,residual,384,174,20,77.1393719776136,0.0
baseline,residual,384,174,21,66.8343256885355,0.0
baseline,residual,384,174,22,72.357147112755,0.0
baseline,residual,384,174,23,68.63482736550127,0.0
baseline,residual,384,174,24,76.81252882560837,0.0
baseline,residual,384,174,25,67.9529411198223,0.0
baseline,residual,384,174,26,55.87775903732505,0.0
baseline,residual,384,174,27,76.00316294291923,0.0
baseline,residual,384,174,28,71.62520136568902,0.0
baseline,residual,384,174,29,66.89837661700435,0.0
baseline,residual,384,174,30,65.75094189645479,0.0
baseline,residual,384,174,31,71.84253001737908,0.0
baseline,residual,384,174,32,62.52575013142819,0.0
baseline,residual,384,174,33,60.23444734143817,0.0
baseline,residual,384,174,34,61.51943952757083,0.0
baseline,residual,384,174,35,78.13634465306855,0.0
baseline,residual,384,174,36,69.11750422415538,0.0
baseline,residual,384,174,37,59.71030443917021,0.0
baseline,residual,384,174,38,78.13634465306855,0.0
baseline,residual,384,174,39,64.44220207397284,0.0
baseline,residual,384,174,40,61.39918823513772,0.0
baseline,residual,384,174,41,78.01506727961585,0.0
baseline,residual,384,175,0,96.52670269742801,0.0
baseline,residual,384,175,1,87.90752068638655,0.0
baseline,residual,384,175,2,84.81040527653143,0.0
baseline,residual,384,175,3,84.669674961496,0.0
baseline,residual,384,175,4,94.43055311676794,0.0
baseline,residual,384,175,5,89.56585881092845,0.0
baseline,residual,384,175,6,86.5958393385591,0.0
baseline,residual,384,175,7,80.69161827287591,0.0
baseline,residual,384,175,8,84.609441366449,0.0
baseline,residual,384,175,9,85.30565079456191,0.0
baseline,residual,384,175,10,91.97860892898967,0.0
baseline,residual,384,175,11,79.64122179467172,0.0
baseline,residual,384,175,12,86.04546436649692,0.0
baseline,residual,384,175,13,83.04544243390374,0.0
baseline,residual,384,175,14,84.32167514806494,0.0
baseline,residual,384,175,15,84.64652345212006,0.0
baseline,residual,384,175,16,85.60854145438722,0.0
baseline,residual,384,175,17,80.34747445314098,0.0
baseline,residual,384,175,18,84.83132677956651,0.0
baseline,residual,384,175,19,89.03706528447835,0.0
baseline,residual,384,175,20,82.80248976269279,0.0
baseline,residual,384,175,21,72.60768541091178,0.0
baseline,residual,384,175,22,72.357147112755,0.0
baseline,residual,384,175,23,76.9990637085557,0.0
baseline,residual,384,175,24,79.57425828596337,0.0
baseline,residual,384,175,25,75.61210783006725,0.0
baseline,residual,384,175,26,61.59142774907084,0.0
baseline,residual,384,175,27,83.57254132076157,0.0
baseline,residual,384,175,28,74.46588312693,0.0
baseline,residual,384,175,29,74.45964051612074,0.0
baseline,residual,384,175,30,72.54780901266221,0.0
baseline,residual,384,175,31,71.84253001737908,0.0
baseline,residual,384,175,32,72.51853838013082,0.0
baseline,residual,384,175,33,63.12812001510148,0.0
baseline,residual,384,175,34,68.67154601503249,0.0
baseline,residual,384,175,35,83.87288954649415,0.0
baseline,residual,384,175,36,74.91487016926142,0.0
baseline,residual,384,175,37,59.71030443917021,0.0
baseline,residual,384,175,38,83.87288954649415,0.0
baseline,residual,384,175,39,74.48798123509779,0.0
baseline,residual,384,175,40,61.39918823513772,0.0
baseline,residual,384,175,41,83.75161217304144,0.0
baseline,residual,384,176,0,96.52670269742801,0.0
baseline,residual,384,176,1,87.90752068638655,0.0
baseline,residual,384,176,2,84.81040527653143,0.0
baseline,residual,384,176,3,84.669674961496,0.0
baseline,residual,384,176,4,94.43055311676794,0.0
baseline,residual,384,176,5,89.56585881092845,0.0
baseline,residual,384,176,6,86.5958393385591,0.0
baseline,residual,384,176,7,80.69161827287591,0.0
baseline,residual,384,176,8,84.609441366449,0.0
baseline,residual,384,176,9,85.30565079456191,0.0
baseline,residual,384,176,10,91.97860892898967,0.0
baseline,residual,384,176,11,79.64122179467172,0.0
baseline,residual,384,176,12,86.04546436649692,0.0
baseline,residual,384,176,13,83.04544243390374,0.0
baseline,residual,384,176,14,84.32167514806494,0.0
baseline,residual,384,176,15,84.64652345212006,0.0
baseline,residual,384,176,16,85.60854145438722,0.0
baseline,residual,384,176,17,80.34747445314098,0.0
baseline,residual,384,176,18,84.83132677956651,0.0
baseline,residual,384,176,19,89.03706528447835,0.0
baseline,residual,384,176,20,82.80248976269279,0.0
baseline,residual,384,176,21,72.60768541091178,0.0
baseline,residual,384,176,22,72.357147112755,0.0
baseline,residual,384,176,23,76.9990637085557,0.0
baseline,residual,384,176,24,79.57425828596337,0.0
baseline,residual,384,176,25,75.61210783006725,0.0
baseline,residual,384,176,26,61.59142774907084,0.0
baseline,residual,384,176,27,83.57254132076157,0.0
baseline,residual,384,176,28,74.46588312693,0.0
baseline,residual,384,176,29,74.45964051612074,0.0
baseline,residual,384,176,30,72.54780901266221,0.0
baseline,residual,384,176,31,71.84253001737908,0.0
baseline,residual,384,176,32,72.51853838013082,0.0
baseline,residual,384,176,33,63.12812001510148,0.0
baseline,residual,384,176,34,68.67154601503249,0.0
baseline,residual,384,176,35,83.87288954649415,0.0
baseline,residual,384,176,36,74.91487016926142,0.0
baseline,residual,384,176,37,59.71030443917021,0.0
baseline,residual,384,176,38,83.87288954649415,0.0
baseline,residual,384,176,39,74.48798123509779,0.0
baseline,residual,384,176,40,61.39918823513772,0.0
baseline,residual,384,176,41,83.75161217304144,0.0
baseline,residual,384,177,0,96.52670269742801,0.0
baseline,residual,384,177,1,87.90752068638655,0.0
baseline,residual,384,177,2,84.81040527653143,0.0
baseline,residual,384,177,3,84.669674961496,0.0
baseline,residual,384,177,4,94.43055311676794,0.0
baseline,residual,384,177,5,89.56585881092845,0.0
baseline,residual,384,177,6,86.5958393385591,0.0
baseline,residual,384,177,7,80.69161827287591,0.0
baseline,residual,384,177,8,84.609441366449,0.0
baseline,residual,384,177,9,85.30565079456191,0.0
baseline,residual,384,177,10,91.97860892898967,0.0
baseline,residual,384,177,11,79.64122179467172,0.0
baseline,residual,384,177,12,86.04546436649692,0.0
baseline,residual,384,177,13,83.04544243390374,0.0
baseline,residual,384,177,14,84.32167514806494,0.0
baseline,residual,384,177,15,84.64652345212006,0.0
baseline,residual,384,177,16,85.60854145438722,0.0
baseline,residual,384,177,17,80.34747445314098,0.0
baseline,residual,384,177,18,84.83132677956651,0.0
baseline,residual,384,177,19,89.03706528447835,0.0
baseline,residual,384,177,20,82.80248976269279,0.0
baseline,residual,384,177,21,72.60768541091178,0.0
baseline,residual,384,177,22,72.357147112755,0.0
baseline,residual,384,177,23,76.9990637085557,0.0
baseline,residual,384,177,24,79.57425828596337,0.0
baseline,residual,384,177,25,75.61210783006725,0.0
baseline,residual,384,177,26,61.59142774907084,0.0
baseline,residual,384,177,27,83.57254132076157,0.0
baseline,residual,384,177,28,74.46588312693,0.0
baseline,residual,384,177,29,74.45964051612074,0.0
baseline,residual,384,177,30,72.54780901266221,0.0
baseline,residual,384,177,31,71.84253001737908,0.0
baseline,residual,384,177,32,72.51853838013082,0.0
baseline,residual,384,177,33,63.12812001510148,0.0
baseline,residual,384,177,34,68.67154601503249,0.0
baseline,residual,384,177,35,83.87288954649415,0.0
baseline,residual,384,177,36,74.91487016926142,0.0
baseline,residual,384,177,37,59.71030443917021,0.0
baseline,residual,384,177,38,83.87288954649415,0.0
baseline,residual,384,177,39,74.48798123509779,0.0
baseline,residual,384,177,40,61.39918823513772,0.0
baseline,residual,384,177,41,83.75161217304144,0.0
baseline,residual,384,178,0,96.52670269742801,0.0
baseline,residual,384,178,1,87.90752068638655,0.0
baseline,residual,384,178,2,84.81040527653143,0.0
baseline,residual,384,178,3,84.669674961496,0.0
baseline,residual,384,178,4,94.43055311676794,0.0
baseline,residual,384,178,5,89.56585881092845,0.0
baseline,residual,384,178,6,86.5958393385591,0.0
baseline,residual,384,178,7,80.69161827287591,0.0
baseline,residual,384,178,8,84.609441366449,0.0
baseline,residual,384,178,9,85.30565079456191,0.0
baseline,residual,384,178,10,91.97860892898967,0.0
baseline,residual,384,178,11,79.64122179467172,0.0
baseline,residual,384,178,12,86.04546436649692,0.0
baseline,residual,384,178,13,83.04544243390374,0.0
baseline,residual,384,178,14,84.32167514806494,0.0
baseline,residual,384,178,15,84.64652345212006,0.0
baseline,residual,384,178,16,85.60854145438722,0.0
baseline,residual,384,178,17,80.34747445314098,0.0
baseline,residual,384,178,18,84.83132677956651,0.0
baseline,residual,384,178,19,89.03706528447835,0.0
baseline,residual,384,178,20,82.80248976269279,0.0
baseline,residual,384,178,21,72.60768541091178,0.0
baseline,residual,384,178,22,72.357147112755,0.0
baseline,residual,384,178,23,76.9990637085557,0.0
baseline,residual,384,178,24,79.57425828596337,0.0
baseline,residual,384,178,25,75.61210783006725,0.0
baseline,residual,384,178,26,61.59142774907084,0.0
baseline,residual,384,178,27,83.57254132076157,0.0
baseline,residual,384,178,28,74.46588312693,0.0
baseline,residual,384,178,29,74.45964051612074,0.0
baseline,residual,384,178,30,72.54780901266221,0.0
baseline,residual,384,178,31,71.84253001737908,0.0
baseline,residual,384,178,32,72.51853838013082,0.0
baseline,residual,384,178,33,63.12812001510148,0.0
baseline,residual,384,178,34,68.67154601503249,0.0
baseline,residual,384,178,35,83.87288954649415,0.0
baseline,residual,384,178,36,74.91487016926142,0.0
baseline,residual,384,178,37,59.71030443917021,0.0
baseline,residual,384,178,38,83.87288954649415,0.0
baseline,residual,384,178,39,74.58966556786645,0.0
baseline,residual,384,178,40,61.39918823513772,0.0
baseline,residual,384,178,41,83.75161217304144,0.0
baseline,residual,384,179,0,96.52670269742801,0.0
baseline,residual,384,179,1,87.90752068638655,0.0
baseline,residual,384,179,2,84.81040527653143,0.0
baseline,residual,384,179,3,84.669674961496,0.0
baseline,residual,384,179,4,94.43055311676794,0.0
baseline,residual,384,179,5,89.56585881092845,0.0
baseline,residual,384,179,6,86.59583933855912,0.0
baseline,residual,384,179,7,80.69161827287591,0.0
baseline,residual,384,179,8,84.609441366449,0.0
baseline,residual,384,179,9,85.30565079456191,0.0
baseline,residual,384,179,10,91.97860892898967,0.0
baseline,residual,384,179,11,79.64122179467172,0.0
baseline,residual,384,179,12,86.04546436649692,0.0
baseline,residual,384,179,13,83.04544243390374,0.0
baseline,residual,384,179,14,84.32167514806494,0.0
baseline,residual,384,179,15,84.64652345212006,0.0
baseline,residual,384,179,16,85.60854145438722,0.0
baseline,residual,384,179,17,80.34747445314098,0.0
baseline,residual,384,179,18,84.83132677956651,0.0
baseline,residual,384,179,19,89.03706528447835,0.0
baseline,residual,384,179,20,82.8024897626928,0.0
baseline,residual,384,179,21,72.60768541091178,0.0
baseline,residual,384,179,22,72.35714711275502,0.0
baseline,residual,384,179,23,76.9990637085557,0.0
baseline,residual,384,179,24,80.7212417645843,0.0
baseline,residual,384,179,25,75.61210783006725,0.0
baseline,residual,384,179,26,61.591427749070846,0.0
baseline,residual,384,179,27,83.57254132076157,0.0
baseline,residual,384,179,28,74.46588312693001,0.0
baseline,residual,384,179,29,74.45964051612074,0.0
baseline,residual,384,179,30,72.54780901266221,0.0
baseline,residual,384,179,31,71.84253001737909,0.0
baseline,residual,384,179,32,72.51853838013082,0.0
baseline,residual,384,179,33,63.12812001510148,0.0
baseline,residual,384,179,34,68.67154601503249,0.0
baseline,residual,384,179,35,83.87288954649415,0.0
baseline,residual,384,179,36,74.91487016926142,0.0
baseline,residual,384,179,37,59.71030443917021,0.0
baseline,residual,384,179,38,83.87288954649415,0.0
baseline,residual,384,179,39,74.58966556786645,0.0
baseline,residual,384,179,40,61.39918823513772,0.0
baseline,residual,384,179,41,83.75161217304144,0.0
baseline,residual,384,180,0,96.52670269742801,0.0
baseline,residual,384,180,1,87.90752068638655,0.0
baseline,residual,384,180,2,84.81040527653143,0.0
baseline,residual,384,180,3,84.669674961496,0.0
baseline,residual,384,180,4,94.43055311676794,0.0
baseline,residual,384,180,5,89.56585881092845,0.0
baseline,residual,384,180,6,86.59583933855912,0.0
baseline,residual,384,180,7,80.69161827287591,0.0
baseline,residual,384,180,8,84.609441366449,0.0
baseline,residual,384,180,9,85.30565079456191,0.0
baseline,residual,384,180,10,91.97860892898967,0.0
baseline,residual,384,180,11,79.64122179467172,0.0
baseline,residual,384,180,12,86.04546436649692,0.0
baseline,residual,384,180,13,83.04544243390374,0.0
baseline,residual,384,180,14,84.32167514806494,0.0
baseline,residual,384,180,15,84.64652345212006,0.0
baseline,residual,384,180,16,85.60854145438722,0.0
baseline,residual,384,180,17,80.34747445314098,0.0
baseline,residual,384,180,18,84.83132677956651,0.0
baseline,residual,384,180,19,89.03706528447835,0.0
baseline,residual,384,180,20,82.8024897626928,0.0
baseline,residual,384,180,21,72.60768541091178,0.0
baseline,residual,384,180,22,72.35714711275502,0.0
baseline,residual,384,180,23,76.9990637085557,0.0
baseline,residual,384,180,24,80.7212417645843,0.0
baseline,residual,384,180,25,75.61210783006725,0.0
baseline,residual,384,180,26,61.591427749070846,0.0
baseline,residual,384,180,27,83.57254132076157,0.0
baseline,residual,384,180,28,74.46588312693001,0.0
baseline,residual,384,180,29,74.45964051612074,0.0
baseline,residual,384,180,30,72.54780901266221,0.0
baseline,residual,384,180,31,71.84253001737909,0.0
baseline,residual,384,180,32,72.51853838013082,0.0
baseline,residual,384,180,33,63.12812001510148,0.0
baseline,residual,384,180,34,68.67154601503249,0.0
baseline,residual,384,180,35,83.87288954649415,0.0
baseline,residual,384,180,36,74.91487016926142,0.0
baseline,residual,384,180,37,59.71030443917021,0.0
baseline,residual,384,180,38,83.87288954649415,0.0
baseline,residual,384,180,39,74.58966556786645,0.0
baseline,residual,384,180,40,61.39918823513772,0.0
baseline,residual,384,180,41,83.75161217304144,0.0
baseline,residual,384,181,0,96.526702697428,0.0
baseline,residual,384,181,1,87.90752068638655,0.0
baseline,residual,384,181,2,84.81040527653141,0.0
baseline,residual,384,181,3,84.669674961496,0.0
baseline,residual,384,181,4,94.43055311676794,0.0
baseline,residual,384,181,5,89.56585881092845,0.0
baseline,residual,384,181,6,86.59583933855912,0.0
baseline,residual,384,181,7,80.6916182728759,0.0
baseline,residual,384,181,8,84.609441366449,0.0
baseline,residual,384,181,9,85.30565079456191,0.0
baseline,residual,384,181,10,91.97860892898967,0.0
baseline,residual,384,181,11,79.64122179467171,0.0
baseline,residual,384,181,12,86.04546436649692,0.0
baseline,residual,384,181,13,83.04544243390373,0.0
baseline,residual,384,181,14,84.32167514806494,0.0
baseline,residual,384,181,15,84.64652345212006,0.0
baseline,residual,384,181,16,85.60854145438722,0.0
baseline,residual,384,181,17,80.34747445314098,0.0
baseline,residual,384,181,18,84.83132677956651,0.0
baseline,residual,384,181,19,89.03706528447833,0.0
baseline,residual,384,181,20,82.8024897626928,0.0
baseline,residual,384,181,21,72.60768541091177,0.0
baseline,residual,384,181,22,72.357147112755,0.0
baseline,residual,384,181,23,76.9990637085557,0.0
baseline,residual,384,181,24,80.72124176458429,0.0
baseline,residual,384,181,25,75.61210783006725,0.0
baseline,residual,384,181,26,61.59142774907083,0.0
baseline,residual,384,181,27,83.57254132076157,0.0
baseline,residual,384,181,28,74.46588312693,0.0
baseline,residual,384,181,29,74.45964051612074,0.0
baseline,residual,384,181,30,72.54780901266221,0.0
baseline,residual,384,181,31,71.84253001737908,0.0
baseline,residual,384,181,32,72.51853838013082,0.0
baseline,residual,384,181,33,63.12812001510145,0.0
baseline,residual,384,181,34,68.67154601503249,0.0
baseline,residual,384,181,35,83.87288954649415,0.0
baseline,residual,384,181,36,74.9148701692614,0.0
baseline,residual,384,181,37,59.71030443917019,0.0
baseline,residual,384,181,38,83.87288954649415,0.0
baseline,residual,384,181,39,74.58966556786645,0.0
baseline,residual,384,181,40,61.39918823513769,0.0
baseline,residual,384,181,41,83.75161217304144,0.0
baseline,residual,384,182,0,96.5267027044606,0.0
baseline,residual,384,182,1,87.90752069013726,0.0
baseline,residual,384,182,2,84.81040527887562,0.0
baseline,residual,384,182,3,84.66967496524673,0.0
baseline,residual,384,182,4,94.43055312614474,0.0
baseline,residual,384,182,5,89.56585881717965,0.0
baseline,residual,384,182,6,86.5958393448103,0.0
baseline,residual,384,182,7,80.6916182791271,0.0
baseline,residual,384,182,8,84.60944137113741,0.0
baseline,residual,384,182,9,85.30565080206334,0.0
baseline,residual,384,182,10,91.9786089327404,0.0
baseline,residual,384,182,11,79.64122179842244,0.0
baseline,residual,384,182,12,86.04546437587372,0.0
baseline,residual,384,182,13,83.04544243765446,0.0
baseline,residual,384,182,14,84.32167515556638,0.0
baseline,residual,384,182,15,84.64652345680847,0.0
baseline,residual,384,182,16,85.77702488904858,0.0
baseline,residual,384,182,17,80.34747446064242,0.0
baseline,residual,384,182,18,84.83132677956651,0.0
baseline,residual,384,182,19,89.03706528916673,0.0
baseline,residual,384,182,20,82.80248977206959,0.0
baseline,residual,384,182,21,72.60768541091177,0.0
baseline,residual,384,182,22,72.3571471190062,0.0
baseline,residual,384,182,23,76.9990637085557,0.0
baseline,residual,384,182,24,80.7212417739611,0.0
baseline,residual,384,182,25,75.61210783006725,0.0
baseline,residual,384,182,26,61.59142774907083,0.0
baseline,residual,384,182,27,83.57254132076157,0.0
baseline,residual,384,182,28,74.4658831316184,0.0
baseline,residual,384,182,29,74.45964051612074,0.0
baseline,residual,384,182,30,72.54780901641294,0.0
baseline,residual,384,182,31,71.84253002363026,0.0
baseline,residual,384,182,32,72.51853838013082,0.0
baseline,residual,384,182,33,63.12812001510145,0.0
baseline,residual,384,182,34,68.67154601503249,0.0
baseline,residual,384,182,35,83.87288955587097,0.0
baseline,residual,384,182,36,74.9148701692614,0.0
baseline,residual,384,182,37,59.71030443917019,0.0
baseline,residual,384,182,38,83.87288955587097,0.0
baseline,residual,384,182,39,74.58966556786645,0.0
baseline,residual,384,182,40,61.39918823513769,0.0
baseline,residual,384,182,41,83.75161218241824,0.0
baseline,residual,384,183,0,96.5267027044606,0.0
baseline,residual,384,183,1,87.90752069013726,0.0
baseline,residual,384,183,2,84.81040527887562,0.0
baseline,residual,384,183,3,84.66967496524673,0.0
baseline,residual,384,183,4,94.43055312614474,0.0
baseline,residual,384,183,5,89.56585881717965,0.0
baseline,residual,384,183,6,86.5958393448103,0.0
baseline,residual,384,183,7,80.69161827912711,0.0
baseline,residual,384,183,8,84.60944137113741,0.0
baseline,residual,384,183,9,85.30565080206335,0.0
baseline,residual,384,183,10,91.9786089327404,0.0
baseline,residual,384,183,11,79.64122179842244,0.0
baseline,residual,384,183,12,86.04546437587372,0.0
baseline,residual,384,183,13,83.04544243765446,0.0
baseline,residual,384,183,14,84.3216751555664,0.0
baseline,residual,384,183,15,84.64652345680847,0.0
baseline,residual,384,183,16,85.77702488904859,0.0
baseline,residual,384,183,17,80.34747446064242,0.0
baseline,residual,384,183,18,84.83132677956651,0.0
baseline,residual,384,183,19,89.03706528916673,0.0
baseline,residual,384,183,20,82.80248977206959,0.0
baseline,residual,384,183,21,72.60768541091177,0.0
baseline,residual,384,183,22,73.76987415849686,0.0
baseline,residual,384,183,23,76.9990637085557,0.0
baseline,residual,384,183,24,80.7212417739611,0.0
baseline,residual,384,183,25,75.61210783006725,0.0
baseline,residual,384,183,26,61.59142774907083,0.0
baseline,residual,384,183,27,83.57254132076157,0.0
baseline,residual,384,183,28,74.46588313161841,0.0
baseline,residual,384,183,29,74.45964051612074,0.0
baseline,residual,384,183,30,72.54780901641294,0.0
baseline,residual,384,183,31,71.84253002363027,0.0
baseline,residual,384,183,32,72.51853838013082,0.0
baseline,residual,384,183,33,63.128120015101466,0.0
baseline,residual,384,183,34,68.67154601503249,0.0
baseline,residual,384,183,35,83.87288955587097,0.0
baseline,residual,384,183,36,74.9148701692614,0.0
baseline,residual,384,183,37,59.71030443917019,0.0
baseline,residual,384,183,38,83.87288955587097,0.0
baseline,residual,384,183,39,74.58966556786645,0.0
baseline,residual,384,183,40,61.39918823513769,0.0
baseline,residual,384,183,41,83.75161218241824,0.0
baseline,residual,384,184,0,96.5267027044606,0.0
baseline,residual,384,184,1,87.90752069013726,0.0
baseline,residual,384,184,2,84.81040527887562,0.0
baseline,residual,384,184,3,84.66967496524673,0.0
baseline,residual,384,184,4,94.43055312614474,0.0
baseline,residual,384,184,5,89.56585881717965,0.0
baseline,residual,384,184,6,86.5958393448103,0.0
baseline,residual,384,184,7,80.69161827912711,0.0
baseline,residual,384,184,8,84.60944137113741,0.0
baseline,residual,384,184,9,85.30565080206335,0.0
baseline,residual,384,184,10,91.9786089327404,0.0
baseline,residual,384,184,11,79.64122179842244,0.0
baseline,residual,384,184,12,86.04546437587372,0.0
baseline,residual,384,184,13,83.04544243765446,0.0
baseline,residual,384,184,14,84.3216751555664,0.0
baseline,residual,384,184,15,84.64652345680847,0.0
baseline,residual,384,184,16,85.77702488904859,0.0
baseline,residual,384,184,17,80.34747446064242,0.0
baseline,residual,384,184,18,84.83132677956651,0.0
baseline,residual,384,184,19,89.03706528916673,0.0
baseline,residual,384,184,20,82.80248977206959,0.0
baseline,residual,384,184,21,72.60768541091177,0.0
baseline,residual,384,184,22,73.76987415849686,0.0
baseline,residual,384,184,23,76.9990637085557,0.0
baseline,residual,384,184,24,80.7212417739611,0.0
baseline,residual,384,184,25,75.61210783006725,0.0
baseline,residual,384,184,26,61.59142774907083,0.0
baseline,residual,384,184,27,83.57254132076157,0.0
baseline,residual,384,184,28,74.46588313161841,0.0
baseline,residual,384,184,29,74.45964051612074,0.0
baseline,residual,384,184,30,72.54780901641294,0.0
baseline,residual,384,184,31,71.84253002363027,0.0
baseline,residual,384,184,32,72.51853838013082,0.0
baseline,residual,384,184,33,63.128120015101466,0.0
baseline,residual,384,184,34,68.67154601503249,0.0
baseline,residual,384,184,35,83.87288955587097,0.0
baseline,residual,384,184,36,74.9148701692614,0.0
baseline,residual,384,184,37,59.71030443917019,0.0
baseline,residual,384,184,38,83.87288955587097,0.0
baseline,residual,384,184,39,74.58966556786645,0.0
baseline,residual,384,184,40,61.39918823513769,0.0
baseline,residual,384,184,41,83.75161218241824,0.0
baseline,residual,384,185,0,96.5267027044606,0.0
baseline,residual,384,185,1,87.90752069013726,0.0
baseline,residual,384,185,2,84.81040527887562,0.0
baseline,residual,384,185,3,84.66967496524673,0.0
baseline,residual,384,185,4,94.43055312614474,0.0
baseline,residual,384,185,5,89.56585881717965,0.0
baseline,residual,384,185,6,86.5958393448103,0.0
baseline,residual,384,185,7,80.69161827912711,0.0
baseline,residual,384,185,8,84.60944137113741,0.0
baseline,residual,384,185,9,85.30565080206335,0.0
baseline,residual,384,185,10,91.9786089327404,0.0
baseline,residual,384,185,11,79.64122179842244,0.0
baseline,residual,384,185,12,86.04546437587372,0.0
baseline,residual,384,185,13,83.04544243765446,0.0
baseline,residual,384,185,14,84.3216751555664,0.0
baseline,residual,384,185,15,84.64652345680847,0.0
baseline,residual,384,185,16,85.77702488904859,0.0
baseline,residual,384,185,17,80.34747446064242,0.0
baseline,residual,384,185,18,84.83132677956651,0.0
baseline,residual,384,185,19,89.03706528916673,0.0
baseline,residual,384,185,20,82.80248977206959,0.0
baseline,residual,384,185,21,72.60768541091177,0.0
baseline,residual,384,185,22,73.76987415849686,0.0
baseline,residual,384,185,23,76.9990637085557,0.0
baseline,residual,384,185,24,80.7212417739611,0.0
baseline,residual,384,185,25,75.61210783006725,0.0
baseline,residual,384,185,26,61.59142774907083,0.0
baseline,residual,384,185,27,83.57254132076157,0.0
baseline,residual,384,185,28,74.46588313161841,0.0
baseline,residual,384,185,29,74.45964051612074,0.0
baseline,residual,384,185,30,72.54780901641294,0.0
baseline,residual,384,185,31,71.84253002363027,0.0
baseline,residual,384,185,32,72.51853838013082,0.0
baseline,residual,384,185,33,63.128120015101466,0.0
baseline,residual,384,185,34,68.67154601503249,0.0
baseline,residual,384,185,35,83.87288955587097,0.0
baseline,residual,384,185,36,74.9148701692614,0.0
baseline,residual,384,185,37,59.71030443917019,0.0
baseline,residual,384,185,38,83.87288955587097,0.0
baseline,residual,384,185,39,74.58966556786645,0.0
baseline,residual,384,185,40,61.39918823513769,0.0
baseline,residual,384,185,41,83.75161218241824,0.0
baseline,residual,384,186,0,96.5267027044606,0.0
baseline,residual,384,186,1,87.90752069013728,0.0
baseline,residual,384,186,2,84.81040527887562,0.0
baseline,residual,384,186,3,84.66967496524673,0.0
baseline,residual,384,186,4,94.43055312614474,0.0
baseline,residual,384,186,5,89.56585881717965,0.0
baseline,residual,384,186,6,86.59583934481032,0.0
baseline,residual,384,186,7,80.69161827912711,0.0
baseline,residual,384,186,8,84.60944137113741,0.0
baseline,residual,384,186,9,85.30565080206335,0.0
baseline,residual,384,186,10,91.9786089327404,0.0
baseline,residual,384,186,11,79.64122179842245,0.0
baseline,residual,384,186,12,86.04546437587372,0.0
baseline,residual,384,186,13,83.04544243765446,0.0
baseline,residual,384,186,14,84.3216751555664,0.0
baseline,residual,384,186,15,84.64652345680847,0.0
baseline,residual,384,186,16,85.77702488904859,0.0
baseline,residual,384,186,17,80.34747446064242,0.0
baseline,residual,384,186,18,84.83132677956651,0.0
baseline,residual,384,186,19,89.03706528916673,0.0
baseline,residual,384,186,20,82.80248977206959,0.0
baseline,residual,384,186,21,72.60768541091177,0.0
baseline,residual,384,186,22,73.76987415849686,0.0
baseline,residual,384,186,23,76.9990637085557,0.0
baseline,residual,384,186,24,80.7212417739611,0.0
baseline,residual,384,186,25,75.61210783006725,0.0
baseline,residual,384,186,26,61.59142774907083,0.0
baseline,residual,384,186,27,83.57254132076157,0.0
baseline,residual,384,186,28,74.46588313161841,0.0
baseline,residual,384,186,29,74.45964051612074,0.0
baseline,residual,384,186,30,72.54780901641294,0.0
baseline,residual,384,186,31,71.84253002363027,0.0
baseline,residual,384,186,32,72.51853838013082,0.0
baseline,residual,384,186,33,63.128120015101466,0.0
baseline,residual,384,186,34,68.67154601503249,0.0
baseline,residual,384,186,35,83.87288955587097,0.0
baseline,residual,384,186,36,74.9148701692614,0.0
baseline,residual,384,186,37,59.71030443917019,0.0
baseline,residual,384,186,38,83.87288955587097,0.0
baseline,residual,384,186,39,74.58966556786645,0.0
baseline,residual,384,186,40,61.39918823513769,0.0
baseline,residual,384,186,41,83.75161218241824,0.0
baseline,residual,384,187,0,96.5267027044606,0.0
baseline,residual,384,187,1,87.90752069013728,0.0
baseline,residual,384,187,2,84.81040527887562,0.0
baseline,residual,384,187,3,84.66967496524673,0.0
baseline,residual,384,187,4,94.43055312614474,0.0
baseline,residual,384,187,5,89.56585881717965,0.0
baseline,residual,384,187,6,86.59583934481032,0.0
baseline,residual,384,187,7,80.6917730859604,0.0
baseline,residual,384,187,8,84.60944137113741,0.0
baseline,residual,384,187,9,85.30565080206335,0.0
baseline,residual,384,187,10,91.9786089327404,0.0
baseline,residual,384,187,11,79.64122179842245,0.0
baseline,residual,384,187,12,86.04546437587372,0.0
baseline,residual,384,187,13,83.04544243765446,0.0
baseline,residual,384,187,14,84.3216751555664,0.0
baseline,residual,384,187,15,84.64652345680847,0.0
baseline,residual,384,187,16,85.77702488904859,0.0
baseline,residual,384,187,17,80.34747446064242,0.0
baseline,residual,384,187,18,84.83132677956651,0.0
baseline,residual,384,187,19,89.03706528916673,0.0
baseline,residual,384,187,20,82.80248977206959,0.0
baseline,residual,384,187,21,72.60768541091177,0.0
baseline,residual,384,187,22,73.76987415849686,0.0
baseline,residual,384,187,23,76.9990637085557,0.0
baseline,residual,384,187,24,80.7212417739611,0.0
baseline,residual,384,187,25,75.61210783006725,0.0
baseline,residual,384,187,26,61.59142774907083,0.0
baseline,residual,384,187,27,83.57254132076157,0.0
baseline,residual,384,187,28,74.46588313161841,0.0
baseline,residual,384,187,29,74.45964051612074,0.0
baseline,residual,384,187,30,72.54780901641294,0.0
baseline,residual,384,187,31,71.84253002363027,0.0
baseline,residual,384,187,32,72.51853838013082,0.0
baseline,residual,384,187,33,63.128120015101466,0.0
baseline,residual,384,187,34,68.67154601503249,0.0
baseline,residual,384,187,35,83.87288955587097,0.0
baseline,residual,384,187,36,74.9148701692614,0.0
baseline,residual,384,187,37,59.71030443917019,0.0
baseline,residual,384,187,38,83.87288955587097,0.0
baseline,residual,384,187,39,74.58966556786645,0.0
baseline,residual,384,187,40,61.39918823513769,0.0
baseline,residual,384,187,41,83.75161218241824,0.0
baseline,residual,384,188,0,96.5267027044606,0.0
baseline,residual,384,188,1,87.90752069013728,0.0
baseline,residual,384,188,2,84.81040527887562,0.0
baseline,residual,384,188,3,84.66967496524673,0.0
baseline,residual,384,188,4,94.43055312614474,0.0
baseline,residual,384,188,5,89.56585881717965,0.0
baseline,residual,384,188,6,86.59583934481032,0.0
baseline,residual,384,188,7,80.6917730859604,0.0
baseline,residual,384,188,8,84.60944137113741,0.0
baseline,residual,384,188,9,85.30565080206335,0.0
baseline,residual,384,188,10,91.9786089327404,0.0
baseline,residual,384,188,11,79.64122179842245,0.0
baseline,residual,384,188,12,86.04546437587372,0.0
baseline,residual,384,188,13,83.04544243765446,0.0
baseline,residual,384,188,14,84.3216751555664,0.0
baseline,residual,384,188,15,84.64652345680847,0.0
baseline,residual,384,188,16,85.77702488904859,0.0
baseline,residual,384,188,17,80.34747446064242,0.0
baseline,residual,384,188,18,84.83132677956651,0.0
baseline,residual,384,188,19,89.03706528916673,0.0
baseline,residual,384,188,20,82.80248977206959,0.0
baseline,residual,384,188,21,72.60768541091177,0.0
baseline,residual,384,188,22,73.76987415849686,0.0
baseline,residual,384,188,23,76.9990637085557,0.0
baseline,residual,384,188,24,80.7212417739611,0.0
baseline,residual,384,188,25,75.61210783006725,0.0
baseline,residual,384,188,26,61.59142774907083,0.0
baseline,residual,384,188,27,83.57254132076157,0.0
baseline,residual,384,188,28,74.46588313161841,0.0
baseline,residual,384,188,29,74.45964051612074,0.0
baseline,residual,384,188,30,72.54780901641294,0.0
baseline,residual,384,188,31,71.84253002363027,0.0
baseline,residual,384,188,32,72.51853838013082,0.0
baseline,residual,384,188,33,63.128120015101466,0.0
baseline,residual,384,188,34,68.67154601503249,0.0
baseline,residual,384,188,35,83.87288955587097,0.0
baseline,residual,384,188,36,74.9148701692614,0.0
baseline,residual,384,188,37,59.71030443917019,0.0
baseline,residual,384,188,38,83.87288955587097,0.0
baseline,residual,384,188,39,74.58966556786645,0.0
baseline,residual,384,188,40,61.39918823513769,0.0
baseline,residual,384,188,41,83.75161218241824,0.0
baseline,residual,384,189,0,96.5267027044606,0.0
baseline,residual,384,189,1,87.90752069013728,0.0
baseline,residual,384,189,2,84.81040527887562,0.0
baseline,residual,384,189,3,84.66967496524673,0.0
baseline,residual,384,189,4,94.43055312614474,0.0
baseline,residual,384,189,5,89.56585881717965,0.0
baseline,residual,384,189,6,86.59583934481032,0.0
baseline,residual,384,189,7,80.6917730859604,0.0
baseline,residual,384,189,8,84.60944137113741,0.0
baseline,residual,384,189,9,85.30565080206335,0.0
baseline,residual,384,189,10,91.9786089327404,0.0
baseline,residual,384,189,11,79.64122179842245,0.0
baseline,residual,384,189,12,86.04546437587372,0.0
baseline,residual,384,189,13,83.04544243765446,0.0
baseline,residual,384,189,14,84.3216751555664,0.0
baseline,residual,384,189,15,84.64652345680847,0.0
baseline,residual,384,189,16,85.77702488904859,0.0
baseline,residual,384,189,17,80.34747446064242,0.0
baseline,residual,384,189,18,84.83132677956651,0.0
baseline,residual,384,189,19,89.03706528916673,0.0
baseline,residual,384,189,20,82.80248977206959,0.0
baseline,residual,384,189,21,72.60768541091177,0.0
baseline,residual,384,189,22,73.76987415849686,0.0
baseline,residual,384,189,23,76.9990637085557,0.0
baseline,residual,384,189,24,80.7212417739611,0.0
baseline,residual,384,189,25,75.61210783006725,0.0
baseline,residual,384,189,26,61.59142774907083,0.0
baseline,residual,384,189,27,83.57254132076157,0.0
baseline,residual,384,189,28,74.46588313161841,0.0
baseline,residual,384,189,29,74.45964051612074,0.0
baseline,residual,384,189,30,72.54780901641294,0.0
baseline,residual,384,189,31,72.18863685160193,0.0
baseline,residual,384,189,32,72.51853838013082,0.0
baseline,residual,384,189,33,63.128120015101466,0.0
baseline,residual,384,189,34,68.67154601503249,0.0
baseline,residual,384,189,35,83.87288955587097,0.0
baseline,residual,384,189,36,74.9148701692614,0.0
baseline,residual,384,189,37,59.71030443917019,0.0
baseline,residual,384,189,38,83.87288955587097,0.0
baseline,residual,384,189,39,74.58966556786645,0.0
baseline,residual,384,189,40,61.39918823513769,0.0
baseline,residual,384,189,41,83.75161218241824,0.0
baseline,residual,384,190,0,96.5267027044606,0.0
baseline,residual,384,190,1,87.90752069013728,0.0
baseline,residual,384,190,2,84.81040527887562,0.0
baseline,residual,384,190,3,84.66967496524673,0.0
baseline,residual,384,190,4,94.43055312614474,0.0
baseline,residual,384,190,5,89.56585881717965,0.0
baseline,residual,384,190,6,86.59583934481032,0.0
baseline,residual,384,190,7,80.6917730859604,0.0
baseline,residual,384,190,8,84.60944137113741,0.0
baseline,residual,384,190,9,85.30565080206335,0.0
baseline,residual,384,190,10,91.9786089327404,0.0
baseline,residual,384,190,11,79.64122179842245,0.0
baseline,residual,384,190,12,86.04546437587372,0.0
baseline,residual,384,190,13,83.04544243765446,0.0
baseline,residual,384,190,14,84.3216751555664,0.0
baseline,residual,384,190,15,84.64652345680847,0.0
baseline,residual,384,190,16,85.77702488904859,0.0
baseline,residual,384,190,17,80.34747446064242,0.0
baseline,residual,384,190,18,84.83132677956651,0.0
baseline,residual,384,190,19,89.03706528916673,0.0
baseline,residual,384,190,20,82.80248977206959,0.0
baseline,residual,384,190,21,72.60768541091177,0.0
baseline,residual,384,190,22,73.76987415849686,0.0
baseline,residual,384,190,23,76.9990637085557,0.0
baseline,residual,384,190,24,80.7212417739611,0.0
baseline,residual,384,190,25,75.61210783006725,0.0
baseline,residual,384,190,26,61.59142774907083,0.0
baseline,residual,384,190,27,83.57254132076157,0.0
baseline,residual,384,190,28,74.46588313161841,0.0
baseline,residual,384,190,29,74.45964051612074,0.0
baseline,residual,384,190,30,72.54780901641294,0.0
baseline,residual,384,190,31,72.18863685160193,0.0
baseline,residual,384,190,32,72.51853838013082,0.0
baseline,residual,384,190,33,63.128120015101466,0.0
baseline,residual,384,190,34,68.67154601503249,0.0
baseline,residual,384,190,35,83.87288955587097,0.0
baseline,residual,384,190,36,74.9148701692614,0.0
baseline,residual,384,190,37,59.71030443917019,0.0
baseline,residual,384,190,38,83.87288955587097,0.0
baseline,residual,384,190,39,74.58966556786645,0.0
baseline,residual,384,190,40,61.39918823513769,0.0
baseline,residual,384,190,41,83.75161218241824,0.0
baseline,residual,384,191,0,96.5267027044606,0.0
baseline,residual,384,191,1,87.90752069013728,0.0
baseline,residual,384,191,2,84.81040527887562,0.0
baseline,residual,384,191,3,84.66967496524673,0.0
baseline,residual,384,191,4,94.43055312614474,0.0
baseline,residual,384,191,5,89.56585881717965,0.0
baseline,residual,384,191,6,86.59583934481032,0.0
baseline,residual,384,191,7,80.6917730859604,0.0
baseline,residual,384,191,8,84.60944137113741,0.0
baseline,residual,384,191,9,85.30565080206335,0.0
baseline,residual,384,191,10,91.9786089327404,0.0
baseline,residual,384,191,11,79.64122179842245,0.0
baseline,residual,384,191,12,86.04546437587372,0.0
baseline,residual,384,191,13,83.04544243765446,0.0
baseline,residual,384,191,14,84.3216751555664,0.0
baseline,residual,384,191,15,84.64652345680847,0.0
baseline,residual,384,191,16,85.77702488904859,0.0
baseline,residual,384,191,17,80.34747446064242,0.0
baseline,residual,384,191,18,84.83132677956651,0.0
baseline,residual,384,191,19,89.03706528916673,0.0
baseline,residual,384,191,20,82.80248977206959,0.0
baseline,residual,384,191,21,72.60768541091177,0.0
baseline,residual,384,191,22,73.76987415849686,0.0
baseline,residual,384,191,23,76.9990637085557,0.0
baseline,residual,384,191,24,80.7212417739611,0.0
baseline,residual,384,191,25,75.61210783006725,0.0
baseline,residual,384,191,26,61.59142774907083,0.0
baseline,residual,384,191,27,83.57254132076157,0.0
baseline,residual,384,191,28,74.46588313161841,0.0
baseline,residual,384,191,29,74.45964051612074,0.0
baseline,residual,384,191,30,72.54780901641294,0.0
baseline,residual,384,191,31,72.18863685160193,0.0
baseline,residual,384,191,32,72.51853838013082,0.0
baseline,residual,384,191,33,63.128120015101466,0.0
baseline,residual,384,191,34,68.67154601503249,0.0
baseline,residual,384,191,35,83.87288955587097,0.0
baseline,residual,384,191,36,74.9148701692614,0.0
baseline,residual,384,191,37,59.71030443917019,0.0
baseline,residual,384,191,38,83.87288955587097,0.0
baseline,residual,384,191,39,74.58966556786645,0.0
baseline,residual,384,191,40,61.39918823513769,0.0
baseline,residual,384,191,41,83.75161218241824,0.0
baseline,residual,384,192,0,96.5267027044606,0.0
baseline,residual,384,192,1,87.90752069013728,0.0
baseline,residual,384,192,2,84.81040527887562,0.0
baseline,residual,384,192,3,84.66967496524673,0.0
baseline,residual,384,192,4,94.43055312614474,0.0
baseline,residual,384,192,5,89.56585881717965,0.0
baseline,residual,384,192,6,86.59583934481032,0.0
baseline,residual,384,192,7,80.6917730859604,0.0
baseline,residual,384,192,8,84.60944137113741,0.0
baseline,residual,384,192,9,85.30565080206335,0.0
baseline,residual,384,192,10,91.9786089327404,0.0
baseline,residual,384,192,11,79.64122179842245,0.0
baseline,residual,384,192,12,86.04546437587372,0.0
baseline,residual,384,192,13,83.04544243765446,0.0
baseline,residual,384,192,14,84.3216751555664,0.0
baseline,residual,384,192,15,84.64652345680847,0.0
baseline,residual,384,192,16,85.77702488904859,0.0
baseline,residual,384,192,17,80.34747446064242,0.0
baseline,residual,384,192,18,84.83132677956651,0.0
baseline,residual,384,192,19,89.03706528916673,0.0
baseline,residual,384,192,20,82.80248977206959,0.0
baseline,residual,384,192,21,72.60768541091177,0.0
baseline,residual,384,192,22,73.76987415849686,0.0
baseline,residual,384,192,23,76.9990637085557,0.0
baseline,residual,384,192,24,80.7212417739611,0.0
baseline,residual,384,192,25,75.61210783006725,0.0
baseline,residual,384,192,26,61.59142774907083,0.0
baseline,residual,384,192,27,83.57254132076157,0.0
baseline,residual,384,192,28,74.46588313161841,0.0
baseline,residual,384,192,29,74.45964051612074,0.0
baseline,residual,384,192,30,72.54780901641294,0.0
baseline,residual,384,192,31,72.18863685160193,0.0
baseline,residual,384,192,32,72.51853838013082,0.0
baseline,residual,384,192,33,63.128120015101466,0.0
baseline,residual,384,192,34,68.67154601503249,0.0
baseline,residual,384,192,35,83.87288955587097,0.0
baseline,residual,384,192,36,74.9148701692614,0.0
baseline,residual,384,192,37,59.71030443917019,0.0
baseline,residual,384,192,38,83.87288955587097,0.0
baseline,residual,384,192,39,74.58966556786645,0.0
baseline,residual,384,192,40,61.39918823513769,0.0
baseline,residual,384,192,41,83.75161218241824,0.0
baseline,residual,384,193,0,96.52671924875709,0.0
baseline,residual,384,193,1,87.90752730785586,0.0
baseline,residual,384,193,2,84.8104218231721,0.0
baseline,residual,384,193,3,84.66968158296532,0.0
baseline,residual,384,193,4,94.43058621473767,0.0
baseline,residual,384,193,5,89.56588087624161,0.0
baseline,residual,384,193,6,86.5958503743413,0.0
baseline,residual,384,193,7,80.6917841154914,0.0
baseline,residual,384,193,8,84.60947445973034,0.0
baseline,residual,384,193,9,85.30566403750056,0.0
baseline,residual,384,193,10,91.97863540361475,0.0
baseline,residual,384,193,11,79.64123503385962,0.0
baseline,residual,384,193,12,86.04548092017018,0.0
baseline,residual,384,193,13,83.0454689085288,0.0
baseline,residual,384,193,14,84.32168839100356,0.0
baseline,residual,384,193,15,84.64654000110498,0.0
baseline,residual,384,193,16,85.77703812448576,0.0
baseline,residual,384,193,17,80.34748769607963,0.0
baseline,residual,384,193,18,84.831343323863,0.0
baseline,residual,384,193,19,89.80738262918645,0.0
baseline,residual,384,193,20,82.80250631636608,0.0
baseline,residual,384,193,21,72.60770195520824,0.0
baseline,residual,384,193,22,73.76989621755882,0.0
baseline,residual,384,193,23,76.99908025285215,0.0
baseline,residual,384,193,24,80.72125831825757,0.0
baseline,residual,384,193,25,75.6121298891292,0.0
baseline,residual,384,193,26,61.59142774907083,0.0
baseline,residual,384,193,27,83.57256337982352,0.0
baseline,residual,384,193,28,74.46589967591488,0.0
baseline,residual,384,193,29,74.4596625751827,0.0
baseline,residual,384,193,30,72.54780901641294,0.0
baseline,residual,384,193,31,72.18865891066389,0.0
baseline,residual,384,193,32,72.51855492442729,0.0
baseline,residual,384,193,33,63.12812001510151,0.0
baseline,residual,384,193,34,68.67156255932896,0.0
baseline,residual,384,193,35,83.87290610016743,0.0
baseline,residual,384,193,36,74.91488671355788,0.0
baseline,residual,384,193,37,59.710304439170244,0.0
baseline,residual,384,193,38,83.87290610016743,0.0
baseline,residual,384,193,39,74.58968211216292,0.0
baseline,residual,384,193,40,61.39918823513775,0.0
baseline,residual,384,193,41,83.75162872671471,0.0
baseline,residual,384,194,0,96.52671925358406,0.0
baseline,residual,384,194,1,87.90752731171851,0.0
baseline,residual,384,194,2,84.81042182639099,0.0
baseline,residual,384,194,3,84.66968158554151,0.0
baseline,residual,384,194,4,94.43058622439158,0.0
baseline,residual,384,194,5,89.77860991312048,0.0
baseline,residual,384,194,6,86.59585038077904,0.0
baseline,residual,384,194,7,80.69178412192913,0.0
baseline,residual,384,194,8,84.6094744661681,0.0
baseline,residual,384,194,9,85.30566404264859,0.0
baseline,residual,384,194,10,91.97863541033975,0.0
baseline,residual,384,194,11,79.64123503800951,0.0
baseline,residual,384,194,12,86.04548092660521,0.0
baseline,residual,384,194,13,83.045468913679,0.0
baseline,residual,384,194,14,84.32168839615157,0.0
baseline,residual,384,194,15,84.64654000754001,0.0
baseline,residual,384,194,16,85.77703812963378,0.0
baseline,residual,384,194,17,80.34748770223011,0.0
baseline,residual,384,194,18,84.83134332905037,0.0
baseline,residual,384,194,19,89.80738263562421,0.0
baseline,residual,384,194,20,82.8025063228011,0.0
baseline,residual,384,194,21,72.60770195842711,0.0
baseline,residual,384,194,22,73.76989622185062,0.0
baseline,residual,384,194,23,76.99908025732414,0.0
baseline,residual,384,194,24,80.72125832147644,0.0
baseline,residual,384,194,25,75.61212989509183,0.0
baseline,residual,384,194,26,61.591427750645636,0.0
baseline,residual,384,194,27,83.57256338411536,0.0
baseline,residual,384,194,28,74.46589968038684,0.0
baseline,residual,384,194,29,74.45966257947453,0.0
baseline,residual,384,194,30,72.54780901899024,0.0
baseline,residual,384,194,31,72.1886589149557,0.0
baseline,residual,384,194,32,72.51855492889928,0.0
baseline,residual,384,194,33,63.12812001707001,0.0
baseline,residual,384,194,34,68.67156256254783,0.0
baseline,residual,384,194,35,83.87290610785556,0.0
baseline,residual,384,194,36,74.91488671874525,0.0
baseline,residual,384,194,37,59.710304439170244,0.0
baseline,residual,384,194,38,83.87290610785556,0.0
baseline,residual,384,194,39,74.58968211735029,0.0
baseline,residual,384,194,40,61.39918823513775,0.0
baseline,residual,384,194,41,83.75162873440284,0.0
baseline,residual,384,195,0,96.52671925358406,0.0
baseline,residual,384,195,1,87.90752731171851,0.0
baseline,residual,384,195,2,84.81042182639099,0.0
baseline,residual,384,195,3,84.66968158554151,0.0
baseline,residual,384,195,4,94.43058622439158,0.0
baseline,residual,384,195,5,89.77860991312048,0.0
baseline,residual,384,195,6,86.59585038077904,0.0
baseline,residual,384,195,7,80.69178412192913,0.0
baseline,residual,384,195,8,84.6094744661681,0.0
baseline,residual,384,195,9,85.30566404264859,0.0
baseline,residual,384,195,10,91.97863541033975,0.0
baseline,residual,384,195,11,79.64123503800951,0.0
baseline,residual,384,195,12,86.04548092660521,0.0
baseline,residual,384,195,13,83.045468913679,0.0
baseline,residual,384,195,14,84.32168839615157,0.0
baseline,residual,384,195,15,84.64654000754001,0.0
baseline,residual,384,195,16,85.77703812963378,0.0
baseline,residual,384,195,17,80.34748770223011,0.0
baseline,residual,384,195,18,84.83134332905037,0.0
baseline,residual,384,195,19,89.80738263562421,0.0
baseline,residual,384,195,20,82.8025063228011,0.0
baseline,residual,384,195,21,72.60770195842711,0.0
baseline,residual,384,195,22,73.76989622185062,0.0
baseline,residual,384,195,23,76.99908025732414,0.0
baseline,residual,384,195,24,80.72125832147644,0.0
baseline,residual,384,195,25,75.61212989509183,0.0
baseline,residual,384,195,26,61.591427750645636,0.0
baseline,residual,384,195,27,83.57256338411536,0.0
baseline,residual,384,195,28,74.46589968038684,0.0
baseline,residual,384,195,29,74.45966257947453,0.0
baseline,residual,384,195,30,72.54780901899024,0.0
baseline,residual,384,195,31,72.1886589149557,0.0
baseline,residual,384,195,32,72.51855492889928,0.0
baseline,residual,384,195,33,63.12812001707001,0.0
baseline,residual,384,195,34,68.67156256254783,0.0
baseline,residual,384,195,35,83.87290610785556,0.0
baseline,residual,384,195,36,74.91488671874525,0.0
baseline,residual,384,195,37,59.710304439170244,0.0
baseline,residual,384,195,38,83.87290610785556,0.0
baseline,residual,384,195,39,74.58968211735029,0.0
baseline,residual,384,195,40,61.39918823513775,0.0
baseline,residual,384,195,41,83.75162873440284,0.0
baseline,residual,384,196,0,96.52671925358406,0.0
baseline,residual,384,196,1,87.90752731171851,0.0
baseline,residual,384,196,2,84.81042182639099,0.0
baseline,residual,384,196,3,84.66968158554151,0.0
baseline,residual,384,196,4,94.43058622439158,0.0
baseline,residual,384,196,5,89.77860991312048,0.0
baseline,residual,384,196,6,86.59675291617042,0.0
baseline,residual,384,196,7,80.69178412192913,0.0
baseline,residual,384,196,8,84.6094744661681,0.0
baseline,residual,384,196,9,85.30566404264859,0.0
baseline,residual,384,196,10,91.97863541033975,0.0
baseline,residual,384,196,11,79.64123503800951,0.0
baseline,residual,384,196,12,86.04548092660521,0.0
baseline,residual,384,196,13,83.045468913679,0.0
baseline,residual,384,196,14,84.32168839615157,0.0
baseline,residual,384,196,15,84.64654000754001,0.0
baseline,residual,384,196,16,85.77703812963378,0.0
baseline,residual,384,196,17,80.34748770223011,0.0
baseline,residual,384,196,18,84.83134332905037,0.0
baseline,residual,384,196,19,89.80738263562421,0.0
baseline,residual,384,196,20,82.8025063228011,0.0
baseline,residual,384,196,21,72.60770195842711,0.0
baseline,residual,384,196,22,73.76989622185062,0.0
baseline,residual,384,196,23,76.99908025732414,0.0
baseline,residual,384,196,24,80.72125832147644,0.0
baseline,residual,384,196,25,75.61212989509184,0.0
baseline,residual,384,196,26,61.591427750645636,0.0
baseline,residual,384,196,27,83.57256338411537,0.0
baseline,residual,384,196,28,74.46589968038684,0.0
baseline,residual,384,196,29,74.45966257947454,0.0
baseline,residual,384,196,30,72.54780901899024,0.0
baseline,residual,384,196,31,72.1886589149557,0.0
baseline,residual,384,196,32,72.51855492889928,0.0
baseline,residual,384,196,33,63.12812001707001,0.0
baseline,residual,384,196,34,68.67156256254783,0.0
baseline,residual,384,196,35,83.87290610785556,0.0
baseline,residual,384,196,36,74.91488671874527,0.0
baseline,residual,384,196,37,59.710304439170244,0.0
baseline,residual,384,196,38,83.87290610785556,0.0
baseline,residual,384,196,39,74.5896821173503,0.0
baseline,residual,384,196,40,61.39918823513775,0.0
baseline,residual,384,196,41,83.75162873440284,0.0
baseline,residual,384,197,0,96.52671925358406,0.0
baseline,residual,384,197,1,87.90752731171851,0.0
baseline,residual,384,197,2,84.81042182639099,0.0
baseline,residual,384,197,3,84.66968158554151,0.0
baseline,residual,384,197,4,94.43058622439158,0.0
baseline,residual,384,197,5,89.77860991312048,0.0
baseline,residual,384,197,6,86.59675291617042,0.0
baseline,residual,384,197,7,80.69178412192913,0.0
baseline,residual,384,197,8,84.6094744661681,0.0
baseline,residual,384,197,9,85.30566404264859,0.0
baseline,residual,384,197,10,91.97863541033975,0.0
baseline,residual,384,197,11,79.64123503800951,0.0
baseline,residual,384,197,12,86.04548092660521,0.0
baseline,residual,384,197,13,83.045468913679,0.0
baseline,residual,384,197,14,84.32168839615157,0.0
baseline,residual,384,197,15,84.64654000754001,0.0
baseline,residual,384,197,16,85.77703812963378,0.0
baseline,residual,384,197,17,80.34748770223011,0.0
baseline,residual,384,197,18,84.83134332905037,0.0
baseline,residual,384,197,19,89.80738263562421,0.0
baseline,residual,384,197,20,82.8025063228011,0.0
baseline,residual,384,197,21,72.60770195842711,0.0
baseline,residual,384,197,22,73.76989622185062,0.0
baseline,residual,384,197,23,76.99908025732414,0.0
baseline,residual,384,197,24,80.72125832147644,0.0
baseline,residual,384,197,25,75.61212989509184,0.0
baseline,residual,384,197,26,61.591427750645636,0.0
baseline,residual,384,197,27,83.57256338411537,0.0
baseline,residual,384,197,28,74.46589968038684,0.0
baseline,residual,384,197,29,74.45966257947454,0.0
baseline,residual,384,197,30,72.54780901899024,0.0
baseline,residual,384,197,31,72.1886589149557,0.0
baseline,residual,384,197,32,72.51855492889928,0.0
baseline,residual,384,197,33,63.12812001707001,0.0
baseline,residual,384,197,34,68.67156256254783,0.0
baseline,residual,384,197,35,83.87290610785556,0.0
baseline,residual,384,197,36,74.91488671874527,0.0
baseline,residual,384,197,37,59.710304439170244,0.0
baseline,residual,384,197,38,83.87290610785556,0.0
baseline,residual,384,197,39,74.5896821173503,0.0
baseline,residual,384,197,40,61.39918823513775,0.0
baseline,residual,384,197,41,83.75162873440284,0.0
baseline,residual,384,198,0,96.52671925358406,0.0
baseline,residual,384,198,1,87.90752731171851,0.0
baseline,residual,384,198,2,84.81042182639099,0.0
baseline,residual,384,198,3,84.66968158554151,0.0
baseline,residual,384,198,4,94.43058622439158,0.0
baseline,residual,384,198,5,89.77860991312048,0.0
baseline,residual,384,198,6,86.59675291617042,0.0
baseline,residual,384,198,7,80.69178412192913,0.0
baseline,residual,384,198,8,84.6094744661681,0.0
baseline,residual,384,198,9,85.30566404264859,0.0
baseline,residual,384,198,10,91.97863541033975,0.0
baseline,residual,384,198,11,79.64123503800951,0.0
baseline,residual,384,198,12,86.04548092660521,0.0
baseline,residual,384,198,13,83.045468913679,0.0
baseline,residual,384,198,14,84.32168839615157,0.0
baseline,residual,384,198,15,84.64654000754001,0.0
baseline,residual,384,198,16,85.77703812963378,0.0
baseline,residual,384,198,17,80.34748770223011,0.0
baseline,residual,384,198,18,84.83134332905037,0.0
baseline,residual,384,198,19,89.80738263562421,0.0
baseline,residual,384,198,20,82.8025063228011,0.0
baseline,residual,384,198,21,72.60770195842711,0.0
baseline,residual,384,198,22,73.76989622185062,0.0
baseline,residual,384,198,23,76.99908025732414,0.0
baseline,residual,384,198,24,80.72125832147644,0.0
baseline,residual,384,198,25,75.61212989509184,0.0
baseline,residual,384,198,26,61.591427750645636,0.0
baseline,residual,384,198,27,83.57256338411537,0.0
baseline,residual,384,198,28,74.46589968038684,0.0
baseline,residual,384,198,29,74.45966257947454,0.0
baseline,residual,384,198,30,72.54780901899024,0.0
baseline,residual,384,198,31,72.1886589149557,0.0
baseline,residual,384,198,32,72.51855492889928,0.0
baseline,residual,384,198,33,63.12812001707001,0.0
baseline,residual,384,198,34,68.67156256254783,0.0
baseline,residual,384,198,35,83.87290610785556,0.0
baseline,residual,384,198,36,74.91488671874527,0.0
baseline,residual,384,198,37,59.710304439170244,0.0
baseline,residual,384,198,38,83.87290610785556,0.0
baseline,residual,384,198,39,74.5896821173503,0.0
baseline,residual,384,198,40,61.39918823513775,0.0
baseline,residual,384,198,41,83.75162873440284,0.0
baseline,residual,384,199,0,96.52671925358406,0.0
baseline,residual,384,199,1,87.90752731171851,0.0
baseline,residual,384,199,2,84.81042182639099,0.0
baseline,residual,384,199,3,84.66968158554151,0.0
baseline,residual,384,199,4,94.43058622439158,0.0
baseline,residual,384,199,5,89.77860991312048,0.0
baseline,residual,384,199,6,86.59675291617042,0.0
baseline,residual,384,199,7,80.69178412192913,0.0
baseline,residual,384,199,8,84.6094744661681,0.0
baseline,residual,384,199,9,85.30566404264859,0.0
baseline,residual,384,199,10,91.97863541033975,0.0
baseline,residual,384,199,11,79.64123503800951,0.0
baseline,residual,384,199,12,86.04548092660521,0.0
baseline,residual,384,199,13,83.045468913679,0.0
baseline,residual,384,199,14,84.32168839615157,0.0
baseline,residual,384,199,15,84.64654000754001,0.0
baseline,residual,384,199,16,85.77703812963378,0.0
baseline,residual,384,199,17,80.34748770223011,0.0
baseline,residual,384,199,18,84.83134332905037,0.0
baseline,residual,384,199,19,89.80738263562421,0.0
baseline,residual,384,199,20,82.8025063228011,0.0
baseline,residual,384,199,21,72.60770195842711,0.0
baseline,residual,384,199,22,73.76989622185062,0.0
baseline,residual,384,199,23,76.99908025732414,0.0
baseline,residual,384,199,24,80.72125832147644,0.0
baseline,residual,384,199,25,75.61212989509184,0.0
baseline,residual,384,199,26,61.591427750645636,0.0
baseline,residual,384,199,27,83.57256338411537,0.0
baseline,residual,384,199,28,74.46589968038684,0.0
baseline,residual,384,199,29,74.45966257947454,0.0
baseline,residual,384,199,30,72.54780901899024,0.0
baseline,residual,384,199,31,72.1886589149557,0.0
baseline,residual,384,199,32,72.51855492889928,0.0
baseline,residual,384,199,33,63.12812001707001,0.0
baseline,residual,384,199,34,68.67156256254783,0.0
baseline,residual,384,199,35,83.87290610785556,0.0
baseline,residual,384,199,36,74.91488671874527,0.0
baseline,residual,384,199,37,59.710304439170244,0.0
baseline,residual,384,199,38,83.87290610785556,0.0
baseline,residual,384,199,39,74.5896821173503,0.0
baseline,residual,384,199,40,61.39918823513775,0.0
baseline,residual,384,199,41,83.75162873440284,0.0
baseline,residual,384,200,0,96.52671925358406,0.0
baseline,residual,384,200,1,87.90752731171851,0.0
baseline,residual,384,200,2,84.81042182639099,0.0
baseline,residual,384,200,3,84.66968158554151,0.0
baseline,residual,384,200,4,94.43058622439158,0.0
baseline,residual,384,200,5,89.77860991312048,0.0
baseline,residual,384,200,6,86.59675291617042,0.0
baseline,residual,384,200,7,80.69178412192913,0.0
baseline,residual,384,200,8,84.6094744661681,0.0
baseline,residual,384,200,9,85.30566404264859,0.0
baseline,residual,384,200,10,91.97863541033975,0.0
baseline,residual,384,200,11,79.64123503800951,0.0
baseline,residual,384,200,12,86.04548092660521,0.0
baseline,residual,384,200,13,83.045468913679,0.0
baseline,residual,384,200,14,84.32168839615157,0.0
baseline,residual,384,200,15,84.64654000754001,0.0
baseline,residual,384,200,16,85.77703812963378,0.0
baseline,residual,384,200,17,80.34748770223011,0.0
baseline,residual,384,200,18,84.83134332905037,0.0
baseline,residual,384,200,19,89.80738263562421,0.0
baseline,residual,384,200,20,82.8025063228011,0.0
baseline,residual,384,200,21,72.60770195842711,0.0
baseline,residual,384,200,22,73.76989622185062,0.0
baseline,residual,384,200,23,76.99908025732414,0.0
baseline,residual,384,200,24,80.72125832147644,0.0
baseline,residual,384,200,25,75.61212989509184,0.0
baseline,residual,384,200,26,61.591427750645636,0.0
baseline,residual,384,200,27,83.57256338411537,0.0
baseline,residual,384,200,28,74.46589968038684,0.0
baseline,residual,384,200,29,74.45966257947454,0.0
baseline,residual,384,200,30,72.54780901899024,0.0
baseline,residual,384,200,31,72.1886589149557,0.0
baseline,residual,384,200,32,72.51855492889928,0.0
baseline,residual,384,200,33,63.12812001707001,0.0
baseline,residual,384,200,34,68.67156256254783,0.0
baseline,residual,384,200,35,83.87290610785556,0.0
baseline,residual,384,200,36,74.91488671874527,0.0
baseline,residual,384,200,37,59.710304439170244,0.0
baseline,residual,384,200,38,83.87290610785556,0.0
baseline,residual,384,200,39,74.5896821173503,0.0
baseline,residual,384,200,40,61.39918823513775,0.0
baseline,residual,384,200,41,83.75162873440284,0.0
baseline,residual,384,201,0,96.526719253584,0.0
baseline,residual,384,201,1,87.9075273117185,0.0
baseline,residual,384,201,2,84.81042182639096,0.0
baseline,residual,384,201,3,84.66968158554145,0.0
baseline,residual,384,201,4,94.43058622439158,0.0
baseline,residual,384,201,5,89.77860991312045,0.0
baseline,residual,384,201,6,86.59675291617039,0.0
baseline,residual,384,201,7,80.6917841219291,0.0
baseline,residual,384,201,8,84.6094744661681,0.0
baseline,residual,384,201,9,85.30566404264854,0.0
baseline,residual,384,201,10,91.97863541033969,0.0
baseline,residual,384,201,11,79.64123503800948,0.0
baseline,residual,384,201,12,86.04548092660521,0.0
baseline,residual,384,201,13,83.045468913679,0.0
baseline,residual,384,201,14,84.32168839615157,0.0
baseline,residual,384,201,15,84.64654000753997,0.0
baseline,residual,384,201,16,85.77703812963378,0.0
baseline,residual,384,201,17,80.34748770223011,0.0
baseline,residual,384,201,18,84.83134332905031,0.0
baseline,residual,384,201,19,89.80738263562415,0.0
baseline,residual,384,201,20,82.8025063228011,0.0
baseline,residual,384,201,21,72.60770195842711,0.0
baseline,residual,384,201,22,73.76989622185056,0.0
baseline,residual,384,201,23,76.99908025732414,0.0
baseline,residual,384,201,24,80.7212583214764,0.0
baseline,residual,384,201,25,75.61212989509184,0.0
baseline,residual,384,201,26,61.591427750645565,0.0
baseline,residual,384,201,27,83.57256338411537,0.0
baseline,residual,384,201,28,74.4658996803868,0.0
baseline,residual,384,201,29,74.45966257947454,0.0
baseline,residual,384,201,30,72.54780901899016,0.0
baseline,residual,384,201,31,72.1886589149557,0.0
baseline,residual,384,201,32,72.51855492889928,0.0
baseline,residual,384,201,33,67.21562345717142,0.0
baseline,residual,384,201,34,68.67156256254783,0.0
baseline,residual,384,201,35,83.87290610785556,0.0
baseline,residual,384,201,36,74.91488671874517,0.0
baseline,residual,384,201,37,59.71030443917019,0.0
baseline,residual,384,201,38,83.87290610785556,0.0
baseline,residual,384,201,39,74.58968211735025,0.0
baseline,residual,384,201,40,61.39918823513765,0.0
baseline,residual,384,201,41,83.75162873440284,0.0
baseline,residual,384,202,0,96.526719253584,0.0
baseline,residual,384,202,1,87.9075273117185,0.0
baseline,residual,384,202,2,84.81042182639096,0.0
baseline,residual,384,202,3,84.66968158554145,0.0
baseline,residual,384,202,4,94.43058622439158,0.0
baseline,residual,384,202,5,89.77860991312045,0.0
baseline,residual,384,202,6,86.59675291617039,0.0
baseline,residual,384,202,7,80.6917841219291,0.0
baseline,residual,384,202,8,84.6094744661681,0.0
baseline,residual,384,202,9,85.30566404264854,0.0
baseline,residual,384,202,10,91.97863541033969,0.0
baseline,residual,384,202,11,79.64123503800948,0.0
baseline,residual,384,202,12,86.04548092660521,0.0
baseline,residual,384,202,13,83.045468913679,0.0
baseline,residual,384,202,14,84.32168839615157,0.0
baseline,residual,384,202,15,84.64654000753997,0.0
baseline,residual,384,202,16,85.77703812963378,0.0
baseline,residual,384,202,17,80.34748770223011,0.0
baseline,residual,384,202,18,84.83134332905031,0.0
baseline,residual,384,202,19,89.80738263562415,0.0
baseline,residual,384,202,20,82.8025063228011,0.0
baseline,residual,384,202,21,72.60770195842711,0.0
baseline,residual,384,202,22,73.76989622185056,0.0
baseline,residual,384,202,23,76.99908025732414,0.0
baseline,residual,384,202,24,80.7212583214764,0.0
baseline,residual,384,202,25,75.61212989509184,0.0
baseline,residual,384,202,26,61.591427750645565,0.0
baseline,residual,384,202,27,83.57256338411537,0.0
baseline,residual,384,202,28,74.4658996803868,0.0
baseline,residual,384,202,29,74.45966257947454,0.0
baseline,residual,384,202,30,72.54780901899016,0.0
baseline,residual,384,202,31,72.1886589149557,0.0
baseline,residual,384,202,32,72.51855492889928,0.0
baseline,residual,384,202,33,67.21562345717142,0.0
baseline,residual,384,202,34,68.67156256254783,0.0
baseline,residual,384,202,35,83.87290610785556,0.0
baseline,residual,384,202,36,74.91488671874517,0.0
baseline,residual,384,202,37,59.71030443917019,0.0
baseline,residual,384,202,38,83.87290610785556,0.0
baseline,residual,384,202,39,74.58968211735025,0.0
baseline,residual,384,202,40,61.39918823513765,0.0
baseline,residual,384,202,41,83.75162873440284,0.0
baseline,residual,384,203,0,96.526719253584,0.0
baseline,residual,384,203,1,87.9075273117185,0.0
baseline,residual,384,203,2,84.81042182639096,0.0
baseline,residual,384,203,3,84.66968158554145,0.0
baseline,residual,384,203,4,94.43058622439158,0.0
baseline,residual,384,203,5,89.77860991312045,0.0
baseline,residual,384,203,6,86.59675291617039,0.0
baseline,residual,384,203,7,80.6917841219291,0.0
baseline,residual,384,203,8,84.6094744661681,0.0
baseline,residual,384,203,9,85.30566404264854,0.0
baseline,residual,384,203,10,91.97863541033969,0.0
baseline,residual,384,203,11,79.64123503800948,0.0
baseline,residual,384,203,12,86.04548092660521,0.0
baseline,residual,384,203,13,83.045468913679,0.0
baseline,residual,384,203,14,84.32168839615157,0.0
baseline,residual,384,203,15,84.64654000753997,0.0
baseline,residual,384,203,16,85.77703812963378,0.0
baseline,residual,384,203,17,80.34748770223011,0.0
baseline,residual,384,203,18,84.83134332905031,0.0
baseline,residual,384,203,19,89.80738263562415,0.0
baseline,residual,384,203,20,82.8025063228011,0.0
baseline,residual,384,203,21,72.60770195842711,0.0
baseline,residual,384,203,22,73.76989622185056,0.0
baseline,residual,384,203,23,76.99908025732414,0.0
baseline,residual,384,203,24,80.7212583214764,0.0
baseline,residual,384,203,25,75.61212989509184,0.0
baseline,residual,384,203,26,61.591427750645565,0.0
baseline,residual,384,203,27,83.57256338411537,0.0
baseline,residual,384,203,28,74.4658996803868,0.0
baseline,residual,384,203,29,74.45966257947454,0.0
baseline,residual,384,203,30,72.54780901899016,0.0
baseline,residual,384,203,31,72.1886589149557,0.0
baseline,residual,384,203,32,72.51855492889928,0.0
baseline,residual,384,203,33,67.21562345717142,0.0
baseline,residual,384,203,34,68.67156256254783,0.0
baseline,residual,384,203,35,83.87290610785556,0.0
baseline,residual,384,203,36,74.91488671874517,0.0
baseline,residual,384,203,37,59.71030443917019,0.0
baseline,residual,384,203,38,83.87290610785556,0.0
baseline,residual,384,203,39,74.58968211735025,0.0
baseline,residual,384,203,40,61.39918823513765,0.0
baseline,residual,384,203,41,83.75162873440284,0.0
baseline,residual,384,204,0,96.52671925358402,0.0
baseline,residual,384,204,1,87.9075273117185,0.0
baseline,residual,384,204,2,84.81042182639096,0.0
baseline,residual,384,204,3,84.66968158554148,0.0
baseline,residual,384,204,4,94.43058622439158,0.0
baseline,residual,384,204,5,89.77860991312046,0.0
baseline,residual,384,204,6,86.59675291617039,0.0
baseline,residual,384,204,7,80.6917841219291,0.0
baseline,residual,384,204,8,84.6094744661681,0.0
baseline,residual,384,204,9,85.30566404264854,0.0
baseline,residual,384,204,10,91.9786354103397,0.0
baseline,residual,384,204,11,79.64123503800948,0.0
baseline,residual,384,204,12,86.04548092660521,0.0
baseline,residual,384,204,13,83.045468913679,0.0
baseline,residual,384,204,14,84.32168839615157,0.0
baseline,residual,384,204,15,84.64654000754,0.0
baseline,residual,384,204,16,85.77703812963378,0.0
baseline,residual,384,204,17,80.34748770223011,0.0
baseline,residual,384,204,18,84.83134332905034,0.0
baseline,residual,384,204,19,89.80738263562417,0.0
baseline,residual,384,204,20,82.8025063228011,0.0
baseline,residual,384,204,21,72.60770195842711,0.0
baseline,residual,384,204,22,73.76989622185057,0.0
baseline,residual,384,204,23,76.99908025732414,0.0
baseline,residual,384,204,24,80.7212583214764,0.0
baseline,residual,384,204,25,75.61212989509184,0.0
baseline,residual,384,204,26,61.59142775064558,0.0
baseline,residual,384,204,27,83.57256338411537,0.0
baseline,residual,384,204,28,74.46589968038681,0.0
baseline,residual,384,204,29,74.45966257947454,0.0
baseline,residual,384,204,30,72.54780901899018,0.0
baseline,residual,384,204,31,72.1886589149557,0.0
baseline,residual,384,204,32,72.51855492889928,0.0
baseline,residual,384,204,33,67.21562345717145,0.0
baseline,residual,384,204,34,68.67156256254783,0.0
baseline,residual,384,204,35,83.87290610785556,0.0
baseline,residual,384,204,36,74.9148867187452,0.0
baseline,residual,384,204,37,59.710304439170194,0.0
baseline,residual,384,204,38,83.87290610785556,0.0
baseline,residual,384,204,39,74.58968211735026,0.0
baseline,residual,384,204,40,61.39918823513767,0.0
baseline,residual,384,204,41,83.75162873440284,0.0
baseline,residual,384,205,0,96.52671925358402,0.0
baseline,residual,384,205,1,87.9075273117185,0.0
baseline,residual,384,205,2,84.81042182639096,0.0
baseline,residual,384,205,3,84.66968158554148,0.0
baseline,residual,384,205,4,94.43058622439158,0.0
baseline,residual,384,205,5,89.77860991312046,0.0
baseline,residual,384,205,6,86.59675291617039,0.0
baseline,residual,384,205,7,80.6917841219291,0.0
baseline,residual,384,205,8,84.6094744661681,0.0
baseline,residual,384,205,9,85.30566404264854,0.0
baseline,residual,384,205,10,91.9786354103397,0.0
baseline,residual,384,205,11,79.64123503800948,0.0
baseline,residual,384,205,12,86.04548092660521,0.0
baseline,residual,384,205,13,83.045468913679,0.0
baseline,residual,384,205,14,84.32168839615157,0.0
baseline,residual,384,205,15,84.64654000754,0.0
baseline,residual,384,205,16,85.77703812963378,0.0
baseline,residual,384,205,17,80.34748770223011,0.0
baseline,residual,384,205,18,84.83134332905034,0.0
baseline,residual,384,205,19,89.80738263562417,0.0
baseline,residual,384,205,20,82.8025063228011,0.0
baseline,residual,384,205,21,72.60770195842711,0.0
baseline,residual,384,205,22,73.76989622185057,0.0
baseline,residual,384,205,23,76.99908025732414,0.0
baseline,residual,384,205,24,80.7212583214764,0.0
baseline,residual,384,205,25,75.61212989509184,0.0
baseline,residual,384,205,26,61.59142775064558,0.0
baseline,residual,384,205,27,83.57256338411537,0.0
baseline,residual,384,205,28,74.46589968038681,0.0
baseline,residual,384,205,29,74.45966257947454,0.0
baseline,residual,384,205,30,72.54780901899018,0.0
baseline,residual,384,205,31,72.1886589149557,0.0
baseline,residual,384,205,32,72.51855492889928,0.0
baseline,residual,384,205,33,67.21562345717145,0.0
baseline,residual,384,205,34,68.67156256254783,0.0
baseline,residual,384,205,35,83.87290610785556,0.0
baseline,residual,384,205,36,74.9148867187452,0.0
baseline,residual,384,205,37,59.710304439170194,0.0
baseline,residual,384,205,38,83.87290610785556,0.0
baseline,residual,384,205,39,74.58968211735026,0.0
baseline,residual,384,205,40,61.39918823513767,0.0
baseline,residual,384,205,41,83.75162873440284,0.0
baseline,residual,384,206,0,96.52671925358402,0.0
baseline,residual,384,206,1,87.9075273117185,0.0
baseline,residual,384,206,2,84.81042182639096,0.0
baseline,residual,384,206,3,84.66968158554148,0.0
baseline,residual,384,206,4,94.43058622439158,0.0
baseline,residual,384,206,5,89.77860991312046,0.0
baseline,residual,384,206,6,86.59675291617039,0.0
baseline,residual,384,206,7,80.6917841219291,0.0
baseline,residual,384,206,8,84.6094744661681,0.0
baseline,residual,384,206,9,85.30566404264854,0.0
baseline,residual,384,206,10,91.9786354103397,0.0
baseline,residual,384,206,11,79.64123503800948,0.0
baseline,residual,384,206,12,86.04548092660521,0.0
baseline,residual,384,206,13,83.045468913679,0.0
baseline,residual,384,206,14,84.32168839615157,0.0
baseline,residual,384,206,15,84.64654000754,0.0
baseline,residual,384,206,16,85.77703812963378,0.0
baseline,residual,384,206,17,80.34748770223011,0.0
baseline,residual,384,206,18,84.83134332905034,0.0
baseline,residual,384,206,19,89.80738263562417,0.0
baseline,residual,384,206,20,82.8025063228011,0.0
baseline,residual,384,206,21,72.60770195842711,0.0
baseline,residual,384,206,22,73.76989622185057,0.0
baseline,residual,384,206,23,76.99908025732414,0.0
baseline,residual,384,206,24,80.7212583214764,0.0
baseline,residual,384,206,25,75.61212989509184,0.0
baseline,residual,384,206,26,61.59142775064558,0.0
baseline,residual,384,206,27,83.57256338411537,0.0
baseline,residual,384,206,28,74.46589968038681,0.0
baseline,residual,384,206,29,74.45966257947454,0.0
baseline,residual,384,206,30,72.54780901899018,0.0
baseline,residual,384,206,31,72.1886589149557,0.0
baseline,residual,384,206,32,72.51855492889928,0.0
baseline,residual,384,206,33,67.21562345717145,0.0
baseline,residual,384,206,34,68.67156256254783,0.0
baseline,residual,384,206,35,83.87290610785556,0.0
baseline,residual,384,206,36,74.9148867187452,0.0
baseline,residual,384,206,37,59.710304439170194,0.0
baseline,residual,384,206,38,83.87290610785556,0.0
baseline,residual,384,206,39,74.58968211735026,0.0
baseline,residual,384,206,40,61.39918823513767,0.0
baseline,residual,384,206,41,83.75162873440284,0.0
baseline,residual,384,207,0,96.52671925358402,0.0
baseline,residual,384,207,1,87.9075273117185,0.0
baseline,residual,384,207,2,84.81042182639096,0.0
baseline,residual,384,207,3,84.66968158554148,0.0
baseline,residual,384,207,4,94.43058622439158,0.0
baseline,residual,384,207,5,89.77860991312046,0.0
baseline,residual,384,207,6,86.59675291617039,0.0
baseline,residual,384,207,7,80.6917841219291,0.0
baseline,residual,384,207,8,84.6094744661681,0.0
baseline,residual,384,207,9,85.30566404264854,0.0
baseline,residual,384,207,10,91.9786354103397,0.0
baseline,residual,384,207,11,79.64123503800948,0.0
baseline,residual,384,207,12,86.04548092660521,0.0
baseline,residual,384,207,13,83.045468913679,0.0
baseline,residual,384,207,14,84.32168839615157,0.0
baseline,residual,384,207,15,84.64654000754,0.0
baseline,residual,384,207,16,85.77703812963378,0.0
baseline,residual,384,207,17,80.34748770223011,0.0
baseline,residual,384,207,18,84.83134332905034,0.0
baseline,residual,384,207,19,89.80738263562417,0.0
baseline,residual,384,207,20,82.8025063228011,0.0
baseline,residual,384,207,21,72.60770195842711,0.0
baseline,residual,384,207,22,73.76989622185057,0.0
baseline,residual,384,207,23,76.99908025732414,0.0
baseline,residual,384,207,24,80.7212583214764,0.0
baseline,residual,384,207,25,75.61212989509184,0.0
baseline,residual,384,207,26,61.59142775064558,0.0
baseline,residual,384,207,27,83.57256338411537,0.0
baseline,residual,384,207,28,74.46589968038681,0.0
baseline,residual,384,207,29,74.45966257947454,0.0
baseline,residual,384,207,30,72.54780901899018,0.0
baseline,residual,384,207,31,72.1886589149557,0.0
baseline,residual,384,207,32,72.51855492889928,0.0
baseline,residual,384,207,33,67.21562345717145,0.0
baseline,residual,384,207,34,68.77324689531649,0.0
baseline,residual,384,207,35,83.87290610785556,0.0
baseline,residual,384,207,36,74.9148867187452,0.0
baseline,residual,384,207,37,59.710304439170194,0.0
baseline,residual,384,207,38,83.87290610785556,0.0
baseline,residual,384,207,39,74.58968211735026,0.0
baseline,residual,384,207,40,61.39918823513767,0.0
baseline,residual,384,207,41,83.75162873440284,0.0
baseline,residual,384,208,0,96.52671925358402,0.0
baseline,residual,384,208,1,87.9075273117185,0.0
baseline,residual,384,208,2,84.81042182639096,0.0
baseline,residual,384,208,3,84.66968158554148,0.0
baseline,residual,384,208,4,94.43058622439158,0.0
baseline,residual,384,208,5,89.77860991312046,0.0
baseline,residual,384,208,6,86.59675291617039,0.0
baseline,residual,384,208,7,80.6917841219291,0.0
baseline,residual,384,208,8,84.6094744661681,0.0
baseline,residual,384,208,9,85.30566404264854,0.0
baseline,residual,384,208,10,91.9786354103397,0.0
baseline,residual,384,208,11,79.64123503800948,0.0
baseline,residual,384,208,12,86.04548092660521,0.0
baseline,residual,384,208,13,83.045468913679,0.0
baseline,residual,384,208,14,84.32168839615157,0.0
baseline,residual,384,208,15,84.64654000754,0.0
baseline,residual,384,208,16,85.77703812963378,0.0
baseline,residual,384,208,17,80.34748770223011,0.0
baseline,residual,384,208,18,84.83134332905034,0.0
baseline,residual,384,208,19,89.80738263562417,0.0
baseline,residual,384,208,20,82.8025063228011,0.0
baseline,residual,384,208,21,72.60770195842711,0.0
baseline,residual,384,208,22,73.76989622185057,0.0
baseline,residual,384,208,23,76.99908025732414,0.0
baseline,residual,384,208,24,80.7212583214764,0.0
baseline,residual,384,208,25,75.61212989509184,0.0
baseline,residual,384,208,26,61.59142775064558,0.0
baseline,residual,384,208,27,83.57256338411537,0.0
baseline,residual,384,208,28,74.46589968038681,0.0
baseline,residual,384,208,29,74.45966257947454,0.0
baseline,residual,384,208,30,72.54780901899018,0.0
baseline,residual,384,208,31,72.1886589149557,0.0
baseline,residual,384,208,32,72.51855492889928,0.0
baseline,residual,384,208,33,67.21562345717145,0.0
baseline,residual,384,208,34,68.77324689531649,0.0
baseline,residual,384,208,35,83.87290610785556,0.0
baseline,residual,384,208,36,74.9148867187452,0.0
baseline,residual,384,208,37,59.710304439170194,0.0
baseline,residual,384,208,38,83.87290610785556,0.0
baseline,residual,384,208,39,74.58968211735026,0.0
baseline,residual,384,208,40,61.39918823513767,0.0
baseline,residual,384,208,41,83.75162873440284,0.0
baseline,residual,384,209,0,96.52671925358402,0.0
baseline,residual,384,209,1,87.9075273117185,0.0
baseline,residual,384,209,2,84.81042182639096,0.0
baseline,residual,384,209,3,84.66968158554148,0.0
baseline,residual,384,209,4,94.43058622439158,0.0
baseline,residual,384,209,5,89.77860991312046,0.0
baseline,residual,384,209,6,86.59675291617039,0.0
baseline,residual,384,209,7,80.6917841219291,0.0
baseline,residual,384,209,8,84.6094744661681,0.0
baseline,residual,384,209,9,85.30566404264854,0.0
baseline,residual,384,209,10,91.9786354103397,0.0
baseline,residual,384,209,11,79.64123503800948,0.0
baseline,residual,384,209,12,86.04548092660521,0.0
baseline,residual,384,209,13,83.045468913679,0.0
baseline,residual,384,209,14,84.32168839615157,0.0
baseline,residual,384,209,15,84.64654000754,0.0
baseline,residual,384,209,16,85.77703812963378,0.0
baseline,residual,384,209,17,80.34748770223011,0.0
baseline,residual,384,209,18,84.83134332905034,0.0
baseline,residual,384,209,19,89.80738263562417,0.0
baseline,residual,384,209,20,82.8025063228011,0.0
baseline,residual,384,209,21,72.60770195842711,0.0
baseline,residual,384,209,22,73.76989622185057,0.0
baseline,residual,384,209,23,76.99908025732414,0.0
baseline,residual,384,209,24,80.7212583214764,0.0
baseline,residual,384,209,25,75.61212989509184,0.0
baseline,residual,384,209,26,61.59142775064558,0.0
baseline,residual,384,209,27,83.57256338411537,0.0
baseline,residual,384,209,28,74.46589968038681,0.0
baseline,residual,384,209,29,74.45966257947454,0.0
baseline,residual,384,209,30,72.54780901899018,0.0
baseline,residual,384,209,31,72.1886589149557,0.0
baseline,residual,384,209,32,72.51855492889928,0.0
baseline,residual,384,209,33,67.21562345717145,0.0
baseline,residual,384,209,34,68.77324689531649,0.0
baseline,residual,384,209,35,83.87290610785556,0.0
baseline,residual,384,209,36,74.9148867187452,0.0
baseline,residual,384,209,37,59.710304439170194,0.0
baseline,residual,384,209,38,83.87290610785556,0.0
baseline,residual,384,209,39,74.58968211735026,0.0
baseline,residual,384,209,40,61.39918823513767,0.0
baseline,residual,384,209,41,83.75162873440284,0.0
baseline,residual,384,210,0,96.52671925358402,0.0
baseline,residual,384,210,1,87.9075273117185,0.0
baseline,residual,384,210,2,84.81042182639096,0.0
baseline,residual,384,210,3,84.66968158554148,0.0
baseline,residual,384,210,4,94.43058622439158,0.0
baseline,residual,384,210,5,89.77860991312046,0.0
baseline,residual,384,210,6,86.59675291617039,0.0
baseline,residual,384,210,7,80.6917841219291,0.0
baseline,residual,384,210,8,84.6094744661681,0.0
baseline,residual,384,210,9,85.30566404264854,0.0
baseline,residual,384,210,10,91.9786354103397,0.0
baseline,residual,384,210,11,79.64123503800948,0.0
baseline,residual,384,210,12,86.04548092660521,0.0
baseline,residual,384,210,13,83.045468913679,0.0
baseline,residual,384,210,14,84.32168839615157,0.0
baseline,residual,384,210,15,84.64654000754,0.0
baseline,residual,384,210,16,85.77703812963378,0.0
baseline,residual,384,210,17,80.34748770223011,0.0
baseline,residual,384,210,18,84.83134332905034,0.0
baseline,residual,384,210,19,89.80738263562417,0.0
baseline,residual,384,210,20,82.8025063228011,0.0
baseline,residual,384,210,21,72.60770195842711,0.0
baseline,residual,384,210,22,73.76989622185057,0.0
baseline,residual,384,210,23,76.99908025732414,0.0
baseline,residual,384,210,24,80.7212583214764,0.0
baseline,residual,384,210,25,75.61212989509184,0.0
baseline,residual,384,210,26,61.59142775064558,0.0
baseline,residual,384,210,27,83.57256338411537,0.0
baseline,residual,384,210,28,74.46589968038681,0.0
baseline,residual,384,210,29,74.45966257947454,0.0
baseline,residual,384,210,30,72.54780901899018,0.0
baseline,residual,384,210,31,72.1886589149557,0.0
baseline,residual,384,210,32,72.51855492889928,0.0
baseline,residual,384,210,33,67.21562345717145,0.0
baseline,residual,384,210,34,68.77324689531649,0.0
baseline,residual,384,210,35,83.87290610785556,0.0
baseline,residual,384,210,36,74.9148867187452,0.0
baseline,residual,384,210,37,59.710304439170194,0.0
baseline,residual,384,210,38,83.87290610785556,0.0
baseline,residual,384,210,39,74.58968211735026,0.0
baseline,residual,384,210,40,61.39918823513767,0.0
baseline,residual,384,210,41,83.75162873440284,0.0
