source,mode,cluster_size,iteration,cluster_id,max_residual,snr_db
rl,ppo | LDPC-DiscreteResidual-v0,24,0,0,2.8403947746128986,0.0
rl,ppo | LDPC-DiscreteResidual-v0,24,0,1,2.323173646256856,0.0
rl,ppo | LDPC-DiscreteResidual-v0,24,0,2,3.9316165531231975,0.0
rl,ppo | LDPC-DiscreteResidual-v0,24,0,3,2.8007081040864104,0.0
rl,ppo | LDPC-DiscreteResidual-v0,24,0,4,2.466581331295488,0.0
rl,ppo | LDPC-DiscreteResidual-v0,24,0,5,3.005980979398517,0.0
rl,ppo | LDPC-DiscreteResidual-v0,24,0,6,3.337119470129416,0.0
rl,ppo | LDPC-DiscreteResidual-v0,24,0,7,3.8681641621632568,0.0
rl,ppo | LDPC-DiscreteResidual-v0,24,0,8,3.97181427600967,0.0
rl,ppo | LDPC-DiscreteResidual-v0,24,0,9,4.8706008361861945,0.0
rl,ppo | LDPC-DiscreteResidual-v0,24,0,10,5.566072994269723,0.0
rl,ppo | LDPC-DiscreteResidual-v0,24,0,11,4.622584022775526,0.0
rl,ppo | LDPC-DiscreteResidual-v0,24,0,12,4.490256007916159,0.0
rl,ppo | LDPC-DiscreteResidual-v0,24,0,13,4.8549997447151565,0.0
rl,ppo | LDPC-DiscreteResidual-v0,24,0,14,5.289278675872303,0.0
rl,ppo | LDPC-DiscreteResidual-v0,24,0,15,3.882567571941277,0.0
rl,ppo | LDPC-DiscreteResidual-v0,24,0,16,5.762796970042492,0.0
rl,ppo | LDPC-DiscreteResidual-v0,24,0,17,4.209830332099454,0.0
rl,ppo | LDPC-DiscreteResidual-v0,24,0,18,5.741611636225724,0.0
rl,ppo | LDPC-DiscreteResidual-v0,24,0,19,4.2256117295274205,0.0
rl,ppo | LDPC-DiscreteResidual-v0,24,0,20,5.44226948515669,0.0
rl,ppo | LDPC-DiscreteResidual-v0,24,0,21,5.457859802030297,0.0
rl,ppo | LDPC-DiscreteResidual-v0,24,0,22,5.657184663401866,0.0
rl,ppo | LDPC-DiscreteResidual-v0,24,0,23,6.380369202692517,0.0
rl,ppo | LDPC-DiscreteResidual-v0,24,1,0,2.8403947746128986,0.0
rl,ppo | LDPC-DiscreteResidual-v0,24,1,1,2.323173646256856,0.0
rl,ppo | LDPC-DiscreteResidual-v0,24,1,2,3.9316165531231975,0.0
rl,ppo | LDPC-DiscreteResidual-v0,24,1,3,2.8007081040864104,0.0
rl,ppo | LDPC-DiscreteResidual-v0,24,1,4,2.466581331295488,0.0
rl,ppo | LDPC-DiscreteResidual-v0,24,1,5,3.005980979398517,0.0
rl,ppo | LDPC-DiscreteResidual-v0,24,1,6,3.337119470129416,0.0
rl,ppo | LDPC-DiscreteResidual-v0,24,1,7,3.8681641621632568,0.0
rl,ppo | LDPC-DiscreteResidual-v0,24,1,8,3.97181427600967,0.0
rl,ppo | LDPC-DiscreteResidual-v0,24,1,9,4.8706008361861945,0.0
rl,ppo | LDPC-DiscreteResidual-v0,24,1,10,5.566072994269723,0.0
rl,ppo | LDPC-DiscreteResidual-v0,24,1,11,4.622584022775526,0.0
rl,ppo | LDPC-DiscreteResidual-v0,24,1,12,4.490256007916159,0.0
rl,ppo | LDPC-DiscreteResidual-v0,24,1,13,4.8549997447151565,0.0
rl,ppo | LDPC-DiscreteResidual-v0,24,1,14,5.289278675872303,0.0
rl,ppo | LDPC-DiscreteResidual-v0,24,1,15,3.882567571941277,0.0
rl,ppo | LDPC-DiscreteResidual-v0,24,1,16,5.762796970042492,0.0
rl,ppo | LDPC-DiscreteResidual-v0,24,1,17,4.209830332099454,0.0
rl,ppo | LDPC-DiscreteResidual-v0,24,1,18,0.0,0.0
rl,ppo | LDPC-DiscreteResidual-v0,24,1,19,4.2256117295274205,0.0
rl,ppo | LDPC-DiscreteResidual-v0,24,1,20,5.44226948515669,0.0
rl,ppo | LDPC-DiscreteResidual-v0,24,1,21,5.457859802030297,0.0
rl,ppo | LDPC-DiscreteResidual-v0,24,1,22,5.657184663401866,0.0
rl,ppo | LDPC-DiscreteResidual-v0,24,1,23,6.380369202692517,0.0
rl,ppo | LDPC-DiscreteResidual-v0,24,2,0,2.8403947746128986,0.0
rl,ppo | LDPC-DiscreteResidual-v0,24,2,1,2.323173646256856,0.0
rl,ppo | LDPC-DiscreteResidual-v0,24,2,2,3.9316165531231975,0.0
rl,ppo | LDPC-DiscreteResidual-v0,24,2,3,2.8007081040864104,0.0
rl,ppo | LDPC-DiscreteResidual-v0,24,2,4,2.466581331295488,0.0
rl,ppo | LDPC-DiscreteResidual-v0,24,2,5,3.005980979398517,0.0
rl,ppo | LDPC-DiscreteResidual-v0,24,2,6,3.337119470129416,0.0
rl,ppo | LDPC-DiscreteResidual-v0,24,2,7,3.8681641621632568,0.0
rl,ppo | LDPC-DiscreteResidual-v0,24,2,8,3.97181427600967,0.0
rl,ppo | LDPC-DiscreteResidual-v0,24,2,9,4.8706008361861945,0.0
rl,ppo | LDPC-DiscreteResidual-v0,24,2,10,5.566072994269723,0.0
rl,ppo | LDPC-DiscreteResidual-v0,24,2,11,4.622584022775526,0.0
rl,ppo | LDPC-DiscreteResidual-v0,24,2,12,4.490256007916159,0.0
rl,ppo | LDPC-DiscreteResidual-v0,24,2,13,4.8549997447151565,0.0
rl,ppo | LDPC-DiscreteResidual-v0,24,2,14,5.289278675872303,0.0
rl,ppo | LDPC-DiscreteResidual-v0,24,2,15,3.882567571941277,0.0
rl,ppo | LDPC-DiscreteResidual-v0,24,2,16,5.762796970042492,0.0
rl,ppo | LDPC-DiscreteResidual-v0,24,2,17,4.209830332099454,0.0
rl,ppo | LDPC-DiscreteResidual-v0,24,2,18,0.0,0.0
rl,ppo | LDPC-DiscreteResidual-v0,24,2,19,4.2256117295274205,0.0
rl,ppo | LDPC-DiscreteResidual-v0,24,2,20,5.44226948515669,0.0
rl,ppo | LDPC-DiscreteResidual-v0,24,2,21,5.457859802030297,0.0
rl,ppo | LDPC-DiscreteResidual-v0,24,2,22,5.657184663401866,0.0
rl,ppo | LDPC-DiscreteResidual-v0,24,2,23,6.380369202692517,0.0
rl,ppo | LDPC-DiscreteResidual-v0,24,3,0,2.8403947746128986,0.0
rl,ppo | LDPC-DiscreteResidual-v0,24,3,1,2.323173646256856,0.0
rl,ppo | LDPC-DiscreteResidual-v0,24,3,2,3.9316165531231975,0.0
rl,ppo | LDPC-DiscreteResidual-v0,24,3,3,2.8007081040864104,0.0
rl,ppo | LDPC-DiscreteResidual-v0,24,3,4,2.466581331295488,0.0
rl,ppo | LDPC-DiscreteResidual-v0,24,3,5,3.005980979398517,0.0
rl,ppo | LDPC-DiscreteResidual-v0,24,3,6,3.337119470129416,0.0
rl,ppo | LDPC-DiscreteResidual-v0,24,3,7,3.8681641621632568,0.0
rl,ppo | LDPC-DiscreteResidual-v0,24,3,8,3.97181427600967,0.0
rl,ppo | LDPC-DiscreteResidual-v0,24,3,9,4.8706008361861945,0.0
rl,ppo | LDPC-DiscreteResidual-v0,24,3,10,5.566072994269723,0.0
rl,ppo | LDPC-DiscreteResidual-v0,24,3,11,4.622584022775526,0.0
rl,ppo | LDPC-DiscreteResidual-v0,24,3,12,4.490256007916159,0.0
rl,ppo | LDPC-DiscreteResidual-v0,24,3,13,4.8549997447151565,0.0
rl,ppo | LDPC-DiscreteResidual-v0,24,3,14,5.289278675872303,0.0
rl,ppo | LDPC-DiscreteResidual-v0,24,3,15,3.882567571941277,0.0
rl,ppo | LDPC-DiscreteResidual-v0,24,3,16,5.762796970042492,0.0
rl,ppo | LDPC-DiscreteResidual-v0,24,3,17,4.209830332099454,0.0
rl,ppo | LDPC-DiscreteResidual-v0,24,3,18,0.0,0.0
rl,ppo | LDPC-DiscreteResidual-v0,24,3,19,4.2256117295274205,0.0
rl,ppo | LDPC-DiscreteResidual-v0,24,3,20,5.44226948515669,0.0
rl,ppo | LDPC-DiscreteResidual-v0,24,3,21,5.457859802030297,0.0
rl,ppo | LDPC-DiscreteResidual-v0,24,3,22,5.657184663401866,0.0
rl,ppo | LDPC-DiscreteResidual-v0,24,3,23,6.380369202692517,0.0
rl,ppo | LDPC-DiscreteResidual-v0,24,4,0,2.8403947746128986,0.0
rl,ppo | LDPC-DiscreteResidual-v0,24,4,1,2.323173646256856,0.0
rl,ppo | LDPC-DiscreteResidual-v0,24,4,2,3.9316165531231975,0.0
rl,ppo | LDPC-DiscreteResidual-v0,24,4,3,2.8007081040864104,0.0
rl,ppo | LDPC-DiscreteResidual-v0,24,4,4,2.466581331295488,0.0
rl,ppo | LDPC-DiscreteResidual-v0,24,4,5,3.005980979398517,0.0
rl,ppo | LDPC-DiscreteResidual-v0,24,4,6,3.337119470129416,0.0
rl,ppo | LDPC-DiscreteResidual-v0,24,4,7,3.8681641621632568,0.0
rl,ppo | LDPC-DiscreteResidual-v0,24,4,8,3.97181427600967,0.0
rl,ppo | LDPC-DiscreteResidual-v0,24,4,9,4.8706008361861945,0.0
rl,ppo | LDPC-DiscreteResidual-v0,24,4,10,5.566072994269723,0.0
rl,ppo | LDPC-DiscreteResidual-v0,24,4,11,4.622584022775526,0.0
rl,ppo | LDPC-DiscreteResidual-v0,24,4,12,4.490256007916159,0.0
rl,ppo | LDPC-DiscreteResidual-v0,24,4,13,4.8549997447151565,0.0
rl,ppo | LDPC-DiscreteResidual-v0,24,4,14,5.289278675872303,0.0
rl,ppo | LDPC-DiscreteResidual-v0,24,4,15,3.882567571941277,0.0
rl,ppo | LDPC-DiscreteResidual-v0,24,4,16,5.762796970042492,0.0
rl,ppo | LDPC-DiscreteResidual-v0,24,4,17,4.209830332099454,0.0
rl,ppo | LDPC-DiscreteResidual-v0,24,4,18,0.0,0.0
rl,ppo | LDPC-DiscreteResidual-v0,24,4,19,4.2256117295274205,0.0
rl,ppo | LDPC-DiscreteResidual-v0,24,4,20,5.44226948515669,0.0
rl,ppo | LDPC-DiscreteResidual-v0,24,4,21,5.457859802030297,0.0
rl,ppo | LDPC-DiscreteResidual-v0,24,4,22,5.657184663401866,0.0
rl,ppo | LDPC-DiscreteResidual-v0,24,4,23,6.380369202692517,0.0
rl,ppo | LDPC-DiscreteResidual-v0,24,5,0,2.8403947746128986,0.0
rl,ppo | LDPC-DiscreteResidual-v0,24,5,1,2.323173646256856,0.0
rl,ppo | LDPC-DiscreteResidual-v0,24,5,2,3.9316165531231975,0.0
rl,ppo | LDPC-DiscreteResidual-v0,24,5,3,2.8007081040864104,0.0
rl,ppo | LDPC-DiscreteResidual-v0,24,5,4,2.466581331295488,0.0
rl,ppo | LDPC-DiscreteResidual-v0,24,5,5,3.005980979398517,0.0
rl,ppo | LDPC-DiscreteResidual-v0,24,5,6,3.337119470129416,0.0
rl,ppo | LDPC-DiscreteResidual-v0,24,5,7,3.8681641621632568,0.0
rl,ppo | LDPC-DiscreteResidual-v0,24,5,8,3.97181427600967,0.0
rl,ppo | LDPC-DiscreteResidual-v0,24,5,9,4.8706008361861945,0.0
rl,ppo | LDPC-DiscreteResidual-v0,24,5,10,5.566072994269723,0.0
rl,ppo | LDPC-DiscreteResidual-v0,24,5,11,4.622584022775526,0.0
rl,ppo | LDPC-DiscreteResidual-v0,24,5,12,4.490256007916159,0.0
rl,ppo | LDPC-DiscreteResidual-v0,24,5,13,4.8549997447151565,0.0
rl,ppo | LDPC-DiscreteResidual-v0,24,5,14,5.289278675872303,0.0
rl,ppo | LDPC-DiscreteResidual-v0,24,5,15,3.882567571941277,0.0
rl,ppo | LDPC-DiscreteResidual-v0,24,5,16,5.762796970042492,0.0
rl,ppo | LDPC-DiscreteResidual-v0,24,5,17,4.209830332099454,0.0
rl,ppo | LDPC-DiscreteResidual-v0,24,5,18,0.0,0.0
rl,ppo | LDPC-DiscreteResidual-v0,24,5,19,4.2256117295274205,0.0
rl,ppo | LDPC-DiscreteResidual-v0,24,5,20,5.44226948515669,0.0
rl,ppo | LDPC-DiscreteResidual-v0,24,5,21,5.457859802030297,0.0
rl,ppo | LDPC-DiscreteResidual-v0,24,5,22,5.657184663401866,0.0
rl,ppo | LDPC-DiscreteResidual-v0,24,5,23,6.380369202692517,0.0
rl,ppo | LDPC-DiscreteResidual-v0,24,6,0,2.8403947746128986,0.0
rl,ppo | LDPC-DiscreteResidual-v0,24,6,1,2.323173646256856,0.0
rl,ppo | LDPC-DiscreteResidual-v0,24,6,2,3.9316165531231975,0.0
rl,ppo | LDPC-DiscreteResidual-v0,24,6,3,2.8007081040864104,0.0
rl,ppo | LDPC-DiscreteResidual-v0,24,6,4,2.466581331295488,0.0
rl,ppo | LDPC-DiscreteResidual-v0,24,6,5,3.005980979398517,0.0
rl,ppo | LDPC-DiscreteResidual-v0,24,6,6,3.337119470129416,0.0
rl,ppo | LDPC-DiscreteResidual-v0,24,6,7,3.8681641621632568,0.0
rl,ppo | LDPC-DiscreteResidual-v0,24,6,8,3.97181427600967,0.0
rl,ppo | LDPC-DiscreteResidual-v0,24,6,9,4.8706008361861945,0.0
rl,ppo | LDPC-DiscreteResidual-v0,24,6,10,5.566072994269723,0.0
rl,ppo | LDPC-DiscreteResidual-v0,24,6,11,4.622584022775526,0.0
rl,ppo | LDPC-DiscreteResidual-v0,24,6,12,4.490256007916159,0.0
rl,ppo | LDPC-DiscreteResidual-v0,24,6,13,4.8549997447151565,0.0
rl,ppo | LDPC-DiscreteResidual-v0,24,6,14,5.289278675872303,0.0
rl,ppo | LDPC-DiscreteResidual-v0,24,6,15,3.882567571941277,0.0
rl,ppo | LDPC-DiscreteResidual-v0,24,6,16,5.762796970042492,0.0
rl,ppo | LDPC-DiscreteResidual-v0,24,6,17,4.209830332099454,0.0
rl,ppo | LDPC-DiscreteResidual-v0,24,6,18,0.0,0.0
rl,ppo | LDPC-DiscreteResidual-v0,24,6,19,4.2256117295274205,0.0
rl,ppo | LDPC-DiscreteResidual-v0,24,6,20,5.44226948515669,0.0
rl,ppo | LDPC-DiscreteResidual-v0,24,6,21,5.457859802030297,0.0
rl,ppo | LDPC-DiscreteResidual-v0,24,6,22,5.657184663401866,0.0
rl,ppo | LDPC-DiscreteResidual-v0,24,6,23,6.380369202692517,0.0
rl,ppo | LDPC-DiscreteResidual-v0,24,7,0,2.8403947746128986,0.0
rl,ppo | LDPC-DiscreteResidual-v0,24,7,1,2.323173646256856,0.0
rl,ppo | LDPC-DiscreteResidual-v0,24,7,2,3.9316165531231975,0.0
rl,ppo | LDPC-DiscreteResidual-v0,24,7,3,2.8007081040864104,0.0
rl,ppo | LDPC-DiscreteResidual-v0,24,7,4,2.466581331295488,0.0
rl,ppo | LDPC-DiscreteResidual-v0,24,7,5,3.005980979398517,0.0
rl,ppo | LDPC-DiscreteResidual-v0,24,7,6,3.337119470129416,0.0
rl,ppo | LDPC-DiscreteResidual-v0,24,7,7,3.8681641621632568,0.0
rl,ppo | LDPC-DiscreteResidual-v0,24,7,8,3.97181427600967,0.0
rl,ppo | LDPC-DiscreteResidual-v0,24,7,9,4.8706008361861945,0.0
rl,ppo | LDPC-DiscreteResidual-v0,24,7,10,5.566072994269723,0.0
rl,ppo | LDPC-DiscreteResidual-v0,24,7,11,4.622584022775526,0.0
rl,ppo | LDPC-DiscreteResidual-v0,24,7,12,4.490256007916159,0.0
rl,ppo | LDPC-DiscreteResidual-v0,24,7,13,4.8549997447151565,0.0
rl,ppo | LDPC-DiscreteResidual-v0,24,7,14,5.289278675872303,0.0
rl,ppo | LDPC-DiscreteResidual-v0,24,7,15,3.882567571941277,0.0
rl,ppo | LDPC-DiscreteResidual-v0,24,7,16,5.762796970042492,0.0
rl,ppo | LDPC-DiscreteResidual-v0,24,7,17,4.209830332099454,0.0
rl,ppo | LDPC-DiscreteResidual-v0,24,7,18,0.0,0.0
rl,ppo | LDPC-DiscreteResidual-v0,24,7,19,4.2256117295274205,0.0
rl,ppo | LDPC-DiscreteResidual-v0,24,7,20,5.44226948515669,0.0
rl,ppo | LDPC-DiscreteResidual-v0,24,7,21,5.457859802030297,0.0
rl,ppo | LDPC-DiscreteResidual-v0,24,7,22,5.657184663401866,0.0
rl,ppo | LDPC-DiscreteResidual-v0,24,7,23,6.380369202692517,0.0
rl,ppo | LDPC-DiscreteResidual-v0,24,8,0,2.8403947746128986,0.0
rl,ppo | LDPC-DiscreteResidual-v0,24,8,1,2.323173646256856,0.0
rl,ppo | LDPC-DiscreteResidual-v0,24,8,2,3.9316165531231975,0.0
rl,ppo | LDPC-DiscreteResidual-v0,24,8,3,2.8007081040864104,0.0
rl,ppo | LDPC-DiscreteResidual-v0,24,8,4,2.466581331295488,0.0
rl,ppo | LDPC-DiscreteResidual-v0,24,8,5,3.005980979398517,0.0
rl,ppo | LDPC-DiscreteResidual-v0,24,8,6,3.337119470129416,0.0
rl,ppo | LDPC-DiscreteResidual-v0,24,8,7,3.8681641621632568,0.0
rl,ppo | LDPC-DiscreteResidual-v0,24,8,8,3.97181427600967,0.0
rl,ppo | LDPC-DiscreteResidual-v0,24,8,9,4.8706008361861945,0.0
rl,ppo | LDPC-DiscreteResidual-v0,24,8,10,5.566072994269723,0.0
rl,ppo | LDPC-DiscreteResidual-v0,24,8,11,4.622584022775526,0.0
rl,ppo | LDPC-DiscreteResidual-v0,24,8,12,4.490256007916159,0.0
rl,ppo | LDPC-DiscreteResidual-v0,24,8,13,4.8549997447151565,0.0
rl,ppo | LDPC-DiscreteResidual-v0,24,8,14,5.289278675872303,0.0
rl,ppo | LDPC-DiscreteResidual-v0,24,8,15,3.882567571941277,0.0
rl,ppo | LDPC-DiscreteResidual-v0,24,8,16,5.762796970042492,0.0
rl,ppo | LDPC-DiscreteResidual-v0,24,8,17,4.209830332099454,0.0
rl,ppo | LDPC-DiscreteResidual-v0,24,8,18,0.0,0.0
rl,ppo | LDPC-DiscreteResidual-v0,24,8,19,4.2256117295274205,0.0
rl,ppo | LDPC-DiscreteResidual-v0,24,8,20,5.44226948515669,0.0
rl,ppo | LDPC-DiscreteResidual-v0,24,8,21,5.457859802030297,0.0
rl,ppo | LDPC-DiscreteResidual-v0,24,8,22,5.657184663401866,0.0
rl,ppo | LDPC-DiscreteResidual-v0,24,8,23,6.380369202692517,0.0
rl,ppo | LDPC-DiscreteResidual-v0,24,9,0,2.8403947746128986,0.0
rl,ppo | LDPC-DiscreteResidual-v0,24,9,1,2.323173646256856,0.0
rl,ppo | LDPC-DiscreteResidual-v0,24,9,2,3.9316165531231975,0.0
rl,ppo | LDPC-DiscreteResidual-v0,24,9,3,2.8007081040864104,0.0
rl,ppo | LDPC-DiscreteResidual-v0,24,9,4,2.466581331295488,0.0
rl,ppo | LDPC-DiscreteResidual-v0,24,9,5,3.005980979398517,0.0
rl,ppo | LDPC-DiscreteResidual-v0,24,9,6,3.337119470129416,0.0
rl,ppo | LDPC-DiscreteResidual-v0,24,9,7,3.8681641621632568,0.0
rl,ppo | LDPC-DiscreteResidual-v0,24,9,8,3.97181427600967,0.0
rl,ppo | LDPC-DiscreteResidual-v0,24,9,9,4.8706008361861945,0.0
rl,ppo | LDPC-DiscreteResidual-v0,24,9,10,5.566072994269723,0.0
rl,ppo | LDPC-DiscreteResidual-v0,24,9,11,4.622584022775526,0.0
rl,ppo | LDPC-DiscreteResidual-v0,24,9,12,4.490256007916159,0.0
rl,ppo | LDPC-DiscreteResidual-v0,24,9,13,4.8549997447151565,0.0
rl,ppo | LDPC-DiscreteResidual-v0,24,9,14,5.289278675872303,0.0
rl,ppo | LDPC-DiscreteResidual-v0,24,9,15,3.882567571941277,0.0
rl,ppo | LDPC-DiscreteResidual-v0,24,9,16,5.762796970042492,0.0
rl,ppo | LDPC-DiscreteResidual-v0,24,9,17,4.209830332099454,0.0
rl,ppo | LDPC-DiscreteResidual-v0,24,9,18,0.0,0.0
rl,ppo | LDPC-DiscreteResidual-v0,24,9,19,4.2256117295274205,0.0
rl,ppo | LDPC-DiscreteResidual-v0,24,9,20,5.44226948515669,0.0
rl,ppo | LDPC-DiscreteResidual-v0,24,9,21,5.457859802030297,0.0
rl,ppo | LDPC-DiscreteResidual-v0,24,9,22,5.657184663401866,0.0
rl,ppo | LDPC-DiscreteResidual-v0,24,9,23,6.380369202692517,0.0
rl,ppo | LDPC-DiscreteResidual-v0,24,10,0,2.8403947746128986,0.0
rl,ppo | LDPC-DiscreteResidual-v0,24,10,1,2.323173646256856,0.0
rl,ppo | LDPC-DiscreteResidual-v0,24,10,2,3.9316165531231975,0.0
rl,ppo | LDPC-DiscreteResidual-v0,24,10,3,2.8007081040864104,0.0
rl,ppo | LDPC-DiscreteResidual-v0,24,10,4,2.466581331295488,0.0
rl,ppo | LDPC-DiscreteResidual-v0,24,10,5,3.005980979398517,0.0
rl,ppo | LDPC-DiscreteResidual-v0,24,10,6,3.337119470129416,0.0
rl,ppo | LDPC-DiscreteResidual-v0,24,10,7,3.8681641621632568,0.0
rl,ppo | LDPC-DiscreteResidual-v0,24,10,8,3.97181427600967,0.0
rl,ppo | LDPC-DiscreteResidual-v0,24,10,9,4.8706008361861945,0.0
rl,ppo | LDPC-DiscreteResidual-v0,24,10,10,5.566072994269723,0.0
rl,ppo | LDPC-DiscreteResidual-v0,24,10,11,4.622584022775526,0.0
rl,ppo | LDPC-DiscreteResidual-v0,24,10,12,4.490256007916159,0.0
rl,ppo | LDPC-DiscreteResidual-v0,24,10,13,4.8549997447151565,0.0
rl,ppo | LDPC-DiscreteResidual-v0,24,10,14,5.289278675872303,0.0
rl,ppo | LDPC-DiscreteResidual-v0,24,10,15,3.882567571941277,0.0
rl,ppo | LDPC-DiscreteResidual-v0,24,10,16,5.762796970042492,0.0
rl,ppo | LDPC-DiscreteResidual-v0,24,10,17,4.209830332099454,0.0
rl,ppo | LDPC-DiscreteResidual-v0,24,10,18,0.0,0.0
rl,ppo | LDPC-DiscreteResidual-v0,24,10,19,4.2256117295274205,0.0
rl,ppo | LDPC-DiscreteResidual-v0,24,10,20,5.44226948515669,0.0
rl,ppo | LDPC-DiscreteResidual-v0,24,10,21,5.457859802030297,0.0
rl,ppo | LDPC-DiscreteResidual-v0,24,10,22,5.657184663401866,0.0
rl,ppo | LDPC-DiscreteResidual-v0,24,10,23,6.380369202692517,0.0
rl,ppo | LDPC-DiscreteResidual-v0,24,11,0,2.8403947746128986,0.0
rl,ppo | LDPC-DiscreteResidual-v0,24,11,1,2.323173646256856,0.0
rl,ppo | LDPC-DiscreteResidual-v0,24,11,2,3.9316165531231975,0.0
rl,ppo | LDPC-DiscreteResidual-v0,24,11,3,2.8007081040864104,0.0
rl,ppo | LDPC-DiscreteResidual-v0,24,11,4,2.466581331295488,0.0
rl,ppo | LDPC-DiscreteResidual-v0,24,11,5,3.005980979398517,0.0
rl,ppo | LDPC-DiscreteResidual-v0,24,11,6,3.337119470129416,0.0
rl,ppo | LDPC-DiscreteResidual-v0,24,11,7,3.8681641621632568,0.0
rl,ppo | LDPC-DiscreteResidual-v0,24,11,8,3.97181427600967,0.0
rl,ppo | LDPC-DiscreteResidual-v0,24,11,9,4.8706008361861945,0.0
rl,ppo | LDPC-DiscreteResidual-v0,24,11,10,5.566072994269723,0.0
rl,ppo | LDPC-DiscreteResidual-v0,24,11,11,4.622584022775526,0.0
rl,ppo | LDPC-DiscreteResidual-v0,24,11,12,4.490256007916159,0.0
rl,ppo | LDPC-DiscreteResidual-v0,24,11,13,4.8549997447151565,0.0
rl,ppo | LDPC-DiscreteResidual-v0,24,11,14,5.289278675872303,0.0
rl,ppo | LDPC-DiscreteResidual-v0,24,11,15,3.882567571941277,0.0
rl,ppo | LDPC-DiscreteResidual-v0,24,11,16,5.762796970042492,0.0
rl,ppo | LDPC-DiscreteResidual-v0,24,11,17,4.209830332099454,0.0
rl,ppo | LDPC-DiscreteResidual-v0,24,11,18,0.0,0.0
rl,ppo | LDPC-DiscreteResidual-v0,24,11,19,4.2256117295274205,0.0
rl,ppo | LDPC-DiscreteResidual-v0,24,11,20,5.44226948515669,0.0
rl,ppo | LDPC-DiscreteResidual-v0,24,11,21,5.457859802030297,0.0
rl,ppo | LDPC-DiscreteResidual-v0,24,11,22,5.657184663401866,0.0
rl,ppo | LDPC-DiscreteResidual-v0,24,11,23,6.380369202692517,0.0
rl,ppo | LDPC-DiscreteResidual-v0,24,12,0,2.8403947746128986,0.0
rl,ppo | LDPC-DiscreteResidual-v0,24,12,1,2.323173646256856,0.0
rl,ppo | LDPC-DiscreteResidual-v0,24,12,2,3.9316165531231975,0.0
rl,ppo | LDPC-DiscreteResidual-v0,24,12,3,2.8007081040864104,0.0
rl,ppo | LDPC-DiscreteResidual-v0,24,12,4,2.466581331295488,0.0
rl,ppo | LDPC-DiscreteResidual-v0,24,12,5,3.005980979398517,0.0
rl,ppo | LDPC-DiscreteResidual-v0,24,12,6,3.337119470129416,0.0
rl,ppo | LDPC-DiscreteResidual-v0,24,12,7,3.8681641621632568,0.0
rl,ppo | LDPC-DiscreteResidual-v0,24,12,8,3.97181427600967,0.0
rl,ppo | LDPC-DiscreteResidual-v0,24,12,9,4.8706008361861945,0.0
rl,ppo | LDPC-DiscreteResidual-v0,24,12,10,5.566072994269723,0.0
rl,ppo | LDPC-DiscreteResidual-v0,24,12,11,4.622584022775526,0.0
rl,ppo | LDPC-DiscreteResidual-v0,24,12,12,4.490256007916159,0.0
rl,ppo | LDPC-DiscreteResidual-v0,24,12,13,4.8549997447151565,0.0
rl,ppo | LDPC-DiscreteResidual-v0,24,12,14,5.289278675872303,0.0
rl,ppo | LDPC-DiscreteResidual-v0,24,12,15,3.882567571941277,0.0
rl,ppo | LDPC-DiscreteResidual-v0,24,12,16,5.762796970042492,0.0
rl,ppo | LDPC-DiscreteResidual-v0,24,12,17,4.209830332099454,0.0
rl,ppo | LDPC-DiscreteResidual-v0,24,12,18,0.0,0.0
rl,ppo | LDPC-DiscreteResidual-v0,24,12,19,4.2256117295274205,0.0
rl,ppo | LDPC-DiscreteResidual-v0,24,12,20,5.44226948515669,0.0
rl,ppo | LDPC-DiscreteResidual-v0,24,12,21,5.457859802030297,0.0
rl,ppo | LDPC-DiscreteResidual-v0,24,12,22,5.657184663401866,0.0
rl,ppo | LDPC-DiscreteResidual-v0,24,12,23,6.380369202692517,0.0
rl,ppo | LDPC-DiscreteResidual-v0,24,13,0,2.8403947746128986,0.0
rl,ppo | LDPC-DiscreteResidual-v0,24,13,1,2.323173646256856,0.0
rl,ppo | LDPC-DiscreteResidual-v0,24,13,2,3.9316165531231975,0.0
rl,ppo | LDPC-DiscreteResidual-v0,24,13,3,2.8007081040864104,0.0
rl,ppo | LDPC-DiscreteResidual-v0,24,13,4,2.466581331295488,0.0
rl,ppo | LDPC-DiscreteResidual-v0,24,13,5,3.005980979398517,0.0
rl,ppo | LDPC-DiscreteResidual-v0,24,13,6,3.337119470129416,0.0
rl,ppo | LDPC-DiscreteResidual-v0,24,13,7,3.8681641621632568,0.0
rl,ppo | LDPC-DiscreteResidual-v0,24,13,8,3.97181427600967,0.0
rl,ppo | LDPC-DiscreteResidual-v0,24,13,9,4.8706008361861945,0.0
rl,ppo | LDPC-DiscreteResidual-v0,24,13,10,5.566072994269723,0.0
rl,ppo | LDPC-DiscreteResidual-v0,24,13,11,4.622584022775526,0.0
rl,ppo | LDPC-DiscreteResidual-v0,24,13,12,4.490256007916159,0.0
rl,ppo | LDPC-DiscreteResidual-v0,24,13,13,4.8549997447151565,0.0
rl,ppo | LDPC-DiscreteResidual-v0,24,13,14,5.289278675872303,0.0
rl,ppo | LDPC-DiscreteResidual-v0,24,13,15,3.882567571941277,0.0
rl,ppo | LDPC-DiscreteResidual-v0,24,13,16,5.762796970042492,0.0
rl,ppo | LDPC-DiscreteResidual-v0,24,13,17,4.209830332099454,0.0
rl,ppo | LDPC-DiscreteResidual-v0,24,13,18,0.0,0.0
rl,ppo | LDPC-DiscreteResidual-v0,24,13,19,4.2256117295274205,0.0
rl,ppo | LDPC-DiscreteResidual-v0,24,13,20,5.44226948515669,0.0
rl,ppo | LDPC-DiscreteResidual-v0,24,13,21,5.457859802030297,0.0
rl,ppo | LDPC-DiscreteResidual-v0,24,13,22,5.657184663401866,0.0
rl,ppo | LDPC-DiscreteResidual-v0,24,13,23,6.380369202692517,0.0
rl,ppo | LDPC-DiscreteResidual-v0,24,14,0,2.8403947746128986,0.0
rl,ppo | LDPC-DiscreteResidual-v0,24,14,1,2.323173646256856,0.0
rl,ppo | LDPC-DiscreteResidual-v0,24,14,2,3.9316165531231975,0.0
rl,ppo | LDPC-DiscreteResidual-v0,24,14,3,2.8007081040864104,0.0
rl,ppo | LDPC-DiscreteResidual-v0,24,14,4,2.466581331295488,0.0
rl,ppo | LDPC-DiscreteResidual-v0,24,14,5,3.005980979398517,0.0
rl,ppo | LDPC-DiscreteResidual-v0,24,14,6,3.337119470129416,0.0
rl,ppo | LDPC-DiscreteResidual-v0,24,14,7,3.8681641621632568,0.0
rl,ppo | LDPC-DiscreteResidual-v0,24,14,8,3.97181427600967,0.0
rl,ppo | LDPC-DiscreteResidual-v0,24,14,9,4.8706008361861945,0.0
rl,ppo | LDPC-DiscreteResidual-v0,24,14,10,5.566072994269723,0.0
rl,ppo | LDPC-DiscreteResidual-v0,24,14,11,4.622584022775526,0.0
rl,ppo | LDPC-DiscreteResidual-v0,24,14,12,4.490256007916159,0.0
rl,ppo | LDPC-DiscreteResidual-v0,24,14,13,4.8549997447151565,0.0
rl,ppo | LDPC-DiscreteResidual-v0,24,14,14,5.289278675872303,0.0
rl,ppo | LDPC-DiscreteResidual-v0,24,14,15,3.882567571941277,0.0
rl,ppo | LDPC-DiscreteResidual-v0,24,14,16,5.762796970042492,0.0
rl,ppo | LDPC-DiscreteResidual-v0,24,14,17,4.209830332099454,0.0
rl,ppo | LDPC-DiscreteResidual-v0,24,14,18,0.0,0.0
rl,ppo | LDPC-DiscreteResidual-v0,24,14,19,4.2256117295274205,0.0
rl,ppo | LDPC-DiscreteResidual-v0,24,14,20,5.44226948515669,0.0
rl,ppo | LDPC-DiscreteResidual-v0,24,14,21,5.457859802030297,0.0
rl,ppo | LDPC-DiscreteResidual-v0,24,14,22,5.657184663401866,0.0
rl,ppo | LDPC-DiscreteResidual-v0,24,14,23,6.380369202692517,0.0
rl,ppo | LDPC-DiscreteResidual-v0,24,15,0,2.8403947746128986,0.0
rl,ppo | LDPC-DiscreteResidual-v0,24,15,1,2.323173646256856,0.0
rl,ppo | LDPC-DiscreteResidual-v0,24,15,2,3.9316165531231975,0.0
rl,ppo | LDPC-DiscreteResidual-v0,24,15,3,2.8007081040864104,0.0
rl,ppo | LDPC-DiscreteResidual-v0,24,15,4,2.466581331295488,0.0
rl,ppo | LDPC-DiscreteResidual-v0,24,15,5,3.005980979398517,0.0
rl,ppo | LDPC-DiscreteResidual-v0,24,15,6,3.337119470129416,0.0
rl,ppo | LDPC-DiscreteResidual-v0,24,15,7,3.8681641621632568,0.0
rl,ppo | LDPC-DiscreteResidual-v0,24,15,8,3.97181427600967,0.0
rl,ppo | LDPC-DiscreteResidual-v0,24,15,9,4.8706008361861945,0.0
rl,ppo | LDPC-DiscreteResidual-v0,24,15,10,5.566072994269723,0.0
rl,ppo | LDPC-DiscreteResidual-v0,24,15,11,4.622584022775526,0.0
rl,ppo | LDPC-DiscreteResidual-v0,24,15,12,4.490256007916159,0.0
rl,ppo | LDPC-DiscreteResidual-v0,24,15,13,4.8549997447151565,0.0
rl,ppo | LDPC-DiscreteResidual-v0,24,15,14,5.289278675872303,0.0
rl,ppo | LDPC-DiscreteResidual-v0,24,15,15,3.882567571941277,0.0
rl,ppo | LDPC-DiscreteResidual-v0,24,15,16,5.762796970042492,0.0
rl,ppo | LDPC-DiscreteResidual-v0,24,15,17,4.209830332099454,0.0
rl,ppo | LDPC-DiscreteResidual-v0,24,15,18,0.0,0.0
rl,ppo | LDPC-DiscreteResidual-v0,24,15,19,4.2256117295274205,0.0
rl,ppo | LDPC-DiscreteResidual-v0,24,15,20,5.44226948515669,0.0
rl,ppo | LDPC-DiscreteResidual-v0,24,15,21,5.457859802030297,0.0
rl,ppo | LDPC-DiscreteResidual-v0,24,15,22,5.657184663401866,0.0
rl,ppo | LDPC-DiscreteResidual-v0,24,15,23,6.380369202692517,0.0
rl,ppo | LDPC-DiscreteResidual-v0,24,16,0,2.8403947746128986,0.0
rl,ppo | LDPC-DiscreteResidual-v0,24,16,1,2.323173646256856,0.0
rl,ppo | LDPC-DiscreteResidual-v0,24,16,2,3.9316165531231975,0.0
rl,ppo | LDPC-DiscreteResidual-v0,24,16,3,2.8007081040864104,0.0
rl,ppo | LDPC-DiscreteResidual-v0,24,16,4,2.466581331295488,0.0
rl,ppo | LDPC-DiscreteResidual-v0,24,16,5,3.005980979398517,0.0
rl,ppo | LDPC-DiscreteResidual-v0,24,16,6,3.337119470129416,0.0
rl,ppo | LDPC-DiscreteResidual-v0,24,16,7,3.8681641621632568,0.0
rl,ppo | LDPC-DiscreteResidual-v0,24,16,8,3.97181427600967,0.0
rl,ppo | LDPC-DiscreteResidual-v0,24,16,9,4.8706008361861945,0.0
rl,ppo | LDPC-DiscreteResidual-v0,24,16,10,5.566072994269723,0.0
rl,ppo | LDPC-DiscreteResidual-v0,24,16,11,4.622584022775526,0.0
rl,ppo | LDPC-DiscreteResidual-v0,24,16,12,4.490256007916159,0.0
rl,ppo | LDPC-DiscreteResidual-v0,24,16,13,4.8549997447151565,0.0
rl,ppo | LDPC-DiscreteResidual-v0,24,16,14,5.289278675872303,0.0
rl,ppo | LDPC-DiscreteResidual-v0,24,16,15,3.882567571941277,0.0
rl,ppo | LDPC-DiscreteResidual-v0,24,16,16,5.762796970042492,0.0
rl,ppo | LDPC-DiscreteResidual-v0,24,16,17,4.209830332099454,0.0
rl,ppo | LDPC-DiscreteResidual-v0,24,16,18,0.0,0.0
rl,ppo | LDPC-DiscreteResidual-v0,24,16,19,4.2256117295274205,0.0
rl,ppo | LDPC-DiscreteResidual-v0,24,16,20,5.44226948515669,0.0
rl,ppo | LDPC-DiscreteResidual-v0,24,16,21,5.457859802030297,0.0
rl,ppo | LDPC-DiscreteResidual-v0,24,16,22,5.657184663401866,0.0
rl,ppo | LDPC-DiscreteResidual-v0,24,16,23,6.380369202692517,0.0
rl,ppo | LDPC-DiscreteResidual-v0,24,17,0,2.8403947746128986,0.0
rl,ppo | LDPC-DiscreteResidual-v0,24,17,1,2.323173646256856,0.0
rl,ppo | LDPC-DiscreteResidual-v0,24,17,2,3.9316165531231975,0.0
rl,ppo | LDPC-DiscreteResidual-v0,24,17,3,2.8007081040864104,0.0
rl,ppo | LDPC-DiscreteResidual-v0,24,17,4,2.466581331295488,0.0
rl,ppo | LDPC-DiscreteResidual-v0,24,17,5,3.005980979398517,0.0
rl,ppo | LDPC-DiscreteResidual-v0,24,17,6,3.337119470129416,0.0
rl,ppo | LDPC-DiscreteResidual-v0,24,17,7,3.8681641621632568,0.0
rl,ppo | LDPC-DiscreteResidual-v0,24,17,8,3.97181427600967,0.0
rl,ppo | LDPC-DiscreteResidual-v0,24,17,9,4.8706008361861945,0.0
rl,ppo | LDPC-DiscreteResidual-v0,24,17,10,5.566072994269723,0.0
rl,ppo | LDPC-DiscreteResidual-v0,24,17,11,4.622584022775526,0.0
rl,ppo | LDPC-DiscreteResidual-v0,24,17,12,4.490256007916159,0.0
rl,ppo | LDPC-DiscreteResidual-v0,24,17,13,4.8549997447151565,0.0
rl,ppo | LDPC-DiscreteResidual-v0,24,17,14,5.289278675872303,0.0
rl,ppo | LDPC-DiscreteResidual-v0,24,17,15,3.882567571941277,0.0
rl,ppo | LDPC-DiscreteResidual-v0,24,17,16,5.762796970042492,0.0
rl,ppo | LDPC-DiscreteResidual-v0,24,17,17,4.209830332099454,0.0
rl,ppo | LDPC-DiscreteResidual-v0,24,17,18,0.0,0.0
rl,ppo | LDPC-DiscreteResidual-v0,24,17,19,4.2256117295274205,0.0
rl,ppo | LDPC-DiscreteResidual-v0,24,17,20,5.44226948515669,0.0
rl,ppo | LDPC-DiscreteResidual-v0,24,17,21,5.457859802030297,0.0
rl,ppo | LDPC-DiscreteResidual-v0,24,17,22,5.657184663401866,0.0
rl,ppo | LDPC-DiscreteResidual-v0,24,17,23,6.380369202692517,0.0
rl,ppo | LDPC-DiscreteResidual-v0,24,18,0,2.8403947746128986,0.0
rl,ppo | LDPC-DiscreteResidual-v0,24,18,1,2.323173646256856,0.0
rl,ppo | LDPC-DiscreteResidual-v0,24,18,2,3.9316165531231975,0.0
rl,ppo | LDPC-DiscreteResidual-v0,24,18,3,2.8007081040864104,0.0
rl,ppo | LDPC-DiscreteResidual-v0,24,18,4,2.466581331295488,0.0
rl,ppo | LDPC-DiscreteResidual-v0,24,18,5,3.005980979398517,0.0
rl,ppo | LDPC-DiscreteResidual-v0,24,18,6,3.337119470129416,0.0
rl,ppo | LDPC-DiscreteResidual-v0,24,18,7,3.8681641621632568,0.0
rl,ppo | LDPC-DiscreteResidual-v0,24,18,8,3.97181427600967,0.0
rl,ppo | LDPC-DiscreteResidual-v0,24,18,9,4.8706008361861945,0.0
rl,ppo | LDPC-DiscreteResidual-v0,24,18,10,5.566072994269723,0.0
rl,ppo | LDPC-DiscreteResidual-v0,24,18,11,4.622584022775526,0.0
rl,ppo | LDPC-DiscreteResidual-v0,24,18,12,4.490256007916159,0.0
rl,ppo | LDPC-DiscreteResidual-v0,24,18,13,4.8549997447151565,0.0
rl,ppo | LDPC-DiscreteResidual-v0,24,18,14,5.289278675872303,0.0
rl,ppo | LDPC-DiscreteResidual-v0,24,18,15,3.882567571941277,0.0
rl,ppo | LDPC-DiscreteResidual-v0,24,18,16,5.762796970042492,0.0
rl,ppo | LDPC-DiscreteResidual-v0,24,18,17,4.209830332099454,0.0
rl,ppo | LDPC-DiscreteResidual-v0,24,18,18,0.0,0.0
rl,ppo | LDPC-DiscreteResidual-v0,24,18,19,4.2256117295274205,0.0
rl,ppo | LDPC-DiscreteResidual-v0,24,18,20,5.44226948515669,0.0
rl,ppo | LDPC-DiscreteResidual-v0,24,18,21,5.457859802030297,0.0
rl,ppo | LDPC-DiscreteResidual-v0,24,18,22,5.657184663401866,0.0
rl,ppo | LDPC-DiscreteResidual-v0,24,18,23,6.380369202692517,0.0
rl,ppo | LDPC-DiscreteResidual-v0,24,19,0,2.8403947746128986,0.0
rl,ppo | LDPC-DiscreteResidual-v0,24,19,1,2.323173646256856,0.0
rl,ppo | LDPC-DiscreteResidual-v0,24,19,2,3.9316165531231975,0.0
rl,ppo | LDPC-DiscreteResidual-v0,24,19,3,2.8007081040864104,0.0
rl,ppo | LDPC-DiscreteResidual-v0,24,19,4,2.466581331295488,0.0
rl,ppo | LDPC-DiscreteResidual-v0,24,19,5,3.005980979398517,0.0
rl,ppo | LDPC-DiscreteResidual-v0,24,19,6,3.337119470129416,0.0
rl,ppo | LDPC-DiscreteResidual-v0,24,19,7,3.8681641621632568,0.0
rl,ppo | LDPC-DiscreteResidual-v0,24,19,8,3.97181427600967,0.0
rl,ppo | LDPC-DiscreteResidual-v0,24,19,9,4.8706008361861945,0.0
rl,ppo | LDPC-DiscreteResidual-v0,24,19,10,5.566072994269723,0.0
rl,ppo | LDPC-DiscreteResidual-v0,24,19,11,4.622584022775526,0.0
rl,ppo | LDPC-DiscreteResidual-v0,24,19,12,4.490256007916159,0.0
rl,ppo | LDPC-DiscreteResidual-v0,24,19,13,4.8549997447151565,0.0
rl,ppo | LDPC-DiscreteResidual-v0,24,19,14,5.289278675872303,0.0
rl,ppo | LDPC-DiscreteResidual-v0,24,19,15,3.882567571941277,0.0
rl,ppo | LDPC-DiscreteResidual-v0,24,19,16,5.762796970042492,0.0
rl,ppo | LDPC-DiscreteResidual-v0,24,19,17,4.209830332099454,0.0
rl,ppo | LDPC-DiscreteResidual-v0,24,19,18,0.0,0.0
rl,ppo | LDPC-DiscreteResidual-v0,24,19,19,4.2256117295274205,0.0
rl,ppo | LDPC-DiscreteResidual-v0,24,19,20,5.44226948515669,0.0
rl,ppo | LDPC-DiscreteResidual-v0,24,19,21,5.457859802030297,0.0
rl,ppo | LDPC-DiscreteResidual-v0,24,19,22,5.657184663401866,0.0
rl,ppo | LDPC-DiscreteResidual-v0,24,19,23,6.380369202692517,0.0
rl,ppo | LDPC-DiscreteResidual-v0,24,20,0,2.8403947746128986,0.0
rl,ppo | LDPC-DiscreteResidual-v0,24,20,1,2.323173646256856,0.0
rl,ppo | LDPC-DiscreteResidual-v0,24,20,2,3.9316165531231975,0.0
rl,ppo | LDPC-DiscreteResidual-v0,24,20,3,2.8007081040864104,0.0
rl,ppo | LDPC-DiscreteResidual-v0,24,20,4,2.466581331295488,0.0
rl,ppo | LDPC-DiscreteResidual-v0,24,20,5,3.005980979398517,0.0
rl,ppo | LDPC-DiscreteResidual-v0,24,20,6,3.337119470129416,0.0
rl,ppo | LDPC-DiscreteResidual-v0,24,20,7,3.8681641621632568,0.0
rl,ppo | LDPC-DiscreteResidual-v0,24,20,8,3.97181427600967,0.0
rl,ppo | LDPC-DiscreteResidual-v0,24,20,9,4.8706008361861945,0.0
rl,ppo | LDPC-DiscreteResidual-v0,24,20,10,5.566072994269723,0.0
rl,ppo | LDPC-DiscreteResidual-v0,24,20,11,4.622584022775526,0.0
rl,ppo | LDPC-DiscreteResidual-v0,24,20,12,4.490256007916159,0.0
rl,ppo | LDPC-DiscreteResidual-v0,24,20,13,4.8549997447151565,0.0
rl,ppo | LDPC-DiscreteResidual-v0,24,20,14,5.289278675872303,0.0
rl,ppo | LDPC-DiscreteResidual-v0,24,20,15,3.882567571941277,0.0
rl,ppo | LDPC-DiscreteResidual-v0,24,20,16,5.762796970042492,0.0
rl,ppo | LDPC-DiscreteResidual-v0,24,20,17,4.209830332099454,0.0
rl,ppo | LDPC-DiscreteResidual-v0,24,20,18,0.0,0.0
rl,ppo | LDPC-DiscreteResidual-v0,24,20,19,4.2256117295274205,0.0
rl,ppo | LDPC-DiscreteResidual-v0,24,20,20,5.44226948515669,0.0
rl,ppo | LDPC-DiscreteResidual-v0,24,20,21,5.457859802030297,0.0
rl,ppo | LDPC-DiscreteResidual-v0,24,20,22,5.657184663401866,0.0
rl,ppo | LDPC-DiscreteResidual-v0,24,20,23,6.380369202692517,0.0
rl,ppo | LDPC-DiscreteResidual-v0,24,21,0,2.8403947746128986,0.0
rl,ppo | LDPC-DiscreteResidual-v0,24,21,1,2.323173646256856,0.0
rl,ppo | LDPC-DiscreteResidual-v0,24,21,2,3.9316165531231975,0.0
rl,ppo | LDPC-DiscreteResidual-v0,24,21,3,2.8007081040864104,0.0
rl,ppo | LDPC-DiscreteResidual-v0,24,21,4,2.466581331295488,0.0
rl,ppo | LDPC-DiscreteResidual-v0,24,21,5,3.005980979398517,0.0
rl,ppo | LDPC-DiscreteResidual-v0,24,21,6,3.337119470129416,0.0
rl,ppo | LDPC-DiscreteResidual-v0,24,21,7,3.8681641621632568,0.0
rl,ppo | LDPC-DiscreteResidual-v0,24,21,8,3.97181427600967,0.0
rl,ppo | LDPC-DiscreteResidual-v0,24,21,9,4.8706008361861945,0.0
rl,ppo | LDPC-DiscreteResidual-v0,24,21,10,5.566072994269723,0.0
rl,ppo | LDPC-DiscreteResidual-v0,24,21,11,4.622584022775526,0.0
rl,ppo | LDPC-DiscreteResidual-v0,24,21,12,4.490256007916159,0.0
rl,ppo | LDPC-DiscreteResidual-v0,24,21,13,4.8549997447151565,0.0
rl,ppo | LDPC-DiscreteResidual-v0,24,21,14,5.289278675872303,0.0
rl,ppo | LDPC-DiscreteResidual-v0,24,21,15,3.882567571941277,0.0
rl,ppo | LDPC-DiscreteResidual-v0,24,21,16,5.762796970042492,0.0
rl,ppo | LDPC-DiscreteResidual-v0,24,21,17,4.209830332099454,0.0
rl,ppo | LDPC-DiscreteResidual-v0,24,21,18,0.0,0.0
rl,ppo | LDPC-DiscreteResidual-v0,24,21,19,4.2256117295274205,0.0
rl,ppo | LDPC-DiscreteResidual-v0,24,21,20,5.44226948515669,0.0
rl,ppo | LDPC-DiscreteResidual-v0,24,21,21,5.457859802030297,0.0
rl,ppo | LDPC-DiscreteResidual-v0,24,21,22,5.657184663401866,0.0
rl,ppo | LDPC-DiscreteResidual-v0,24,21,23,6.380369202692517,0.0
rl,ppo | LDPC-DiscreteResidual-v0,24,22,0,2.8403947746128986,0.0
rl,ppo | LDPC-DiscreteResidual-v0,24,22,1,2.323173646256856,0.0
rl,ppo | LDPC-DiscreteResidual-v0,24,22,2,3.9316165531231975,0.0
rl,ppo | LDPC-DiscreteResidual-v0,24,22,3,2.8007081040864104,0.0
rl,ppo | LDPC-DiscreteResidual-v0,24,22,4,2.466581331295488,0.0
rl,ppo | LDPC-DiscreteResidual-v0,24,22,5,3.005980979398517,0.0
rl,ppo | LDPC-DiscreteResidual-v0,24,22,6,3.337119470129416,0.0
rl,ppo | LDPC-DiscreteResidual-v0,24,22,7,3.8681641621632568,0.0
rl,ppo | LDPC-DiscreteResidual-v0,24,22,8,3.97181427600967,0.0
rl,ppo | LDPC-DiscreteResidual-v0,24,22,9,4.8706008361861945,0.0
rl,ppo | LDPC-DiscreteResidual-v0,24,22,10,5.566072994269723,0.0
rl,ppo | LDPC-DiscreteResidual-v0,24,22,11,4.622584022775526,0.0
rl,ppo | LDPC-DiscreteResidual-v0,24,22,12,4.490256007916159,0.0
rl,ppo | LDPC-DiscreteResidual-v0,24,22,13,4.8549997447151565,0.0
rl,ppo | LDPC-DiscreteResidual-v0,24,22,14,5.289278675872303,0.0
rl,ppo | LDPC-DiscreteResidual-v0,24,22,15,3.882567571941277,0.0
rl,ppo | LDPC-DiscreteResidual-v0,24,22,16,5.762796970042492,0.0
rl,ppo | LDPC-DiscreteResidual-v0,24,22,17,4.209830332099454,0.0
rl,ppo | LDPC-DiscreteResidual-v0,24,22,18,0.0,0.0
rl,ppo | LDPC-DiscreteResidual-v0,24,22,19,4.2256117295274205,0.0
rl,ppo | LDPC-DiscreteResidual-v0,24,22,20,5.44226948515669,0.0
rl,ppo | LDPC-DiscreteResidual-v0,24,22,21,5.457859802030297,0.0
rl,ppo | LDPC-DiscreteResidual-v0,24,22,22,5.657184663401866,0.0
rl,ppo | LDPC-DiscreteResidual-v0,24,22,23,6.380369202692517,0.0
rl,ppo | LDPC-DiscreteResidual-v0,24,23,0,2.8403947746128986,0.0
rl,ppo | LDPC-DiscreteResidual-v0,24,23,1,2.323173646256856,0.0
rl,ppo | LDPC-DiscreteResidual-v0,24,23,2,3.9316165531231975,0.0
rl,ppo | LDPC-DiscreteResidual-v0,24,23,3,2.8007081040864104,0.0
rl,ppo | LDPC-DiscreteResidual-v0,24,23,4,2.466581331295488,0.0
rl,ppo | LDPC-DiscreteResidual-v0,24,23,5,3.005980979398517,0.0
rl,ppo | LDPC-DiscreteResidual-v0,24,23,6,3.337119470129416,0.0
rl,ppo | LDPC-DiscreteResidual-v0,24,23,7,3.8681641621632568,0.0
rl,ppo | LDPC-DiscreteResidual-v0,24,23,8,3.97181427600967,0.0
rl,ppo | LDPC-DiscreteResidual-v0,24,23,9,4.8706008361861945,0.0
rl,ppo | LDPC-DiscreteResidual-v0,24,23,10,5.566072994269723,0.0
rl,ppo | LDPC-DiscreteResidual-v0,24,23,11,4.622584022775526,0.0
rl,ppo | LDPC-DiscreteResidual-v0,24,23,12,4.490256007916159,0.0
rl,ppo | LDPC-DiscreteResidual-v0,24,23,13,4.8549997447151565,0.0
rl,ppo | LDPC-DiscreteResidual-v0,24,23,14,5.289278675872303,0.0
rl,ppo | LDPC-DiscreteResidual-v0,24,23,15,3.882567571941277,0.0
rl,ppo | LDPC-DiscreteResidual-v0,24,23,16,5.762796970042492,0.0
rl,ppo | LDPC-DiscreteResidual-v0,24,23,17,4.209830332099454,0.0
rl,ppo | LDPC-DiscreteResidual-v0,24,23,18,0.0,0.0
rl,ppo | LDPC-DiscreteResidual-v0,24,23,19,4.2256117295274205,0.0
rl,ppo | LDPC-DiscreteResidual-v0,24,23,20,5.44226948515669,0.0
rl,ppo | LDPC-DiscreteResidual-v0,24,23,21,5.457859802030297,0.0
rl,ppo | LDPC-DiscreteResidual-v0,24,23,22,5.657184663401866,0.0
rl,ppo | LDPC-DiscreteResidual-v0,24,23,23,6.380369202692517,0.0
rl,ppo | LDPC-DiscreteResidual-v0,24,24,0,2.8403947746128986,0.0
rl,ppo | LDPC-DiscreteResidual-v0,24,24,1,2.323173646256856,0.0
rl,ppo | LDPC-DiscreteResidual-v0,24,24,2,3.9316165531231975,0.0
rl,ppo | LDPC-DiscreteResidual-v0,24,24,3,2.8007081040864104,0.0
rl,ppo | LDPC-DiscreteResidual-v0,24,24,4,2.466581331295488,0.0
rl,ppo | LDPC-DiscreteResidual-v0,24,24,5,3.005980979398517,0.0
rl,ppo | LDPC-DiscreteResidual-v0,24,24,6,3.337119470129416,0.0
rl,ppo | LDPC-DiscreteResidual-v0,24,24,7,3.8681641621632568,0.0
rl,ppo | LDPC-DiscreteResidual-v0,24,24,8,3.97181427600967,0.0
rl,ppo | LDPC-DiscreteResidual-v0,24,24,9,4.8706008361861945,0.0
rl,ppo | LDPC-DiscreteResidual-v0,24,24,10,5.566072994269723,0.0
rl,ppo | LDPC-DiscreteResidual-v0,24,24,11,4.622584022775526,0.0
rl,ppo | LDPC-DiscreteResidual-v0,24,24,12,4.490256007916159,0.0
rl,ppo | LDPC-DiscreteResidual-v0,24,24,13,4.8549997447151565,0.0
rl,ppo | LDPC-DiscreteResidual-v0,24,24,14,5.289278675872303,0.0
rl,ppo | LDPC-DiscreteResidual-v0,24,24,15,3.882567571941277,0.0
rl,ppo | LDPC-DiscreteResidual-v0,24,24,16,5.762796970042492,0.0
rl,ppo | LDPC-DiscreteResidual-v0,24,24,17,4.209830332099454,0.0
rl,ppo | LDPC-DiscreteResidual-v0,24,24,18,0.0,0.0
rl,ppo | LDPC-DiscreteResidual-v0,24,24,19,4.2256117295274205,0.0
rl,ppo | LDPC-DiscreteResidual-v0,24,24,20,5.44226948515669,0.0
rl,ppo | LDPC-DiscreteResidual-v0,24,24,21,5.457859802030297,0.0
rl,ppo | LDPC-DiscreteResidual-v0,24,24,22,5.657184663401866,0.0
rl,ppo | LDPC-DiscreteResidual-v0,24,24,23,6.380369202692517,0.0
rl,ppo | LDPC-DiscreteResidual-v0,24,25,0,2.8403947746128986,0.0
rl,ppo | LDPC-DiscreteResidual-v0,24,25,1,2.323173646256856,0.0
rl,ppo | LDPC-DiscreteResidual-v0,24,25,2,3.9316165531231975,0.0
rl,ppo | LDPC-DiscreteResidual-v0,24,25,3,2.8007081040864104,0.0
rl,ppo | LDPC-DiscreteResidual-v0,24,25,4,2.466581331295488,0.0
rl,ppo | LDPC-DiscreteResidual-v0,24,25,5,3.005980979398517,0.0
rl,ppo | LDPC-DiscreteResidual-v0,24,25,6,3.337119470129416,0.0
rl,ppo | LDPC-DiscreteResidual-v0,24,25,7,3.8681641621632568,0.0
rl,ppo | LDPC-DiscreteResidual-v0,24,25,8,3.97181427600967,0.0
rl,ppo | LDPC-DiscreteResidual-v0,24,25,9,4.8706008361861945,0.0
rl,ppo | LDPC-DiscreteResidual-v0,24,25,10,5.566072994269723,0.0
rl,ppo | LDPC-DiscreteResidual-v0,24,25,11,4.622584022775526,0.0
rl,ppo | LDPC-DiscreteResidual-v0,24,25,12,4.490256007916159,0.0
rl,ppo | LDPC-DiscreteResidual-v0,24,25,13,4.8549997447151565,0.0
rl,ppo | LDPC-DiscreteResidual-v0,24,25,14,5.289278675872303,0.0
rl,ppo | LDPC-DiscreteResidual-v0,24,25,15,3.882567571941277,0.0
rl,ppo | LDPC-DiscreteResidual-v0,24,25,16,5.762796970042492,0.0
rl,ppo | LDPC-DiscreteResidual-v0,24,25,17,4.209830332099454,0.0
rl,ppo | LDPC-DiscreteResidual-v0,24,25,18,0.0,0.0
rl,ppo | LDPC-DiscreteResidual-v0,24,25,19,4.2256117295274205,0.0
rl,ppo | LDPC-DiscreteResidual-v0,24,25,20,5.44226948515669,0.0
rl,ppo | LDPC-DiscreteResidual-v0,24,25,21,5.457859802030297,0.0
rl,ppo | LDPC-DiscreteResidual-v0,24,25,22,5.657184663401866,0.0
rl,ppo | LDPC-DiscreteResidual-v0,24,25,23,6.380369202692517,0.0
rl,ppo | LDPC-DiscreteResidual-v0,24,26,0,2.8403947746128986,0.0
rl,ppo | LDPC-DiscreteResidual-v0,24,26,1,2.323173646256856,0.0
rl,ppo | LDPC-DiscreteResidual-v0,24,26,2,3.9316165531231975,0.0
rl,ppo | LDPC-DiscreteResidual-v0,24,26,3,2.8007081040864104,0.0
rl,ppo | LDPC-DiscreteResidual-v0,24,26,4,2.466581331295488,0.0
rl,ppo | LDPC-DiscreteResidual-v0,24,26,5,3.005980979398517,0.0
rl,ppo | LDPC-DiscreteResidual-v0,24,26,6,3.337119470129416,0.0
rl,ppo | LDPC-DiscreteResidual-v0,24,26,7,3.8681641621632568,0.0
rl,ppo | LDPC-DiscreteResidual-v0,24,26,8,3.97181427600967,0.0
rl,ppo | LDPC-DiscreteResidual-v0,24,26,9,4.8706008361861945,0.0
rl,ppo | LDPC-DiscreteResidual-v0,24,26,10,5.566072994269723,0.0
rl,ppo | LDPC-DiscreteResidual-v0,24,26,11,4.622584022775526,0.0
rl,ppo | LDPC-DiscreteResidual-v0,24,26,12,4.490256007916159,0.0
rl,ppo | LDPC-DiscreteResidual-v0,24,26,13,4.8549997447151565,0.0
rl,ppo | LDPC-DiscreteResidual-v0,24,26,14,5.289278675872303,0.0
rl,ppo | LDPC-DiscreteResidual-v0,24,26,15,3.882567571941277,0.0
rl,ppo | LDPC-DiscreteResidual-v0,24,26,16,5.762796970042492,0.0
rl,ppo | LDPC-DiscreteResidual-v0,24,26,17,4.209830332099454,0.0
rl,ppo | LDPC-DiscreteResidual-v0,24,26,18,0.0,0.0
rl,ppo | LDPC-DiscreteResidual-v0,24,26,19,4.2256117295274205,0.0
rl,ppo | LDPC-DiscreteResidual-v0,24,26,20,5.44226948515669,0.0
rl,ppo | LDPC-DiscreteResidual-v0,24,26,21,5.457859802030297,0.0
rl,ppo | LDPC-DiscreteResidual-v0,24,26,22,5.657184663401866,0.0
rl,ppo | LDPC-DiscreteResidual-v0,24,26,23,6.380369202692517,0.0
rl,ppo | LDPC-DiscreteResidual-v0,24,27,0,2.8403947746128986,0.0
rl,ppo | LDPC-DiscreteResidual-v0,24,27,1,2.323173646256856,0.0
rl,ppo | LDPC-DiscreteResidual-v0,24,27,2,3.9316165531231975,0.0
rl,ppo | LDPC-DiscreteResidual-v0,24,27,3,2.8007081040864104,0.0
rl,ppo | LDPC-DiscreteResidual-v0,24,27,4,2.466581331295488,0.0
rl,ppo | LDPC-DiscreteResidual-v0,24,27,5,3.005980979398517,0.0
rl,ppo | LDPC-DiscreteResidual-v0,24,27,6,3.337119470129416,0.0
rl,ppo | LDPC-DiscreteResidual-v0,24,27,7,3.8681641621632568,0.0
rl,ppo | LDPC-DiscreteResidual-v0,24,27,8,3.97181427600967,0.0
rl,ppo | LDPC-DiscreteResidual-v0,24,27,9,4.8706008361861945,0.0
rl,ppo | LDPC-DiscreteResidual-v0,24,27,10,5.566072994269723,0.0
rl,ppo | LDPC-DiscreteResidual-v0,24,27,11,4.622584022775526,0.0
rl,ppo | LDPC-DiscreteResidual-v0,24,27,12,4.490256007916159,0.0
rl,ppo | LDPC-DiscreteResidual-v0,24,27,13,4.8549997447151565,0.0
rl,ppo | LDPC-DiscreteResidual-v0,24,27,14,5.289278675872303,0.0
rl,ppo | LDPC-DiscreteResidual-v0,24,27,15,3.882567571941277,0.0
rl,ppo | LDPC-DiscreteResidual-v0,24,27,16,5.762796970042492,0.0
rl,ppo | LDPC-DiscreteResidual-v0,24,27,17,4.209830332099454,0.0
rl,ppo | LDPC-DiscreteResidual-v0,24,27,18,0.0,0.0
rl,ppo | LDPC-DiscreteResidual-v0,24,27,19,4.2256117295274205,0.0
rl,ppo | LDPC-DiscreteResidual-v0,24,27,20,5.44226948515669,0.0
rl,ppo | LDPC-DiscreteResidual-v0,24,27,21,5.457859802030297,0.0
rl,ppo | LDPC-DiscreteResidual-v0,24,27,22,5.657184663401866,0.0
rl,ppo | LDPC-DiscreteResidual-v0,24,27,23,6.380369202692517,0.0
rl,ppo | LDPC-DiscreteResidual-v0,24,28,0,2.8403947746128986,0.0
rl,ppo | LDPC-DiscreteResidual-v0,24,28,1,2.323173646256856,0.0
rl,ppo | LDPC-DiscreteResidual-v0,24,28,2,3.9316165531231975,0.0
rl,ppo | LDPC-DiscreteResidual-v0,24,28,3,2.8007081040864104,0.0
rl,ppo | LDPC-DiscreteResidual-v0,24,28,4,2.466581331295488,0.0
rl,ppo | LDPC-DiscreteResidual-v0,24,28,5,3.005980979398517,0.0
rl,ppo | LDPC-DiscreteResidual-v0,24,28,6,3.337119470129416,0.0
rl,ppo | LDPC-DiscreteResidual-v0,24,28,7,3.8681641621632568,0.0
rl,ppo | LDPC-DiscreteResidual-v0,24,28,8,3.97181427600967,0.0
rl,ppo | LDPC-DiscreteResidual-v0,24,28,9,4.8706008361861945,0.0
rl,ppo | LDPC-DiscreteResidual-v0,24,28,10,5.566072994269723,0.0
rl,ppo | LDPC-DiscreteResidual-v0,24,28,11,4.622584022775526,0.0
rl,ppo | LDPC-DiscreteResidual-v0,24,28,12,4.490256007916159,0.0
rl,ppo | LDPC-DiscreteResidual-v0,24,28,13,4.8549997447151565,0.0
rl,ppo | LDPC-DiscreteResidual-v0,24,28,14,5.289278675872303,0.0
rl,ppo | LDPC-DiscreteResidual-v0,24,28,15,3.882567571941277,0.0
rl,ppo | LDPC-DiscreteResidual-v0,24,28,16,5.762796970042492,0.0
rl,ppo | LDPC-DiscreteResidual-v0,24,28,17,4.209830332099454,0.0
rl,ppo | LDPC-DiscreteResidual-v0,24,28,18,0.0,0.0
rl,ppo | LDPC-DiscreteResidual-v0,24,28,19,4.2256117295274205,0.0
rl,ppo | LDPC-DiscreteResidual-v0,24,28,20,5.44226948515669,0.0
rl,ppo | LDPC-DiscreteResidual-v0,24,28,21,5.457859802030297,0.0
rl,ppo | LDPC-DiscreteResidual-v0,24,28,22,5.657184663401866,0.0
rl,ppo | LDPC-DiscreteResidual-v0,24,28,23,6.380369202692517,0.0
rl,ppo | LDPC-DiscreteResidual-v0,24,29,0,2.8403947746128986,0.0
rl,ppo | LDPC-DiscreteResidual-v0,24,29,1,2.323173646256856,0.0
rl,ppo | LDPC-DiscreteResidual-v0,24,29,2,3.9316165531231975,0.0
rl,ppo | LDPC-DiscreteResidual-v0,24,29,3,2.8007081040864104,0.0
rl,ppo | LDPC-DiscreteResidual-v0,24,29,4,2.466581331295488,0.0
rl,ppo | LDPC-DiscreteResidual-v0,24,29,5,3.005980979398517,0.0
rl,ppo | LDPC-DiscreteResidual-v0,24,29,6,3.337119470129416,0.0
rl,ppo | LDPC-DiscreteResidual-v0,24,29,7,3.8681641621632568,0.0
rl,ppo | LDPC-DiscreteResidual-v0,24,29,8,3.97181427600967,0.0
rl,ppo | LDPC-DiscreteResidual-v0,24,29,9,4.8706008361861945,0.0
rl,ppo | LDPC-DiscreteResidual-v0,24,29,10,5.566072994269723,0.0
rl,ppo | LDPC-DiscreteResidual-v0,24,29,11,4.622584022775526,0.0
rl,ppo | LDPC-DiscreteResidual-v0,24,29,12,4.490256007916159,0.0
rl,ppo | LDPC-DiscreteResidual-v0,24,29,13,4.8549997447151565,0.0
rl,ppo | LDPC-DiscreteResidual-v0,24,29,14,5.289278675872303,0.0
rl,ppo | LDPC-DiscreteResidual-v0,24,29,15,3.882567571941277,0.0
rl,ppo | LDPC-DiscreteResidual-v0,24,29,16,5.762796970042492,0.0
rl,ppo | LDPC-DiscreteResidual-v0,24,29,17,4.209830332099454,0.0
rl,ppo | LDPC-DiscreteResidual-v0,24,29,18,0.0,0.0
rl,ppo | LDPC-DiscreteResidual-v0,24,29,19,4.2256117295274205,0.0
rl,ppo | LDPC-DiscreteResidual-v0,24,29,20,5.44226948515669,0.0
rl,ppo | LDPC-DiscreteResidual-v0,24,29,21,5.457859802030297,0.0
rl,ppo | LDPC-DiscreteResidual-v0,24,29,22,5.657184663401866,0.0
rl,ppo | LDPC-DiscreteResidual-v0,24,29,23,6.380369202692517,0.0
rl,ppo | LDPC-DiscreteResidual-v0,24,30,0,2.8403947746128986,0.0
rl,ppo | LDPC-DiscreteResidual-v0,24,30,1,2.323173646256856,0.0
rl,ppo | LDPC-DiscreteResidual-v0,24,30,2,3.9316165531231975,0.0
rl,ppo | LDPC-DiscreteResidual-v0,24,30,3,2.8007081040864104,0.0
rl,ppo | LDPC-DiscreteResidual-v0,24,30,4,2.466581331295488,0.0
rl,ppo | LDPC-DiscreteResidual-v0,24,30,5,3.005980979398517,0.0
rl,ppo | LDPC-DiscreteResidual-v0,24,30,6,3.337119470129416,0.0
rl,ppo | LDPC-DiscreteResidual-v0,24,30,7,3.8681641621632568,0.0
rl,ppo | LDPC-DiscreteResidual-v0,24,30,8,3.97181427600967,0.0
rl,ppo | LDPC-DiscreteResidual-v0,24,30,9,4.8706008361861945,0.0
rl,ppo | LDPC-DiscreteResidual-v0,24,30,10,5.566072994269723,0.0
rl,ppo | LDPC-DiscreteResidual-v0,24,30,11,4.622584022775526,0.0
rl,ppo | LDPC-DiscreteResidual-v0,24,30,12,4.490256007916159,0.0
rl,ppo | LDPC-DiscreteResidual-v0,24,30,13,4.8549997447151565,0.0
rl,ppo | LDPC-DiscreteResidual-v0,24,30,14,5.289278675872303,0.0
rl,ppo | LDPC-DiscreteResidual-v0,24,30,15,3.882567571941277,0.0
rl,ppo | LDPC-DiscreteResidual-v0,24,30,16,5.762796970042492,0.0
rl,ppo | LDPC-DiscreteResidual-v0,24,30,17,4.209830332099454,0.0
rl,ppo | LDPC-DiscreteResidual-v0,24,30,18,0.0,0.0
rl,ppo | LDPC-DiscreteResidual-v0,24,30,19,4.2256117295274205,0.0
rl,ppo | LDPC-DiscreteResidual-v0,24,30,20,5.44226948515669,0.0
rl,ppo | LDPC-DiscreteResidual-v0,24,30,21,5.457859802030297,0.0
rl,ppo | LDPC-DiscreteResidual-v0,24,30,22,5.657184663401866,0.0
rl,ppo | LDPC-DiscreteResidual-v0,24,30,23,6.380369202692517,0.0
rl,ppo | LDPC-DiscreteResidual-v0,24,31,0,2.8403947746128986,0.0
rl,ppo | LDPC-DiscreteResidual-v0,24,31,1,2.323173646256856,0.0
rl,ppo | LDPC-DiscreteResidual-v0,24,31,2,3.9316165531231975,0.0
rl,ppo | LDPC-DiscreteResidual-v0,24,31,3,2.8007081040864104,0.0
rl,ppo | LDPC-DiscreteResidual-v0,24,31,4,2.466581331295488,0.0
rl,ppo | LDPC-DiscreteResidual-v0,24,31,5,3.005980979398517,0.0
rl,ppo | LDPC-DiscreteResidual-v0,24,31,6,3.337119470129416,0.0
rl,ppo | LDPC-DiscreteResidual-v0,24,31,7,3.8681641621632568,0.0
rl,ppo | LDPC-DiscreteResidual-v0,24,31,8,3.97181427600967,0.0
rl,ppo | LDPC-DiscreteResidual-v0,24,31,9,4.8706008361861945,0.0
rl,ppo | LDPC-DiscreteResidual-v0,24,31,10,5.566072994269723,0.0
rl,ppo | LDPC-DiscreteResidual-v0,24,31,11,4.622584022775526,0.0
rl,ppo | LDPC-DiscreteResidual-v0,24,31,12,4.490256007916159,0.0
rl,ppo | LDPC-DiscreteResidual-v0,24,31,13,4.8549997447151565,0.0
rl,ppo | LDPC-DiscreteResidual-v0,24,31,14,5.289278675872303,0.0
rl,ppo | LDPC-DiscreteResidual-v0,24,31,15,3.882567571941277,0.0
rl,ppo | LDPC-DiscreteResidual-v0,24,31,16,5.762796970042492,0.0
rl,ppo | LDPC-DiscreteResidual-v0,24,31,17,4.209830332099454,0.0
rl,ppo | LDPC-DiscreteResidual-v0,24,31,18,0.0,0.0
rl,ppo | LDPC-DiscreteResidual-v0,24,31,19,4.2256117295274205,0.0
rl,ppo | LDPC-DiscreteResidual-v0,24,31,20,5.44226948515669,0.0
rl,ppo | LDPC-DiscreteResidual-v0,24,31,21,5.457859802030297,0.0
rl,ppo | LDPC-DiscreteResidual-v0,24,31,22,5.657184663401866,0.0
rl,ppo | LDPC-DiscreteResidual-v0,24,31,23,6.380369202692517,0.0
rl,ppo | LDPC-DiscreteResidual-v0,24,32,0,2.8403947746128986,0.0
rl,ppo | LDPC-DiscreteResidual-v0,24,32,1,2.323173646256856,0.0
rl,ppo | LDPC-DiscreteResidual-v0,24,32,2,3.9316165531231975,0.0
rl,ppo | LDPC-DiscreteResidual-v0,24,32,3,2.8007081040864104,0.0
rl,ppo | LDPC-DiscreteResidual-v0,24,32,4,2.466581331295488,0.0
rl,ppo | LDPC-DiscreteResidual-v0,24,32,5,3.005980979398517,0.0
rl,ppo | LDPC-DiscreteResidual-v0,24,32,6,3.337119470129416,0.0
rl,ppo | LDPC-DiscreteResidual-v0,24,32,7,3.8681641621632568,0.0
rl,ppo | LDPC-DiscreteResidual-v0,24,32,8,3.97181427600967,0.0
rl,ppo | LDPC-DiscreteResidual-v0,24,32,9,4.8706008361861945,0.0
rl,ppo | LDPC-DiscreteResidual-v0,24,32,10,5.566072994269723,0.0
rl,ppo | LDPC-DiscreteResidual-v0,24,32,11,4.622584022775526,0.0
rl,ppo | LDPC-DiscreteResidual-v0,24,32,12,4.490256007916159,0.0
rl,ppo | LDPC-DiscreteResidual-v0,24,32,13,4.8549997447151565,0.0
rl,ppo | LDPC-DiscreteResidual-v0,24,32,14,5.289278675872303,0.0
rl,ppo | LDPC-DiscreteResidual-v0,24,32,15,3.882567571941277,0.0
rl,ppo | LDPC-DiscreteResidual-v0,24,32,16,5.762796970042492,0.0
rl,ppo | LDPC-DiscreteResidual-v0,24,32,17,4.209830332099454,0.0
rl,ppo | LDPC-DiscreteResidual-v0,24,32,18,0.0,0.0
rl,ppo | LDPC-DiscreteResidual-v0,24,32,19,4.2256117295274205,0.0
rl,ppo | LDPC-DiscreteResidual-v0,24,32,20,5.44226948515669,0.0
rl,ppo | LDPC-DiscreteResidual-v0,24,32,21,5.457859802030297,0.0
rl,ppo | LDPC-DiscreteResidual-v0,24,32,22,5.657184663401866,0.0
rl,ppo | LDPC-DiscreteResidual-v0,24,32,23,6.380369202692517,0.0
rl,ppo | LDPC-DiscreteResidual-v0,24,33,0,2.8403947746128986,0.0
rl,ppo | LDPC-DiscreteResidual-v0,24,33,1,2.323173646256856,0.0
rl,ppo | LDPC-DiscreteResidual-v0,24,33,2,3.9316165531231975,0.0
rl,ppo | LDPC-DiscreteResidual-v0,24,33,3,2.8007081040864104,0.0
rl,ppo | LDPC-DiscreteResidual-v0,24,33,4,2.466581331295488,0.0
rl,ppo | LDPC-DiscreteResidual-v0,24,33,5,3.005980979398517,0.0
rl,ppo | LDPC-DiscreteResidual-v0,24,33,6,3.337119470129416,0.0
rl,ppo | LDPC-DiscreteResidual-v0,24,33,7,3.8681641621632568,0.0
rl,ppo | LDPC-DiscreteResidual-v0,24,33,8,3.97181427600967,0.0
rl,ppo | LDPC-DiscreteResidual-v0,24,33,9,4.8706008361861945,0.0
rl,ppo | LDPC-DiscreteResidual-v0,24,33,10,5.566072994269723,0.0
rl,ppo | LDPC-DiscreteResidual-v0,24,33,11,4.622584022775526,0.0
rl,ppo | LDPC-DiscreteResidual-v0,24,33,12,4.490256007916159,0.0
rl,ppo | LDPC-DiscreteResidual-v0,24,33,13,4.8549997447151565,0.0
rl,ppo | LDPC-DiscreteResidual-v0,24,33,14,5.289278675872303,0.0
rl,ppo | LDPC-DiscreteResidual-v0,24,33,15,3.882567571941277,0.0
rl,ppo | LDPC-DiscreteResidual-v0,24,33,16,5.762796970042492,0.0
rl,ppo | LDPC-DiscreteResidual-v0,24,33,17,4.209830332099454,0.0
rl,ppo | LDPC-DiscreteResidual-v0,24,33,18,0.0,0.0
rl,ppo | LDPC-DiscreteResidual-v0,24,33,19,4.2256117295274205,0.0
rl,ppo | LDPC-DiscreteResidual-v0,24,33,20,5.44226948515669,0.0
rl,ppo | LDPC-DiscreteResidual-v0,24,33,21,5.457859802030297,0.0
rl,ppo | LDPC-DiscreteResidual-v0,24,33,22,5.657184663401866,0.0
rl,ppo | LDPC-DiscreteResidual-v0,24,33,23,6.380369202692517,0.0
rl,ppo | LDPC-DiscreteResidual-v0,24,34,0,2.8403947746128986,0.0
rl,ppo | LDPC-DiscreteResidual-v0,24,34,1,2.323173646256856,0.0
rl,ppo | LDPC-DiscreteResidual-v0,24,34,2,3.9316165531231975,0.0
rl,ppo | LDPC-DiscreteResidual-v0,24,34,3,2.8007081040864104,0.0
rl,ppo | LDPC-DiscreteResidual-v0,24,34,4,2.466581331295488,0.0
rl,ppo | LDPC-DiscreteResidual-v0,24,34,5,3.005980979398517,0.0
rl,ppo | LDPC-DiscreteResidual-v0,24,34,6,3.337119470129416,0.0
rl,ppo | LDPC-DiscreteResidual-v0,24,34,7,3.8681641621632568,0.0
rl,ppo | LDPC-DiscreteResidual-v0,24,34,8,3.97181427600967,0.0
rl,ppo | LDPC-DiscreteResidual-v0,24,34,9,4.8706008361861945,0.0
rl,ppo | LDPC-DiscreteResidual-v0,24,34,10,5.566072994269723,0.0
rl,ppo | LDPC-DiscreteResidual-v0,24,34,11,4.622584022775526,0.0
rl,ppo | LDPC-DiscreteResidual-v0,24,34,12,4.490256007916159,0.0
rl,ppo | LDPC-DiscreteResidual-v0,24,34,13,4.8549997447151565,0.0
rl,ppo | LDPC-DiscreteResidual-v0,24,34,14,5.289278675872303,0.0
rl,ppo | LDPC-DiscreteResidual-v0,24,34,15,3.882567571941277,0.0
rl,ppo | LDPC-DiscreteResidual-v0,24,34,16,5.762796970042492,0.0
rl,ppo | LDPC-DiscreteResidual-v0,24,34,17,4.209830332099454,0.0
rl,ppo | LDPC-DiscreteResidual-v0,24,34,18,0.0,0.0
rl,ppo | LDPC-DiscreteResidual-v0,24,34,19,4.2256117295274205,0.0
rl,ppo | LDPC-DiscreteResidual-v0,24,34,20,5.44226948515669,0.0
rl,ppo | LDPC-DiscreteResidual-v0,24,34,21,5.457859802030297,0.0
rl,ppo | LDPC-DiscreteResidual-v0,24,34,22,5.657184663401866,0.0
rl,ppo | LDPC-DiscreteResidual-v0,24,34,23,6.380369202692517,0.0
rl,ppo | LDPC-DiscreteResidual-v0,24,35,0,2.8403947746128986,0.0
rl,ppo | LDPC-DiscreteResidual-v0,24,35,1,2.323173646256856,0.0
rl,ppo | LDPC-DiscreteResidual-v0,24,35,2,3.9316165531231975,0.0
rl,ppo | LDPC-DiscreteResidual-v0,24,35,3,2.8007081040864104,0.0
rl,ppo | LDPC-DiscreteResidual-v0,24,35,4,2.466581331295488,0.0
rl,ppo | LDPC-DiscreteResidual-v0,24,35,5,3.005980979398517,0.0
rl,ppo | LDPC-DiscreteResidual-v0,24,35,6,3.337119470129416,0.0
rl,ppo | LDPC-DiscreteResidual-v0,24,35,7,3.8681641621632568,0.0
rl,ppo | LDPC-DiscreteResidual-v0,24,35,8,3.97181427600967,0.0
rl,ppo | LDPC-DiscreteResidual-v0,24,35,9,4.8706008361861945,0.0
rl,ppo | LDPC-DiscreteResidual-v0,24,35,10,5.566072994269723,0.0
rl,ppo | LDPC-DiscreteResidual-v0,24,35,11,4.622584022775526,0.0
rl,ppo | LDPC-DiscreteResidual-v0,24,35,12,4.490256007916159,0.0
rl,ppo | LDPC-DiscreteResidual-v0,24,35,13,4.8549997447151565,0.0
rl,ppo | LDPC-DiscreteResidual-v0,24,35,14,5.289278675872303,0.0
rl,ppo | LDPC-DiscreteResidual-v0,24,35,15,3.882567571941277,0.0
rl,ppo | LDPC-DiscreteResidual-v0,24,35,16,5.762796970042492,0.0
rl,ppo | LDPC-DiscreteResidual-v0,24,35,17,4.209830332099454,0.0
rl,ppo | LDPC-DiscreteResidual-v0,24,35,18,0.0,0.0
rl,ppo | LDPC-DiscreteResidual-v0,24,35,19,4.2256117295274205,0.0
rl,ppo | LDPC-DiscreteResidual-v0,24,35,20,5.44226948515669,0.0
rl,ppo | LDPC-DiscreteResidual-v0,24,35,21,5.457859802030297,0.0
rl,ppo | LDPC-DiscreteResidual-v0,24,35,22,5.657184663401866,0.0
rl,ppo | LDPC-DiscreteResidual-v0,24,35,23,6.380369202692517,0.0
rl,ppo | LDPC-DiscreteResidual-v0,24,36,0,2.8403947746128986,0.0
rl,ppo | LDPC-DiscreteResidual-v0,24,36,1,2.323173646256856,0.0
rl,ppo | LDPC-DiscreteResidual-v0,24,36,2,3.9316165531231975,0.0
rl,ppo | LDPC-DiscreteResidual-v0,24,36,3,2.8007081040864104,0.0
rl,ppo | LDPC-DiscreteResidual-v0,24,36,4,2.466581331295488,0.0
rl,ppo | LDPC-DiscreteResidual-v0,24,36,5,3.005980979398517,0.0
rl,ppo | LDPC-DiscreteResidual-v0,24,36,6,3.337119470129416,0.0
rl,ppo | LDPC-DiscreteResidual-v0,24,36,7,3.8681641621632568,0.0
rl,ppo | LDPC-DiscreteResidual-v0,24,36,8,3.97181427600967,0.0
rl,ppo | LDPC-DiscreteResidual-v0,24,36,9,4.8706008361861945,0.0
rl,ppo | LDPC-DiscreteResidual-v0,24,36,10,5.566072994269723,0.0
rl,ppo | LDPC-DiscreteResidual-v0,24,36,11,4.622584022775526,0.0
rl,ppo | LDPC-DiscreteResidual-v0,24,36,12,4.490256007916159,0.0
rl,ppo | LDPC-DiscreteResidual-v0,24,36,13,4.8549997447151565,0.0
rl,ppo | LDPC-DiscreteResidual-v0,24,36,14,5.289278675872303,0.0
rl,ppo | LDPC-DiscreteResidual-v0,24,36,15,3.882567571941277,0.0
rl,ppo | LDPC-DiscreteResidual-v0,24,36,16,5.762796970042492,0.0
rl,ppo | LDPC-DiscreteResidual-v0,24,36,17,4.209830332099454,0.0
rl,ppo | LDPC-DiscreteResidual-v0,24,36,18,0.0,0.0
rl,ppo | LDPC-DiscreteResidual-v0,24,36,19,4.2256117295274205,0.0
rl,ppo | LDPC-DiscreteResidual-v0,24,36,20,5.44226948515669,0.0
rl,ppo | LDPC-DiscreteResidual-v0,24,36,21,5.457859802030297,0.0
rl,ppo | LDPC-DiscreteResidual-v0,24,36,22,5.657184663401866,0.0
rl,ppo | LDPC-DiscreteResidual-v0,24,36,23,6.380369202692517,0.0
rl,ppo | LDPC-DiscreteResidual-v0,24,37,0,2.8403947746128986,0.0
rl,ppo | LDPC-DiscreteResidual-v0,24,37,1,2.323173646256856,0.0
rl,ppo | LDPC-DiscreteResidual-v0,24,37,2,3.9316165531231975,0.0
rl,ppo | LDPC-DiscreteResidual-v0,24,37,3,2.8007081040864104,0.0
rl,ppo | LDPC-DiscreteResidual-v0,24,37,4,2.466581331295488,0.0
rl,ppo | LDPC-DiscreteResidual-v0,24,37,5,3.005980979398517,0.0
rl,ppo | LDPC-DiscreteResidual-v0,24,37,6,3.337119470129416,0.0
rl,ppo | LDPC-DiscreteResidual-v0,24,37,7,3.8681641621632568,0.0
rl,ppo | LDPC-DiscreteResidual-v0,24,37,8,3.97181427600967,0.0
rl,ppo | LDPC-DiscreteResidual-v0,24,37,9,4.8706008361861945,0.0
rl,ppo | LDPC-DiscreteResidual-v0,24,37,10,5.566072994269723,0.0
rl,ppo | LDPC-DiscreteResidual-v0,24,37,11,4.622584022775526,0.0
rl,ppo | LDPC-DiscreteResidual-v0,24,37,12,4.490256007916159,0.0
rl,ppo | LDPC-DiscreteResidual-v0,24,37,13,4.8549997447151565,0.0
rl,ppo | LDPC-DiscreteResidual-v0,24,37,14,5.289278675872303,0.0
rl,ppo | LDPC-DiscreteResidual-v0,24,37,15,3.882567571941277,0.0
rl,ppo | LDPC-DiscreteResidual-v0,24,37,16,5.762796970042492,0.0
rl,ppo | LDPC-DiscreteResidual-v0,24,37,17,4.209830332099454,0.0
rl,ppo | LDPC-DiscreteResidual-v0,24,37,18,0.0,0.0
rl,ppo | LDPC-DiscreteResidual-v0,24,37,19,4.2256117295274205,0.0
rl,ppo | LDPC-DiscreteResidual-v0,24,37,20,5.44226948515669,0.0
rl,ppo | LDPC-DiscreteResidual-v0,24,37,21,5.457859802030297,0.0
rl,ppo | LDPC-DiscreteResidual-v0,24,37,22,5.657184663401866,0.0
rl,ppo | LDPC-DiscreteResidual-v0,24,37,23,6.380369202692517,0.0
rl,ppo | LDPC-DiscreteResidual-v0,24,38,0,2.8403947746128986,0.0
rl,ppo | LDPC-DiscreteResidual-v0,24,38,1,2.323173646256856,0.0
rl,ppo | LDPC-DiscreteResidual-v0,24,38,2,3.9316165531231975,0.0
rl,ppo | LDPC-DiscreteResidual-v0,24,38,3,2.8007081040864104,0.0
rl,ppo | LDPC-DiscreteResidual-v0,24,38,4,2.466581331295488,0.0
rl,ppo | LDPC-DiscreteResidual-v0,24,38,5,3.005980979398517,0.0
rl,ppo | LDPC-DiscreteResidual-v0,24,38,6,3.337119470129416,0.0
rl,ppo | LDPC-DiscreteResidual-v0,24,38,7,3.8681641621632568,0.0
rl,ppo | LDPC-DiscreteResidual-v0,24,38,8,3.97181427600967,0.0
rl,ppo | LDPC-DiscreteResidual-v0,24,38,9,4.8706008361861945,0.0
rl,ppo | LDPC-DiscreteResidual-v0,24,38,10,5.566072994269723,0.0
rl,ppo | LDPC-DiscreteResidual-v0,24,38,11,4.622584022775526,0.0
rl,ppo | LDPC-DiscreteResidual-v0,24,38,12,4.490256007916159,0.0
rl,ppo | LDPC-DiscreteResidual-v0,24,38,13,4.8549997447151565,0.0
rl,ppo | LDPC-DiscreteResidual-v0,24,38,14,5.289278675872303,0.0
rl,ppo | LDPC-DiscreteResidual-v0,24,38,15,3.882567571941277,0.0
rl,ppo | LDPC-DiscreteResidual-v0,24,38,16,5.762796970042492,0.0
rl,ppo | LDPC-DiscreteResidual-v0,24,38,17,4.209830332099454,0.0
rl,ppo | LDPC-DiscreteResidual-v0,24,38,18,0.0,0.0
rl,ppo | LDPC-DiscreteResidual-v0,24,38,19,4.2256117295274205,0.0
rl,ppo | LDPC-DiscreteResidual-v0,24,38,20,5.44226948515669,0.0
rl,ppo | LDPC-DiscreteResidual-v0,24,38,21,5.457859802030297,0.0
rl,ppo | LDPC-DiscreteResidual-v0,24,38,22,5.657184663401866,0.0
rl,ppo | LDPC-DiscreteResidual-v0,24,38,23,6.380369202692517,0.0
rl,ppo | LDPC-DiscreteResidual-v0,24,39,0,2.8403947746128986,0.0
rl,ppo | LDPC-DiscreteResidual-v0,24,39,1,2.323173646256856,0.0
rl,ppo | LDPC-DiscreteResidual-v0,24,39,2,3.9316165531231975,0.0
rl,ppo | LDPC-DiscreteResidual-v0,24,39,3,2.8007081040864104,0.0
rl,ppo | LDPC-DiscreteResidual-v0,24,39,4,2.466581331295488,0.0
rl,ppo | LDPC-DiscreteResidual-v0,24,39,5,3.005980979398517,0.0
rl,ppo | LDPC-DiscreteResidual-v0,24,39,6,3.337119470129416,0.0
rl,ppo | LDPC-DiscreteResidual-v0,24,39,7,3.8681641621632568,0.0
rl,ppo | LDPC-DiscreteResidual-v0,24,39,8,3.97181427600967,0.0
rl,ppo | LDPC-DiscreteResidual-v0,24,39,9,4.8706008361861945,0.0
rl,ppo | LDPC-DiscreteResidual-v0,24,39,10,5.566072994269723,0.0
rl,ppo | LDPC-DiscreteResidual-v0,24,39,11,4.622584022775526,0.0
rl,ppo | LDPC-DiscreteResidual-v0,24,39,12,4.490256007916159,0.0
rl,ppo | LDPC-DiscreteResidual-v0,24,39,13,4.8549997447151565,0.0
rl,ppo | LDPC-DiscreteResidual-v0,24,39,14,5.289278675872303,0.0
rl,ppo | LDPC-DiscreteResidual-v0,24,39,15,3.882567571941277,0.0
rl,ppo | LDPC-DiscreteResidual-v0,24,39,16,5.762796970042492,0.0
rl,ppo | LDPC-DiscreteResidual-v0,24,39,17,4.209830332099454,0.0
rl,ppo | LDPC-DiscreteResidual-v0,24,39,18,0.0,0.0
rl,ppo | LDPC-DiscreteResidual-v0,24,39,19,4.2256117295274205,0.0
rl,ppo | LDPC-DiscreteResidual-v0,24,39,20,5.44226948515669,0.0
rl,ppo | LDPC-DiscreteResidual-v0,24,39,21,5.457859802030297,0.0
rl,ppo | LDPC-DiscreteResidual-v0,24,39,22,5.657184663401866,0.0
rl,ppo | LDPC-DiscreteResidual-v0,24,39,23,6.380369202692517,0.0
rl,ppo | LDPC-DiscreteResidual-v0,24,40,0,2.8403947746128986,0.0
rl,ppo | LDPC-DiscreteResidual-v0,24,40,1,2.323173646256856,0.0
rl,ppo | LDPC-DiscreteResidual-v0,24,40,2,3.9316165531231975,0.0
rl,ppo | LDPC-DiscreteResidual-v0,24,40,3,2.8007081040864104,0.0
rl,ppo | LDPC-DiscreteResidual-v0,24,40,4,2.466581331295488,0.0
rl,ppo | LDPC-DiscreteResidual-v0,24,40,5,3.005980979398517,0.0
rl,ppo | LDPC-DiscreteResidual-v0,24,40,6,3.337119470129416,0.0
rl,ppo | LDPC-DiscreteResidual-v0,24,40,7,3.8681641621632568,0.0
rl,ppo | LDPC-DiscreteResidual-v0,24,40,8,3.97181427600967,0.0
rl,ppo | LDPC-DiscreteResidual-v0,24,40,9,4.8706008361861945,0.0
rl,ppo | LDPC-DiscreteResidual-v0,24,40,10,5.566072994269723,0.0
rl,ppo | LDPC-DiscreteResidual-v0,24,40,11,4.622584022775526,0.0
rl,ppo | LDPC-DiscreteResidual-v0,24,40,12,4.490256007916159,0.0
rl,ppo | LDPC-DiscreteResidual-v0,24,40,13,4.8549997447151565,0.0
rl,ppo | LDPC-DiscreteResidual-v0,24,40,14,5.289278675872303,0.0
rl,ppo | LDPC-DiscreteResidual-v0,24,40,15,3.882567571941277,0.0
rl,ppo | LDPC-DiscreteResidual-v0,24,40,16,5.762796970042492,0.0
rl,ppo | LDPC-DiscreteResidual-v0,24,40,17,4.209830332099454,0.0
rl,ppo | LDPC-DiscreteResidual-v0,24,40,18,0.0,0.0
rl,ppo | LDPC-DiscreteResidual-v0,24,40,19,4.2256117295274205,0.0
rl,ppo | LDPC-DiscreteResidual-v0,24,40,20,5.44226948515669,0.0
rl,ppo | LDPC-DiscreteResidual-v0,24,40,21,5.457859802030297,0.0
rl,ppo | LDPC-DiscreteResidual-v0,24,40,22,5.657184663401866,0.0
rl,ppo | LDPC-DiscreteResidual-v0,24,40,23,6.380369202692517,0.0
rl,ppo | LDPC-DiscreteResidual-v0,24,41,0,2.8403947746128986,0.0
rl,ppo | LDPC-DiscreteResidual-v0,24,41,1,2.323173646256856,0.0
rl,ppo | LDPC-DiscreteResidual-v0,24,41,2,3.9316165531231975,0.0
rl,ppo | LDPC-DiscreteResidual-v0,24,41,3,2.8007081040864104,0.0
rl,ppo | LDPC-DiscreteResidual-v0,24,41,4,2.466581331295488,0.0
rl,ppo | LDPC-DiscreteResidual-v0,24,41,5,3.005980979398517,0.0
rl,ppo | LDPC-DiscreteResidual-v0,24,41,6,3.337119470129416,0.0
rl,ppo | LDPC-DiscreteResidual-v0,24,41,7,3.8681641621632568,0.0
rl,ppo | LDPC-DiscreteResidual-v0,24,41,8,3.97181427600967,0.0
rl,ppo | LDPC-DiscreteResidual-v0,24,41,9,4.8706008361861945,0.0
rl,ppo | LDPC-DiscreteResidual-v0,24,41,10,5.566072994269723,0.0
rl,ppo | LDPC-DiscreteResidual-v0,24,41,11,4.622584022775526,0.0
rl,ppo | LDPC-DiscreteResidual-v0,24,41,12,4.490256007916159,0.0
rl,ppo | LDPC-DiscreteResidual-v0,24,41,13,4.8549997447151565,0.0
rl,ppo | LDPC-DiscreteResidual-v0,24,41,14,5.289278675872303,0.0
rl,ppo | LDPC-DiscreteResidual-v0,24,41,15,3.882567571941277,0.0
rl,ppo | LDPC-DiscreteResidual-v0,24,41,16,5.762796970042492,0.0
rl,ppo | LDPC-DiscreteResidual-v0,24,41,17,4.209830332099454,0.0
rl,ppo | LDPC-DiscreteResidual-v0,24,41,18,0.0,0.0
rl,ppo | LDPC-DiscreteResidual-v0,24,41,19,4.2256117295274205,0.0
rl,ppo | LDPC-DiscreteResidual-v0,24,41,20,5.44226948515669,0.0
rl,ppo | LDPC-DiscreteResidual-v0,24,41,21,5.457859802030297,0.0
rl,ppo | LDPC-DiscreteResidual-v0,24,41,22,5.657184663401866,0.0
rl,ppo | LDPC-DiscreteResidual-v0,24,41,23,6.380369202692517,0.0
rl,ppo | LDPC-DiscreteResidual-v0,24,42,0,2.8403947746128986,0.0
rl,ppo | LDPC-DiscreteResidual-v0,24,42,1,2.323173646256856,0.0
rl,ppo | LDPC-DiscreteResidual-v0,24,42,2,3.9316165531231975,0.0
rl,ppo | LDPC-DiscreteResidual-v0,24,42,3,2.8007081040864104,0.0
rl,ppo | LDPC-DiscreteResidual-v0,24,42,4,2.466581331295488,0.0
rl,ppo | LDPC-DiscreteResidual-v0,24,42,5,3.005980979398517,0.0
rl,ppo | LDPC-DiscreteResidual-v0,24,42,6,3.337119470129416,0.0
rl,ppo | LDPC-DiscreteResidual-v0,24,42,7,3.8681641621632568,0.0
rl,ppo | LDPC-DiscreteResidual-v0,24,42,8,3.97181427600967,0.0
rl,ppo | LDPC-DiscreteResidual-v0,24,42,9,4.8706008361861945,0.0
rl,ppo | LDPC-DiscreteResidual-v0,24,42,10,5.566072994269723,0.0
rl,ppo | LDPC-DiscreteResidual-v0,24,42,11,4.622584022775526,0.0
rl,ppo | LDPC-DiscreteResidual-v0,24,42,12,4.490256007916159,0.0
rl,ppo | LDPC-DiscreteResidual-v0,24,42,13,4.8549997447151565,0.0
rl,ppo | LDPC-DiscreteResidual-v0,24,42,14,5.289278675872303,0.0
rl,ppo | LDPC-DiscreteResidual-v0,24,42,15,3.882567571941277,0.0
rl,ppo | LDPC-DiscreteResidual-v0,24,42,16,5.762796970042492,0.0
rl,ppo | LDPC-DiscreteResidual-v0,24,42,17,4.209830332099454,0.0
rl,ppo | LDPC-DiscreteResidual-v0,24,42,18,0.0,0.0
rl,ppo | LDPC-DiscreteResidual-v0,24,42,19,4.2256117295274205,0.0
rl,ppo | LDPC-DiscreteResidual-v0,24,42,20,5.44226948515669,0.0
rl,ppo | LDPC-DiscreteResidual-v0,24,42,21,5.457859802030297,0.0
rl,ppo | LDPC-DiscreteResidual-v0,24,42,22,5.657184663401866,0.0
rl,ppo | LDPC-DiscreteResidual-v0,24,42,23,6.380369202692517,0.0
rl,ppo | LDPC-DiscreteResidual-v0,24,43,0,2.8403947746128986,0.0
rl,ppo | LDPC-DiscreteResidual-v0,24,43,1,2.323173646256856,0.0
rl,ppo | LDPC-DiscreteResidual-v0,24,43,2,3.9316165531231975,0.0
rl,ppo | LDPC-DiscreteResidual-v0,24,43,3,2.8007081040864104,0.0
rl,ppo | LDPC-DiscreteResidual-v0,24,43,4,2.466581331295488,0.0
rl,ppo | LDPC-DiscreteResidual-v0,24,43,5,3.005980979398517,0.0
rl,ppo | LDPC-DiscreteResidual-v0,24,43,6,3.337119470129416,0.0
rl,ppo | LDPC-DiscreteResidual-v0,24,43,7,3.8681641621632568,0.0
rl,ppo | LDPC-DiscreteResidual-v0,24,43,8,3.97181427600967,0.0
rl,ppo | LDPC-DiscreteResidual-v0,24,43,9,4.8706008361861945,0.0
rl,ppo | LDPC-DiscreteResidual-v0,24,43,10,5.566072994269723,0.0
rl,ppo | LDPC-DiscreteResidual-v0,24,43,11,4.622584022775526,0.0
rl,ppo | LDPC-DiscreteResidual-v0,24,43,12,4.490256007916159,0.0
rl,ppo | LDPC-DiscreteResidual-v0,24,43,13,4.8549997447151565,0.0
rl,ppo | LDPC-DiscreteResidual-v0,24,43,14,5.289278675872303,0.0
rl,ppo | LDPC-DiscreteResidual-v0,24,43,15,3.882567571941277,0.0
rl,ppo | LDPC-DiscreteResidual-v0,24,43,16,5.762796970042492,0.0
rl,ppo | LDPC-DiscreteResidual-v0,24,43,17,4.209830332099454,0.0
rl,ppo | LDPC-DiscreteResidual-v0,24,43,18,0.0,0.0
rl,ppo | LDPC-DiscreteResidual-v0,24,43,19,4.2256117295274205,0.0
rl,ppo | LDPC-DiscreteResidual-v0,24,43,20,5.44226948515669,0.0
rl,ppo | LDPC-DiscreteResidual-v0,24,43,21,5.457859802030297,0.0
rl,ppo | LDPC-DiscreteResidual-v0,24,43,22,5.657184663401866,0.0
rl,ppo | LDPC-DiscreteResidual-v0,24,43,23,6.380369202692517,0.0
rl,ppo | LDPC-DiscreteResidual-v0,24,44,0,2.8403947746128986,0.0
rl,ppo | LDPC-DiscreteResidual-v0,24,44,1,2.323173646256856,0.0
rl,ppo | LDPC-DiscreteResidual-v0,24,44,2,3.9316165531231975,0.0
rl,ppo | LDPC-DiscreteResidual-v0,24,44,3,2.8007081040864104,0.0
rl,ppo | LDPC-DiscreteResidual-v0,24,44,4,2.466581331295488,0.0
rl,ppo | LDPC-DiscreteResidual-v0,24,44,5,3.005980979398517,0.0
rl,ppo | LDPC-DiscreteResidual-v0,24,44,6,3.337119470129416,0.0
rl,ppo | LDPC-DiscreteResidual-v0,24,44,7,3.8681641621632568,0.0
rl,ppo | LDPC-DiscreteResidual-v0,24,44,8,3.97181427600967,0.0
rl,ppo | LDPC-DiscreteResidual-v0,24,44,9,4.8706008361861945,0.0
rl,ppo | LDPC-DiscreteResidual-v0,24,44,10,5.566072994269723,0.0
rl,ppo | LDPC-DiscreteResidual-v0,24,44,11,4.622584022775526,0.0
rl,ppo | LDPC-DiscreteResidual-v0,24,44,12,4.490256007916159,0.0
rl,ppo | LDPC-DiscreteResidual-v0,24,44,13,4.8549997447151565,0.0
rl,ppo | LDPC-DiscreteResidual-v0,24,44,14,5.289278675872303,0.0
rl,ppo | LDPC-DiscreteResidual-v0,24,44,15,3.882567571941277,0.0
rl,ppo | LDPC-DiscreteResidual-v0,24,44,16,5.762796970042492,0.0
rl,ppo | LDPC-DiscreteResidual-v0,24,44,17,4.209830332099454,0.0
rl,ppo | LDPC-DiscreteResidual-v0,24,44,18,0.0,0.0
rl,ppo | LDPC-DiscreteResidual-v0,24,44,19,4.2256117295274205,0.0
rl,ppo | LDPC-DiscreteResidual-v0,24,44,20,5.44226948515669,0.0
rl,ppo | LDPC-DiscreteResidual-v0,24,44,21,5.457859802030297,0.0
rl,ppo | LDPC-DiscreteResidual-v0,24,44,22,5.657184663401866,0.0
rl,ppo | LDPC-DiscreteResidual-v0,24,44,23,6.380369202692517,0.0
rl,ppo | LDPC-DiscreteResidual-v0,24,45,0,2.8403947746128986,0.0
rl,ppo | LDPC-DiscreteResidual-v0,24,45,1,2.323173646256856,0.0
rl,ppo | LDPC-DiscreteResidual-v0,24,45,2,3.9316165531231975,0.0
rl,ppo | LDPC-DiscreteResidual-v0,24,45,3,2.8007081040864104,0.0
rl,ppo | LDPC-DiscreteResidual-v0,24,45,4,2.466581331295488,0.0
rl,ppo | LDPC-DiscreteResidual-v0,24,45,5,3.005980979398517,0.0
rl,ppo | LDPC-DiscreteResidual-v0,24,45,6,3.337119470129416,0.0
rl,ppo | LDPC-DiscreteResidual-v0,24,45,7,3.8681641621632568,0.0
rl,ppo | LDPC-DiscreteResidual-v0,24,45,8,3.97181427600967,0.0
rl,ppo | LDPC-DiscreteResidual-v0,24,45,9,4.8706008361861945,0.0
rl,ppo | LDPC-DiscreteResidual-v0,24,45,10,5.566072994269723,0.0
rl,ppo | LDPC-DiscreteResidual-v0,24,45,11,4.622584022775526,0.0
rl,ppo | LDPC-DiscreteResidual-v0,24,45,12,4.490256007916159,0.0
rl,ppo | LDPC-DiscreteResidual-v0,24,45,13,4.8549997447151565,0.0
rl,ppo | LDPC-DiscreteResidual-v0,24,45,14,5.289278675872303,0.0
rl,ppo | LDPC-DiscreteResidual-v0,24,45,15,3.882567571941277,0.0
rl,ppo | LDPC-DiscreteResidual-v0,24,45,16,5.762796970042492,0.0
rl,ppo | LDPC-DiscreteResidual-v0,24,45,17,4.209830332099454,0.0
rl,ppo | LDPC-DiscreteResidual-v0,24,45,18,0.0,0.0
rl,ppo | LDPC-DiscreteResidual-v0,24,45,19,4.2256117295274205,0.0
rl,ppo | LDPC-DiscreteResidual-v0,24,45,20,5.44226948515669,0.0
rl,ppo | LDPC-DiscreteResidual-v0,24,45,21,5.457859802030297,0.0
rl,ppo | LDPC-DiscreteResidual-v0,24,45,22,5.657184663401866,0.0
rl,ppo | LDPC-DiscreteResidual-v0,24,45,23,6.380369202692517,0.0
rl,ppo | LDPC-DiscreteResidual-v0,24,46,0,2.8403947746128986,0.0
rl,ppo | LDPC-DiscreteResidual-v0,24,46,1,2.323173646256856,0.0
rl,ppo | LDPC-DiscreteResidual-v0,24,46,2,3.9316165531231975,0.0
rl,ppo | LDPC-DiscreteResidual-v0,24,46,3,2.8007081040864104,0.0
rl,ppo | LDPC-DiscreteResidual-v0,24,46,4,2.466581331295488,0.0
rl,ppo | LDPC-DiscreteResidual-v0,24,46,5,3.005980979398517,0.0
rl,ppo | LDPC-DiscreteResidual-v0,24,46,6,3.337119470129416,0.0
rl,ppo | LDPC-DiscreteResidual-v0,24,46,7,3.8681641621632568,0.0
rl,ppo | LDPC-DiscreteResidual-v0,24,46,8,3.97181427600967,0.0
rl,ppo | LDPC-DiscreteResidual-v0,24,46,9,4.8706008361861945,0.0
rl,ppo | LDPC-DiscreteResidual-v0,24,46,10,5.566072994269723,0.0
rl,ppo | LDPC-DiscreteResidual-v0,24,46,11,4.622584022775526,0.0
rl,ppo | LDPC-DiscreteResidual-v0,24,46,12,4.490256007916159,0.0
rl,ppo | LDPC-DiscreteResidual-v0,24,46,13,4.8549997447151565,0.0
rl,ppo | LDPC-DiscreteResidual-v0,24,46,14,5.289278675872303,0.0
rl,ppo | LDPC-DiscreteResidual-v0,24,46,15,3.882567571941277,0.0
rl,ppo | LDPC-DiscreteResidual-v0,24,46,16,5.762796970042492,0.0
rl,ppo | LDPC-DiscreteResidual-v0,24,46,17,4.209830332099454,0.0
rl,ppo | LDPC-DiscreteResidual-v0,24,46,18,0.0,0.0
rl,ppo | LDPC-DiscreteResidual-v0,24,46,19,4.2256117295274205,0.0
rl,ppo | LDPC-DiscreteResidual-v0,24,46,20,5.44226948515669,0.0
rl,ppo | LDPC-DiscreteResidual-v0,24,46,21,5.457859802030297,0.0
rl,ppo | LDPC-DiscreteResidual-v0,24,46,22,5.657184663401866,0.0
rl,ppo | LDPC-DiscreteResidual-v0,24,46,23,6.380369202692517,0.0
rl,ppo | LDPC-DiscreteResidual-v0,24,47,0,2.8403947746128986,0.0
rl,ppo | LDPC-DiscreteResidual-v0,24,47,1,2.323173646256856,0.0
rl,ppo | LDPC-DiscreteResidual-v0,24,47,2,3.9316165531231975,0.0
rl,ppo | LDPC-DiscreteResidual-v0,24,47,3,2.8007081040864104,0.0
rl,ppo | LDPC-DiscreteResidual-v0,24,47,4,2.466581331295488,0.0
rl,ppo | LDPC-DiscreteResidual-v0,24,47,5,3.005980979398517,0.0
rl,ppo | LDPC-DiscreteResidual-v0,24,47,6,3.337119470129416,0.0
rl,ppo | LDPC-DiscreteResidual-v0,24,47,7,3.8681641621632568,0.0
rl,ppo | LDPC-DiscreteResidual-v0,24,47,8,3.97181427600967,0.0
rl,ppo | LDPC-DiscreteResidual-v0,24,47,9,4.8706008361861945,0.0
rl,ppo | LDPC-DiscreteResidual-v0,24,47,10,5.566072994269723,0.0
rl,ppo | LDPC-DiscreteResidual-v0,24,47,11,4.622584022775526,0.0
rl,ppo | LDPC-DiscreteResidual-v0,24,47,12,4.490256007916159,0.0
rl,ppo | LDPC-DiscreteResidual-v0,24,47,13,4.8549997447151565,0.0
rl,ppo | LDPC-DiscreteResidual-v0,24,47,14,5.289278675872303,0.0
rl,ppo | LDPC-DiscreteResidual-v0,24,47,15,3.882567571941277,0.0
rl,ppo | LDPC-DiscreteResidual-v0,24,47,16,5.762796970042492,0.0
rl,ppo | LDPC-DiscreteResidual-v0,24,47,17,4.209830332099454,0.0
rl,ppo | LDPC-DiscreteResidual-v0,24,47,18,0.0,0.0
rl,ppo | LDPC-DiscreteResidual-v0,24,47,19,4.2256117295274205,0.0
rl,ppo | LDPC-DiscreteResidual-v0,24,47,20,5.44226948515669,0.0
rl,ppo | LDPC-DiscreteResidual-v0,24,47,21,5.457859802030297,0.0
rl,ppo | LDPC-DiscreteResidual-v0,24,47,22,5.657184663401866,0.0
rl,ppo | LDPC-DiscreteResidual-v0,24,47,23,6.380369202692517,0.0
rl,ppo | LDPC-DiscreteResidual-v0,24,48,0,2.8403947746128986,0.0
rl,ppo | LDPC-DiscreteResidual-v0,24,48,1,2.323173646256856,0.0
rl,ppo | LDPC-DiscreteResidual-v0,24,48,2,3.9316165531231975,0.0
rl,ppo | LDPC-DiscreteResidual-v0,24,48,3,2.8007081040864104,0.0
rl,ppo | LDPC-DiscreteResidual-v0,24,48,4,2.466581331295488,0.0
rl,ppo | LDPC-DiscreteResidual-v0,24,48,5,3.005980979398517,0.0
rl,ppo | LDPC-DiscreteResidual-v0,24,48,6,3.337119470129416,0.0
rl,ppo | LDPC-DiscreteResidual-v0,24,48,7,3.8681641621632568,0.0
rl,ppo | LDPC-DiscreteResidual-v0,24,48,8,3.97181427600967,0.0
rl,ppo | LDPC-DiscreteResidual-v0,24,48,9,4.8706008361861945,0.0
rl,ppo | LDPC-DiscreteResidual-v0,24,48,10,5.566072994269723,0.0
rl,ppo | LDPC-DiscreteResidual-v0,24,48,11,4.622584022775526,0.0
rl,ppo | LDPC-DiscreteResidual-v0,24,48,12,4.490256007916159,0.0
rl,ppo | LDPC-DiscreteResidual-v0,24,48,13,4.8549997447151565,0.0
rl,ppo | LDPC-DiscreteResidual-v0,24,48,14,5.289278675872303,0.0
rl,ppo | LDPC-DiscreteResidual-v0,24,48,15,3.882567571941277,0.0
rl,ppo | LDPC-DiscreteResidual-v0,24,48,16,5.762796970042492,0.0
rl,ppo | LDPC-DiscreteResidual-v0,24,48,17,4.209830332099454,0.0
rl,ppo | LDPC-DiscreteResidual-v0,24,48,18,0.0,0.0
rl,ppo | LDPC-DiscreteResidual-v0,24,48,19,4.2256117295274205,0.0
rl,ppo | LDPC-DiscreteResidual-v0,24,48,20,5.44226948515669,0.0
rl,ppo | LDPC-DiscreteResidual-v0,24,48,21,5.457859802030297,0.0
rl,ppo | LDPC-DiscreteResidual-v0,24,48,22,5.657184663401866,0.0
rl,ppo | LDPC-DiscreteResidual-v0,24,48,23,6.380369202692517,0.0
rl,ppo | LDPC-DiscreteResidual-v0,24,49,0,2.8403947746128986,0.0
rl,ppo | LDPC-DiscreteResidual-v0,24,49,1,2.323173646256856,0.0
rl,ppo | LDPC-DiscreteResidual-v0,24,49,2,3.9316165531231975,0.0
rl,ppo | LDPC-DiscreteResidual-v0,24,49,3,2.8007081040864104,0.0
rl,ppo | LDPC-DiscreteResidual-v0,24,49,4,2.466581331295488,0.0
rl,ppo | LDPC-DiscreteResidual-v0,24,49,5,3.005980979398517,0.0
rl,ppo | LDPC-DiscreteResidual-v0,24,49,6,3.337119470129416,0.0
rl,ppo | LDPC-DiscreteResidual-v0,24,49,7,3.8681641621632568,0.0
rl,ppo | LDPC-DiscreteResidual-v0,24,49,8,3.97181427600967,0.0
rl,ppo | LDPC-DiscreteResidual-v0,24,49,9,4.8706008361861945,0.0
rl,ppo | LDPC-DiscreteResidual-v0,24,49,10,5.566072994269723,0.0
rl,ppo | LDPC-DiscreteResidual-v0,24,49,11,4.622584022775526,0.0
rl,ppo | LDPC-DiscreteResidual-v0,24,49,12,4.490256007916159,0.0
rl,ppo | LDPC-DiscreteResidual-v0,24,49,13,4.8549997447151565,0.0
rl,ppo | LDPC-DiscreteResidual-v0,24,49,14,5.289278675872303,0.0
rl,ppo | LDPC-DiscreteResidual-v0,24,49,15,3.882567571941277,0.0
rl,ppo | LDPC-DiscreteResidual-v0,24,49,16,5.762796970042492,0.0
rl,ppo | LDPC-DiscreteResidual-v0,24,49,17,4.209830332099454,0.0
rl,ppo | LDPC-DiscreteResidual-v0,24,49,18,0.0,0.0
rl,ppo | LDPC-DiscreteResidual-v0,24,49,19,4.2256117295274205,0.0
rl,ppo | LDPC-DiscreteResidual-v0,24,49,20,5.44226948515669,0.0
rl,ppo | LDPC-DiscreteResidual-v0,24,49,21,5.457859802030297,0.0
rl,ppo | LDPC-DiscreteResidual-v0,24,49,22,5.657184663401866,0.0
rl,ppo | LDPC-DiscreteResidual-v0,24,49,23,6.380369202692517,0.0
rl,ppo | LDPC-DiscreteResidual-v0,24,50,0,2.8403947746128986,0.0
rl,ppo | LDPC-DiscreteResidual-v0,24,50,1,2.323173646256856,0.0
rl,ppo | LDPC-DiscreteResidual-v0,24,50,2,3.9316165531231975,0.0
rl,ppo | LDPC-DiscreteResidual-v0,24,50,3,2.8007081040864104,0.0
rl,ppo | LDPC-DiscreteResidual-v0,24,50,4,2.466581331295488,0.0
rl,ppo | LDPC-DiscreteResidual-v0,24,50,5,3.005980979398517,0.0
rl,ppo | LDPC-DiscreteResidual-v0,24,50,6,3.337119470129416,0.0
rl,ppo | LDPC-DiscreteResidual-v0,24,50,7,3.8681641621632568,0.0
rl,ppo | LDPC-DiscreteResidual-v0,24,50,8,3.97181427600967,0.0
rl,ppo | LDPC-DiscreteResidual-v0,24,50,9,4.8706008361861945,0.0
rl,ppo | LDPC-DiscreteResidual-v0,24,50,10,5.566072994269723,0.0
rl,ppo | LDPC-DiscreteResidual-v0,24,50,11,4.622584022775526,0.0
rl,ppo | LDPC-DiscreteResidual-v0,24,50,12,4.490256007916159,0.0
rl,ppo | LDPC-DiscreteResidual-v0,24,50,13,4.8549997447151565,0.0
rl,ppo | LDPC-DiscreteResidual-v0,24,50,14,5.289278675872303,0.0
rl,ppo | LDPC-DiscreteResidual-v0,24,50,15,3.882567571941277,0.0
rl,ppo | LDPC-DiscreteResidual-v0,24,50,16,5.762796970042492,0.0
rl,ppo | LDPC-DiscreteResidual-v0,24,50,17,4.209830332099454,0.0
rl,ppo | LDPC-DiscreteResidual-v0,24,50,18,0.0,0.0
rl,ppo | LDPC-DiscreteResidual-v0,24,50,19,4.2256117295274205,0.0
rl,ppo | LDPC-DiscreteResidual-v0,24,50,20,5.44226948515669,0.0
rl,ppo | LDPC-DiscreteResidual-v0,24,50,21,5.457859802030297,0.0
rl,ppo | LDPC-DiscreteResidual-v0,24,50,22,5.657184663401866,0.0
rl,ppo | LDPC-DiscreteResidual-v0,24,50,23,6.380369202692517,0.0
rl,ppo | LDPC-DiscreteResidual-v0,24,51,0,2.8403947746128986,0.0
rl,ppo | LDPC-DiscreteResidual-v0,24,51,1,2.323173646256856,0.0
rl,ppo | LDPC-DiscreteResidual-v0,24,51,2,3.9316165531231975,0.0
rl,ppo | LDPC-DiscreteResidual-v0,24,51,3,2.8007081040864104,0.0
rl,ppo | LDPC-DiscreteResidual-v0,24,51,4,2.466581331295488,0.0
rl,ppo | LDPC-DiscreteResidual-v0,24,51,5,3.005980979398517,0.0
rl,ppo | LDPC-DiscreteResidual-v0,24,51,6,3.337119470129416,0.0
rl,ppo | LDPC-DiscreteResidual-v0,24,51,7,3.8681641621632568,0.0
rl,ppo | LDPC-DiscreteResidual-v0,24,51,8,3.97181427600967,0.0
rl,ppo | LDPC-DiscreteResidual-v0,24,51,9,4.8706008361861945,0.0
rl,ppo | LDPC-DiscreteResidual-v0,24,51,10,5.566072994269723,0.0
rl,ppo | LDPC-DiscreteResidual-v0,24,51,11,4.622584022775526,0.0
rl,ppo | LDPC-DiscreteResidual-v0,24,51,12,4.490256007916159,0.0
rl,ppo | LDPC-DiscreteResidual-v0,24,51,13,4.8549997447151565,0.0
rl,ppo | LDPC-DiscreteResidual-v0,24,51,14,5.289278675872303,0.0
rl,ppo | LDPC-DiscreteResidual-v0,24,51,15,3.882567571941277,0.0
rl,ppo | LDPC-DiscreteResidual-v0,24,51,16,5.762796970042492,0.0
rl,ppo | LDPC-DiscreteResidual-v0,24,51,17,4.209830332099454,0.0
rl,ppo | LDPC-DiscreteResidual-v0,24,51,18,0.0,0.0
rl,ppo | LDPC-DiscreteResidual-v0,24,51,19,4.2256117295274205,0.0
rl,ppo | LDPC-DiscreteResidual-v0,24,51,20,5.44226948515669,0.0
rl,ppo | LDPC-DiscreteResidual-v0,24,51,21,5.457859802030297,0.0
rl,ppo | LDPC-DiscreteResidual-v0,24,51,22,5.657184663401866,0.0
rl,ppo | LDPC-DiscreteResidual-v0,24,51,23,6.380369202692517,0.0
rl,ppo | LDPC-DiscreteResidual-v0,24,52,0,2.8403947746128986,0.0
rl,ppo | LDPC-DiscreteResidual-v0,24,52,1,2.323173646256856,0.0
rl,ppo | LDPC-DiscreteResidual-v0,24,52,2,3.9316165531231975,0.0
rl,ppo | LDPC-DiscreteResidual-v0,24,52,3,2.8007081040864104,0.0
rl,ppo | LDPC-DiscreteResidual-v0,24,52,4,2.466581331295488,0.0
rl,ppo | LDPC-DiscreteResidual-v0,24,52,5,3.005980979398517,0.0
rl,ppo | LDPC-DiscreteResidual-v0,24,52,6,3.337119470129416,0.0
rl,ppo | LDPC-DiscreteResidual-v0,24,52,7,3.8681641621632568,0.0
rl,ppo | LDPC-DiscreteResidual-v0,24,52,8,3.97181427600967,0.0
rl,ppo | LDPC-DiscreteResidual-v0,24,52,9,4.8706008361861945,0.0
rl,ppo | LDPC-DiscreteResidual-v0,24,52,10,5.566072994269723,0.0
rl,ppo | LDPC-DiscreteResidual-v0,24,52,11,4.622584022775526,0.0
rl,ppo | LDPC-DiscreteResidual-v0,24,52,12,4.490256007916159,0.0
rl,ppo | LDPC-DiscreteResidual-v0,24,52,13,4.8549997447151565,0.0
rl,ppo | LDPC-DiscreteResidual-v0,24,52,14,5.289278675872303,0.0
rl,ppo | LDPC-DiscreteResidual-v0,24,52,15,3.882567571941277,0.0
rl,ppo | LDPC-DiscreteResidual-v0,24,52,16,5.762796970042492,0.0
rl,ppo | LDPC-DiscreteResidual-v0,24,52,17,4.209830332099454,0.0
rl,ppo | LDPC-DiscreteResidual-v0,24,52,18,0.0,0.0
rl,ppo | LDPC-DiscreteResidual-v0,24,52,19,4.2256117295274205,0.0
rl,ppo | LDPC-DiscreteResidual-v0,24,52,20,5.44226948515669,0.0
rl,ppo | LDPC-DiscreteResidual-v0,24,52,21,5.457859802030297,0.0
rl,ppo | LDPC-DiscreteResidual-v0,24,52,22,5.657184663401866,0.0
rl,ppo | LDPC-DiscreteResidual-v0,24,52,23,6.380369202692517,0.0
rl,ppo | LDPC-DiscreteResidual-v0,24,53,0,2.8403947746128986,0.0
rl,ppo | LDPC-DiscreteResidual-v0,24,53,1,2.323173646256856,0.0
rl,ppo | LDPC-DiscreteResidual-v0,24,53,2,3.9316165531231975,0.0
rl,ppo | LDPC-DiscreteResidual-v0,24,53,3,2.8007081040864104,0.0
rl,ppo | LDPC-DiscreteResidual-v0,24,53,4,2.466581331295488,0.0
rl,ppo | LDPC-DiscreteResidual-v0,24,53,5,3.005980979398517,0.0
rl,ppo | LDPC-DiscreteResidual-v0,24,53,6,3.337119470129416,0.0
rl,ppo | LDPC-DiscreteResidual-v0,24,53,7,3.8681641621632568,0.0
rl,ppo | LDPC-DiscreteResidual-v0,24,53,8,3.97181427600967,0.0
rl,ppo | LDPC-DiscreteResidual-v0,24,53,9,4.8706008361861945,0.0
rl,ppo | LDPC-DiscreteResidual-v0,24,53,10,5.566072994269723,0.0
rl,ppo | LDPC-DiscreteResidual-v0,24,53,11,4.622584022775526,0.0
rl,ppo | LDPC-DiscreteResidual-v0,24,53,12,4.490256007916159,0.0
rl,ppo | LDPC-DiscreteResidual-v0,24,53,13,4.8549997447151565,0.0
rl,ppo | LDPC-DiscreteResidual-v0,24,53,14,5.289278675872303,0.0
rl,ppo | LDPC-DiscreteResidual-v0,24,53,15,3.882567571941277,0.0
rl,ppo | LDPC-DiscreteResidual-v0,24,53,16,5.762796970042492,0.0
rl,ppo | LDPC-DiscreteResidual-v0,24,53,17,4.209830332099454,0.0
rl,ppo | LDPC-DiscreteResidual-v0,24,53,18,0.0,0.0
rl,ppo | LDPC-DiscreteResidual-v0,24,53,19,4.2256117295274205,0.0
rl,ppo | LDPC-DiscreteResidual-v0,24,53,20,5.44226948515669,0.0
rl,ppo | LDPC-DiscreteResidual-v0,24,53,21,5.457859802030297,0.0
rl,ppo | LDPC-DiscreteResidual-v0,24,53,22,5.657184663401866,0.0
rl,ppo | LDPC-DiscreteResidual-v0,24,53,23,6.380369202692517,0.0
rl,ppo | LDPC-DiscreteResidual-v0,24,54,0,2.8403947746128986,0.0
rl,ppo | LDPC-DiscreteResidual-v0,24,54,1,2.323173646256856,0.0
rl,ppo | LDPC-DiscreteResidual-v0,24,54,2,3.9316165531231975,0.0
rl,ppo | LDPC-DiscreteResidual-v0,24,54,3,2.8007081040864104,0.0
rl,ppo | LDPC-DiscreteResidual-v0,24,54,4,2.466581331295488,0.0
rl,ppo | LDPC-DiscreteResidual-v0,24,54,5,3.005980979398517,0.0
rl,ppo | LDPC-DiscreteResidual-v0,24,54,6,3.337119470129416,0.0
rl,ppo | LDPC-DiscreteResidual-v0,24,54,7,3.8681641621632568,0.0
rl,ppo | LDPC-DiscreteResidual-v0,24,54,8,3.97181427600967,0.0
rl,ppo | LDPC-DiscreteResidual-v0,24,54,9,4.8706008361861945,0.0
rl,ppo | LDPC-DiscreteResidual-v0,24,54,10,5.566072994269723,0.0
rl,ppo | LDPC-DiscreteResidual-v0,24,54,11,4.622584022775526,0.0
rl,ppo | LDPC-DiscreteResidual-v0,24,54,12,4.490256007916159,0.0
rl,ppo | LDPC-DiscreteResidual-v0,24,54,13,4.8549997447151565,0.0
rl,ppo | LDPC-DiscreteResidual-v0,24,54,14,5.289278675872303,0.0
rl,ppo | LDPC-DiscreteResidual-v0,24,54,15,3.882567571941277,0.0
rl,ppo | LDPC-DiscreteResidual-v0,24,54,16,5.762796970042492,0.0
rl,ppo | LDPC-DiscreteResidual-v0,24,54,17,4.209830332099454,0.0
rl,ppo | LDPC-DiscreteResidual-v0,24,54,18,0.0,0.0
rl,ppo | LDPC-DiscreteResidual-v0,24,54,19,4.2256117295274205,0.0
rl,ppo | LDPC-DiscreteResidual-v0,24,54,20,5.44226948515669,0.0
rl,ppo | LDPC-DiscreteResidual-v0,24,54,21,5.457859802030297,0.0
rl,ppo | LDPC-DiscreteResidual-v0,24,54,22,5.657184663401866,0.0
rl,ppo | LDPC-DiscreteResidual-v0,24,54,23,6.380369202692517,0.0
rl,ppo | LDPC-DiscreteResidual-v0,24,55,0,2.8403947746128986,0.0
rl,ppo | LDPC-DiscreteResidual-v0,24,55,1,2.323173646256856,0.0
rl,ppo | LDPC-DiscreteResidual-v0,24,55,2,3.9316165531231975,0.0
rl,ppo | LDPC-DiscreteResidual-v0,24,55,3,2.8007081040864104,0.0
rl,ppo | LDPC-DiscreteResidual-v0,24,55,4,2.466581331295488,0.0
rl,ppo | LDPC-DiscreteResidual-v0,24,55,5,3.005980979398517,0.0
rl,ppo | LDPC-DiscreteResidual-v0,24,55,6,3.337119470129416,0.0
rl,ppo | LDPC-DiscreteResidual-v0,24,55,7,3.8681641621632568,0.0
rl,ppo | LDPC-DiscreteResidual-v0,24,55,8,3.97181427600967,0.0
rl,ppo | LDPC-DiscreteResidual-v0,24,55,9,4.8706008361861945,0.0
rl,ppo | LDPC-DiscreteResidual-v0,24,55,10,5.566072994269723,0.0
rl,ppo | LDPC-DiscreteResidual-v0,24,55,11,4.622584022775526,0.0
rl,ppo | LDPC-DiscreteResidual-v0,24,55,12,4.490256007916159,0.0
rl,ppo | LDPC-DiscreteResidual-v0,24,55,13,4.8549997447151565,0.0
rl,ppo | LDPC-DiscreteResidual-v0,24,55,14,5.289278675872303,0.0
rl,ppo | LDPC-DiscreteResidual-v0,24,55,15,3.882567571941277,0.0
rl,ppo | LDPC-DiscreteResidual-v0,24,55,16,5.762796970042492,0.0
rl,ppo | LDPC-DiscreteResidual-v0,24,55,17,4.209830332099454,0.0
rl,ppo | LDPC-DiscreteResidual-v0,24,55,18,0.0,0.0
rl,ppo | LDPC-DiscreteResidual-v0,24,55,19,4.2256117295274205,0.0
rl,ppo | LDPC-DiscreteResidual-v0,24,55,20,5.44226948515669,0.0
rl,ppo | LDPC-DiscreteResidual-v0,24,55,21,5.457859802030297,0.0
rl,ppo | LDPC-DiscreteResidual-v0,24,55,22,5.657184663401866,0.0
rl,ppo | LDPC-DiscreteResidual-v0,24,55,23,6.380369202692517,0.0
rl,ppo | LDPC-DiscreteResidual-v0,24,56,0,2.8403947746128986,0.0
rl,ppo | LDPC-DiscreteResidual-v0,24,56,1,2.323173646256856,0.0
rl,ppo | LDPC-DiscreteResidual-v0,24,56,2,3.9316165531231975,0.0
rl,ppo | LDPC-DiscreteResidual-v0,24,56,3,2.8007081040864104,0.0
rl,ppo | LDPC-DiscreteResidual-v0,24,56,4,2.466581331295488,0.0
rl,ppo | LDPC-DiscreteResidual-v0,24,56,5,3.005980979398517,0.0
rl,ppo | LDPC-DiscreteResidual-v0,24,56,6,3.337119470129416,0.0
rl,ppo | LDPC-DiscreteResidual-v0,24,56,7,3.8681641621632568,0.0
rl,ppo | LDPC-DiscreteResidual-v0,24,56,8,3.97181427600967,0.0
rl,ppo | LDPC-DiscreteResidual-v0,24,56,9,4.8706008361861945,0.0
rl,ppo | LDPC-DiscreteResidual-v0,24,56,10,5.566072994269723,0.0
rl,ppo | LDPC-DiscreteResidual-v0,24,56,11,4.622584022775526,0.0
rl,ppo | LDPC-DiscreteResidual-v0,24,56,12,4.490256007916159,0.0
rl,ppo | LDPC-DiscreteResidual-v0,24,56,13,4.8549997447151565,0.0
rl,ppo | LDPC-DiscreteResidual-v0,24,56,14,5.289278675872303,0.0
rl,ppo | LDPC-DiscreteResidual-v0,24,56,15,3.882567571941277,0.0
rl,ppo | LDPC-DiscreteResidual-v0,24,56,16,5.762796970042492,0.0
rl,ppo | LDPC-DiscreteResidual-v0,24,56,17,4.209830332099454,0.0
rl,ppo | LDPC-DiscreteResidual-v0,24,56,18,0.0,0.0
rl,ppo | LDPC-DiscreteResidual-v0,24,56,19,4.2256117295274205,0.0
rl,ppo | LDPC-DiscreteResidual-v0,24,56,20,5.44226948515669,0.0
rl,ppo | LDPC-DiscreteResidual-v0,24,56,21,5.457859802030297,0.0
rl,ppo | LDPC-DiscreteResidual-v0,24,56,22,5.657184663401866,0.0
rl,ppo | LDPC-DiscreteResidual-v0,24,56,23,6.380369202692517,0.0
rl,ppo | LDPC-DiscreteResidual-v0,24,57,0,2.8403947746128986,0.0
rl,ppo | LDPC-DiscreteResidual-v0,24,57,1,2.323173646256856,0.0
rl,ppo | LDPC-DiscreteResidual-v0,24,57,2,3.9316165531231975,0.0
rl,ppo | LDPC-DiscreteResidual-v0,24,57,3,2.8007081040864104,0.0
rl,ppo | LDPC-DiscreteResidual-v0,24,57,4,2.466581331295488,0.0
rl,ppo | LDPC-DiscreteResidual-v0,24,57,5,3.005980979398517,0.0
rl,ppo | LDPC-DiscreteResidual-v0,24,57,6,3.337119470129416,0.0
rl,ppo | LDPC-DiscreteResidual-v0,24,57,7,3.8681641621632568,0.0
rl,ppo | LDPC-DiscreteResidual-v0,24,57,8,3.97181427600967,0.0
rl,ppo | LDPC-DiscreteResidual-v0,24,57,9,4.8706008361861945,0.0
rl,ppo | LDPC-DiscreteResidual-v0,24,57,10,5.566072994269723,0.0
rl,ppo | LDPC-DiscreteResidual-v0,24,57,11,4.622584022775526,0.0
rl,ppo | LDPC-DiscreteResidual-v0,24,57,12,4.490256007916159,0.0
rl,ppo | LDPC-DiscreteResidual-v0,24,57,13,4.8549997447151565,0.0
rl,ppo | LDPC-DiscreteResidual-v0,24,57,14,5.289278675872303,0.0
rl,ppo | LDPC-DiscreteResidual-v0,24,57,15,3.882567571941277,0.0
rl,ppo | LDPC-DiscreteResidual-v0,24,57,16,5.762796970042492,0.0
rl,ppo | LDPC-DiscreteResidual-v0,24,57,17,4.209830332099454,0.0
rl,ppo | LDPC-DiscreteResidual-v0,24,57,18,0.0,0.0
rl,ppo | LDPC-DiscreteResidual-v0,24,57,19,4.2256117295274205,0.0
rl,ppo | LDPC-DiscreteResidual-v0,24,57,20,5.44226948515669,0.0
rl,ppo | LDPC-DiscreteResidual-v0,24,57,21,5.457859802030297,0.0
rl,ppo | LDPC-DiscreteResidual-v0,24,57,22,5.657184663401866,0.0
rl,ppo | LDPC-DiscreteResidual-v0,24,57,23,6.380369202692517,0.0
rl,ppo | LDPC-DiscreteResidual-v0,24,58,0,2.8403947746128986,0.0
rl,ppo | LDPC-DiscreteResidual-v0,24,58,1,2.323173646256856,0.0
rl,ppo | LDPC-DiscreteResidual-v0,24,58,2,3.9316165531231975,0.0
rl,ppo | LDPC-DiscreteResidual-v0,24,58,3,2.8007081040864104,0.0
rl,ppo | LDPC-DiscreteResidual-v0,24,58,4,2.466581331295488,0.0
rl,ppo | LDPC-DiscreteResidual-v0,24,58,5,3.005980979398517,0.0
rl,ppo | LDPC-DiscreteResidual-v0,24,58,6,3.337119470129416,0.0
rl,ppo | LDPC-DiscreteResidual-v0,24,58,7,3.8681641621632568,0.0
rl,ppo | LDPC-DiscreteResidual-v0,24,58,8,3.97181427600967,0.0
rl,ppo | LDPC-DiscreteResidual-v0,24,58,9,4.8706008361861945,0.0
rl,ppo | LDPC-DiscreteResidual-v0,24,58,10,5.566072994269723,0.0
rl,ppo | LDPC-DiscreteResidual-v0,24,58,11,4.622584022775526,0.0
rl,ppo | LDPC-DiscreteResidual-v0,24,58,12,4.490256007916159,0.0
rl,ppo | LDPC-DiscreteResidual-v0,24,58,13,4.8549997447151565,0.0
rl,ppo | LDPC-DiscreteResidual-v0,24,58,14,5.289278675872303,0.0
rl,ppo | LDPC-DiscreteResidual-v0,24,58,15,3.882567571941277,0.0
rl,ppo | LDPC-DiscreteResidual-v0,24,58,16,5.762796970042492,0.0
rl,ppo | LDPC-DiscreteResidual-v0,24,58,17,4.209830332099454,0.0
rl,ppo | LDPC-DiscreteResidual-v0,24,58,18,0.0,0.0
rl,ppo | LDPC-DiscreteResidual-v0,24,58,19,4.2256117295274205,0.0
rl,ppo | LDPC-DiscreteResidual-v0,24,58,20,5.44226948515669,0.0
rl,ppo | LDPC-DiscreteResidual-v0,24,58,21,5.457859802030297,0.0
rl,ppo | LDPC-DiscreteResidual-v0,24,58,22,5.657184663401866,0.0
rl,ppo | LDPC-DiscreteResidual-v0,24,58,23,6.380369202692517,0.0
rl,ppo | LDPC-DiscreteResidual-v0,24,59,0,2.8403947746128986,0.0
rl,ppo | LDPC-DiscreteResidual-v0,24,59,1,2.323173646256856,0.0
rl,ppo | LDPC-DiscreteResidual-v0,24,59,2,3.9316165531231975,0.0
rl,ppo | LDPC-DiscreteResidual-v0,24,59,3,2.8007081040864104,0.0
rl,ppo | LDPC-DiscreteResidual-v0,24,59,4,2.466581331295488,0.0
rl,ppo | LDPC-DiscreteResidual-v0,24,59,5,3.005980979398517,0.0
rl,ppo | LDPC-DiscreteResidual-v0,24,59,6,3.337119470129416,0.0
rl,ppo | LDPC-DiscreteResidual-v0,24,59,7,3.8681641621632568,0.0
rl,ppo | LDPC-DiscreteResidual-v0,24,59,8,3.97181427600967,0.0
rl,ppo | LDPC-DiscreteResidual-v0,24,59,9,4.8706008361861945,0.0
rl,ppo | LDPC-DiscreteResidual-v0,24,59,10,5.566072994269723,0.0
rl,ppo | LDPC-DiscreteResidual-v0,24,59,11,4.622584022775526,0.0
rl,ppo | LDPC-DiscreteResidual-v0,24,59,12,4.490256007916159,0.0
rl,ppo | LDPC-DiscreteResidual-v0,24,59,13,4.8549997447151565,0.0
rl,ppo | LDPC-DiscreteResidual-v0,24,59,14,5.289278675872303,0.0
rl,ppo | LDPC-DiscreteResidual-v0,24,59,15,3.882567571941277,0.0
rl,ppo | LDPC-DiscreteResidual-v0,24,59,16,5.762796970042492,0.0
rl,ppo | LDPC-DiscreteResidual-v0,24,59,17,4.209830332099454,0.0
rl,ppo | LDPC-DiscreteResidual-v0,24,59,18,0.0,0.0
rl,ppo | LDPC-DiscreteResidual-v0,24,59,19,4.2256117295274205,0.0
rl,ppo | LDPC-DiscreteResidual-v0,24,59,20,5.44226948515669,0.0
rl,ppo | LDPC-DiscreteResidual-v0,24,59,21,5.457859802030297,0.0
rl,ppo | LDPC-DiscreteResidual-v0,24,59,22,5.657184663401866,0.0
rl,ppo | LDPC-DiscreteResidual-v0,24,59,23,6.380369202692517,0.0
rl,ppo | LDPC-DiscreteResidual-v0,24,60,0,2.8403947746128986,0.0
rl,ppo | LDPC-DiscreteResidual-v0,24,60,1,2.323173646256856,0.0
rl,ppo | LDPC-DiscreteResidual-v0,24,60,2,3.9316165531231975,0.0
rl,ppo | LDPC-DiscreteResidual-v0,24,60,3,2.8007081040864104,0.0
rl,ppo | LDPC-DiscreteResidual-v0,24,60,4,2.466581331295488,0.0
rl,ppo | LDPC-DiscreteResidual-v0,24,60,5,3.005980979398517,0.0
rl,ppo | LDPC-DiscreteResidual-v0,24,60,6,3.337119470129416,0.0
rl,ppo | LDPC-DiscreteResidual-v0,24,60,7,3.8681641621632568,0.0
rl,ppo | LDPC-DiscreteResidual-v0,24,60,8,3.97181427600967,0.0
rl,ppo | LDPC-DiscreteResidual-v0,24,60,9,4.8706008361861945,0.0
rl,ppo | LDPC-DiscreteResidual-v0,24,60,10,5.566072994269723,0.0
rl,ppo | LDPC-DiscreteResidual-v0,24,60,11,4.622584022775526,0.0
rl,ppo | LDPC-DiscreteResidual-v0,24,60,12,4.490256007916159,0.0
rl,ppo | LDPC-DiscreteResidual-v0,24,60,13,4.8549997447151565,0.0
rl,ppo | LDPC-DiscreteResidual-v0,24,60,14,5.289278675872303,0.0
rl,ppo | LDPC-DiscreteResidual-v0,24,60,15,3.882567571941277,0.0
rl,ppo | LDPC-DiscreteResidual-v0,24,60,16,5.762796970042492,0.0
rl,ppo | LDPC-DiscreteResidual-v0,24,60,17,4.209830332099454,0.0
rl,ppo | LDPC-DiscreteResidual-v0,24,60,18,0.0,0.0
rl,ppo | LDPC-DiscreteResidual-v0,24,60,19,4.2256117295274205,0.0
rl,ppo | LDPC-DiscreteResidual-v0,24,60,20,5.44226948515669,0.0
rl,ppo | LDPC-DiscreteResidual-v0,24,60,21,5.457859802030297,0.0
rl,ppo | LDPC-DiscreteResidual-v0,24,60,22,5.657184663401866,0.0
rl,ppo | LDPC-DiscreteResidual-v0,24,60,23,6.380369202692517,0.0
rl,ppo | LDPC-DiscreteResidual-v0,24,61,0,2.8403947746128986,0.0
rl,ppo | LDPC-DiscreteResidual-v0,24,61,1,2.323173646256856,0.0
rl,ppo | LDPC-DiscreteResidual-v0,24,61,2,3.9316165531231975,0.0
rl,ppo | LDPC-DiscreteResidual-v0,24,61,3,2.8007081040864104,0.0
rl,ppo | LDPC-DiscreteResidual-v0,24,61,4,2.466581331295488,0.0
rl,ppo | LDPC-DiscreteResidual-v0,24,61,5,3.005980979398517,0.0
rl,ppo | LDPC-DiscreteResidual-v0,24,61,6,3.337119470129416,0.0
rl,ppo | LDPC-DiscreteResidual-v0,24,61,7,3.8681641621632568,0.0
rl,ppo | LDPC-DiscreteResidual-v0,24,61,8,3.97181427600967,0.0
rl,ppo | LDPC-DiscreteResidual-v0,24,61,9,4.8706008361861945,0.0
rl,ppo | LDPC-DiscreteResidual-v0,24,61,10,5.566072994269723,0.0
rl,ppo | LDPC-DiscreteResidual-v0,24,61,11,4.622584022775526,0.0
rl,ppo | LDPC-DiscreteResidual-v0,24,61,12,4.490256007916159,0.0
rl,ppo | LDPC-DiscreteResidual-v0,24,61,13,4.8549997447151565,0.0
rl,ppo | LDPC-DiscreteResidual-v0,24,61,14,5.289278675872303,0.0
rl,ppo | LDPC-DiscreteResidual-v0,24,61,15,3.882567571941277,0.0
rl,ppo | LDPC-DiscreteResidual-v0,24,61,16,5.762796970042492,0.0
rl,ppo | LDPC-DiscreteResidual-v0,24,61,17,4.209830332099454,0.0
rl,ppo | LDPC-DiscreteResidual-v0,24,61,18,0.0,0.0
rl,ppo | LDPC-DiscreteResidual-v0,24,61,19,4.2256117295274205,0.0
rl,ppo | LDPC-DiscreteResidual-v0,24,61,20,5.44226948515669,0.0
rl,ppo | LDPC-DiscreteResidual-v0,24,61,21,5.457859802030297,0.0
rl,ppo | LDPC-DiscreteResidual-v0,24,61,22,5.657184663401866,0.0
rl,ppo | LDPC-DiscreteResidual-v0,24,61,23,6.380369202692517,0.0
rl,ppo | LDPC-DiscreteResidual-v0,24,62,0,2.8403947746128986,0.0
rl,ppo | LDPC-DiscreteResidual-v0,24,62,1,2.323173646256856,0.0
rl,ppo | LDPC-DiscreteResidual-v0,24,62,2,3.9316165531231975,0.0
rl,ppo | LDPC-DiscreteResidual-v0,24,62,3,2.8007081040864104,0.0
rl,ppo | LDPC-DiscreteResidual-v0,24,62,4,2.466581331295488,0.0
rl,ppo | LDPC-DiscreteResidual-v0,24,62,5,3.005980979398517,0.0
rl,ppo | LDPC-DiscreteResidual-v0,24,62,6,3.337119470129416,0.0
rl,ppo | LDPC-DiscreteResidual-v0,24,62,7,3.8681641621632568,0.0
rl,ppo | LDPC-DiscreteResidual-v0,24,62,8,3.97181427600967,0.0
rl,ppo | LDPC-DiscreteResidual-v0,24,62,9,4.8706008361861945,0.0
rl,ppo | LDPC-DiscreteResidual-v0,24,62,10,5.566072994269723,0.0
rl,ppo | LDPC-DiscreteResidual-v0,24,62,11,4.622584022775526,0.0
rl,ppo | LDPC-DiscreteResidual-v0,24,62,12,4.490256007916159,0.0
rl,ppo | LDPC-DiscreteResidual-v0,24,62,13,4.8549997447151565,0.0
rl,ppo | LDPC-DiscreteResidual-v0,24,62,14,5.289278675872303,0.0
rl,ppo | LDPC-DiscreteResidual-v0,24,62,15,3.882567571941277,0.0
rl,ppo | LDPC-DiscreteResidual-v0,24,62,16,5.762796970042492,0.0
rl,ppo | LDPC-DiscreteResidual-v0,24,62,17,4.209830332099454,0.0
rl,ppo | LDPC-DiscreteResidual-v0,24,62,18,0.0,0.0
rl,ppo | LDPC-DiscreteResidual-v0,24,62,19,4.2256117295274205,0.0
rl,ppo | LDPC-DiscreteResidual-v0,24,62,20,5.44226948515669,0.0
rl,ppo | LDPC-DiscreteResidual-v0,24,62,21,5.457859802030297,0.0
rl,ppo | LDPC-DiscreteResidual-v0,24,62,22,5.657184663401866,0.0
rl,ppo | LDPC-DiscreteResidual-v0,24,62,23,6.380369202692517,0.0
rl,ppo | LDPC-DiscreteResidual-v0,24,63,0,2.8403947746128986,0.0
rl,ppo | LDPC-DiscreteResidual-v0,24,63,1,2.323173646256856,0.0
rl,ppo | LDPC-DiscreteResidual-v0,24,63,2,3.9316165531231975,0.0
rl,ppo | LDPC-DiscreteResidual-v0,24,63,3,2.8007081040864104,0.0
rl,ppo | LDPC-DiscreteResidual-v0,24,63,4,2.466581331295488,0.0
rl,ppo | LDPC-DiscreteResidual-v0,24,63,5,3.005980979398517,0.0
rl,ppo | LDPC-DiscreteResidual-v0,24,63,6,3.337119470129416,0.0
rl,ppo | LDPC-DiscreteResidual-v0,24,63,7,3.8681641621632568,0.0
rl,ppo | LDPC-DiscreteResidual-v0,24,63,8,3.97181427600967,0.0
rl,ppo | LDPC-DiscreteResidual-v0,24,63,9,4.8706008361861945,0.0
rl,ppo | LDPC-DiscreteResidual-v0,24,63,10,5.566072994269723,0.0
rl,ppo | LDPC-DiscreteResidual-v0,24,63,11,4.622584022775526,0.0
rl,ppo | LDPC-DiscreteResidual-v0,24,63,12,4.490256007916159,0.0
rl,ppo | LDPC-DiscreteResidual-v0,24,63,13,4.8549997447151565,0.0
rl,ppo | LDPC-DiscreteResidual-v0,24,63,14,5.289278675872303,0.0
rl,ppo | LDPC-DiscreteResidual-v0,24,63,15,3.882567571941277,0.0
rl,ppo | LDPC-DiscreteResidual-v0,24,63,16,5.762796970042492,0.0
rl,ppo | LDPC-DiscreteResidual-v0,24,63,17,4.209830332099454,0.0
rl,ppo | LDPC-DiscreteResidual-v0,24,63,18,0.0,0.0
rl,ppo | LDPC-DiscreteResidual-v0,24,63,19,4.2256117295274205,0.0
rl,ppo | LDPC-DiscreteResidual-v0,24,63,20,5.44226948515669,0.0
rl,ppo | LDPC-DiscreteResidual-v0,24,63,21,5.457859802030297,0.0
rl,ppo | LDPC-DiscreteResidual-v0,24,63,22,5.657184663401866,0.0
rl,ppo | LDPC-DiscreteResidual-v0,24,63,23,6.380369202692517,0.0
rl,ppo | LDPC-DiscreteResidual-v0,24,64,0,2.8403947746128986,0.0
rl,ppo | LDPC-DiscreteResidual-v0,24,64,1,2.323173646256856,0.0
rl,ppo | LDPC-DiscreteResidual-v0,24,64,2,3.9316165531231975,0.0
rl,ppo | LDPC-DiscreteResidual-v0,24,64,3,2.8007081040864104,0.0
rl,ppo | LDPC-DiscreteResidual-v0,24,64,4,2.466581331295488,0.0
rl,ppo | LDPC-DiscreteResidual-v0,24,64,5,3.005980979398517,0.0
rl,ppo | LDPC-DiscreteResidual-v0,24,64,6,3.337119470129416,0.0
rl,ppo | LDPC-DiscreteResidual-v0,24,64,7,3.8681641621632568,0.0
rl,ppo | LDPC-DiscreteResidual-v0,24,64,8,3.97181427600967,0.0
rl,ppo | LDPC-DiscreteResidual-v0,24,64,9,4.8706008361861945,0.0
rl,ppo | LDPC-DiscreteResidual-v0,24,64,10,5.566072994269723,0.0
rl,ppo | LDPC-DiscreteResidual-v0,24,64,11,4.622584022775526,0.0
rl,ppo | LDPC-DiscreteResidual-v0,24,64,12,4.490256007916159,0.0
rl,ppo | LDPC-DiscreteResidual-v0,24,64,13,4.8549997447151565,0.0
rl,ppo | LDPC-DiscreteResidual-v0,24,64,14,5.289278675872303,0.0
rl,ppo | LDPC-DiscreteResidual-v0,24,64,15,3.882567571941277,0.0
rl,ppo | LDPC-DiscreteResidual-v0,24,64,16,5.762796970042492,0.0
rl,ppo | LDPC-DiscreteResidual-v0,24,64,17,4.209830332099454,0.0
rl,ppo | LDPC-DiscreteResidual-v0,24,64,18,0.0,0.0
rl,ppo | LDPC-DiscreteResidual-v0,24,64,19,4.2256117295274205,0.0
rl,ppo | LDPC-DiscreteResidual-v0,24,64,20,5.44226948515669,0.0
rl,ppo | LDPC-DiscreteResidual-v0,24,64,21,5.457859802030297,0.0
rl,ppo | LDPC-DiscreteResidual-v0,24,64,22,5.657184663401866,0.0
rl,ppo | LDPC-DiscreteResidual-v0,24,64,23,6.380369202692517,0.0
rl,ppo | LDPC-DiscreteResidual-v0,24,65,0,2.8403947746128986,0.0
rl,ppo | LDPC-DiscreteResidual-v0,24,65,1,2.323173646256856,0.0
rl,ppo | LDPC-DiscreteResidual-v0,24,65,2,3.9316165531231975,0.0
rl,ppo | LDPC-DiscreteResidual-v0,24,65,3,2.8007081040864104,0.0
rl,ppo | LDPC-DiscreteResidual-v0,24,65,4,2.466581331295488,0.0
rl,ppo | LDPC-DiscreteResidual-v0,24,65,5,3.005980979398517,0.0
rl,ppo | LDPC-DiscreteResidual-v0,24,65,6,3.337119470129416,0.0
rl,ppo | LDPC-DiscreteResidual-v0,24,65,7,3.8681641621632568,0.0
rl,ppo | LDPC-DiscreteResidual-v0,24,65,8,3.97181427600967,0.0
rl,ppo | LDPC-DiscreteResidual-v0,24,65,9,4.8706008361861945,0.0
rl,ppo | LDPC-DiscreteResidual-v0,24,65,10,5.566072994269723,0.0
rl,ppo | LDPC-DiscreteResidual-v0,24,65,11,4.622584022775526,0.0
rl,ppo | LDPC-DiscreteResidual-v0,24,65,12,4.490256007916159,0.0
rl,ppo | LDPC-DiscreteResidual-v0,24,65,13,4.8549997447151565,0.0
rl,ppo | LDPC-DiscreteResidual-v0,24,65,14,5.289278675872303,0.0
rl,ppo | LDPC-DiscreteResidual-v0,24,65,15,3.882567571941277,0.0
rl,ppo | LDPC-DiscreteResidual-v0,24,65,16,5.762796970042492,0.0
rl,ppo | LDPC-DiscreteResidual-v0,24,65,17,4.209830332099454,0.0
rl,ppo | LDPC-DiscreteResidual-v0,24,65,18,0.0,0.0
rl,ppo | LDPC-DiscreteResidual-v0,24,65,19,4.2256117295274205,0.0
rl,ppo | LDPC-DiscreteResidual-v0,24,65,20,5.44226948515669,0.0
rl,ppo | LDPC-DiscreteResidual-v0,24,65,21,5.457859802030297,0.0
rl,ppo | LDPC-DiscreteResidual-v0,24,65,22,5.657184663401866,0.0
rl,ppo | LDPC-DiscreteResidual-v0,24,65,23,6.380369202692517,0.0
rl,ppo | LDPC-DiscreteResidual-v0,24,66,0,2.8403947746128986,0.0
rl,ppo | LDPC-DiscreteResidual-v0,24,66,1,2.323173646256856,0.0
rl,ppo | LDPC-DiscreteResidual-v0,24,66,2,3.9316165531231975,0.0
rl,ppo | LDPC-DiscreteResidual-v0,24,66,3,2.8007081040864104,0.0
rl,ppo | LDPC-DiscreteResidual-v0,24,66,4,2.466581331295488,0.0
rl,ppo | LDPC-DiscreteResidual-v0,24,66,5,3.005980979398517,0.0
rl,ppo | LDPC-DiscreteResidual-v0,24,66,6,3.337119470129416,0.0
rl,ppo | LDPC-DiscreteResidual-v0,24,66,7,3.8681641621632568,0.0
rl,ppo | LDPC-DiscreteResidual-v0,24,66,8,3.97181427600967,0.0
rl,ppo | LDPC-DiscreteResidual-v0,24,66,9,4.8706008361861945,0.0
rl,ppo | LDPC-DiscreteResidual-v0,24,66,10,5.566072994269723,0.0
rl,ppo | LDPC-DiscreteResidual-v0,24,66,11,4.622584022775526,0.0
rl,ppo | LDPC-DiscreteResidual-v0,24,66,12,4.490256007916159,0.0
rl,ppo | LDPC-DiscreteResidual-v0,24,66,13,4.8549997447151565,0.0
rl,ppo | LDPC-DiscreteResidual-v0,24,66,14,5.289278675872303,0.0
rl,ppo | LDPC-DiscreteResidual-v0,24,66,15,3.882567571941277,0.0
rl,ppo | LDPC-DiscreteResidual-v0,24,66,16,5.762796970042492,0.0
rl,ppo | LDPC-DiscreteResidual-v0,24,66,17,4.209830332099454,0.0
rl,ppo | LDPC-DiscreteResidual-v0,24,66,18,0.0,0.0
rl,ppo | LDPC-DiscreteResidual-v0,24,66,19,4.2256117295274205,0.0
rl,ppo | LDPC-DiscreteResidual-v0,24,66,20,5.44226948515669,0.0
rl,ppo | LDPC-DiscreteResidual-v0,24,66,21,5.457859802030297,0.0
rl,ppo | LDPC-DiscreteResidual-v0,24,66,22,5.657184663401866,0.0
rl,ppo | LDPC-DiscreteResidual-v0,24,66,23,6.380369202692517,0.0
rl,ppo | LDPC-DiscreteResidual-v0,24,67,0,2.8403947746128986,0.0
rl,ppo | LDPC-DiscreteResidual-v0,24,67,1,2.323173646256856,0.0
rl,ppo | LDPC-DiscreteResidual-v0,24,67,2,3.9316165531231975,0.0
rl,ppo | LDPC-DiscreteResidual-v0,24,67,3,2.8007081040864104,0.0
rl,ppo | LDPC-DiscreteResidual-v0,24,67,4,2.466581331295488,0.0
rl,ppo | LDPC-DiscreteResidual-v0,24,67,5,3.005980979398517,0.0
rl,ppo | LDPC-DiscreteResidual-v0,24,67,6,3.337119470129416,0.0
rl,ppo | LDPC-DiscreteResidual-v0,24,67,7,3.8681641621632568,0.0
rl,ppo | LDPC-DiscreteResidual-v0,24,67,8,3.97181427600967,0.0
rl,ppo | LDPC-DiscreteResidual-v0,24,67,9,4.8706008361861945,0.0
rl,ppo | LDPC-DiscreteResidual-v0,24,67,10,5.566072994269723,0.0
rl,ppo | LDPC-DiscreteResidual-v0,24,67,11,4.622584022775526,0.0
rl,ppo | LDPC-DiscreteResidual-v0,24,67,12,4.490256007916159,0.0
rl,ppo | LDPC-DiscreteResidual-v0,24,67,13,4.8549997447151565,0.0
rl,ppo | LDPC-DiscreteResidual-v0,24,67,14,5.289278675872303,0.0
rl,ppo | LDPC-DiscreteResidual-v0,24,67,15,3.882567571941277,0.0
rl,ppo | LDPC-DiscreteResidual-v0,24,67,16,5.762796970042492,0.0
rl,ppo | LDPC-DiscreteResidual-v0,24,67,17,4.209830332099454,0.0
rl,ppo | LDPC-DiscreteResidual-v0,24,67,18,0.0,0.0
rl,ppo | LDPC-DiscreteResidual-v0,24,67,19,4.2256117295274205,0.0
rl,ppo | LDPC-DiscreteResidual-v0,24,67,20,5.44226948515669,0.0
rl,ppo | LDPC-DiscreteResidual-v0,24,67,21,5.457859802030297,0.0
rl,ppo | LDPC-DiscreteResidual-v0,24,67,22,5.657184663401866,0.0
rl,ppo | LDPC-DiscreteResidual-v0,24,67,23,6.380369202692517,0.0
rl,ppo | LDPC-DiscreteResidual-v0,24,68,0,2.8403947746128986,0.0
rl,ppo | LDPC-DiscreteResidual-v0,24,68,1,2.323173646256856,0.0
rl,ppo | LDPC-DiscreteResidual-v0,24,68,2,3.9316165531231975,0.0
rl,ppo | LDPC-DiscreteResidual-v0,24,68,3,2.8007081040864104,0.0
rl,ppo | LDPC-DiscreteResidual-v0,24,68,4,2.466581331295488,0.0
rl,ppo | LDPC-DiscreteResidual-v0,24,68,5,3.005980979398517,0.0
rl,ppo | LDPC-DiscreteResidual-v0,24,68,6,3.337119470129416,0.0
rl,ppo | LDPC-DiscreteResidual-v0,24,68,7,3.8681641621632568,0.0
rl,ppo | LDPC-DiscreteResidual-v0,24,68,8,3.97181427600967,0.0
rl,ppo | LDPC-DiscreteResidual-v0,24,68,9,4.8706008361861945,0.0
rl,ppo | LDPC-DiscreteResidual-v0,24,68,10,5.566072994269723,0.0
rl,ppo | LDPC-DiscreteResidual-v0,24,68,11,4.622584022775526,0.0
rl,ppo | LDPC-DiscreteResidual-v0,24,68,12,4.490256007916159,0.0
rl,ppo | LDPC-DiscreteResidual-v0,24,68,13,4.8549997447151565,0.0
rl,ppo | LDPC-DiscreteResidual-v0,24,68,14,5.289278675872303,0.0
rl,ppo | LDPC-DiscreteResidual-v0,24,68,15,3.882567571941277,0.0
rl,ppo | LDPC-DiscreteResidual-v0,24,68,16,5.762796970042492,0.0
rl,ppo | LDPC-DiscreteResidual-v0,24,68,17,4.209830332099454,0.0
rl,ppo | LDPC-DiscreteResidual-v0,24,68,18,0.0,0.0
rl,ppo | LDPC-DiscreteResidual-v0,24,68,19,4.2256117295274205,0.0
rl,ppo | LDPC-DiscreteResidual-v0,24,68,20,5.44226948515669,0.0
rl,ppo | LDPC-DiscreteResidual-v0,24,68,21,5.457859802030297,0.0
rl,ppo | LDPC-DiscreteResidual-v0,24,68,22,5.657184663401866,0.0
rl,ppo | LDPC-DiscreteResidual-v0,24,68,23,6.380369202692517,0.0
rl,ppo | LDPC-DiscreteResidual-v0,24,69,0,2.8403947746128986,0.0
rl,ppo | LDPC-DiscreteResidual-v0,24,69,1,2.323173646256856,0.0
rl,ppo | LDPC-DiscreteResidual-v0,24,69,2,3.9316165531231975,0.0
rl,ppo | LDPC-DiscreteResidual-v0,24,69,3,2.8007081040864104,0.0
rl,ppo | LDPC-DiscreteResidual-v0,24,69,4,2.466581331295488,0.0
rl,ppo | LDPC-DiscreteResidual-v0,24,69,5,3.005980979398517,0.0
rl,ppo | LDPC-DiscreteResidual-v0,24,69,6,3.337119470129416,0.0
rl,ppo | LDPC-DiscreteResidual-v0,24,69,7,3.8681641621632568,0.0
rl,ppo | LDPC-DiscreteResidual-v0,24,69,8,3.97181427600967,0.0
rl,ppo | LDPC-DiscreteResidual-v0,24,69,9,4.8706008361861945,0.0
rl,ppo | LDPC-DiscreteResidual-v0,24,69,10,5.566072994269723,0.0
rl,ppo | LDPC-DiscreteResidual-v0,24,69,11,4.622584022775526,0.0
rl,ppo | LDPC-DiscreteResidual-v0,24,69,12,4.490256007916159,0.0
rl,ppo | LDPC-DiscreteResidual-v0,24,69,13,4.8549997447151565,0.0
rl,ppo | LDPC-DiscreteResidual-v0,24,69,14,5.289278675872303,0.0
rl,ppo | LDPC-DiscreteResidual-v0,24,69,15,3.882567571941277,0.0
rl,ppo | LDPC-DiscreteResidual-v0,24,69,16,5.762796970042492,0.0
rl,ppo | LDPC-DiscreteResidual-v0,24,69,17,4.209830332099454,0.0
rl,ppo | LDPC-DiscreteResidual-v0,24,69,18,0.0,0.0
rl,ppo | LDPC-DiscreteResidual-v0,24,69,19,4.2256117295274205,0.0
rl,ppo | LDPC-DiscreteResidual-v0,24,69,20,5.44226948515669,0.0
rl,ppo | LDPC-DiscreteResidual-v0,24,69,21,5.457859802030297,0.0
rl,ppo | LDPC-DiscreteResidual-v0,24,69,22,5.657184663401866,0.0
rl,ppo | LDPC-DiscreteResidual-v0,24,69,23,6.380369202692517,0.0
rl,ppo | LDPC-DiscreteResidual-v0,24,70,0,2.8403947746128986,0.0
rl,ppo | LDPC-DiscreteResidual-v0,24,70,1,2.323173646256856,0.0
rl,ppo | LDPC-DiscreteResidual-v0,24,70,2,3.9316165531231975,0.0
rl,ppo | LDPC-DiscreteResidual-v0,24,70,3,2.8007081040864104,0.0
rl,ppo | LDPC-DiscreteResidual-v0,24,70,4,2.466581331295488,0.0
rl,ppo | LDPC-DiscreteResidual-v0,24,70,5,3.005980979398517,0.0
rl,ppo | LDPC-DiscreteResidual-v0,24,70,6,3.337119470129416,0.0
rl,ppo | LDPC-DiscreteResidual-v0,24,70,7,3.8681641621632568,0.0
rl,ppo | LDPC-DiscreteResidual-v0,24,70,8,3.97181427600967,0.0
rl,ppo | LDPC-DiscreteResidual-v0,24,70,9,4.8706008361861945,0.0
rl,ppo | LDPC-DiscreteResidual-v0,24,70,10,5.566072994269723,0.0
rl,ppo | LDPC-DiscreteResidual-v0,24,70,11,4.622584022775526,0.0
rl,ppo | LDPC-DiscreteResidual-v0,24,70,12,4.490256007916159,0.0
rl,ppo | LDPC-DiscreteResidual-v0,24,70,13,4.8549997447151565,0.0
rl,ppo | LDPC-DiscreteResidual-v0,24,70,14,5.289278675872303,0.0
rl,ppo | LDPC-DiscreteResidual-v0,24,70,15,3.882567571941277,0.0
rl,ppo | LDPC-DiscreteResidual-v0,24,70,16,5.762796970042492,0.0
rl,ppo | LDPC-DiscreteResidual-v0,24,70,17,4.209830332099454,0.0
rl,ppo | LDPC-DiscreteResidual-v0,24,70,18,0.0,0.0
rl,ppo | LDPC-DiscreteResidual-v0,24,70,19,4.2256117295274205,0.0
rl,ppo | LDPC-DiscreteResidual-v0,24,70,20,5.44226948515669,0.0
rl,ppo | LDPC-DiscreteResidual-v0,24,70,21,5.457859802030297,0.0
rl,ppo | LDPC-DiscreteResidual-v0,24,70,22,5.657184663401866,0.0
rl,ppo | LDPC-DiscreteResidual-v0,24,70,23,6.380369202692517,0.0
rl,ppo | LDPC-DiscreteResidual-v0,24,71,0,2.8403947746128986,0.0
rl,ppo | LDPC-DiscreteResidual-v0,24,71,1,2.323173646256856,0.0
rl,ppo | LDPC-DiscreteResidual-v0,24,71,2,3.9316165531231975,0.0
rl,ppo | LDPC-DiscreteResidual-v0,24,71,3,2.8007081040864104,0.0
rl,ppo | LDPC-DiscreteResidual-v0,24,71,4,2.466581331295488,0.0
rl,ppo | LDPC-DiscreteResidual-v0,24,71,5,3.005980979398517,0.0
rl,ppo | LDPC-DiscreteResidual-v0,24,71,6,3.337119470129416,0.0
rl,ppo | LDPC-DiscreteResidual-v0,24,71,7,3.8681641621632568,0.0
rl,ppo | LDPC-DiscreteResidual-v0,24,71,8,3.97181427600967,0.0
rl,ppo | LDPC-DiscreteResidual-v0,24,71,9,4.8706008361861945,0.0
rl,ppo | LDPC-DiscreteResidual-v0,24,71,10,5.566072994269723,0.0
rl,ppo | LDPC-DiscreteResidual-v0,24,71,11,4.622584022775526,0.0
rl,ppo | LDPC-DiscreteResidual-v0,24,71,12,4.490256007916159,0.0
rl,ppo | LDPC-DiscreteResidual-v0,24,71,13,4.8549997447151565,0.0
rl,ppo | LDPC-DiscreteResidual-v0,24,71,14,5.289278675872303,0.0
rl,ppo | LDPC-DiscreteResidual-v0,24,71,15,3.882567571941277,0.0
rl,ppo | LDPC-DiscreteResidual-v0,24,71,16,5.762796970042492,0.0
rl,ppo | LDPC-DiscreteResidual-v0,24,71,17,4.209830332099454,0.0
rl,ppo | LDPC-DiscreteResidual-v0,24,71,18,0.0,0.0
rl,ppo | LDPC-DiscreteResidual-v0,24,71,19,4.2256117295274205,0.0
rl,ppo | LDPC-DiscreteResidual-v0,24,71,20,5.44226948515669,0.0
rl,ppo | LDPC-DiscreteResidual-v0,24,71,21,5.457859802030297,0.0
rl,ppo | LDPC-DiscreteResidual-v0,24,71,22,5.657184663401866,0.0
rl,ppo | LDPC-DiscreteResidual-v0,24,71,23,6.380369202692517,0.0
rl,ppo | LDPC-DiscreteResidual-v0,24,72,0,2.8403947746128986,0.0
rl,ppo | LDPC-DiscreteResidual-v0,24,72,1,2.323173646256856,0.0
rl,ppo | LDPC-DiscreteResidual-v0,24,72,2,3.9316165531231975,0.0
rl,ppo | LDPC-DiscreteResidual-v0,24,72,3,2.8007081040864104,0.0
rl,ppo | LDPC-DiscreteResidual-v0,24,72,4,2.466581331295488,0.0
rl,ppo | LDPC-DiscreteResidual-v0,24,72,5,3.005980979398517,0.0
rl,ppo | LDPC-DiscreteResidual-v0,24,72,6,3.337119470129416,0.0
rl,ppo | LDPC-DiscreteResidual-v0,24,72,7,3.8681641621632568,0.0
rl,ppo | LDPC-DiscreteResidual-v0,24,72,8,3.97181427600967,0.0
rl,ppo | LDPC-DiscreteResidual-v0,24,72,9,4.8706008361861945,0.0
rl,ppo | LDPC-DiscreteResidual-v0,24,72,10,5.566072994269723,0.0
rl,ppo | LDPC-DiscreteResidual-v0,24,72,11,4.622584022775526,0.0
rl,ppo | LDPC-DiscreteResidual-v0,24,72,12,4.490256007916159,0.0
rl,ppo | LDPC-DiscreteResidual-v0,24,72,13,4.8549997447151565,0.0
rl,ppo | LDPC-DiscreteResidual-v0,24,72,14,5.289278675872303,0.0
rl,ppo | LDPC-DiscreteResidual-v0,24,72,15,3.882567571941277,0.0
rl,ppo | LDPC-DiscreteResidual-v0,24,72,16,5.762796970042492,0.0
rl,ppo | LDPC-DiscreteResidual-v0,24,72,17,4.209830332099454,0.0
rl,ppo | LDPC-DiscreteResidual-v0,24,72,18,0.0,0.0
rl,ppo | LDPC-DiscreteResidual-v0,24,72,19,4.2256117295274205,0.0
rl,ppo | LDPC-DiscreteResidual-v0,24,72,20,5.44226948515669,0.0
rl,ppo | LDPC-DiscreteResidual-v0,24,72,21,5.457859802030297,0.0
rl,ppo | LDPC-DiscreteResidual-v0,24,72,22,5.657184663401866,0.0
rl,ppo | LDPC-DiscreteResidual-v0,24,72,23,6.380369202692517,0.0
rl,ppo | LDPC-DiscreteResidual-v0,24,73,0,2.8403947746128986,0.0
rl,ppo | LDPC-DiscreteResidual-v0,24,73,1,2.323173646256856,0.0
rl,ppo | LDPC-DiscreteResidual-v0,24,73,2,3.9316165531231975,0.0
rl,ppo | LDPC-DiscreteResidual-v0,24,73,3,2.8007081040864104,0.0
rl,ppo | LDPC-DiscreteResidual-v0,24,73,4,2.466581331295488,0.0
rl,ppo | LDPC-DiscreteResidual-v0,24,73,5,3.005980979398517,0.0
rl,ppo | LDPC-DiscreteResidual-v0,24,73,6,3.337119470129416,0.0
rl,ppo | LDPC-DiscreteResidual-v0,24,73,7,3.8681641621632568,0.0
rl,ppo | LDPC-DiscreteResidual-v0,24,73,8,3.97181427600967,0.0
rl,ppo | LDPC-DiscreteResidual-v0,24,73,9,4.8706008361861945,0.0
rl,ppo | LDPC-DiscreteResidual-v0,24,73,10,5.566072994269723,0.0
rl,ppo | LDPC-DiscreteResidual-v0,24,73,11,4.622584022775526,0.0
rl,ppo | LDPC-DiscreteResidual-v0,24,73,12,4.490256007916159,0.0
rl,ppo | LDPC-DiscreteResidual-v0,24,73,13,4.8549997447151565,0.0
rl,ppo | LDPC-DiscreteResidual-v0,24,73,14,5.289278675872303,0.0
rl,ppo | LDPC-DiscreteResidual-v0,24,73,15,3.882567571941277,0.0
rl,ppo | LDPC-DiscreteResidual-v0,24,73,16,5.762796970042492,0.0
rl,ppo | LDPC-DiscreteResidual-v0,24,73,17,4.209830332099454,0.0
rl,ppo | LDPC-DiscreteResidual-v0,24,73,18,0.0,0.0
rl,ppo | LDPC-DiscreteResidual-v0,24,73,19,4.2256117295274205,0.0
rl,ppo | LDPC-DiscreteResidual-v0,24,73,20,5.44226948515669,0.0
rl,ppo | LDPC-DiscreteResidual-v0,24,73,21,5.457859802030297,0.0
rl,ppo | LDPC-DiscreteResidual-v0,24,73,22,5.657184663401866,0.0
rl,ppo | LDPC-DiscreteResidual-v0,24,73,23,6.380369202692517,0.0
rl,ppo | LDPC-DiscreteResidual-v0,24,74,0,2.8403947746128986,0.0
rl,ppo | LDPC-DiscreteResidual-v0,24,74,1,2.323173646256856,0.0
rl,ppo | LDPC-DiscreteResidual-v0,24,74,2,3.9316165531231975,0.0
rl,ppo | LDPC-DiscreteResidual-v0,24,74,3,2.8007081040864104,0.0
rl,ppo | LDPC-DiscreteResidual-v0,24,74,4,2.466581331295488,0.0
rl,ppo | LDPC-DiscreteResidual-v0,24,74,5,3.005980979398517,0.0
rl,ppo | LDPC-DiscreteResidual-v0,24,74,6,3.337119470129416,0.0
rl,ppo | LDPC-DiscreteResidual-v0,24,74,7,3.8681641621632568,0.0
rl,ppo | LDPC-DiscreteResidual-v0,24,74,8,3.97181427600967,0.0
rl,ppo | LDPC-DiscreteResidual-v0,24,74,9,4.8706008361861945,0.0
rl,ppo | LDPC-DiscreteResidual-v0,24,74,10,5.566072994269723,0.0
rl,ppo | LDPC-DiscreteResidual-v0,24,74,11,4.622584022775526,0.0
rl,ppo | LDPC-DiscreteResidual-v0,24,74,12,4.490256007916159,0.0
rl,ppo | LDPC-DiscreteResidual-v0,24,74,13,4.8549997447151565,0.0
rl,ppo | LDPC-DiscreteResidual-v0,24,74,14,5.289278675872303,0.0
rl,ppo | LDPC-DiscreteResidual-v0,24,74,15,3.882567571941277,0.0
rl,ppo | LDPC-DiscreteResidual-v0,24,74,16,5.762796970042492,0.0
rl,ppo | LDPC-DiscreteResidual-v0,24,74,17,4.209830332099454,0.0
rl,ppo | LDPC-DiscreteResidual-v0,24,74,18,0.0,0.0
rl,ppo | LDPC-DiscreteResidual-v0,24,74,19,4.2256117295274205,0.0
rl,ppo | LDPC-DiscreteResidual-v0,24,74,20,5.44226948515669,0.0
rl,ppo | LDPC-DiscreteResidual-v0,24,74,21,5.457859802030297,0.0
rl,ppo | LDPC-DiscreteResidual-v0,24,74,22,5.657184663401866,0.0
rl,ppo | LDPC-DiscreteResidual-v0,24,74,23,6.380369202692517,0.0
rl,ppo | LDPC-DiscreteResidual-v0,24,75,0,2.8403947746128986,0.0
rl,ppo | LDPC-DiscreteResidual-v0,24,75,1,2.323173646256856,0.0
rl,ppo | LDPC-DiscreteResidual-v0,24,75,2,3.9316165531231975,0.0
rl,ppo | LDPC-DiscreteResidual-v0,24,75,3,2.8007081040864104,0.0
rl,ppo | LDPC-DiscreteResidual-v0,24,75,4,2.466581331295488,0.0
rl,ppo | LDPC-DiscreteResidual-v0,24,75,5,3.005980979398517,0.0
rl,ppo | LDPC-DiscreteResidual-v0,24,75,6,3.337119470129416,0.0
rl,ppo | LDPC-DiscreteResidual-v0,24,75,7,3.8681641621632568,0.0
rl,ppo | LDPC-DiscreteResidual-v0,24,75,8,3.97181427600967,0.0
rl,ppo | LDPC-DiscreteResidual-v0,24,75,9,4.8706008361861945,0.0
rl,ppo | LDPC-DiscreteResidual-v0,24,75,10,5.566072994269723,0.0
rl,ppo | LDPC-DiscreteResidual-v0,24,75,11,4.622584022775526,0.0
rl,ppo | LDPC-DiscreteResidual-v0,24,75,12,4.490256007916159,0.0
rl,ppo | LDPC-DiscreteResidual-v0,24,75,13,4.8549997447151565,0.0
rl,ppo | LDPC-DiscreteResidual-v0,24,75,14,5.289278675872303,0.0
rl,ppo | LDPC-DiscreteResidual-v0,24,75,15,3.882567571941277,0.0
rl,ppo | LDPC-DiscreteResidual-v0,24,75,16,5.762796970042492,0.0
rl,ppo | LDPC-DiscreteResidual-v0,24,75,17,4.209830332099454,0.0
rl,ppo | LDPC-DiscreteResidual-v0,24,75,18,0.0,0.0
rl,ppo | LDPC-DiscreteResidual-v0,24,75,19,4.2256117295274205,0.0
rl,ppo | LDPC-DiscreteResidual-v0,24,75,20,5.44226948515669,0.0
rl,ppo | LDPC-DiscreteResidual-v0,24,75,21,5.457859802030297,0.0
rl,ppo | LDPC-DiscreteResidual-v0,24,75,22,5.657184663401866,0.0
rl,ppo | LDPC-DiscreteResidual-v0,24,75,23,6.380369202692517,0.0
rl,ppo | LDPC-DiscreteResidual-v0,24,76,0,2.8403947746128986,0.0
rl,ppo | LDPC-DiscreteResidual-v0,24,76,1,2.323173646256856,0.0
rl,ppo | LDPC-DiscreteResidual-v0,24,76,2,3.9316165531231975,0.0
rl,ppo | LDPC-DiscreteResidual-v0,24,76,3,2.8007081040864104,0.0
rl,ppo | LDPC-DiscreteResidual-v0,24,76,4,2.466581331295488,0.0
rl,ppo | LDPC-DiscreteResidual-v0,24,76,5,3.005980979398517,0.0
rl,ppo | LDPC-DiscreteResidual-v0,24,76,6,3.337119470129416,0.0
rl,ppo | LDPC-DiscreteResidual-v0,24,76,7,3.8681641621632568,0.0
rl,ppo | LDPC-DiscreteResidual-v0,24,76,8,3.97181427600967,0.0
rl,ppo | LDPC-DiscreteResidual-v0,24,76,9,4.8706008361861945,0.0
rl,ppo | LDPC-DiscreteResidual-v0,24,76,10,5.566072994269723,0.0
rl,ppo | LDPC-DiscreteResidual-v0,24,76,11,4.622584022775526,0.0
rl,ppo | LDPC-DiscreteResidual-v0,24,76,12,4.490256007916159,0.0
rl,ppo | LDPC-DiscreteResidual-v0,24,76,13,4.8549997447151565,0.0
rl,ppo | LDPC-DiscreteResidual-v0,24,76,14,5.289278675872303,0.0
rl,ppo | LDPC-DiscreteResidual-v0,24,76,15,3.882567571941277,0.0
rl,ppo | LDPC-DiscreteResidual-v0,24,76,16,5.762796970042492,0.0
rl,ppo | LDPC-DiscreteResidual-v0,24,76,17,4.209830332099454,0.0
rl,ppo | LDPC-DiscreteResidual-v0,24,76,18,0.0,0.0
rl,ppo | LDPC-DiscreteResidual-v0,24,76,19,4.2256117295274205,0.0
rl,ppo | LDPC-DiscreteResidual-v0,24,76,20,5.44226948515669,0.0
rl,ppo | LDPC-DiscreteResidual-v0,24,76,21,5.457859802030297,0.0
rl,ppo | LDPC-DiscreteResidual-v0,24,76,22,5.657184663401866,0.0
rl,ppo | LDPC-DiscreteResidual-v0,24,76,23,6.380369202692517,0.0
rl,ppo | LDPC-DiscreteResidual-v0,24,77,0,2.8403947746128986,0.0
rl,ppo | LDPC-DiscreteResidual-v0,24,77,1,2.323173646256856,0.0
rl,ppo | LDPC-DiscreteResidual-v0,24,77,2,3.9316165531231975,0.0
rl,ppo | LDPC-DiscreteResidual-v0,24,77,3,2.8007081040864104,0.0
rl,ppo | LDPC-DiscreteResidual-v0,24,77,4,2.466581331295488,0.0
rl,ppo | LDPC-DiscreteResidual-v0,24,77,5,3.005980979398517,0.0
rl,ppo | LDPC-DiscreteResidual-v0,24,77,6,3.337119470129416,0.0
rl,ppo | LDPC-DiscreteResidual-v0,24,77,7,3.8681641621632568,0.0
rl,ppo | LDPC-DiscreteResidual-v0,24,77,8,3.97181427600967,0.0
rl,ppo | LDPC-DiscreteResidual-v0,24,77,9,4.8706008361861945,0.0
rl,ppo | LDPC-DiscreteResidual-v0,24,77,10,5.566072994269723,0.0
rl,ppo | LDPC-DiscreteResidual-v0,24,77,11,4.622584022775526,0.0
rl,ppo | LDPC-DiscreteResidual-v0,24,77,12,4.490256007916159,0.0
rl,ppo | LDPC-DiscreteResidual-v0,24,77,13,4.8549997447151565,0.0
rl,ppo | LDPC-DiscreteResidual-v0,24,77,14,5.289278675872303,0.0
rl,ppo | LDPC-DiscreteResidual-v0,24,77,15,3.882567571941277,0.0
rl,ppo | LDPC-DiscreteResidual-v0,24,77,16,5.762796970042492,0.0
rl,ppo | LDPC-DiscreteResidual-v0,24,77,17,4.209830332099454,0.0
rl,ppo | LDPC-DiscreteResidual-v0,24,77,18,0.0,0.0
rl,ppo | LDPC-DiscreteResidual-v0,24,77,19,4.2256117295274205,0.0
rl,ppo | LDPC-DiscreteResidual-v0,24,77,20,5.44226948515669,0.0
rl,ppo | LDPC-DiscreteResidual-v0,24,77,21,5.457859802030297,0.0
rl,ppo | LDPC-DiscreteResidual-v0,24,77,22,5.657184663401866,0.0
rl,ppo | LDPC-DiscreteResidual-v0,24,77,23,6.380369202692517,0.0
rl,ppo | LDPC-DiscreteResidual-v0,24,78,0,2.8403947746128986,0.0
rl,ppo | LDPC-DiscreteResidual-v0,24,78,1,2.323173646256856,0.0
rl,ppo | LDPC-DiscreteResidual-v0,24,78,2,3.9316165531231975,0.0
rl,ppo | LDPC-DiscreteResidual-v0,24,78,3,2.8007081040864104,0.0
rl,ppo | LDPC-DiscreteResidual-v0,24,78,4,2.466581331295488,0.0
rl,ppo | LDPC-DiscreteResidual-v0,24,78,5,3.005980979398517,0.0
rl,ppo | LDPC-DiscreteResidual-v0,24,78,6,3.337119470129416,0.0
rl,ppo | LDPC-DiscreteResidual-v0,24,78,7,3.8681641621632568,0.0
rl,ppo | LDPC-DiscreteResidual-v0,24,78,8,3.97181427600967,0.0
rl,ppo | LDPC-DiscreteResidual-v0,24,78,9,4.8706008361861945,0.0
rl,ppo | LDPC-DiscreteResidual-v0,24,78,10,5.566072994269723,0.0
rl,ppo | LDPC-DiscreteResidual-v0,24,78,11,4.622584022775526,0.0
rl,ppo | LDPC-DiscreteResidual-v0,24,78,12,4.490256007916159,0.0
rl,ppo | LDPC-DiscreteResidual-v0,24,78,13,4.8549997447151565,0.0
rl,ppo | LDPC-DiscreteResidual-v0,24,78,14,5.289278675872303,0.0
rl,ppo | LDPC-DiscreteResidual-v0,24,78,15,3.882567571941277,0.0
rl,ppo | LDPC-DiscreteResidual-v0,24,78,16,5.762796970042492,0.0
rl,ppo | LDPC-DiscreteResidual-v0,24,78,17,4.209830332099454,0.0
rl,ppo | LDPC-DiscreteResidual-v0,24,78,18,0.0,0.0
rl,ppo | LDPC-DiscreteResidual-v0,24,78,19,4.2256117295274205,0.0
rl,ppo | LDPC-DiscreteResidual-v0,24,78,20,5.44226948515669,0.0
rl,ppo | LDPC-DiscreteResidual-v0,24,78,21,5.457859802030297,0.0
rl,ppo | LDPC-DiscreteResidual-v0,24,78,22,5.657184663401866,0.0
rl,ppo | LDPC-DiscreteResidual-v0,24,78,23,6.380369202692517,0.0
rl,ppo | LDPC-DiscreteResidual-v0,24,79,0,2.8403947746128986,0.0
rl,ppo | LDPC-DiscreteResidual-v0,24,79,1,2.323173646256856,0.0
rl,ppo | LDPC-DiscreteResidual-v0,24,79,2,3.9316165531231975,0.0
rl,ppo | LDPC-DiscreteResidual-v0,24,79,3,2.8007081040864104,0.0
rl,ppo | LDPC-DiscreteResidual-v0,24,79,4,2.466581331295488,0.0
rl,ppo | LDPC-DiscreteResidual-v0,24,79,5,3.005980979398517,0.0
rl,ppo | LDPC-DiscreteResidual-v0,24,79,6,3.337119470129416,0.0
rl,ppo | LDPC-DiscreteResidual-v0,24,79,7,3.8681641621632568,0.0
rl,ppo | LDPC-DiscreteResidual-v0,24,79,8,3.97181427600967,0.0
rl,ppo | LDPC-DiscreteResidual-v0,24,79,9,4.8706008361861945,0.0
rl,ppo | LDPC-DiscreteResidual-v0,24,79,10,5.566072994269723,0.0
rl,ppo | LDPC-DiscreteResidual-v0,24,79,11,4.622584022775526,0.0
rl,ppo | LDPC-DiscreteResidual-v0,24,79,12,4.490256007916159,0.0
rl,ppo | LDPC-DiscreteResidual-v0,24,79,13,4.8549997447151565,0.0
rl,ppo | LDPC-DiscreteResidual-v0,24,79,14,5.289278675872303,0.0
rl,ppo | LDPC-DiscreteResidual-v0,24,79,15,3.882567571941277,0.0
rl,ppo | LDPC-DiscreteResidual-v0,24,79,16,5.762796970042492,0.0
rl,ppo | LDPC-DiscreteResidual-v0,24,79,17,4.209830332099454,0.0
rl,ppo | LDPC-DiscreteResidual-v0,24,79,18,0.0,0.0
rl,ppo | LDPC-DiscreteResidual-v0,24,79,19,4.2256117295274205,0.0
rl,ppo | LDPC-DiscreteResidual-v0,24,79,20,5.44226948515669,0.0
rl,ppo | LDPC-DiscreteResidual-v0,24,79,21,5.457859802030297,0.0
rl,ppo | LDPC-DiscreteResidual-v0,24,79,22,5.657184663401866,0.0
rl,ppo | LDPC-DiscreteResidual-v0,24,79,23,6.380369202692517,0.0
rl,ppo | LDPC-DiscreteResidual-v0,24,80,0,2.8403947746128986,0.0
rl,ppo | LDPC-DiscreteResidual-v0,24,80,1,2.323173646256856,0.0
rl,ppo | LDPC-DiscreteResidual-v0,24,80,2,3.9316165531231975,0.0
rl,ppo | LDPC-DiscreteResidual-v0,24,80,3,2.8007081040864104,0.0
rl,ppo | LDPC-DiscreteResidual-v0,24,80,4,2.466581331295488,0.0
rl,ppo | LDPC-DiscreteResidual-v0,24,80,5,3.005980979398517,0.0
rl,ppo | LDPC-DiscreteResidual-v0,24,80,6,3.337119470129416,0.0
rl,ppo | LDPC-DiscreteResidual-v0,24,80,7,3.8681641621632568,0.0
rl,ppo | LDPC-DiscreteResidual-v0,24,80,8,3.97181427600967,0.0
rl,ppo | LDPC-DiscreteResidual-v0,24,80,9,4.8706008361861945,0.0
rl,ppo | LDPC-DiscreteResidual-v0,24,80,10,5.566072994269723,0.0
rl,ppo | LDPC-DiscreteResidual-v0,24,80,11,4.622584022775526,0.0
rl,ppo | LDPC-DiscreteResidual-v0,24,80,12,4.490256007916159,0.0
rl,ppo | LDPC-DiscreteResidual-v0,24,80,13,4.8549997447151565,0.0
rl,ppo | LDPC-DiscreteResidual-v0,24,80,14,5.289278675872303,0.0
rl,ppo | LDPC-DiscreteResidual-v0,24,80,15,3.882567571941277,0.0
rl,ppo | LDPC-DiscreteResidual-v0,24,80,16,5.762796970042492,0.0
rl,ppo | LDPC-DiscreteResidual-v0,24,80,17,4.209830332099454,0.0
rl,ppo | LDPC-DiscreteResidual-v0,24,80,18,0.0,0.0
rl,ppo | LDPC-DiscreteResidual-v0,24,80,19,4.2256117295274205,0.0
rl,ppo | LDPC-DiscreteResidual-v0,24,80,20,5.44226948515669,0.0
rl,ppo | LDPC-DiscreteResidual-v0,24,80,21,5.457859802030297,0.0
rl,ppo | LDPC-DiscreteResidual-v0,24,80,22,5.657184663401866,0.0
rl,ppo | LDPC-DiscreteResidual-v0,24,80,23,6.380369202692517,0.0
rl,ppo | LDPC-DiscreteResidual-v0,24,81,0,2.8403947746128986,0.0
rl,ppo | LDPC-DiscreteResidual-v0,24,81,1,2.323173646256856,0.0
rl,ppo | LDPC-DiscreteResidual-v0,24,81,2,3.9316165531231975,0.0
rl,ppo | LDPC-DiscreteResidual-v0,24,81,3,2.8007081040864104,0.0
rl,ppo | LDPC-DiscreteResidual-v0,24,81,4,2.466581331295488,0.0
rl,ppo | LDPC-DiscreteResidual-v0,24,81,5,3.005980979398517,0.0
rl,ppo | LDPC-DiscreteResidual-v0,24,81,6,3.337119470129416,0.0
rl,ppo | LDPC-DiscreteResidual-v0,24,81,7,3.8681641621632568,0.0
rl,ppo | LDPC-DiscreteResidual-v0,24,81,8,3.97181427600967,0.0
rl,ppo | LDPC-DiscreteResidual-v0,24,81,9,4.8706008361861945,0.0
rl,ppo | LDPC-DiscreteResidual-v0,24,81,10,5.566072994269723,0.0
rl,ppo | LDPC-DiscreteResidual-v0,24,81,11,4.622584022775526,0.0
rl,ppo | LDPC-DiscreteResidual-v0,24,81,12,4.490256007916159,0.0
rl,ppo | LDPC-DiscreteResidual-v0,24,81,13,4.8549997447151565,0.0
rl,ppo | LDPC-DiscreteResidual-v0,24,81,14,5.289278675872303,0.0
rl,ppo | LDPC-DiscreteResidual-v0,24,81,15,3.882567571941277,0.0
rl,ppo | LDPC-DiscreteResidual-v0,24,81,16,5.762796970042492,0.0
rl,ppo | LDPC-DiscreteResidual-v0,24,81,17,4.209830332099454,0.0
rl,ppo | LDPC-DiscreteResidual-v0,24,81,18,0.0,0.0
rl,ppo | LDPC-DiscreteResidual-v0,24,81,19,4.2256117295274205,0.0
rl,ppo | LDPC-DiscreteResidual-v0,24,81,20,5.44226948515669,0.0
rl,ppo | LDPC-DiscreteResidual-v0,24,81,21,5.457859802030297,0.0
rl,ppo | LDPC-DiscreteResidual-v0,24,81,22,5.657184663401866,0.0
rl,ppo | LDPC-DiscreteResidual-v0,24,81,23,6.380369202692517,0.0
rl,ppo | LDPC-DiscreteResidual-v0,24,82,0,2.8403947746128986,0.0
rl,ppo | LDPC-DiscreteResidual-v0,24,82,1,2.323173646256856,0.0
rl,ppo | LDPC-DiscreteResidual-v0,24,82,2,3.9316165531231975,0.0
rl,ppo | LDPC-DiscreteResidual-v0,24,82,3,2.8007081040864104,0.0
rl,ppo | LDPC-DiscreteResidual-v0,24,82,4,2.466581331295488,0.0
rl,ppo | LDPC-DiscreteResidual-v0,24,82,5,3.005980979398517,0.0
rl,ppo | LDPC-DiscreteResidual-v0,24,82,6,3.337119470129416,0.0
rl,ppo | LDPC-DiscreteResidual-v0,24,82,7,3.8681641621632568,0.0
rl,ppo | LDPC-DiscreteResidual-v0,24,82,8,3.97181427600967,0.0
rl,ppo | LDPC-DiscreteResidual-v0,24,82,9,4.8706008361861945,0.0
rl,ppo | LDPC-DiscreteResidual-v0,24,82,10,5.566072994269723,0.0
rl,ppo | LDPC-DiscreteResidual-v0,24,82,11,4.622584022775526,0.0
rl,ppo | LDPC-DiscreteResidual-v0,24,82,12,4.490256007916159,0.0
rl,ppo | LDPC-DiscreteResidual-v0,24,82,13,4.8549997447151565,0.0
rl,ppo | LDPC-DiscreteResidual-v0,24,82,14,5.289278675872303,0.0
rl,ppo | LDPC-DiscreteResidual-v0,24,82,15,3.882567571941277,0.0
rl,ppo | LDPC-DiscreteResidual-v0,24,82,16,5.762796970042492,0.0
rl,ppo | LDPC-DiscreteResidual-v0,24,82,17,4.209830332099454,0.0
rl,ppo | LDPC-DiscreteResidual-v0,24,82,18,0.0,0.0
rl,ppo | LDPC-DiscreteResidual-v0,24,82,19,4.2256117295274205,0.0
rl,ppo | LDPC-DiscreteResidual-v0,24,82,20,5.44226948515669,0.0
rl,ppo | LDPC-DiscreteResidual-v0,24,82,21,5.457859802030297,0.0
rl,ppo | LDPC-DiscreteResidual-v0,24,82,22,5.657184663401866,0.0
rl,ppo | LDPC-DiscreteResidual-v0,24,82,23,6.380369202692517,0.0
rl,ppo | LDPC-DiscreteResidual-v0,24,83,0,2.8403947746128986,0.0
rl,ppo | LDPC-DiscreteResidual-v0,24,83,1,2.323173646256856,0.0
rl,ppo | LDPC-DiscreteResidual-v0,24,83,2,3.9316165531231975,0.0
rl,ppo | LDPC-DiscreteResidual-v0,24,83,3,2.8007081040864104,0.0
rl,ppo | LDPC-DiscreteResidual-v0,24,83,4,2.466581331295488,0.0
rl,ppo | LDPC-DiscreteResidual-v0,24,83,5,3.005980979398517,0.0
rl,ppo | LDPC-DiscreteResidual-v0,24,83,6,3.337119470129416,0.0
rl,ppo | LDPC-DiscreteResidual-v0,24,83,7,3.8681641621632568,0.0
rl,ppo | LDPC-DiscreteResidual-v0,24,83,8,3.97181427600967,0.0
rl,ppo | LDPC-DiscreteResidual-v0,24,83,9,4.8706008361861945,0.0
rl,ppo | LDPC-DiscreteResidual-v0,24,83,10,5.566072994269723,0.0
rl,ppo | LDPC-DiscreteResidual-v0,24,83,11,4.622584022775526,0.0
rl,ppo | LDPC-DiscreteResidual-v0,24,83,12,4.490256007916159,0.0
rl,ppo | LDPC-DiscreteResidual-v0,24,83,13,4.8549997447151565,0.0
rl,ppo | LDPC-DiscreteResidual-v0,24,83,14,5.289278675872303,0.0
rl,ppo | LDPC-DiscreteResidual-v0,24,83,15,3.882567571941277,0.0
rl,ppo | LDPC-DiscreteResidual-v0,24,83,16,5.762796970042492,0.0
rl,ppo | LDPC-DiscreteResidual-v0,24,83,17,4.209830332099454,0.0
rl,ppo | LDPC-DiscreteResidual-v0,24,83,18,0.0,0.0
rl,ppo | LDPC-DiscreteResidual-v0,24,83,19,4.2256117295274205,0.0
rl,ppo | LDPC-DiscreteResidual-v0,24,83,20,5.44226948515669,0.0
rl,ppo | LDPC-DiscreteResidual-v0,24,83,21,5.457859802030297,0.0
rl,ppo | LDPC-DiscreteResidual-v0,24,83,22,5.657184663401866,0.0
rl,ppo | LDPC-DiscreteResidual-v0,24,83,23,6.380369202692517,0.0
rl,ppo | LDPC-DiscreteResidual-v0,24,84,0,2.8403947746128986,0.0
rl,ppo | LDPC-DiscreteResidual-v0,24,84,1,2.323173646256856,0.0
rl,ppo | LDPC-DiscreteResidual-v0,24,84,2,3.9316165531231975,0.0
rl,ppo | LDPC-DiscreteResidual-v0,24,84,3,2.8007081040864104,0.0
rl,ppo | LDPC-DiscreteResidual-v0,24,84,4,2.466581331295488,0.0
rl,ppo | LDPC-DiscreteResidual-v0,24,84,5,3.005980979398517,0.0
rl,ppo | LDPC-DiscreteResidual-v0,24,84,6,3.337119470129416,0.0
rl,ppo | LDPC-DiscreteResidual-v0,24,84,7,3.8681641621632568,0.0
rl,ppo | LDPC-DiscreteResidual-v0,24,84,8,3.97181427600967,0.0
rl,ppo | LDPC-DiscreteResidual-v0,24,84,9,4.8706008361861945,0.0
rl,ppo | LDPC-DiscreteResidual-v0,24,84,10,5.566072994269723,0.0
rl,ppo | LDPC-DiscreteResidual-v0,24,84,11,4.622584022775526,0.0
rl,ppo | LDPC-DiscreteResidual-v0,24,84,12,4.490256007916159,0.0
rl,ppo | LDPC-DiscreteResidual-v0,24,84,13,4.8549997447151565,0.0
rl,ppo | LDPC-DiscreteResidual-v0,24,84,14,5.289278675872303,0.0
rl,ppo | LDPC-DiscreteResidual-v0,24,84,15,3.882567571941277,0.0
rl,ppo | LDPC-DiscreteResidual-v0,24,84,16,5.762796970042492,0.0
rl,ppo | LDPC-DiscreteResidual-v0,24,84,17,4.209830332099454,0.0
rl,ppo | LDPC-DiscreteResidual-v0,24,84,18,0.0,0.0
rl,ppo | LDPC-DiscreteResidual-v0,24,84,19,4.2256117295274205,0.0
rl,ppo | LDPC-DiscreteResidual-v0,24,84,20,5.44226948515669,0.0
rl,ppo | LDPC-DiscreteResidual-v0,24,84,21,5.457859802030297,0.0
rl,ppo | LDPC-DiscreteResidual-v0,24,84,22,5.657184663401866,0.0
rl,ppo | LDPC-DiscreteResidual-v0,24,84,23,6.380369202692517,0.0
rl,ppo | LDPC-DiscreteResidual-v0,24,85,0,2.8403947746128986,0.0
rl,ppo | LDPC-DiscreteResidual-v0,24,85,1,2.323173646256856,0.0
rl,ppo | LDPC-DiscreteResidual-v0,24,85,2,3.9316165531231975,0.0
rl,ppo | LDPC-DiscreteResidual-v0,24,85,3,2.8007081040864104,0.0
rl,ppo | LDPC-DiscreteResidual-v0,24,85,4,2.466581331295488,0.0
rl,ppo | LDPC-DiscreteResidual-v0,24,85,5,3.005980979398517,0.0
rl,ppo | LDPC-DiscreteResidual-v0,24,85,6,3.337119470129416,0.0
rl,ppo | LDPC-DiscreteResidual-v0,24,85,7,3.8681641621632568,0.0
rl,ppo | LDPC-DiscreteResidual-v0,24,85,8,3.97181427600967,0.0
rl,ppo | LDPC-DiscreteResidual-v0,24,85,9,4.8706008361861945,0.0
rl,ppo | LDPC-DiscreteResidual-v0,24,85,10,5.566072994269723,0.0
rl,ppo | LDPC-DiscreteResidual-v0,24,85,11,4.622584022775526,0.0
rl,ppo | LDPC-DiscreteResidual-v0,24,85,12,4.490256007916159,0.0
rl,ppo | LDPC-DiscreteResidual-v0,24,85,13,4.8549997447151565,0.0
rl,ppo | LDPC-DiscreteResidual-v0,24,85,14,5.289278675872303,0.0
rl,ppo | LDPC-DiscreteResidual-v0,24,85,15,3.882567571941277,0.0
rl,ppo | LDPC-DiscreteResidual-v0,24,85,16,5.762796970042492,0.0
rl,ppo | LDPC-DiscreteResidual-v0,24,85,17,4.209830332099454,0.0
rl,ppo | LDPC-DiscreteResidual-v0,24,85,18,0.0,0.0
rl,ppo | LDPC-DiscreteResidual-v0,24,85,19,4.2256117295274205,0.0
rl,ppo | LDPC-DiscreteResidual-v0,24,85,20,5.44226948515669,0.0
rl,ppo | LDPC-DiscreteResidual-v0,24,85,21,5.457859802030297,0.0
rl,ppo | LDPC-DiscreteResidual-v0,24,85,22,5.657184663401866,0.0
rl,ppo | LDPC-DiscreteResidual-v0,24,85,23,6.380369202692517,0.0
rl,ppo | LDPC-DiscreteResidual-v0,24,86,0,2.8403947746128986,0.0
rl,ppo | LDPC-DiscreteResidual-v0,24,86,1,2.323173646256856,0.0
rl,ppo | LDPC-DiscreteResidual-v0,24,86,2,3.9316165531231975,0.0
rl,ppo | LDPC-DiscreteResidual-v0,24,86,3,2.8007081040864104,0.0
rl,ppo | LDPC-DiscreteResidual-v0,24,86,4,2.466581331295488,0.0
rl,ppo | LDPC-DiscreteResidual-v0,24,86,5,3.005980979398517,0.0
rl,ppo | LDPC-DiscreteResidual-v0,24,86,6,3.337119470129416,0.0
rl,ppo | LDPC-DiscreteResidual-v0,24,86,7,3.8681641621632568,0.0
rl,ppo | LDPC-DiscreteResidual-v0,24,86,8,3.97181427600967,0.0
rl,ppo | LDPC-DiscreteResidual-v0,24,86,9,4.8706008361861945,0.0
rl,ppo | LDPC-DiscreteResidual-v0,24,86,10,5.566072994269723,0.0
rl,ppo | LDPC-DiscreteResidual-v0,24,86,11,4.622584022775526,0.0
rl,ppo | LDPC-DiscreteResidual-v0,24,86,12,4.490256007916159,0.0
rl,ppo | LDPC-DiscreteResidual-v0,24,86,13,4.8549997447151565,0.0
rl,ppo | LDPC-DiscreteResidual-v0,24,86,14,5.289278675872303,0.0
rl,ppo | LDPC-DiscreteResidual-v0,24,86,15,3.882567571941277,0.0
rl,ppo | LDPC-DiscreteResidual-v0,24,86,16,5.762796970042492,0.0
rl,ppo | LDPC-DiscreteResidual-v0,24,86,17,4.209830332099454,0.0
rl,ppo | LDPC-DiscreteResidual-v0,24,86,18,0.0,0.0
rl,ppo | LDPC-DiscreteResidual-v0,24,86,19,4.2256117295274205,0.0
rl,ppo | LDPC-DiscreteResidual-v0,24,86,20,5.44226948515669,0.0
rl,ppo | LDPC-DiscreteResidual-v0,24,86,21,5.457859802030297,0.0
rl,ppo | LDPC-DiscreteResidual-v0,24,86,22,5.657184663401866,0.0
rl,ppo | LDPC-DiscreteResidual-v0,24,86,23,6.380369202692517,0.0
rl,ppo | LDPC-DiscreteResidual-v0,24,87,0,2.8403947746128986,0.0
rl,ppo | LDPC-DiscreteResidual-v0,24,87,1,2.323173646256856,0.0
rl,ppo | LDPC-DiscreteResidual-v0,24,87,2,3.9316165531231975,0.0
rl,ppo | LDPC-DiscreteResidual-v0,24,87,3,2.8007081040864104,0.0
rl,ppo | LDPC-DiscreteResidual-v0,24,87,4,2.466581331295488,0.0
rl,ppo | LDPC-DiscreteResidual-v0,24,87,5,3.005980979398517,0.0
rl,ppo | LDPC-DiscreteResidual-v0,24,87,6,3.337119470129416,0.0
rl,ppo | LDPC-DiscreteResidual-v0,24,87,7,3.8681641621632568,0.0
rl,ppo | LDPC-DiscreteResidual-v0,24,87,8,3.97181427600967,0.0
rl,ppo | LDPC-DiscreteResidual-v0,24,87,9,4.8706008361861945,0.0
rl,ppo | LDPC-DiscreteResidual-v0,24,87,10,5.566072994269723,0.0
rl,ppo | LDPC-DiscreteResidual-v0,24,87,11,4.622584022775526,0.0
rl,ppo | LDPC-DiscreteResidual-v0,24,87,12,4.490256007916159,0.0
rl,ppo | LDPC-DiscreteResidual-v0,24,87,13,4.8549997447151565,0.0
rl,ppo | LDPC-DiscreteResidual-v0,24,87,14,5.289278675872303,0.0
rl,ppo | LDPC-DiscreteResidual-v0,24,87,15,3.882567571941277,0.0
rl,ppo | LDPC-DiscreteResidual-v0,24,87,16,5.762796970042492,0.0
rl,ppo | LDPC-DiscreteResidual-v0,24,87,17,4.209830332099454,0.0
rl,ppo | LDPC-DiscreteResidual-v0,24,87,18,0.0,0.0
rl,ppo | LDPC-DiscreteResidual-v0,24,87,19,4.2256117295274205,0.0
rl,ppo | LDPC-DiscreteResidual-v0,24,87,20,5.44226948515669,0.0
rl,ppo | LDPC-DiscreteResidual-v0,24,87,21,5.457859802030297,0.0
rl,ppo | LDPC-DiscreteResidual-v0,24,87,22,5.657184663401866,0.0
rl,ppo | LDPC-DiscreteResidual-v0,24,87,23,6.380369202692517,0.0
rl,ppo | LDPC-DiscreteResidual-v0,24,88,0,2.8403947746128986,0.0
rl,ppo | LDPC-DiscreteResidual-v0,24,88,1,2.323173646256856,0.0
rl,ppo | LDPC-DiscreteResidual-v0,24,88,2,3.9316165531231975,0.0
rl,ppo | LDPC-DiscreteResidual-v0,24,88,3,2.8007081040864104,0.0
rl,ppo | LDPC-DiscreteResidual-v0,24,88,4,2.466581331295488,0.0
rl,ppo | LDPC-DiscreteResidual-v0,24,88,5,3.005980979398517,0.0
rl,ppo | LDPC-DiscreteResidual-v0,24,88,6,3.337119470129416,0.0
rl,ppo | LDPC-DiscreteResidual-v0,24,88,7,3.8681641621632568,0.0
rl,ppo | LDPC-DiscreteResidual-v0,24,88,8,3.97181427600967,0.0
rl,ppo | LDPC-DiscreteResidual-v0,24,88,9,4.8706008361861945,0.0
rl,ppo | LDPC-DiscreteResidual-v0,24,88,10,5.566072994269723,0.0
rl,ppo | LDPC-DiscreteResidual-v0,24,88,11,4.622584022775526,0.0
rl,ppo | LDPC-DiscreteResidual-v0,24,88,12,4.490256007916159,0.0
rl,ppo | LDPC-DiscreteResidual-v0,24,88,13,4.8549997447151565,0.0
rl,ppo | LDPC-DiscreteResidual-v0,24,88,14,5.289278675872303,0.0
rl,ppo | LDPC-DiscreteResidual-v0,24,88,15,3.882567571941277,0.0
rl,ppo | LDPC-DiscreteResidual-v0,24,88,16,5.762796970042492,0.0
rl,ppo | LDPC-DiscreteResidual-v0,24,88,17,4.209830332099454,0.0
rl,ppo | LDPC-DiscreteResidual-v0,24,88,18,0.0,0.0
rl,ppo | LDPC-DiscreteResidual-v0,24,88,19,4.2256117295274205,0.0
rl,ppo | LDPC-DiscreteResidual-v0,24,88,20,5.44226948515669,0.0
rl,ppo | LDPC-DiscreteResidual-v0,24,88,21,5.457859802030297,0.0
rl,ppo | LDPC-DiscreteResidual-v0,24,88,22,5.657184663401866,0.0
rl,ppo | LDPC-DiscreteResidual-v0,24,88,23,6.380369202692517,0.0
rl,ppo | LDPC-DiscreteResidual-v0,24,89,0,2.8403947746128986,0.0
rl,ppo | LDPC-DiscreteResidual-v0,24,89,1,2.323173646256856,0.0
rl,ppo | LDPC-DiscreteResidual-v0,24,89,2,3.9316165531231975,0.0
rl,ppo | LDPC-DiscreteResidual-v0,24,89,3,2.8007081040864104,0.0
rl,ppo | LDPC-DiscreteResidual-v0,24,89,4,2.466581331295488,0.0
rl,ppo | LDPC-DiscreteResidual-v0,24,89,5,3.005980979398517,0.0
rl,ppo | LDPC-DiscreteResidual-v0,24,89,6,3.337119470129416,0.0
rl,ppo | LDPC-DiscreteResidual-v0,24,89,7,3.8681641621632568,0.0
rl,ppo | LDPC-DiscreteResidual-v0,24,89,8,3.97181427600967,0.0
rl,ppo | LDPC-DiscreteResidual-v0,24,89,9,4.8706008361861945,0.0
rl,ppo | LDPC-DiscreteResidual-v0,24,89,10,5.566072994269723,0.0
rl,ppo | LDPC-DiscreteResidual-v0,24,89,11,4.622584022775526,0.0
rl,ppo | LDPC-DiscreteResidual-v0,24,89,12,4.490256007916159,0.0
rl,ppo | LDPC-DiscreteResidual-v0,24,89,13,4.8549997447151565,0.0
rl,ppo | LDPC-DiscreteResidual-v0,24,89,14,5.289278675872303,0.0
rl,ppo | LDPC-DiscreteResidual-v0,24,89,15,3.882567571941277,0.0
rl,ppo | LDPC-DiscreteResidual-v0,24,89,16,5.762796970042492,0.0
rl,ppo | LDPC-DiscreteResidual-v0,24,89,17,4.209830332099454,0.0
rl,ppo | LDPC-DiscreteResidual-v0,24,89,18,0.0,0.0
rl,ppo | LDPC-DiscreteResidual-v0,24,89,19,4.2256117295274205,0.0
rl,ppo | LDPC-DiscreteResidual-v0,24,89,20,5.44226948515669,0.0
rl,ppo | LDPC-DiscreteResidual-v0,24,89,21,5.457859802030297,0.0
rl,ppo | LDPC-DiscreteResidual-v0,24,89,22,5.657184663401866,0.0
rl,ppo | LDPC-DiscreteResidual-v0,24,89,23,6.380369202692517,0.0
rl,ppo | LDPC-DiscreteResidual-v0,24,90,0,2.8403947746128986,0.0
rl,ppo | LDPC-DiscreteResidual-v0,24,90,1,2.323173646256856,0.0
rl,ppo | LDPC-DiscreteResidual-v0,24,90,2,3.9316165531231975,0.0
rl,ppo | LDPC-DiscreteResidual-v0,24,90,3,2.8007081040864104,0.0
rl,ppo | LDPC-DiscreteResidual-v0,24,90,4,2.466581331295488,0.0
rl,ppo | LDPC-DiscreteResidual-v0,24,90,5,3.005980979398517,0.0
rl,ppo | LDPC-DiscreteResidual-v0,24,90,6,3.337119470129416,0.0
rl,ppo | LDPC-DiscreteResidual-v0,24,90,7,3.8681641621632568,0.0
rl,ppo | LDPC-DiscreteResidual-v0,24,90,8,3.97181427600967,0.0
rl,ppo | LDPC-DiscreteResidual-v0,24,90,9,4.8706008361861945,0.0
rl,ppo | LDPC-DiscreteResidual-v0,24,90,10,5.566072994269723,0.0
rl,ppo | LDPC-DiscreteResidual-v0,24,90,11,4.622584022775526,0.0
rl,ppo | LDPC-DiscreteResidual-v0,24,90,12,4.490256007916159,0.0
rl,ppo | LDPC-DiscreteResidual-v0,24,90,13,4.8549997447151565,0.0
rl,ppo | LDPC-DiscreteResidual-v0,24,90,14,5.289278675872303,0.0
rl,ppo | LDPC-DiscreteResidual-v0,24,90,15,3.882567571941277,0.0
rl,ppo | LDPC-DiscreteResidual-v0,24,90,16,5.762796970042492,0.0
rl,ppo | LDPC-DiscreteResidual-v0,24,90,17,4.209830332099454,0.0
rl,ppo | LDPC-DiscreteResidual-v0,24,90,18,0.0,0.0
rl,ppo | LDPC-DiscreteResidual-v0,24,90,19,4.2256117295274205,0.0
rl,ppo | LDPC-DiscreteResidual-v0,24,90,20,5.44226948515669,0.0
rl,ppo | LDPC-DiscreteResidual-v0,24,90,21,5.457859802030297,0.0
rl,ppo | LDPC-DiscreteResidual-v0,24,90,22,5.657184663401866,0.0
rl,ppo | LDPC-DiscreteResidual-v0,24,90,23,6.380369202692517,0.0
rl,ppo | LDPC-DiscreteResidual-v0,24,91,0,2.8403947746128986,0.0
rl,ppo | LDPC-DiscreteResidual-v0,24,91,1,2.323173646256856,0.0
rl,ppo | LDPC-DiscreteResidual-v0,24,91,2,3.9316165531231975,0.0
rl,ppo | LDPC-DiscreteResidual-v0,24,91,3,2.8007081040864104,0.0
rl,ppo | LDPC-DiscreteResidual-v0,24,91,4,2.466581331295488,0.0
rl,ppo | LDPC-DiscreteResidual-v0,24,91,5,3.005980979398517,0.0
rl,ppo | LDPC-DiscreteResidual-v0,24,91,6,3.337119470129416,0.0
rl,ppo | LDPC-DiscreteResidual-v0,24,91,7,3.8681641621632568,0.0
rl,ppo | LDPC-DiscreteResidual-v0,24,91,8,3.97181427600967,0.0
rl,ppo | LDPC-DiscreteResidual-v0,24,91,9,4.8706008361861945,0.0
rl,ppo | LDPC-DiscreteResidual-v0,24,91,10,5.566072994269723,0.0
rl,ppo | LDPC-DiscreteResidual-v0,24,91,11,4.622584022775526,0.0
rl,ppo | LDPC-DiscreteResidual-v0,24,91,12,4.490256007916159,0.0
rl,ppo | LDPC-DiscreteResidual-v0,24,91,13,4.8549997447151565,0.0
rl,ppo | LDPC-DiscreteResidual-v0,24,91,14,5.289278675872303,0.0
rl,ppo | LDPC-DiscreteResidual-v0,24,91,15,3.882567571941277,0.0
rl,ppo | LDPC-DiscreteResidual-v0,24,91,16,5.762796970042492,0.0
rl,ppo | LDPC-DiscreteResidual-v0,24,91,17,4.209830332099454,0.0
rl,ppo | LDPC-DiscreteResidual-v0,24,91,18,0.0,0.0
rl,ppo | LDPC-DiscreteResidual-v0,24,91,19,4.2256117295274205,0.0
rl,ppo | LDPC-DiscreteResidual-v0,24,91,20,5.44226948515669,0.0
rl,ppo | LDPC-DiscreteResidual-v0,24,91,21,5.457859802030297,0.0
rl,ppo | LDPC-DiscreteResidual-v0,24,91,22,5.657184663401866,0.0
rl,ppo | LDPC-DiscreteResidual-v0,24,91,23,6.380369202692517,0.0
rl,ppo | LDPC-DiscreteResidual-v0,24,92,0,2.8403947746128986,0.0
rl,ppo | LDPC-DiscreteResidual-v0,24,92,1,2.323173646256856,0.0
rl,ppo | LDPC-DiscreteResidual-v0,24,92,2,3.9316165531231975,0.0
rl,ppo | LDPC-DiscreteResidual-v0,24,92,3,2.8007081040864104,0.0
rl,ppo | LDPC-DiscreteResidual-v0,24,92,4,2.466581331295488,0.0
rl,ppo | LDPC-DiscreteResidual-v0,24,92,5,3.005980979398517,0.0
rl,ppo | LDPC-DiscreteResidual-v0,24,92,6,3.337119470129416,0.0
rl,ppo | LDPC-DiscreteResidual-v0,24,92,7,3.8681641621632568,0.0
rl,ppo | LDPC-DiscreteResidual-v0,24,92,8,3.97181427600967,0.0
rl,ppo | LDPC-DiscreteResidual-v0,24,92,9,4.8706008361861945,0.0
rl,ppo | LDPC-DiscreteResidual-v0,24,92,10,5.566072994269723,0.0
rl,ppo | LDPC-DiscreteResidual-v0,24,92,11,4.622584022775526,0.0
rl,ppo | LDPC-DiscreteResidual-v0,24,92,12,4.490256007916159,0.0
rl,ppo | LDPC-DiscreteResidual-v0,24,92,13,4.8549997447151565,0.0
rl,ppo | LDPC-DiscreteResidual-v0,24,92,14,5.289278675872303,0.0
rl,ppo | LDPC-DiscreteResidual-v0,24,92,15,3.882567571941277,0.0
rl,ppo | LDPC-DiscreteResidual-v0,24,92,16,5.762796970042492,0.0
rl,ppo | LDPC-DiscreteResidual-v0,24,92,17,4.209830332099454,0.0
rl,ppo | LDPC-DiscreteResidual-v0,24,92,18,0.0,0.0
rl,ppo | LDPC-DiscreteResidual-v0,24,92,19,4.2256117295274205,0.0
rl,ppo | LDPC-DiscreteResidual-v0,24,92,20,5.44226948515669,0.0
rl,ppo | LDPC-DiscreteResidual-v0,24,92,21,5.457859802030297,0.0
rl,ppo | LDPC-DiscreteResidual-v0,24,92,22,5.657184663401866,0.0
rl,ppo | LDPC-DiscreteResidual-v0,24,92,23,6.380369202692517,0.0
rl,ppo | LDPC-DiscreteResidual-v0,24,93,0,2.8403947746128986,0.0
rl,ppo | LDPC-DiscreteResidual-v0,24,93,1,2.323173646256856,0.0
rl,ppo | LDPC-DiscreteResidual-v0,24,93,2,3.9316165531231975,0.0
rl,ppo | LDPC-DiscreteResidual-v0,24,93,3,2.8007081040864104,0.0
rl,ppo | LDPC-DiscreteResidual-v0,24,93,4,2.466581331295488,0.0
rl,ppo | LDPC-DiscreteResidual-v0,24,93,5,3.005980979398517,0.0
rl,ppo | LDPC-DiscreteResidual-v0,24,93,6,3.337119470129416,0.0
rl,ppo | LDPC-DiscreteResidual-v0,24,93,7,3.8681641621632568,0.0
rl,ppo | LDPC-DiscreteResidual-v0,24,93,8,3.97181427600967,0.0
rl,ppo | LDPC-DiscreteResidual-v0,24,93,9,4.8706008361861945,0.0
rl,ppo | LDPC-DiscreteResidual-v0,24,93,10,5.566072994269723,0.0
rl,ppo | LDPC-DiscreteResidual-v0,24,93,11,4.622584022775526,0.0
rl,ppo | LDPC-DiscreteResidual-v0,24,93,12,4.490256007916159,0.0
rl,ppo | LDPC-DiscreteResidual-v0,24,93,13,4.8549997447151565,0.0
rl,ppo | LDPC-DiscreteResidual-v0,24,93,14,5.289278675872303,0.0
rl,ppo | LDPC-DiscreteResidual-v0,24,93,15,3.882567571941277,0.0
rl,ppo | LDPC-DiscreteResidual-v0,24,93,16,5.762796970042492,0.0
rl,ppo | LDPC-DiscreteResidual-v0,24,93,17,4.209830332099454,0.0
rl,ppo | LDPC-DiscreteResidual-v0,24,93,18,0.0,0.0
rl,ppo | LDPC-DiscreteResidual-v0,24,93,19,4.2256117295274205,0.0
rl,ppo | LDPC-DiscreteResidual-v0,24,93,20,5.44226948515669,0.0
rl,ppo | LDPC-DiscreteResidual-v0,24,93,21,5.457859802030297,0.0
rl,ppo | LDPC-DiscreteResidual-v0,24,93,22,5.657184663401866,0.0
rl,ppo | LDPC-DiscreteResidual-v0,24,93,23,6.380369202692517,0.0
rl,ppo | LDPC-DiscreteResidual-v0,24,94,0,2.8403947746128986,0.0
rl,ppo | LDPC-DiscreteResidual-v0,24,94,1,2.323173646256856,0.0
rl,ppo | LDPC-DiscreteResidual-v0,24,94,2,3.9316165531231975,0.0
rl,ppo | LDPC-DiscreteResidual-v0,24,94,3,2.8007081040864104,0.0
rl,ppo | LDPC-DiscreteResidual-v0,24,94,4,2.466581331295488,0.0
rl,ppo | LDPC-DiscreteResidual-v0,24,94,5,3.005980979398517,0.0
rl,ppo | LDPC-DiscreteResidual-v0,24,94,6,3.337119470129416,0.0
rl,ppo | LDPC-DiscreteResidual-v0,24,94,7,3.8681641621632568,0.0
rl,ppo | LDPC-DiscreteResidual-v0,24,94,8,3.97181427600967,0.0
rl,ppo | LDPC-DiscreteResidual-v0,24,94,9,4.8706008361861945,0.0
rl,ppo | LDPC-DiscreteResidual-v0,24,94,10,5.566072994269723,0.0
rl,ppo | LDPC-DiscreteResidual-v0,24,94,11,4.622584022775526,0.0
rl,ppo | LDPC-DiscreteResidual-v0,24,94,12,4.490256007916159,0.0
rl,ppo | LDPC-DiscreteResidual-v0,24,94,13,4.8549997447151565,0.0
rl,ppo | LDPC-DiscreteResidual-v0,24,94,14,5.289278675872303,0.0
rl,ppo | LDPC-DiscreteResidual-v0,24,94,15,3.882567571941277,0.0
rl,ppo | LDPC-DiscreteResidual-v0,24,94,16,5.762796970042492,0.0
rl,ppo | LDPC-DiscreteResidual-v0,24,94,17,4.209830332099454,0.0
rl,ppo | LDPC-DiscreteResidual-v0,24,94,18,0.0,0.0
rl,ppo | LDPC-DiscreteResidual-v0,24,94,19,4.2256117295274205,0.0
rl,ppo | LDPC-DiscreteResidual-v0,24,94,20,5.44226948515669,0.0
rl,ppo | LDPC-DiscreteResidual-v0,24,94,21,5.457859802030297,0.0
rl,ppo | LDPC-DiscreteResidual-v0,24,94,22,5.657184663401866,0.0
rl,ppo | LDPC-DiscreteResidual-v0,24,94,23,6.380369202692517,0.0
rl,ppo | LDPC-DiscreteResidual-v0,24,95,0,2.8403947746128986,0.0
rl,ppo | LDPC-DiscreteResidual-v0,24,95,1,2.323173646256856,0.0
rl,ppo | LDPC-DiscreteResidual-v0,24,95,2,3.9316165531231975,0.0
rl,ppo | LDPC-DiscreteResidual-v0,24,95,3,2.8007081040864104,0.0
rl,ppo | LDPC-DiscreteResidual-v0,24,95,4,2.466581331295488,0.0
rl,ppo | LDPC-DiscreteResidual-v0,24,95,5,3.005980979398517,0.0
rl,ppo | LDPC-DiscreteResidual-v0,24,95,6,3.337119470129416,0.0
rl,ppo | LDPC-DiscreteResidual-v0,24,95,7,3.8681641621632568,0.0
rl,ppo | LDPC-DiscreteResidual-v0,24,95,8,3.97181427600967,0.0
rl,ppo | LDPC-DiscreteResidual-v0,24,95,9,4.8706008361861945,0.0
rl,ppo | LDPC-DiscreteResidual-v0,24,95,10,5.566072994269723,0.0
rl,ppo | LDPC-DiscreteResidual-v0,24,95,11,4.622584022775526,0.0
rl,ppo | LDPC-DiscreteResidual-v0,24,95,12,4.490256007916159,0.0
rl,ppo | LDPC-DiscreteResidual-v0,24,95,13,4.8549997447151565,0.0
rl,ppo | LDPC-DiscreteResidual-v0,24,95,14,5.289278675872303,0.0
rl,ppo | LDPC-DiscreteResidual-v0,24,95,15,3.882567571941277,0.0
rl,ppo | LDPC-DiscreteResidual-v0,24,95,16,5.762796970042492,0.0
rl,ppo | LDPC-DiscreteResidual-v0,24,95,17,4.209830332099454,0.0
rl,ppo | LDPC-DiscreteResidual-v0,24,95,18,0.0,0.0
rl,ppo | LDPC-DiscreteResidual-v0,24,95,19,4.2256117295274205,0.0
rl,ppo | LDPC-DiscreteResidual-v0,24,95,20,5.44226948515669,0.0
rl,ppo | LDPC-DiscreteResidual-v0,24,95,21,5.457859802030297,0.0
rl,ppo | LDPC-DiscreteResidual-v0,24,95,22,5.657184663401866,0.0
rl,ppo | LDPC-DiscreteResidual-v0,24,95,23,6.380369202692517,0.0
rl,ppo | LDPC-DiscreteResidual-v0,24,96,0,2.8403947746128986,0.0
rl,ppo | LDPC-DiscreteResidual-v0,24,96,1,2.323173646256856,0.0
rl,ppo | LDPC-DiscreteResidual-v0,24,96,2,3.9316165531231975,0.0
rl,ppo | LDPC-DiscreteResidual-v0,24,96,3,2.8007081040864104,0.0
rl,ppo | LDPC-DiscreteResidual-v0,24,96,4,2.466581331295488,0.0
rl,ppo | LDPC-DiscreteResidual-v0,24,96,5,3.005980979398517,0.0
rl,ppo | LDPC-DiscreteResidual-v0,24,96,6,3.337119470129416,0.0
rl,ppo | LDPC-DiscreteResidual-v0,24,96,7,3.8681641621632568,0.0
rl,ppo | LDPC-DiscreteResidual-v0,24,96,8,3.97181427600967,0.0
rl,ppo | LDPC-DiscreteResidual-v0,24,96,9,4.8706008361861945,0.0
rl,ppo | LDPC-DiscreteResidual-v0,24,96,10,5.566072994269723,0.0
rl,ppo | LDPC-DiscreteResidual-v0,24,96,11,4.622584022775526,0.0
rl,ppo | LDPC-DiscreteResidual-v0,24,96,12,4.490256007916159,0.0
rl,ppo | LDPC-DiscreteResidual-v0,24,96,13,4.8549997447151565,0.0
rl,ppo | LDPC-DiscreteResidual-v0,24,96,14,5.289278675872303,0.0
rl,ppo | LDPC-DiscreteResidual-v0,24,96,15,3.882567571941277,0.0
rl,ppo | LDPC-DiscreteResidual-v0,24,96,16,5.762796970042492,0.0
rl,ppo | LDPC-DiscreteResidual-v0,24,96,17,4.209830332099454,0.0
rl,ppo | LDPC-DiscreteResidual-v0,24,96,18,0.0,0.0
rl,ppo | LDPC-DiscreteResidual-v0,24,96,19,4.2256117295274205,0.0
rl,ppo | LDPC-DiscreteResidual-v0,24,96,20,5.44226948515669,0.0
rl,ppo | LDPC-DiscreteResidual-v0,24,96,21,5.457859802030297,0.0
rl,ppo | LDPC-DiscreteResidual-v0,24,96,22,5.657184663401866,0.0
rl,ppo | LDPC-DiscreteResidual-v0,24,96,23,6.380369202692517,0.0
rl,ppo | LDPC-DiscreteResidual-v0,24,97,0,2.8403947746128986,0.0
rl,ppo | LDPC-DiscreteResidual-v0,24,97,1,2.323173646256856,0.0
rl,ppo | LDPC-DiscreteResidual-v0,24,97,2,3.9316165531231975,0.0
rl,ppo | LDPC-DiscreteResidual-v0,24,97,3,2.8007081040864104,0.0
rl,ppo | LDPC-DiscreteResidual-v0,24,97,4,2.466581331295488,0.0
rl,ppo | LDPC-DiscreteResidual-v0,24,97,5,3.005980979398517,0.0
rl,ppo | LDPC-DiscreteResidual-v0,24,97,6,3.337119470129416,0.0
rl,ppo | LDPC-DiscreteResidual-v0,24,97,7,3.8681641621632568,0.0
rl,ppo | LDPC-DiscreteResidual-v0,24,97,8,3.97181427600967,0.0
rl,ppo | LDPC-DiscreteResidual-v0,24,97,9,4.8706008361861945,0.0
rl,ppo | LDPC-DiscreteResidual-v0,24,97,10,5.566072994269723,0.0
rl,ppo | LDPC-DiscreteResidual-v0,24,97,11,4.622584022775526,0.0
rl,ppo | LDPC-DiscreteResidual-v0,24,97,12,4.490256007916159,0.0
rl,ppo | LDPC-DiscreteResidual-v0,24,97,13,4.8549997447151565,0.0
rl,ppo | LDPC-DiscreteResidual-v0,24,97,14,5.289278675872303,0.0
rl,ppo | LDPC-DiscreteResidual-v0,24,97,15,3.882567571941277,0.0
rl,ppo | LDPC-DiscreteResidual-v0,24,97,16,5.762796970042492,0.0
rl,ppo | LDPC-DiscreteResidual-v0,24,97,17,4.209830332099454,0.0
rl,ppo | LDPC-DiscreteResidual-v0,24,97,18,0.0,0.0
rl,ppo | LDPC-DiscreteResidual-v0,24,97,19,4.2256117295274205,0.0
rl,ppo | LDPC-DiscreteResidual-v0,24,97,20,5.44226948515669,0.0
rl,ppo | LDPC-DiscreteResidual-v0,24,97,21,5.457859802030297,0.0
rl,ppo | LDPC-DiscreteResidual-v0,24,97,22,5.657184663401866,0.0
rl,ppo | LDPC-DiscreteResidual-v0,24,97,23,6.380369202692517,0.0
rl,ppo | LDPC-DiscreteResidual-v0,24,98,0,2.8403947746128986,0.0
rl,ppo | LDPC-DiscreteResidual-v0,24,98,1,2.323173646256856,0.0
rl,ppo | LDPC-DiscreteResidual-v0,24,98,2,3.9316165531231975,0.0
rl,ppo | LDPC-DiscreteResidual-v0,24,98,3,2.8007081040864104,0.0
rl,ppo | LDPC-DiscreteResidual-v0,24,98,4,2.466581331295488,0.0
rl,ppo | LDPC-DiscreteResidual-v0,24,98,5,3.005980979398517,0.0
rl,ppo | LDPC-DiscreteResidual-v0,24,98,6,3.337119470129416,0.0
rl,ppo | LDPC-DiscreteResidual-v0,24,98,7,3.8681641621632568,0.0
rl,ppo | LDPC-DiscreteResidual-v0,24,98,8,3.97181427600967,0.0
rl,ppo | LDPC-DiscreteResidual-v0,24,98,9,4.8706008361861945,0.0
rl,ppo | LDPC-DiscreteResidual-v0,24,98,10,5.566072994269723,0.0
rl,ppo | LDPC-DiscreteResidual-v0,24,98,11,4.622584022775526,0.0
rl,ppo | LDPC-DiscreteResidual-v0,24,98,12,4.490256007916159,0.0
rl,ppo | LDPC-DiscreteResidual-v0,24,98,13,4.8549997447151565,0.0
rl,ppo | LDPC-DiscreteResidual-v0,24,98,14,5.289278675872303,0.0
rl,ppo | LDPC-DiscreteResidual-v0,24,98,15,3.882567571941277,0.0
rl,ppo | LDPC-DiscreteResidual-v0,24,98,16,5.762796970042492,0.0
rl,ppo | LDPC-DiscreteResidual-v0,24,98,17,4.209830332099454,0.0
rl,ppo | LDPC-DiscreteResidual-v0,24,98,18,0.0,0.0
rl,ppo | LDPC-DiscreteResidual-v0,24,98,19,4.2256117295274205,0.0
rl,ppo | LDPC-DiscreteResidual-v0,24,98,20,5.44226948515669,0.0
rl,ppo | LDPC-DiscreteResidual-v0,24,98,21,5.457859802030297,0.0
rl,ppo | LDPC-DiscreteResidual-v0,24,98,22,5.657184663401866,0.0
rl,ppo | LDPC-DiscreteResidual-v0,24,98,23,6.380369202692517,0.0
rl,ppo | LDPC-DiscreteResidual-v0,24,99,0,2.8403947746128986,0.0
rl,ppo | LDPC-DiscreteResidual-v0,24,99,1,2.323173646256856,0.0
rl,ppo | LDPC-DiscreteResidual-v0,24,99,2,3.9316165531231975,0.0
rl,ppo | LDPC-DiscreteResidual-v0,24,99,3,2.8007081040864104,0.0
rl,ppo | LDPC-DiscreteResidual-v0,24,99,4,2.466581331295488,0.0
rl,ppo | LDPC-DiscreteResidual-v0,24,99,5,3.005980979398517,0.0
rl,ppo | LDPC-DiscreteResidual-v0,24,99,6,3.337119470129416,0.0
rl,ppo | LDPC-DiscreteResidual-v0,24,99,7,3.8681641621632568,0.0
rl,ppo | LDPC-DiscreteResidual-v0,24,99,8,3.97181427600967,0.0
rl,ppo | LDPC-DiscreteResidual-v0,24,99,9,4.8706008361861945,0.0
rl,ppo | LDPC-DiscreteResidual-v0,24,99,10,5.566072994269723,0.0
rl,ppo | LDPC-DiscreteResidual-v0,24,99,11,4.622584022775526,0.0
rl,ppo | LDPC-DiscreteResidual-v0,24,99,12,4.490256007916159,0.0
rl,ppo | LDPC-DiscreteResidual-v0,24,99,13,4.8549997447151565,0.0
rl,ppo | LDPC-DiscreteResidual-v0,24,99,14,5.289278675872303,0.0
rl,ppo | LDPC-DiscreteResidual-v0,24,99,15,3.882567571941277,0.0
rl,ppo | LDPC-DiscreteResidual-v0,24,99,16,5.762796970042492,0.0
rl,ppo | LDPC-DiscreteResidual-v0,24,99,17,4.209830332099454,0.0
rl,ppo | LDPC-DiscreteResidual-v0,24,99,18,0.0,0.0
rl,ppo | LDPC-DiscreteResidual-v0,24,99,19,4.2256117295274205,0.0
rl,ppo | LDPC-DiscreteResidual-v0,24,99,20,5.44226948515669,0.0
rl,ppo | LDPC-DiscreteResidual-v0,24,99,21,5.457859802030297,0.0
rl,ppo | LDPC-DiscreteResidual-v0,24,99,22,5.657184663401866,0.0
rl,ppo | LDPC-DiscreteResidual-v0,24,99,23,6.380369202692517,0.0
rl,ppo | LDPC-DiscreteResidual-v0,24,100,0,2.8403947746128986,0.0
rl,ppo | LDPC-DiscreteResidual-v0,24,100,1,2.323173646256856,0.0
rl,ppo | LDPC-DiscreteResidual-v0,24,100,2,3.9316165531231975,0.0
rl,ppo | LDPC-DiscreteResidual-v0,24,100,3,2.8007081040864104,0.0
rl,ppo | LDPC-DiscreteResidual-v0,24,100,4,2.466581331295488,0.0
rl,ppo | LDPC-DiscreteResidual-v0,24,100,5,3.005980979398517,0.0
rl,ppo | LDPC-DiscreteResidual-v0,24,100,6,3.337119470129416,0.0
rl,ppo | LDPC-DiscreteResidual-v0,24,100,7,3.8681641621632568,0.0
rl,ppo | LDPC-DiscreteResidual-v0,24,100,8,3.97181427600967,0.0
rl,ppo | LDPC-DiscreteResidual-v0,24,100,9,4.8706008361861945,0.0
rl,ppo | LDPC-DiscreteResidual-v0,24,100,10,5.566072994269723,0.0
rl,ppo | LDPC-DiscreteResidual-v0,24,100,11,4.622584022775526,0.0
rl,ppo | LDPC-DiscreteResidual-v0,24,100,12,4.490256007916159,0.0
rl,ppo | LDPC-DiscreteResidual-v0,24,100,13,4.8549997447151565,0.0
rl,ppo | LDPC-DiscreteResidual-v0,24,100,14,5.289278675872303,0.0
rl,ppo | LDPC-DiscreteResidual-v0,24,100,15,3.882567571941277,0.0
rl,ppo | LDPC-DiscreteResidual-v0,24,100,16,5.762796970042492,0.0
rl,ppo | LDPC-DiscreteResidual-v0,24,100,17,4.209830332099454,0.0
rl,ppo | LDPC-DiscreteResidual-v0,24,100,18,0.0,0.0
rl,ppo | LDPC-DiscreteResidual-v0,24,100,19,4.2256117295274205,0.0
rl,ppo | LDPC-DiscreteResidual-v0,24,100,20,5.44226948515669,0.0
rl,ppo | LDPC-DiscreteResidual-v0,24,100,21,5.457859802030297,0.0
rl,ppo | LDPC-DiscreteResidual-v0,24,100,22,5.657184663401866,0.0
rl,ppo | LDPC-DiscreteResidual-v0,24,100,23,6.380369202692517,0.0
rl,ppo | LDPC-DiscreteResidual-v0,24,101,0,2.8403947746128986,0.0
rl,ppo | LDPC-DiscreteResidual-v0,24,101,1,2.323173646256856,0.0
rl,ppo | LDPC-DiscreteResidual-v0,24,101,2,3.9316165531231975,0.0
rl,ppo | LDPC-DiscreteResidual-v0,24,101,3,2.8007081040864104,0.0
rl,ppo | LDPC-DiscreteResidual-v0,24,101,4,2.466581331295488,0.0
rl,ppo | LDPC-DiscreteResidual-v0,24,101,5,3.005980979398517,0.0
rl,ppo | LDPC-DiscreteResidual-v0,24,101,6,3.337119470129416,0.0
rl,ppo | LDPC-DiscreteResidual-v0,24,101,7,3.8681641621632568,0.0
rl,ppo | LDPC-DiscreteResidual-v0,24,101,8,3.97181427600967,0.0
rl,ppo | LDPC-DiscreteResidual-v0,24,101,9,4.8706008361861945,0.0
rl,ppo | LDPC-DiscreteResidual-v0,24,101,10,5.566072994269723,0.0
rl,ppo | LDPC-DiscreteResidual-v0,24,101,11,4.622584022775526,0.0
rl,ppo | LDPC-DiscreteResidual-v0,24,101,12,4.490256007916159,0.0
rl,ppo | LDPC-DiscreteResidual-v0,24,101,13,4.8549997447151565,0.0
rl,ppo | LDPC-DiscreteResidual-v0,24,101,14,5.289278675872303,0.0
rl,ppo | LDPC-DiscreteResidual-v0,24,101,15,3.882567571941277,0.0
rl,ppo | LDPC-DiscreteResidual-v0,24,101,16,5.762796970042492,0.0
rl,ppo | LDPC-DiscreteResidual-v0,24,101,17,4.209830332099454,0.0
rl,ppo | LDPC-DiscreteResidual-v0,24,101,18,0.0,0.0
rl,ppo | LDPC-DiscreteResidual-v0,24,101,19,4.2256117295274205,0.0
rl,ppo | LDPC-DiscreteResidual-v0,24,101,20,5.44226948515669,0.0
rl,ppo | LDPC-DiscreteResidual-v0,24,101,21,5.457859802030297,0.0
rl,ppo | LDPC-DiscreteResidual-v0,24,101,22,5.657184663401866,0.0
rl,ppo | LDPC-DiscreteResidual-v0,24,101,23,6.380369202692517,0.0
rl,ppo | LDPC-DiscreteResidual-v0,24,102,0,2.8403947746128986,0.0
rl,ppo | LDPC-DiscreteResidual-v0,24,102,1,2.323173646256856,0.0
rl,ppo | LDPC-DiscreteResidual-v0,24,102,2,3.9316165531231975,0.0
rl,ppo | LDPC-DiscreteResidual-v0,24,102,3,2.8007081040864104,0.0
rl,ppo | LDPC-DiscreteResidual-v0,24,102,4,2.466581331295488,0.0
rl,ppo | LDPC-DiscreteResidual-v0,24,102,5,3.005980979398517,0.0
rl,ppo | LDPC-DiscreteResidual-v0,24,102,6,3.337119470129416,0.0
rl,ppo | LDPC-DiscreteResidual-v0,24,102,7,3.8681641621632568,0.0
rl,ppo | LDPC-DiscreteResidual-v0,24,102,8,3.97181427600967,0.0
rl,ppo | LDPC-DiscreteResidual-v0,24,102,9,4.8706008361861945,0.0
rl,ppo | LDPC-DiscreteResidual-v0,24,102,10,5.566072994269723,0.0
rl,ppo | LDPC-DiscreteResidual-v0,24,102,11,4.622584022775526,0.0
rl,ppo | LDPC-DiscreteResidual-v0,24,102,12,4.490256007916159,0.0
rl,ppo | LDPC-DiscreteResidual-v0,24,102,13,4.8549997447151565,0.0
rl,ppo | LDPC-DiscreteResidual-v0,24,102,14,5.289278675872303,0.0
rl,ppo | LDPC-DiscreteResidual-v0,24,102,15,3.882567571941277,0.0
rl,ppo | LDPC-DiscreteResidual-v0,24,102,16,5.762796970042492,0.0
rl,ppo | LDPC-DiscreteResidual-v0,24,102,17,4.209830332099454,0.0
rl,ppo | LDPC-DiscreteResidual-v0,24,102,18,0.0,0.0
rl,ppo | LDPC-DiscreteResidual-v0,24,102,19,4.2256117295274205,0.0
rl,ppo | LDPC-DiscreteResidual-v0,24,102,20,5.44226948515669,0.0
rl,ppo | LDPC-DiscreteResidual-v0,24,102,21,5.457859802030297,0.0
rl,ppo | LDPC-DiscreteResidual-v0,24,102,22,5.657184663401866,0.0
rl,ppo | LDPC-DiscreteResidual-v0,24,102,23,6.380369202692517,0.0
rl,ppo | LDPC-DiscreteResidual-v0,24,103,0,2.8403947746128986,0.0
rl,ppo | LDPC-DiscreteResidual-v0,24,103,1,2.323173646256856,0.0
rl,ppo | LDPC-DiscreteResidual-v0,24,103,2,3.9316165531231975,0.0
rl,ppo | LDPC-DiscreteResidual-v0,24,103,3,2.8007081040864104,0.0
rl,ppo | LDPC-DiscreteResidual-v0,24,103,4,2.466581331295488,0.0
rl,ppo | LDPC-DiscreteResidual-v0,24,103,5,3.005980979398517,0.0
rl,ppo | LDPC-DiscreteResidual-v0,24,103,6,3.337119470129416,0.0
rl,ppo | LDPC-DiscreteResidual-v0,24,103,7,3.8681641621632568,0.0
rl,ppo | LDPC-DiscreteResidual-v0,24,103,8,3.97181427600967,0.0
rl,ppo | LDPC-DiscreteResidual-v0,24,103,9,4.8706008361861945,0.0
rl,ppo | LDPC-DiscreteResidual-v0,24,103,10,5.566072994269723,0.0
rl,ppo | LDPC-DiscreteResidual-v0,24,103,11,4.622584022775526,0.0
rl,ppo | LDPC-DiscreteResidual-v0,24,103,12,4.490256007916159,0.0
rl,ppo | LDPC-DiscreteResidual-v0,24,103,13,4.8549997447151565,0.0
rl,ppo | LDPC-DiscreteResidual-v0,24,103,14,5.289278675872303,0.0
rl,ppo | LDPC-DiscreteResidual-v0,24,103,15,3.882567571941277,0.0
rl,ppo | LDPC-DiscreteResidual-v0,24,103,16,5.762796970042492,0.0
rl,ppo | LDPC-DiscreteResidual-v0,24,103,17,4.209830332099454,0.0
rl,ppo | LDPC-DiscreteResidual-v0,24,103,18,0.0,0.0
rl,ppo | LDPC-DiscreteResidual-v0,24,103,19,4.2256117295274205,0.0
rl,ppo | LDPC-DiscreteResidual-v0,24,103,20,5.44226948515669,0.0
rl,ppo | LDPC-DiscreteResidual-v0,24,103,21,5.457859802030297,0.0
rl,ppo | LDPC-DiscreteResidual-v0,24,103,22,5.657184663401866,0.0
rl,ppo | LDPC-DiscreteResidual-v0,24,103,23,6.380369202692517,0.0
rl,ppo | LDPC-DiscreteResidual-v0,24,104,0,2.8403947746128986,0.0
rl,ppo | LDPC-DiscreteResidual-v0,24,104,1,2.323173646256856,0.0
rl,ppo | LDPC-DiscreteResidual-v0,24,104,2,3.9316165531231975,0.0
rl,ppo | LDPC-DiscreteResidual-v0,24,104,3,2.8007081040864104,0.0
rl,ppo | LDPC-DiscreteResidual-v0,24,104,4,2.466581331295488,0.0
rl,ppo | LDPC-DiscreteResidual-v0,24,104,5,3.005980979398517,0.0
rl,ppo | LDPC-DiscreteResidual-v0,24,104,6,3.337119470129416,0.0
rl,ppo | LDPC-DiscreteResidual-v0,24,104,7,3.8681641621632568,0.0
rl,ppo | LDPC-DiscreteResidual-v0,24,104,8,3.97181427600967,0.0
rl,ppo | LDPC-DiscreteResidual-v0,24,104,9,4.8706008361861945,0.0
rl,ppo | LDPC-DiscreteResidual-v0,24,104,10,5.566072994269723,0.0
rl,ppo | LDPC-DiscreteResidual-v0,24,104,11,4.622584022775526,0.0
rl,ppo | LDPC-DiscreteResidual-v0,24,104,12,4.490256007916159,0.0
rl,ppo | LDPC-DiscreteResidual-v0,24,104,13,4.8549997447151565,0.0
rl,ppo | LDPC-DiscreteResidual-v0,24,104,14,5.289278675872303,0.0
rl,ppo | LDPC-DiscreteResidual-v0,24,104,15,3.882567571941277,0.0
rl,ppo | LDPC-DiscreteResidual-v0,24,104,16,5.762796970042492,0.0
rl,ppo | LDPC-DiscreteResidual-v0,24,104,17,4.209830332099454,0.0
rl,ppo | LDPC-DiscreteResidual-v0,24,104,18,0.0,0.0
rl,ppo | LDPC-DiscreteResidual-v0,24,104,19,4.2256117295274205,0.0
rl,ppo | LDPC-DiscreteResidual-v0,24,104,20,5.44226948515669,0.0
rl,ppo | LDPC-DiscreteResidual-v0,24,104,21,5.457859802030297,0.0
rl,ppo | LDPC-DiscreteResidual-v0,24,104,22,5.657184663401866,0.0
rl,ppo | LDPC-DiscreteResidual-v0,24,104,23,6.380369202692517,0.0
rl,ppo | LDPC-DiscreteResidual-v0,24,105,0,2.8403947746128986,0.0
rl,ppo | LDPC-DiscreteResidual-v0,24,105,1,2.323173646256856,0.0
rl,ppo | LDPC-DiscreteResidual-v0,24,105,2,3.9316165531231975,0.0
rl,ppo | LDPC-DiscreteResidual-v0,24,105,3,2.8007081040864104,0.0
rl,ppo | LDPC-DiscreteResidual-v0,24,105,4,2.466581331295488,0.0
rl,ppo | LDPC-DiscreteResidual-v0,24,105,5,3.005980979398517,0.0
rl,ppo | LDPC-DiscreteResidual-v0,24,105,6,3.337119470129416,0.0
rl,ppo | LDPC-DiscreteResidual-v0,24,105,7,3.8681641621632568,0.0
rl,ppo | LDPC-DiscreteResidual-v0,24,105,8,3.97181427600967,0.0
rl,ppo | LDPC-DiscreteResidual-v0,24,105,9,4.8706008361861945,0.0
rl,ppo | LDPC-DiscreteResidual-v0,24,105,10,5.566072994269723,0.0
rl,ppo | LDPC-DiscreteResidual-v0,24,105,11,4.622584022775526,0.0
rl,ppo | LDPC-DiscreteResidual-v0,24,105,12,4.490256007916159,0.0
rl,ppo | LDPC-DiscreteResidual-v0,24,105,13,4.8549997447151565,0.0
rl,ppo | LDPC-DiscreteResidual-v0,24,105,14,5.289278675872303,0.0
rl,ppo | LDPC-DiscreteResidual-v0,24,105,15,3.882567571941277,0.0
rl,ppo | LDPC-DiscreteResidual-v0,24,105,16,5.762796970042492,0.0
rl,ppo | LDPC-DiscreteResidual-v0,24,105,17,4.209830332099454,0.0
rl,ppo | LDPC-DiscreteResidual-v0,24,105,18,0.0,0.0
rl,ppo | LDPC-DiscreteResidual-v0,24,105,19,4.2256117295274205,0.0
rl,ppo | LDPC-DiscreteResidual-v0,24,105,20,5.44226948515669,0.0
rl,ppo | LDPC-DiscreteResidual-v0,24,105,21,5.457859802030297,0.0
rl,ppo | LDPC-DiscreteResidual-v0,24,105,22,5.657184663401866,0.0
rl,ppo | LDPC-DiscreteResidual-v0,24,105,23,6.380369202692517,0.0
rl,ppo | LDPC-DiscreteResidual-v0,24,106,0,2.8403947746128986,0.0
rl,ppo | LDPC-DiscreteResidual-v0,24,106,1,2.323173646256856,0.0
rl,ppo | LDPC-DiscreteResidual-v0,24,106,2,3.9316165531231975,0.0
rl,ppo | LDPC-DiscreteResidual-v0,24,106,3,2.8007081040864104,0.0
rl,ppo | LDPC-DiscreteResidual-v0,24,106,4,2.466581331295488,0.0
rl,ppo | LDPC-DiscreteResidual-v0,24,106,5,3.005980979398517,0.0
rl,ppo | LDPC-DiscreteResidual-v0,24,106,6,3.337119470129416,0.0
rl,ppo | LDPC-DiscreteResidual-v0,24,106,7,3.8681641621632568,0.0
rl,ppo | LDPC-DiscreteResidual-v0,24,106,8,3.97181427600967,0.0
rl,ppo | LDPC-DiscreteResidual-v0,24,106,9,4.8706008361861945,0.0
rl,ppo | LDPC-DiscreteResidual-v0,24,106,10,5.566072994269723,0.0
rl,ppo | LDPC-DiscreteResidual-v0,24,106,11,4.622584022775526,0.0
rl,ppo | LDPC-DiscreteResidual-v0,24,106,12,4.490256007916159,0.0
rl,ppo | LDPC-DiscreteResidual-v0,24,106,13,4.8549997447151565,0.0
rl,ppo | LDPC-DiscreteResidual-v0,24,106,14,5.289278675872303,0.0
rl,ppo | LDPC-DiscreteResidual-v0,24,106,15,3.882567571941277,0.0
rl,ppo | LDPC-DiscreteResidual-v0,24,106,16,5.762796970042492,0.0
rl,ppo | LDPC-DiscreteResidual-v0,24,106,17,4.209830332099454,0.0
rl,ppo | LDPC-DiscreteResidual-v0,24,106,18,0.0,0.0
rl,ppo | LDPC-DiscreteResidual-v0,24,106,19,4.2256117295274205,0.0
rl,ppo | LDPC-DiscreteResidual-v0,24,106,20,5.44226948515669,0.0
rl,ppo | LDPC-DiscreteResidual-v0,24,106,21,5.457859802030297,0.0
rl,ppo | LDPC-DiscreteResidual-v0,24,106,22,5.657184663401866,0.0
rl,ppo | LDPC-DiscreteResidual-v0,24,106,23,6.380369202692517,0.0
rl,ppo | LDPC-DiscreteResidual-v0,24,107,0,2.8403947746128986,0.0
rl,ppo | LDPC-DiscreteResidual-v0,24,107,1,2.323173646256856,0.0
rl,ppo | LDPC-DiscreteResidual-v0,24,107,2,3.9316165531231975,0.0
rl,ppo | LDPC-DiscreteResidual-v0,24,107,3,2.8007081040864104,0.0
rl,ppo | LDPC-DiscreteResidual-v0,24,107,4,2.466581331295488,0.0
rl,ppo | LDPC-DiscreteResidual-v0,24,107,5,3.005980979398517,0.0
rl,ppo | LDPC-DiscreteResidual-v0,24,107,6,3.337119470129416,0.0
rl,ppo | LDPC-DiscreteResidual-v0,24,107,7,3.8681641621632568,0.0
rl,ppo | LDPC-DiscreteResidual-v0,24,107,8,3.97181427600967,0.0
rl,ppo | LDPC-DiscreteResidual-v0,24,107,9,4.8706008361861945,0.0
rl,ppo | LDPC-DiscreteResidual-v0,24,107,10,5.566072994269723,0.0
rl,ppo | LDPC-DiscreteResidual-v0,24,107,11,4.622584022775526,0.0
rl,ppo | LDPC-DiscreteResidual-v0,24,107,12,4.490256007916159,0.0
rl,ppo | LDPC-DiscreteResidual-v0,24,107,13,4.8549997447151565,0.0
rl,ppo | LDPC-DiscreteResidual-v0,24,107,14,5.289278675872303,0.0
rl,ppo | LDPC-DiscreteResidual-v0,24,107,15,3.882567571941277,0.0
rl,ppo | LDPC-DiscreteResidual-v0,24,107,16,5.762796970042492,0.0
rl,ppo | LDPC-DiscreteResidual-v0,24,107,17,4.209830332099454,0.0
rl,ppo | LDPC-DiscreteResidual-v0,24,107,18,0.0,0.0
rl,ppo | LDPC-DiscreteResidual-v0,24,107,19,4.2256117295274205,0.0
rl,ppo | LDPC-DiscreteResidual-v0,24,107,20,5.44226948515669,0.0
rl,ppo | LDPC-DiscreteResidual-v0,24,107,21,5.457859802030297,0.0
rl,ppo | LDPC-DiscreteResidual-v0,24,107,22,5.657184663401866,0.0
rl,ppo | LDPC-DiscreteResidual-v0,24,107,23,6.380369202692517,0.0
rl,ppo | LDPC-DiscreteResidual-v0,24,108,0,2.8403947746128986,0.0
rl,ppo | LDPC-DiscreteResidual-v0,24,108,1,2.323173646256856,0.0
rl,ppo | LDPC-DiscreteResidual-v0,24,108,2,3.9316165531231975,0.0
rl,ppo | LDPC-DiscreteResidual-v0,24,108,3,2.8007081040864104,0.0
rl,ppo | LDPC-DiscreteResidual-v0,24,108,4,2.466581331295488,0.0
rl,ppo | LDPC-DiscreteResidual-v0,24,108,5,3.005980979398517,0.0
rl,ppo | LDPC-DiscreteResidual-v0,24,108,6,3.337119470129416,0.0
rl,ppo | LDPC-DiscreteResidual-v0,24,108,7,3.8681641621632568,0.0
rl,ppo | LDPC-DiscreteResidual-v0,24,108,8,3.97181427600967,0.0
rl,ppo | LDPC-DiscreteResidual-v0,24,108,9,4.8706008361861945,0.0
rl,ppo | LDPC-DiscreteResidual-v0,24,108,10,5.566072994269723,0.0
rl,ppo | LDPC-DiscreteResidual-v0,24,108,11,4.622584022775526,0.0
rl,ppo | LDPC-DiscreteResidual-v0,24,108,12,4.490256007916159,0.0
rl,ppo | LDPC-DiscreteResidual-v0,24,108,13,4.8549997447151565,0.0
rl,ppo | LDPC-DiscreteResidual-v0,24,108,14,5.289278675872303,0.0
rl,ppo | LDPC-DiscreteResidual-v0,24,108,15,3.882567571941277,0.0
rl,ppo | LDPC-DiscreteResidual-v0,24,108,16,5.762796970042492,0.0
rl,ppo | LDPC-DiscreteResidual-v0,24,108,17,4.209830332099454,0.0
rl,ppo | LDPC-DiscreteResidual-v0,24,108,18,0.0,0.0
rl,ppo | LDPC-DiscreteResidual-v0,24,108,19,4.2256117295274205,0.0
rl,ppo | LDPC-DiscreteResidual-v0,24,108,20,5.44226948515669,0.0
rl,ppo | LDPC-DiscreteResidual-v0,24,108,21,5.457859802030297,0.0
rl,ppo | LDPC-DiscreteResidual-v0,24,108,22,5.657184663401866,0.0
rl,ppo | LDPC-DiscreteResidual-v0,24,108,23,6.380369202692517,0.0
rl,ppo | LDPC-DiscreteResidual-v0,24,109,0,2.8403947746128986,0.0
rl,ppo | LDPC-DiscreteResidual-v0,24,109,1,2.323173646256856,0.0
rl,ppo | LDPC-DiscreteResidual-v0,24,109,2,3.9316165531231975,0.0
rl,ppo | LDPC-DiscreteResidual-v0,24,109,3,2.8007081040864104,0.0
rl,ppo | LDPC-DiscreteResidual-v0,24,109,4,2.466581331295488,0.0
rl,ppo | LDPC-DiscreteResidual-v0,24,109,5,3.005980979398517,0.0
rl,ppo | LDPC-DiscreteResidual-v0,24,109,6,3.337119470129416,0.0
rl,ppo | LDPC-DiscreteResidual-v0,24,109,7,3.8681641621632568,0.0
rl,ppo | LDPC-DiscreteResidual-v0,24,109,8,3.97181427600967,0.0
rl,ppo | LDPC-DiscreteResidual-v0,24,109,9,4.8706008361861945,0.0
rl,ppo | LDPC-DiscreteResidual-v0,24,109,10,5.566072994269723,0.0
rl,ppo | LDPC-DiscreteResidual-v0,24,109,11,4.622584022775526,0.0
rl,ppo | LDPC-DiscreteResidual-v0,24,109,12,4.490256007916159,0.0
rl,ppo | LDPC-DiscreteResidual-v0,24,109,13,4.8549997447151565,0.0
rl,ppo | LDPC-DiscreteResidual-v0,24,109,14,5.289278675872303,0.0
rl,ppo | LDPC-DiscreteResidual-v0,24,109,15,3.882567571941277,0.0
rl,ppo | LDPC-DiscreteResidual-v0,24,109,16,5.762796970042492,0.0
rl,ppo | LDPC-DiscreteResidual-v0,24,109,17,4.209830332099454,0.0
rl,ppo | LDPC-DiscreteResidual-v0,24,109,18,0.0,0.0
rl,ppo | LDPC-DiscreteResidual-v0,24,109,19,4.2256117295274205,0.0
rl,ppo | LDPC-DiscreteResidual-v0,24,109,20,5.44226948515669,0.0
rl,ppo | LDPC-DiscreteResidual-v0,24,109,21,5.457859802030297,0.0
rl,ppo | LDPC-DiscreteResidual-v0,24,109,22,5.657184663401866,0.0
rl,ppo | LDPC-DiscreteResidual-v0,24,109,23,6.380369202692517,0.0
rl,ppo | LDPC-DiscreteResidual-v0,24,110,0,2.8403947746128986,0.0
rl,ppo | LDPC-DiscreteResidual-v0,24,110,1,2.323173646256856,0.0
rl,ppo | LDPC-DiscreteResidual-v0,24,110,2,3.9316165531231975,0.0
rl,ppo | LDPC-DiscreteResidual-v0,24,110,3,2.8007081040864104,0.0
rl,ppo | LDPC-DiscreteResidual-v0,24,110,4,2.466581331295488,0.0
rl,ppo | LDPC-DiscreteResidual-v0,24,110,5,3.005980979398517,0.0
rl,ppo | LDPC-DiscreteResidual-v0,24,110,6,3.337119470129416,0.0
rl,ppo | LDPC-DiscreteResidual-v0,24,110,7,3.8681641621632568,0.0
rl,ppo | LDPC-DiscreteResidual-v0,24,110,8,3.97181427600967,0.0
rl,ppo | LDPC-DiscreteResidual-v0,24,110,9,4.8706008361861945,0.0
rl,ppo | LDPC-DiscreteResidual-v0,24,110,10,5.566072994269723,0.0
rl,ppo | LDPC-DiscreteResidual-v0,24,110,11,4.622584022775526,0.0
rl,ppo | LDPC-DiscreteResidual-v0,24,110,12,4.490256007916159,0.0
rl,ppo | LDPC-DiscreteResidual-v0,24,110,13,4.8549997447151565,0.0
rl,ppo | LDPC-DiscreteResidual-v0,24,110,14,5.289278675872303,0.0
rl,ppo | LDPC-DiscreteResidual-v0,24,110,15,3.882567571941277,0.0
rl,ppo | LDPC-DiscreteResidual-v0,24,110,16,5.762796970042492,0.0
rl,ppo | LDPC-DiscreteResidual-v0,24,110,17,4.209830332099454,0.0
rl,ppo | LDPC-DiscreteResidual-v0,24,110,18,0.0,0.0
rl,ppo | LDPC-DiscreteResidual-v0,24,110,19,4.2256117295274205,0.0
rl,ppo | LDPC-DiscreteResidual-v0,24,110,20,5.44226948515669,0.0
rl,ppo | LDPC-DiscreteResidual-v0,24,110,21,5.457859802030297,0.0
rl,ppo | LDPC-DiscreteResidual-v0,24,110,22,5.657184663401866,0.0
rl,ppo | LDPC-DiscreteResidual-v0,24,110,23,6.380369202692517,0.0
rl,ppo | LDPC-DiscreteResidual-v0,24,111,0,2.8403947746128986,0.0
rl,ppo | LDPC-DiscreteResidual-v0,24,111,1,2.323173646256856,0.0
rl,ppo | LDPC-DiscreteResidual-v0,24,111,2,3.9316165531231975,0.0
rl,ppo | LDPC-DiscreteResidual-v0,24,111,3,2.8007081040864104,0.0
rl,ppo | LDPC-DiscreteResidual-v0,24,111,4,2.466581331295488,0.0
rl,ppo | LDPC-DiscreteResidual-v0,24,111,5,3.005980979398517,0.0
rl,ppo | LDPC-DiscreteResidual-v0,24,111,6,3.337119470129416,0.0
rl,ppo | LDPC-DiscreteResidual-v0,24,111,7,3.8681641621632568,0.0
rl,ppo | LDPC-DiscreteResidual-v0,24,111,8,3.97181427600967,0.0
rl,ppo | LDPC-DiscreteResidual-v0,24,111,9,4.8706008361861945,0.0
rl,ppo | LDPC-DiscreteResidual-v0,24,111,10,5.566072994269723,0.0
rl,ppo | LDPC-DiscreteResidual-v0,24,111,11,4.622584022775526,0.0
rl,ppo | LDPC-DiscreteResidual-v0,24,111,12,4.490256007916159,0.0
rl,ppo | LDPC-DiscreteResidual-v0,24,111,13,4.8549997447151565,0.0
rl,ppo | LDPC-DiscreteResidual-v0,24,111,14,5.289278675872303,0.0
rl,ppo | LDPC-DiscreteResidual-v0,24,111,15,3.882567571941277,0.0
rl,ppo | LDPC-DiscreteResidual-v0,24,111,16,5.762796970042492,0.0
rl,ppo | LDPC-DiscreteResidual-v0,24,111,17,4.209830332099454,0.0
rl,ppo | LDPC-DiscreteResidual-v0,24,111,18,0.0,0.0
rl,ppo | LDPC-DiscreteResidual-v0,24,111,19,4.2256117295274205,0.0
rl,ppo | LDPC-DiscreteResidual-v0,24,111,20,5.44226948515669,0.0
rl,ppo | LDPC-DiscreteResidual-v0,24,111,21,5.457859802030297,0.0
rl,ppo | LDPC-DiscreteResidual-v0,24,111,22,5.657184663401866,0.0
rl,ppo | LDPC-DiscreteResidual-v0,24,111,23,6.380369202692517,0.0
rl,ppo | LDPC-DiscreteResidual-v0,24,112,0,2.8403947746128986,0.0
rl,ppo | LDPC-DiscreteResidual-v0,24,112,1,2.323173646256856,0.0
rl,ppo | LDPC-DiscreteResidual-v0,24,112,2,3.9316165531231975,0.0
rl,ppo | LDPC-DiscreteResidual-v0,24,112,3,2.8007081040864104,0.0
rl,ppo | LDPC-DiscreteResidual-v0,24,112,4,2.466581331295488,0.0
rl,ppo | LDPC-DiscreteResidual-v0,24,112,5,3.005980979398517,0.0
rl,ppo | LDPC-DiscreteResidual-v0,24,112,6,3.337119470129416,0.0
rl,ppo | LDPC-DiscreteResidual-v0,24,112,7,3.8681641621632568,0.0
rl,ppo | LDPC-DiscreteResidual-v0,24,112,8,3.97181427600967,0.0
rl,ppo | LDPC-DiscreteResidual-v0,24,112,9,4.8706008361861945,0.0
rl,ppo | LDPC-DiscreteResidual-v0,24,112,10,5.566072994269723,0.0
rl,ppo | LDPC-DiscreteResidual-v0,24,112,11,4.622584022775526,0.0
rl,ppo | LDPC-DiscreteResidual-v0,24,112,12,4.490256007916159,0.0
rl,ppo | LDPC-DiscreteResidual-v0,24,112,13,4.8549997447151565,0.0
rl,ppo | LDPC-DiscreteResidual-v0,24,112,14,5.289278675872303,0.0
rl,ppo | LDPC-DiscreteResidual-v0,24,112,15,3.882567571941277,0.0
rl,ppo | LDPC-DiscreteResidual-v0,24,112,16,5.762796970042492,0.0
rl,ppo | LDPC-DiscreteResidual-v0,24,112,17,4.209830332099454,0.0
rl,ppo | LDPC-DiscreteResidual-v0,24,112,18,0.0,0.0
rl,ppo | LDPC-DiscreteResidual-v0,24,112,19,4.2256117295274205,0.0
rl,ppo | LDPC-DiscreteResidual-v0,24,112,20,5.44226948515669,0.0
rl,ppo | LDPC-DiscreteResidual-v0,24,112,21,5.457859802030297,0.0
rl,ppo | LDPC-DiscreteResidual-v0,24,112,22,5.657184663401866,0.0
rl,ppo | LDPC-DiscreteResidual-v0,24,112,23,6.380369202692517,0.0
rl,ppo | LDPC-DiscreteResidual-v0,24,113,0,2.8403947746128986,0.0
rl,ppo | LDPC-DiscreteResidual-v0,24,113,1,2.323173646256856,0.0
rl,ppo | LDPC-DiscreteResidual-v0,24,113,2,3.9316165531231975,0.0
rl,ppo | LDPC-DiscreteResidual-v0,24,113,3,2.8007081040864104,0.0
rl,ppo | LDPC-DiscreteResidual-v0,24,113,4,2.466581331295488,0.0
rl,ppo | LDPC-DiscreteResidual-v0,24,113,5,3.005980979398517,0.0
rl,ppo | LDPC-DiscreteResidual-v0,24,113,6,3.337119470129416,0.0
rl,ppo | LDPC-DiscreteResidual-v0,24,113,7,3.8681641621632568,0.0
rl,ppo | LDPC-DiscreteResidual-v0,24,113,8,3.97181427600967,0.0
rl,ppo | LDPC-DiscreteResidual-v0,24,113,9,4.8706008361861945,0.0
rl,ppo | LDPC-DiscreteResidual-v0,24,113,10,5.566072994269723,0.0
rl,ppo | LDPC-DiscreteResidual-v0,24,113,11,4.622584022775526,0.0
rl,ppo | LDPC-DiscreteResidual-v0,24,113,12,4.490256007916159,0.0
rl,ppo | LDPC-DiscreteResidual-v0,24,113,13,4.8549997447151565,0.0
rl,ppo | LDPC-DiscreteResidual-v0,24,113,14,5.289278675872303,0.0
rl,ppo | LDPC-DiscreteResidual-v0,24,113,15,3.882567571941277,0.0
rl,ppo | LDPC-DiscreteResidual-v0,24,113,16,5.762796970042492,0.0
rl,ppo | LDPC-DiscreteResidual-v0,24,113,17,4.209830332099454,0.0
rl,ppo | LDPC-DiscreteResidual-v0,24,113,18,0.0,0.0
rl,ppo | LDPC-DiscreteResidual-v0,24,113,19,4.2256117295274205,0.0
rl,ppo | LDPC-DiscreteResidual-v0,24,113,20,5.44226948515669,0.0
rl,ppo | LDPC-DiscreteResidual-v0,24,113,21,5.457859802030297,0.0
rl,ppo | LDPC-DiscreteResidual-v0,24,113,22,5.657184663401866,0.0
rl,ppo | LDPC-DiscreteResidual-v0,24,113,23,6.380369202692517,0.0
rl,ppo | LDPC-DiscreteResidual-v0,24,114,0,2.8403947746128986,0.0
rl,ppo | LDPC-DiscreteResidual-v0,24,114,1,2.323173646256856,0.0
rl,ppo | LDPC-DiscreteResidual-v0,24,114,2,3.9316165531231975,0.0
rl,ppo | LDPC-DiscreteResidual-v0,24,114,3,2.8007081040864104,0.0
rl,ppo | LDPC-DiscreteResidual-v0,24,114,4,2.466581331295488,0.0
rl,ppo | LDPC-DiscreteResidual-v0,24,114,5,3.005980979398517,0.0
rl,ppo | LDPC-DiscreteResidual-v0,24,114,6,3.337119470129416,0.0
rl,ppo | LDPC-DiscreteResidual-v0,24,114,7,3.8681641621632568,0.0
rl,ppo | LDPC-DiscreteResidual-v0,24,114,8,3.97181427600967,0.0
rl,ppo | LDPC-DiscreteResidual-v0,24,114,9,4.8706008361861945,0.0
rl,ppo | LDPC-DiscreteResidual-v0,24,114,10,5.566072994269723,0.0
rl,ppo | LDPC-DiscreteResidual-v0,24,114,11,4.622584022775526,0.0
rl,ppo | LDPC-DiscreteResidual-v0,24,114,12,4.490256007916159,0.0
rl,ppo | LDPC-DiscreteResidual-v0,24,114,13,4.8549997447151565,0.0
rl,ppo | LDPC-DiscreteResidual-v0,24,114,14,5.289278675872303,0.0
rl,ppo | LDPC-DiscreteResidual-v0,24,114,15,3.882567571941277,0.0
rl,ppo | LDPC-DiscreteResidual-v0,24,114,16,5.762796970042492,0.0
rl,ppo | LDPC-DiscreteResidual-v0,24,114,17,4.209830332099454,0.0
rl,ppo | LDPC-DiscreteResidual-v0,24,114,18,0.0,0.0
rl,ppo | LDPC-DiscreteResidual-v0,24,114,19,4.2256117295274205,0.0
rl,ppo | LDPC-DiscreteResidual-v0,24,114,20,5.44226948515669,0.0
rl,ppo | LDPC-DiscreteResidual-v0,24,114,21,5.457859802030297,0.0
rl,ppo | LDPC-DiscreteResidual-v0,24,114,22,5.657184663401866,0.0
rl,ppo | LDPC-DiscreteResidual-v0,24,114,23,6.380369202692517,0.0
rl,ppo | LDPC-DiscreteResidual-v0,24,115,0,2.8403947746128986,0.0
rl,ppo | LDPC-DiscreteResidual-v0,24,115,1,2.323173646256856,0.0
rl,ppo | LDPC-DiscreteResidual-v0,24,115,2,3.9316165531231975,0.0
rl,ppo | LDPC-DiscreteResidual-v0,24,115,3,2.8007081040864104,0.0
rl,ppo | LDPC-DiscreteResidual-v0,24,115,4,2.466581331295488,0.0
rl,ppo | LDPC-DiscreteResidual-v0,24,115,5,3.005980979398517,0.0
rl,ppo | LDPC-DiscreteResidual-v0,24,115,6,3.337119470129416,0.0
rl,ppo | LDPC-DiscreteResidual-v0,24,115,7,3.8681641621632568,0.0
rl,ppo | LDPC-DiscreteResidual-v0,24,115,8,3.97181427600967,0.0
rl,ppo | LDPC-DiscreteResidual-v0,24,115,9,4.8706008361861945,0.0
rl,ppo | LDPC-DiscreteResidual-v0,24,115,10,5.566072994269723,0.0
rl,ppo | LDPC-DiscreteResidual-v0,24,115,11,4.622584022775526,0.0
rl,ppo | LDPC-DiscreteResidual-v0,24,115,12,4.490256007916159,0.0
rl,ppo | LDPC-DiscreteResidual-v0,24,115,13,4.8549997447151565,0.0
rl,ppo | LDPC-DiscreteResidual-v0,24,115,14,5.289278675872303,0.0
rl,ppo | LDPC-DiscreteResidual-v0,24,115,15,3.882567571941277,0.0
rl,ppo | LDPC-DiscreteResidual-v0,24,115,16,5.762796970042492,0.0
rl,ppo | LDPC-DiscreteResidual-v0,24,115,17,4.209830332099454,0.0
rl,ppo | LDPC-DiscreteResidual-v0,24,115,18,0.0,0.0
rl,ppo | LDPC-DiscreteResidual-v0,24,115,19,4.2256117295274205,0.0
rl,ppo | LDPC-DiscreteResidual-v0,24,115,20,5.44226948515669,0.0
rl,ppo | LDPC-DiscreteResidual-v0,24,115,21,5.457859802030297,0.0
rl,ppo | LDPC-DiscreteResidual-v0,24,115,22,5.657184663401866,0.0
rl,ppo | LDPC-DiscreteResidual-v0,24,115,23,6.380369202692517,0.0
rl,ppo | LDPC-DiscreteResidual-v0,24,116,0,2.8403947746128986,0.0
rl,ppo | LDPC-DiscreteResidual-v0,24,116,1,2.323173646256856,0.0
rl,ppo | LDPC-DiscreteResidual-v0,24,116,2,3.9316165531231975,0.0
rl,ppo | LDPC-DiscreteResidual-v0,24,116,3,2.8007081040864104,0.0
rl,ppo | LDPC-DiscreteResidual-v0,24,116,4,2.466581331295488,0.0
rl,ppo | LDPC-DiscreteResidual-v0,24,116,5,3.005980979398517,0.0
rl,ppo | LDPC-DiscreteResidual-v0,24,116,6,3.337119470129416,0.0
rl,ppo | LDPC-DiscreteResidual-v0,24,116,7,3.8681641621632568,0.0
rl,ppo | LDPC-DiscreteResidual-v0,24,116,8,3.97181427600967,0.0
rl,ppo | LDPC-DiscreteResidual-v0,24,116,9,4.8706008361861945,0.0
rl,ppo | LDPC-DiscreteResidual-v0,24,116,10,5.566072994269723,0.0
rl,ppo | LDPC-DiscreteResidual-v0,24,116,11,4.622584022775526,0.0
rl,ppo | LDPC-DiscreteResidual-v0,24,116,12,4.490256007916159,0.0
rl,ppo | LDPC-DiscreteResidual-v0,24,116,13,4.8549997447151565,0.0
rl,ppo | LDPC-DiscreteResidual-v0,24,116,14,5.289278675872303,0.0
rl,ppo | LDPC-DiscreteResidual-v0,24,116,15,3.882567571941277,0.0
rl,ppo | LDPC-DiscreteResidual-v0,24,116,16,5.762796970042492,0.0
rl,ppo | LDPC-DiscreteResidual-v0,24,116,17,4.209830332099454,0.0
rl,ppo | LDPC-DiscreteResidual-v0,24,116,18,0.0,0.0
rl,ppo | LDPC-DiscreteResidual-v0,24,116,19,4.2256117295274205,0.0
rl,ppo | LDPC-DiscreteResidual-v0,24,116,20,5.44226948515669,0.0
rl,ppo | LDPC-DiscreteResidual-v0,24,116,21,5.457859802030297,0.0
rl,ppo | LDPC-DiscreteResidual-v0,24,116,22,5.657184663401866,0.0
rl,ppo | LDPC-DiscreteResidual-v0,24,116,23,6.380369202692517,0.0
rl,ppo | LDPC-DiscreteResidual-v0,24,117,0,2.8403947746128986,0.0
rl,ppo | LDPC-DiscreteResidual-v0,24,117,1,2.323173646256856,0.0
rl,ppo | LDPC-DiscreteResidual-v0,24,117,2,3.9316165531231975,0.0
rl,ppo | LDPC-DiscreteResidual-v0,24,117,3,2.8007081040864104,0.0
rl,ppo | LDPC-DiscreteResidual-v0,24,117,4,2.466581331295488,0.0
rl,ppo | LDPC-DiscreteResidual-v0,24,117,5,3.005980979398517,0.0
rl,ppo | LDPC-DiscreteResidual-v0,24,117,6,3.337119470129416,0.0
rl,ppo | LDPC-DiscreteResidual-v0,24,117,7,3.8681641621632568,0.0
rl,ppo | LDPC-DiscreteResidual-v0,24,117,8,3.97181427600967,0.0
rl,ppo | LDPC-DiscreteResidual-v0,24,117,9,4.8706008361861945,0.0
rl,ppo | LDPC-DiscreteResidual-v0,24,117,10,5.566072994269723,0.0
rl,ppo | LDPC-DiscreteResidual-v0,24,117,11,4.622584022775526,0.0
rl,ppo | LDPC-DiscreteResidual-v0,24,117,12,4.490256007916159,0.0
rl,ppo | LDPC-DiscreteResidual-v0,24,117,13,4.8549997447151565,0.0
rl,ppo | LDPC-DiscreteResidual-v0,24,117,14,5.289278675872303,0.0
rl,ppo | LDPC-DiscreteResidual-v0,24,117,15,3.882567571941277,0.0
rl,ppo | LDPC-DiscreteResidual-v0,24,117,16,5.762796970042492,0.0
rl,ppo | LDPC-DiscreteResidual-v0,24,117,17,4.209830332099454,0.0
rl,ppo | LDPC-DiscreteResidual-v0,24,117,18,0.0,0.0
rl,ppo | LDPC-DiscreteResidual-v0,24,117,19,4.2256117295274205,0.0
rl,ppo | LDPC-DiscreteResidual-v0,24,117,20,5.44226948515669,0.0
rl,ppo | LDPC-DiscreteResidual-v0,24,117,21,5.457859802030297,0.0
rl,ppo | LDPC-DiscreteResidual-v0,24,117,22,5.657184663401866,0.0
rl,ppo | LDPC-DiscreteResidual-v0,24,117,23,6.380369202692517,0.0
rl,ppo | LDPC-DiscreteResidual-v0,24,118,0,2.8403947746128986,0.0
rl,ppo | LDPC-DiscreteResidual-v0,24,118,1,2.323173646256856,0.0
rl,ppo | LDPC-DiscreteResidual-v0,24,118,2,3.9316165531231975,0.0
rl,ppo | LDPC-DiscreteResidual-v0,24,118,3,2.8007081040864104,0.0
rl,ppo | LDPC-DiscreteResidual-v0,24,118,4,2.466581331295488,0.0
rl,ppo | LDPC-DiscreteResidual-v0,24,118,5,3.005980979398517,0.0
rl,ppo | LDPC-DiscreteResidual-v0,24,118,6,3.337119470129416,0.0
rl,ppo | LDPC-DiscreteResidual-v0,24,118,7,3.8681641621632568,0.0
rl,ppo | LDPC-DiscreteResidual-v0,24,118,8,3.97181427600967,0.0
rl,ppo | LDPC-DiscreteResidual-v0,24,118,9,4.8706008361861945,0.0
rl,ppo | LDPC-DiscreteResidual-v0,24,118,10,5.566072994269723,0.0
rl,ppo | LDPC-DiscreteResidual-v0,24,118,11,4.622584022775526,0.0
rl,ppo | LDPC-DiscreteResidual-v0,24,118,12,4.490256007916159,0.0
rl,ppo | LDPC-DiscreteResidual-v0,24,118,13,4.8549997447151565,0.0
rl,ppo | LDPC-DiscreteResidual-v0,24,118,14,5.289278675872303,0.0
rl,ppo | LDPC-DiscreteResidual-v0,24,118,15,3.882567571941277,0.0
rl,ppo | LDPC-DiscreteResidual-v0,24,118,16,5.762796970042492,0.0
rl,ppo | LDPC-DiscreteResidual-v0,24,118,17,4.209830332099454,0.0
rl,ppo | LDPC-DiscreteResidual-v0,24,118,18,0.0,0.0
rl,ppo | LDPC-DiscreteResidual-v0,24,118,19,4.2256117295274205,0.0
rl,ppo | LDPC-DiscreteResidual-v0,24,118,20,5.44226948515669,0.0
rl,ppo | LDPC-DiscreteResidual-v0,24,118,21,5.457859802030297,0.0
rl,ppo | LDPC-DiscreteResidual-v0,24,118,22,5.657184663401866,0.0
rl,ppo | LDPC-DiscreteResidual-v0,24,118,23,6.380369202692517,0.0
rl,ppo | LDPC-DiscreteResidual-v0,24,119,0,2.8403947746128986,0.0
rl,ppo | LDPC-DiscreteResidual-v0,24,119,1,2.323173646256856,0.0
rl,ppo | LDPC-DiscreteResidual-v0,24,119,2,3.9316165531231975,0.0
rl,ppo | LDPC-DiscreteResidual-v0,24,119,3,2.8007081040864104,0.0
rl,ppo | LDPC-DiscreteResidual-v0,24,119,4,2.466581331295488,0.0
rl,ppo | LDPC-DiscreteResidual-v0,24,119,5,3.005980979398517,0.0
rl,ppo | LDPC-DiscreteResidual-v0,24,119,6,3.337119470129416,0.0
rl,ppo | LDPC-DiscreteResidual-v0,24,119,7,3.8681641621632568,0.0
rl,ppo | LDPC-DiscreteResidual-v0,24,119,8,3.97181427600967,0.0
rl,ppo | LDPC-DiscreteResidual-v0,24,119,9,4.8706008361861945,0.0
rl,ppo | LDPC-DiscreteResidual-v0,24,119,10,5.566072994269723,0.0
rl,ppo | LDPC-DiscreteResidual-v0,24,119,11,4.622584022775526,0.0
rl,ppo | LDPC-DiscreteResidual-v0,24,119,12,4.490256007916159,0.0
rl,ppo | LDPC-DiscreteResidual-v0,24,119,13,4.8549997447151565,0.0
rl,ppo | LDPC-DiscreteResidual-v0,24,119,14,5.289278675872303,0.0
rl,ppo | LDPC-DiscreteResidual-v0,24,119,15,3.882567571941277,0.0
rl,ppo | LDPC-DiscreteResidual-v0,24,119,16,5.762796970042492,0.0
rl,ppo | LDPC-DiscreteResidual-v0,24,119,17,4.209830332099454,0.0
rl,ppo | LDPC-DiscreteResidual-v0,24,119,18,0.0,0.0
rl,ppo | LDPC-DiscreteResidual-v0,24,119,19,4.2256117295274205,0.0
rl,ppo | LDPC-DiscreteResidual-v0,24,119,20,5.44226948515669,0.0
rl,ppo | LDPC-DiscreteResidual-v0,24,119,21,5.457859802030297,0.0
rl,ppo | LDPC-DiscreteResidual-v0,24,119,22,5.657184663401866,0.0
rl,ppo | LDPC-DiscreteResidual-v0,24,119,23,6.380369202692517,0.0
rl,ppo | LDPC-DiscreteResidual-v0,24,120,0,2.8403947746128986,0.0
rl,ppo | LDPC-DiscreteResidual-v0,24,120,1,2.323173646256856,0.0
rl,ppo | LDPC-DiscreteResidual-v0,24,120,2,3.9316165531231975,0.0
rl,ppo | LDPC-DiscreteResidual-v0,24,120,3,2.8007081040864104,0.0
rl,ppo | LDPC-DiscreteResidual-v0,24,120,4,2.466581331295488,0.0
rl,ppo | LDPC-DiscreteResidual-v0,24,120,5,3.005980979398517,0.0
rl,ppo | LDPC-DiscreteResidual-v0,24,120,6,3.337119470129416,0.0
rl,ppo | LDPC-DiscreteResidual-v0,24,120,7,3.8681641621632568,0.0
rl,ppo | LDPC-DiscreteResidual-v0,24,120,8,3.97181427600967,0.0
rl,ppo | LDPC-DiscreteResidual-v0,24,120,9,4.8706008361861945,0.0
rl,ppo | LDPC-DiscreteResidual-v0,24,120,10,5.566072994269723,0.0
rl,ppo | LDPC-DiscreteResidual-v0,24,120,11,4.622584022775526,0.0
rl,ppo | LDPC-DiscreteResidual-v0,24,120,12,4.490256007916159,0.0
rl,ppo | LDPC-DiscreteResidual-v0,24,120,13,4.8549997447151565,0.0
rl,ppo | LDPC-DiscreteResidual-v0,24,120,14,5.289278675872303,0.0
rl,ppo | LDPC-DiscreteResidual-v0,24,120,15,3.882567571941277,0.0
rl,ppo | LDPC-DiscreteResidual-v0,24,120,16,5.762796970042492,0.0
rl,ppo | LDPC-DiscreteResidual-v0,24,120,17,4.209830332099454,0.0
rl,ppo | LDPC-DiscreteResidual-v0,24,120,18,0.0,0.0
rl,ppo | LDPC-DiscreteResidual-v0,24,120,19,4.2256117295274205,0.0
rl,ppo | LDPC-DiscreteResidual-v0,24,120,20,5.44226948515669,0.0
rl,ppo | LDPC-DiscreteResidual-v0,24,120,21,5.457859802030297,0.0
rl,ppo | LDPC-DiscreteResidual-v0,24,120,22,5.657184663401866,0.0
rl,ppo | LDPC-DiscreteResidual-v0,24,120,23,6.380369202692517,0.0
