source,mode,cluster_size,iteration,cluster_id,avg_abs_llr,snr_db
rl,dqn | LDPC-DiscreteMI-v0,24,0,0,4.111572169374925,0.0
rl,dqn | LDPC-DiscreteMI-v0,24,0,1,4.047668163181161,0.0
rl,dqn | LDPC-DiscreteMI-v0,24,0,2,4.073440633852028,0.0
rl,dqn | LDPC-DiscreteMI-v0,24,0,3,3.986007305482351,0.0
rl,dqn | LDPC-DiscreteMI-v0,24,0,4,4.025610186944881,0.0
rl,dqn | LDPC-DiscreteMI-v0,24,0,5,3.8568162002999173,0.0
rl,dqn | LDPC-DiscreteMI-v0,24,0,6,3.9655299747030273,0.0
rl,dqn | LDPC-DiscreteMI-v0,24,0,7,4.151609893565003,0.0
rl,dqn | LDPC-DiscreteMI-v0,24,0,8,4.124463711365779,0.0
rl,dqn | LDPC-DiscreteMI-v0,24,0,9,4.180479461822852,0.0
rl,dqn | LDPC-DiscreteMI-v0,24,0,10,4.14260920782707,0.0
rl,dqn | LDPC-DiscreteMI-v0,24,0,11,4.138396713773957,0.0
rl,dqn | LDPC-DiscreteMI-v0,24,0,12,4.038761590694159,0.0
rl,dqn | LDPC-DiscreteMI-v0,24,0,13,4.345735059918875,0.0
rl,dqn | LDPC-DiscreteMI-v0,24,0,14,4.057513923688766,0.0
rl,dqn | LDPC-DiscreteMI-v0,24,0,15,3.7535781159815684,0.0
rl,dqn | LDPC-DiscreteMI-v0,24,0,16,4.075594289492643,0.0
rl,dqn | LDPC-DiscreteMI-v0,24,0,17,3.8249317823974165,0.0
rl,dqn | LDPC-DiscreteMI-v0,24,0,18,4.0767364255865015,0.0
rl,dqn | LDPC-DiscreteMI-v0,24,0,19,4.3296936498179495,0.0
rl,dqn | LDPC-DiscreteMI-v0,24,0,20,3.9265083847971347,0.0
rl,dqn | LDPC-DiscreteMI-v0,24,0,21,3.9429209695647374,0.0
rl,dqn | LDPC-DiscreteMI-v0,24,0,22,4.26110796101579,0.0
rl,dqn | LDPC-DiscreteMI-v0,24,0,23,4.4124461904741805,0.0
rl,dqn | LDPC-DiscreteMI-v0,24,1,0,4.236154278426641,0.0
rl,dqn | LDPC-DiscreteMI-v0,24,1,1,4.160788616469076,0.0
rl,dqn | LDPC-DiscreteMI-v0,24,1,2,4.2070236144848145,0.0
rl,dqn | LDPC-DiscreteMI-v0,24,1,3,4.381218918668084,0.0
rl,dqn | LDPC-DiscreteMI-v0,24,1,4,4.098740912711058,0.0
rl,dqn | LDPC-DiscreteMI-v0,24,1,5,4.246380744124944,0.0
rl,dqn | LDPC-DiscreteMI-v0,24,1,6,4.084438124478158,0.0
rl,dqn | LDPC-DiscreteMI-v0,24,1,7,4.5554240365561105,0.0
rl,dqn | LDPC-DiscreteMI-v0,24,1,8,4.305636985972067,0.0
rl,dqn | LDPC-DiscreteMI-v0,24,1,9,4.180479461822852,0.0
rl,dqn | LDPC-DiscreteMI-v0,24,1,10,4.36685700412016,0.0
rl,dqn | LDPC-DiscreteMI-v0,24,1,11,4.131556847008414,0.0
rl,dqn | LDPC-DiscreteMI-v0,24,1,12,4.245747748910834,0.0
rl,dqn | LDPC-DiscreteMI-v0,24,1,13,4.356156831229744,0.0
rl,dqn | LDPC-DiscreteMI-v0,24,1,14,4.067935694999637,0.0
rl,dqn | LDPC-DiscreteMI-v0,24,1,15,3.960564274198243,0.0
rl,dqn | LDPC-DiscreteMI-v0,24,1,16,4.1759930577943045,0.0
rl,dqn | LDPC-DiscreteMI-v0,24,1,17,4.152397626307091,0.0
rl,dqn | LDPC-DiscreteMI-v0,24,1,18,4.0767364255865015,0.0
rl,dqn | LDPC-DiscreteMI-v0,24,1,19,5.4815589123167205,0.0
rl,dqn | LDPC-DiscreteMI-v0,24,1,20,3.964498080599192,0.0
rl,dqn | LDPC-DiscreteMI-v0,24,1,21,4.567250959590349,0.0
rl,dqn | LDPC-DiscreteMI-v0,24,1,22,4.541417706382151,0.0
rl,dqn | LDPC-DiscreteMI-v0,24,1,23,4.403896357017251,0.0
rl,dqn | LDPC-DiscreteMI-v0,24,2,0,4.236154278426641,0.0
rl,dqn | LDPC-DiscreteMI-v0,24,2,1,4.160788616469076,0.0
rl,dqn | LDPC-DiscreteMI-v0,24,2,2,4.2070236144848145,0.0
rl,dqn | LDPC-DiscreteMI-v0,24,2,3,4.381218918668084,0.0
rl,dqn | LDPC-DiscreteMI-v0,24,2,4,4.098740912711058,0.0
rl,dqn | LDPC-DiscreteMI-v0,24,2,5,4.246380744124944,0.0
rl,dqn | LDPC-DiscreteMI-v0,24,2,6,4.084438124478158,0.0
rl,dqn | LDPC-DiscreteMI-v0,24,2,7,4.55542403655611,0.0
rl,dqn | LDPC-DiscreteMI-v0,24,2,8,4.305636985972067,0.0
rl,dqn | LDPC-DiscreteMI-v0,24,2,9,4.180479461822852,0.0
rl,dqn | LDPC-DiscreteMI-v0,24,2,10,4.36685700412016,0.0
rl,dqn | LDPC-DiscreteMI-v0,24,2,11,4.131556847008414,0.0
rl,dqn | LDPC-DiscreteMI-v0,24,2,12,4.245747748910834,0.0
rl,dqn | LDPC-DiscreteMI-v0,24,2,13,4.356156831229744,0.0
rl,dqn | LDPC-DiscreteMI-v0,24,2,14,4.067935694999637,0.0
rl,dqn | LDPC-DiscreteMI-v0,24,2,15,3.960564274198243,0.0
rl,dqn | LDPC-DiscreteMI-v0,24,2,16,4.1759930577943045,0.0
rl,dqn | LDPC-DiscreteMI-v0,24,2,17,4.152397626307091,0.0
rl,dqn | LDPC-DiscreteMI-v0,24,2,18,4.0767364255865015,0.0
rl,dqn | LDPC-DiscreteMI-v0,24,2,19,5.4815589123167205,0.0
rl,dqn | LDPC-DiscreteMI-v0,24,2,20,3.964498080599192,0.0
rl,dqn | LDPC-DiscreteMI-v0,24,2,21,4.567250959590349,0.0
rl,dqn | LDPC-DiscreteMI-v0,24,2,22,4.541417706382151,0.0
rl,dqn | LDPC-DiscreteMI-v0,24,2,23,4.403896357017251,0.0
rl,dqn | LDPC-DiscreteMI-v0,24,3,0,4.236154278426641,0.0
rl,dqn | LDPC-DiscreteMI-v0,24,3,1,4.160788616469076,0.0
rl,dqn | LDPC-DiscreteMI-v0,24,3,2,4.2070236144848145,0.0
rl,dqn | LDPC-DiscreteMI-v0,24,3,3,4.381218918668084,0.0
rl,dqn | LDPC-DiscreteMI-v0,24,3,4,4.098740912711058,0.0
rl,dqn | LDPC-DiscreteMI-v0,24,3,5,4.246380744124944,0.0
rl,dqn | LDPC-DiscreteMI-v0,24,3,6,4.084438124478158,0.0
rl,dqn | LDPC-DiscreteMI-v0,24,3,7,4.55542403655611,0.0
rl,dqn | LDPC-DiscreteMI-v0,24,3,8,4.305636985972067,0.0
rl,dqn | LDPC-DiscreteMI-v0,24,3,9,4.180479461822852,0.0
rl,dqn | LDPC-DiscreteMI-v0,24,3,10,4.36685700412016,0.0
rl,dqn | LDPC-DiscreteMI-v0,24,3,11,4.131556847008414,0.0
rl,dqn | LDPC-DiscreteMI-v0,24,3,12,4.245747748910834,0.0
rl,dqn | LDPC-DiscreteMI-v0,24,3,13,4.356156831229744,0.0
rl,dqn | LDPC-DiscreteMI-v0,24,3,14,4.067935694999637,0.0
rl,dqn | LDPC-DiscreteMI-v0,24,3,15,3.960564274198243,0.0
rl,dqn | LDPC-DiscreteMI-v0,24,3,16,4.1759930577943045,0.0
rl,dqn | LDPC-DiscreteMI-v0,24,3,17,4.152397626307091,0.0
rl,dqn | LDPC-DiscreteMI-v0,24,3,18,4.0767364255865015,0.0
rl,dqn | LDPC-DiscreteMI-v0,24,3,19,5.4815589123167205,0.0
rl,dqn | LDPC-DiscreteMI-v0,24,3,20,3.964498080599192,0.0
rl,dqn | LDPC-DiscreteMI-v0,24,3,21,4.567250959590349,0.0
rl,dqn | LDPC-DiscreteMI-v0,24,3,22,4.541417706382151,0.0
rl,dqn | LDPC-DiscreteMI-v0,24,3,23,4.403896357017251,0.0
rl,dqn | LDPC-DiscreteMI-v0,24,4,0,4.236154278426641,0.0
rl,dqn | LDPC-DiscreteMI-v0,24,4,1,4.160788616469076,0.0
rl,dqn | LDPC-DiscreteMI-v0,24,4,2,4.2070236144848145,0.0
rl,dqn | LDPC-DiscreteMI-v0,24,4,3,4.381218918668084,0.0
rl,dqn | LDPC-DiscreteMI-v0,24,4,4,4.098740912711058,0.0
rl,dqn | LDPC-DiscreteMI-v0,24,4,5,4.246380744124944,0.0
rl,dqn | LDPC-DiscreteMI-v0,24,4,6,4.084438124478158,0.0
rl,dqn | LDPC-DiscreteMI-v0,24,4,7,4.55542403655611,0.0
rl,dqn | LDPC-DiscreteMI-v0,24,4,8,4.305636985972067,0.0
rl,dqn | LDPC-DiscreteMI-v0,24,4,9,4.180479461822852,0.0
rl,dqn | LDPC-DiscreteMI-v0,24,4,10,4.36685700412016,0.0
rl,dqn | LDPC-DiscreteMI-v0,24,4,11,4.131556847008414,0.0
rl,dqn | LDPC-DiscreteMI-v0,24,4,12,4.245747748910834,0.0
rl,dqn | LDPC-DiscreteMI-v0,24,4,13,4.356156831229744,0.0
rl,dqn | LDPC-DiscreteMI-v0,24,4,14,4.067935694999637,0.0
rl,dqn | LDPC-DiscreteMI-v0,24,4,15,3.960564274198243,0.0
rl,dqn | LDPC-DiscreteMI-v0,24,4,16,4.1759930577943045,0.0
rl,dqn | LDPC-DiscreteMI-v0,24,4,17,4.152397626307091,0.0
rl,dqn | LDPC-DiscreteMI-v0,24,4,18,4.0767364255865015,0.0
rl,dqn | LDPC-DiscreteMI-v0,24,4,19,5.4815589123167205,0.0
rl,dqn | LDPC-DiscreteMI-v0,24,4,20,3.964498080599192,0.0
rl,dqn | LDPC-DiscreteMI-v0,24,4,21,4.567250959590349,0.0
rl,dqn | LDPC-DiscreteMI-v0,24,4,22,4.541417706382151,0.0
rl,dqn | LDPC-DiscreteMI-v0,24,4,23,4.403896357017251,0.0
rl,dqn | LDPC-DiscreteMI-v0,24,5,0,4.236154278426641,0.0
rl,dqn | LDPC-DiscreteMI-v0,24,5,1,4.160788616469076,0.0
rl,dqn | LDPC-DiscreteMI-v0,24,5,2,4.2070236144848145,0.0
rl,dqn | LDPC-DiscreteMI-v0,24,5,3,4.381218918668084,0.0
rl,dqn | LDPC-DiscreteMI-v0,24,5,4,4.098740912711058,0.0
rl,dqn | LDPC-DiscreteMI-v0,24,5,5,4.246380744124944,0.0
rl,dqn | LDPC-DiscreteMI-v0,24,5,6,4.084438124478158,0.0
rl,dqn | LDPC-DiscreteMI-v0,24,5,7,4.55542403655611,0.0
rl,dqn | LDPC-DiscreteMI-v0,24,5,8,4.305636985972067,0.0
rl,dqn | LDPC-DiscreteMI-v0,24,5,9,4.180479461822852,0.0
rl,dqn | LDPC-DiscreteMI-v0,24,5,10,4.36685700412016,0.0
rl,dqn | LDPC-DiscreteMI-v0,24,5,11,4.131556847008414,0.0
rl,dqn | LDPC-DiscreteMI-v0,24,5,12,4.245747748910834,0.0
rl,dqn | LDPC-DiscreteMI-v0,24,5,13,4.356156831229744,0.0
rl,dqn | LDPC-DiscreteMI-v0,24,5,14,4.067935694999637,0.0
rl,dqn | LDPC-DiscreteMI-v0,24,5,15,3.960564274198243,0.0
rl,dqn | LDPC-DiscreteMI-v0,24,5,16,4.1759930577943045,0.0
rl,dqn | LDPC-DiscreteMI-v0,24,5,17,4.152397626307091,0.0
rl,dqn | LDPC-DiscreteMI-v0,24,5,18,4.0767364255865015,0.0
rl,dqn | LDPC-DiscreteMI-v0,24,5,19,5.4815589123167205,0.0
rl,dqn | LDPC-DiscreteMI-v0,24,5,20,3.964498080599192,0.0
rl,dqn | LDPC-DiscreteMI-v0,24,5,21,4.567250959590349,0.0
rl,dqn | LDPC-DiscreteMI-v0,24,5,22,4.541417706382151,0.0
rl,dqn | LDPC-DiscreteMI-v0,24,5,23,4.403896357017251,0.0
rl,dqn | LDPC-DiscreteMI-v0,24,6,0,4.236154278426641,0.0
rl,dqn | LDPC-DiscreteMI-v0,24,6,1,4.160788616469076,0.0
rl,dqn | LDPC-DiscreteMI-v0,24,6,2,4.2070236144848145,0.0
rl,dqn | LDPC-DiscreteMI-v0,24,6,3,4.381218918668084,0.0
rl,dqn | LDPC-DiscreteMI-v0,24,6,4,4.098740912711058,0.0
rl,dqn | LDPC-DiscreteMI-v0,24,6,5,4.246380744124944,0.0
rl,dqn | LDPC-DiscreteMI-v0,24,6,6,4.084438124478158,0.0
rl,dqn | LDPC-DiscreteMI-v0,24,6,7,4.55542403655611,0.0
rl,dqn | LDPC-DiscreteMI-v0,24,6,8,4.305636985972067,0.0
rl,dqn | LDPC-DiscreteMI-v0,24,6,9,4.180479461822852,0.0
rl,dqn | LDPC-DiscreteMI-v0,24,6,10,4.36685700412016,0.0
rl,dqn | LDPC-DiscreteMI-v0,24,6,11,4.131556847008414,0.0
rl,dqn | LDPC-DiscreteMI-v0,24,6,12,4.245747748910834,0.0
rl,dqn | LDPC-DiscreteMI-v0,24,6,13,4.356156831229744,0.0
rl,dqn | LDPC-DiscreteMI-v0,24,6,14,4.067935694999637,0.0
rl,dqn | LDPC-DiscreteMI-v0,24,6,15,3.960564274198243,0.0
rl,dqn | LDPC-DiscreteMI-v0,24,6,16,4.1759930577943045,0.0
rl,dqn | LDPC-DiscreteMI-v0,24,6,17,4.152397626307091,0.0
rl,dqn | LDPC-DiscreteMI-v0,24,6,18,4.0767364255865015,0.0
rl,dqn | LDPC-DiscreteMI-v0,24,6,19,5.4815589123167205,0.0
rl,dqn | LDPC-DiscreteMI-v0,24,6,20,3.964498080599192,0.0
rl,dqn | LDPC-DiscreteMI-v0,24,6,21,4.567250959590349,0.0
rl,dqn | LDPC-DiscreteMI-v0,24,6,22,4.541417706382151,0.0
rl,dqn | LDPC-DiscreteMI-v0,24,6,23,4.403896357017251,0.0
rl,dqn | LDPC-DiscreteMI-v0,24,7,0,4.236154278426641,0.0
rl,dqn | LDPC-DiscreteMI-v0,24,7,1,4.160788616469076,0.0
rl,dqn | LDPC-DiscreteMI-v0,24,7,2,4.2070236144848145,0.0
rl,dqn | LDPC-DiscreteMI-v0,24,7,3,4.381218918668084,0.0
rl,dqn | LDPC-DiscreteMI-v0,24,7,4,4.098740912711058,0.0
rl,dqn | LDPC-DiscreteMI-v0,24,7,5,4.246380744124944,0.0
rl,dqn | LDPC-DiscreteMI-v0,24,7,6,4.084438124478158,0.0
rl,dqn | LDPC-DiscreteMI-v0,24,7,7,4.55542403655611,0.0
rl,dqn | LDPC-DiscreteMI-v0,24,7,8,4.305636985972067,0.0
rl,dqn | LDPC-DiscreteMI-v0,24,7,9,4.180479461822852,0.0
rl,dqn | LDPC-DiscreteMI-v0,24,7,10,4.36685700412016,0.0
rl,dqn | LDPC-DiscreteMI-v0,24,7,11,4.131556847008414,0.0
rl,dqn | LDPC-DiscreteMI-v0,24,7,12,4.245747748910834,0.0
rl,dqn | LDPC-DiscreteMI-v0,24,7,13,4.356156831229744,0.0
rl,dqn | LDPC-DiscreteMI-v0,24,7,14,4.067935694999637,0.0
rl,dqn | LDPC-DiscreteMI-v0,24,7,15,3.960564274198243,0.0
rl,dqn | LDPC-DiscreteMI-v0,24,7,16,4.1759930577943045,0.0
rl,dqn | LDPC-DiscreteMI-v0,24,7,17,4.152397626307091,0.0
rl,dqn | LDPC-DiscreteMI-v0,24,7,18,4.0767364255865015,0.0
rl,dqn | LDPC-DiscreteMI-v0,24,7,19,5.4815589123167205,0.0
rl,dqn | LDPC-DiscreteMI-v0,24,7,20,3.964498080599192,0.0
rl,dqn | LDPC-DiscreteMI-v0,24,7,21,4.567250959590349,0.0
rl,dqn | LDPC-DiscreteMI-v0,24,7,22,4.541417706382151,0.0
rl,dqn | LDPC-DiscreteMI-v0,24,7,23,4.403896357017251,0.0
rl,dqn | LDPC-DiscreteMI-v0,24,8,0,4.236154278426641,0.0
rl,dqn | LDPC-DiscreteMI-v0,24,8,1,4.160788616469076,0.0
rl,dqn | LDPC-DiscreteMI-v0,24,8,2,4.2070236144848145,0.0
rl,dqn | LDPC-DiscreteMI-v0,24,8,3,4.381218918668084,0.0
rl,dqn | LDPC-DiscreteMI-v0,24,8,4,4.098740912711058,0.0
rl,dqn | LDPC-DiscreteMI-v0,24,8,5,4.246380744124944,0.0
rl,dqn | LDPC-DiscreteMI-v0,24,8,6,4.084438124478158,0.0
rl,dqn | LDPC-DiscreteMI-v0,24,8,7,4.55542403655611,0.0
rl,dqn | LDPC-DiscreteMI-v0,24,8,8,4.305636985972067,0.0
rl,dqn | LDPC-DiscreteMI-v0,24,8,9,4.180479461822852,0.0
rl,dqn | LDPC-DiscreteMI-v0,24,8,10,4.36685700412016,0.0
rl,dqn | LDPC-DiscreteMI-v0,24,8,11,4.131556847008414,0.0
rl,dqn | LDPC-DiscreteMI-v0,24,8,12,4.245747748910834,0.0
rl,dqn | LDPC-DiscreteMI-v0,24,8,13,4.356156831229744,0.0
rl,dqn | LDPC-DiscreteMI-v0,24,8,14,4.067935694999637,0.0
rl,dqn | LDPC-DiscreteMI-v0,24,8,15,3.960564274198243,0.0
rl,dqn | LDPC-DiscreteMI-v0,24,8,16,4.1759930577943045,0.0
rl,dqn | LDPC-DiscreteMI-v0,24,8,17,4.152397626307091,0.0
rl,dqn | LDPC-DiscreteMI-v0,24,8,18,4.0767364255865015,0.0
rl,dqn | LDPC-DiscreteMI-v0,24,8,19,5.4815589123167205,0.0
rl,dqn | LDPC-DiscreteMI-v0,24,8,20,3.964498080599192,0.0
rl,dqn | LDPC-DiscreteMI-v0,24,8,21,4.567250959590349,0.0
rl,dqn | LDPC-DiscreteMI-v0,24,8,22,4.541417706382151,0.0
rl,dqn | LDPC-DiscreteMI-v0,24,8,23,4.403896357017251,0.0
rl,dqn | LDPC-DiscreteMI-v0,24,9,0,4.236154278426641,0.0
rl,dqn | LDPC-DiscreteMI-v0,24,9,1,4.160788616469076,0.0
rl,dqn | LDPC-DiscreteMI-v0,24,9,2,4.2070236144848145,0.0
rl,dqn | LDPC-DiscreteMI-v0,24,9,3,4.381218918668084,0.0
rl,dqn | LDPC-DiscreteMI-v0,24,9,4,4.098740912711058,0.0
rl,dqn | LDPC-DiscreteMI-v0,24,9,5,4.246380744124944,0.0
rl,dqn | LDPC-DiscreteMI-v0,24,9,6,4.084438124478158,0.0
rl,dqn | LDPC-DiscreteMI-v0,24,9,7,4.55542403655611,0.0
rl,dqn | LDPC-DiscreteMI-v0,24,9,8,4.305636985972067,0.0
rl,dqn | LDPC-DiscreteMI-v0,24,9,9,4.180479461822852,0.0
rl,dqn | LDPC-DiscreteMI-v0,24,9,10,4.36685700412016,0.0
rl,dqn | LDPC-DiscreteMI-v0,24,9,11,4.131556847008414,0.0
rl,dqn | LDPC-DiscreteMI-v0,24,9,12,4.245747748910834,0.0
rl,dqn | LDPC-DiscreteMI-v0,24,9,13,4.356156831229744,0.0
rl,dqn | LDPC-DiscreteMI-v0,24,9,14,4.067935694999637,0.0
rl,dqn | LDPC-DiscreteMI-v0,24,9,15,3.960564274198243,0.0
rl,dqn | LDPC-DiscreteMI-v0,24,9,16,4.1759930577943045,0.0
rl,dqn | LDPC-DiscreteMI-v0,24,9,17,4.152397626307091,0.0
rl,dqn | LDPC-DiscreteMI-v0,24,9,18,4.0767364255865015,0.0
rl,dqn | LDPC-DiscreteMI-v0,24,9,19,5.4815589123167205,0.0
rl,dqn | LDPC-DiscreteMI-v0,24,9,20,3.964498080599192,0.0
rl,dqn | LDPC-DiscreteMI-v0,24,9,21,4.567250959590349,0.0
rl,dqn | LDPC-DiscreteMI-v0,24,9,22,4.541417706382151,0.0
rl,dqn | LDPC-DiscreteMI-v0,24,9,23,4.403896357017251,0.0
rl,dqn | LDPC-DiscreteMI-v0,24,10,0,4.236154278426641,0.0
rl,dqn | LDPC-DiscreteMI-v0,24,10,1,4.160788616469076,0.0
rl,dqn | LDPC-DiscreteMI-v0,24,10,2,4.2070236144848145,0.0
rl,dqn | LDPC-DiscreteMI-v0,24,10,3,4.381218918668084,0.0
rl,dqn | LDPC-DiscreteMI-v0,24,10,4,4.098740912711058,0.0
rl,dqn | LDPC-DiscreteMI-v0,24,10,5,4.246380744124944,0.0
rl,dqn | LDPC-DiscreteMI-v0,24,10,6,4.084438124478158,0.0
rl,dqn | LDPC-DiscreteMI-v0,24,10,7,4.55542403655611,0.0
rl,dqn | LDPC-DiscreteMI-v0,24,10,8,4.305636985972067,0.0
rl,dqn | LDPC-DiscreteMI-v0,24,10,9,4.180479461822852,0.0
rl,dqn | LDPC-DiscreteMI-v0,24,10,10,4.36685700412016,0.0
rl,dqn | LDPC-DiscreteMI-v0,24,10,11,4.131556847008414,0.0
rl,dqn | LDPC-DiscreteMI-v0,24,10,12,4.245747748910834,0.0
rl,dqn | LDPC-DiscreteMI-v0,24,10,13,4.356156831229744,0.0
rl,dqn | LDPC-DiscreteMI-v0,24,10,14,4.067935694999637,0.0
rl,dqn | LDPC-DiscreteMI-v0,24,10,15,3.960564274198243,0.0
rl,dqn | LDPC-DiscreteMI-v0,24,10,16,4.1759930577943045,0.0
rl,dqn | LDPC-DiscreteMI-v0,24,10,17,4.152397626307091,0.0
rl,dqn | LDPC-DiscreteMI-v0,24,10,18,4.0767364255865015,0.0
rl,dqn | LDPC-DiscreteMI-v0,24,10,19,5.4815589123167205,0.0
rl,dqn | LDPC-DiscreteMI-v0,24,10,20,3.964498080599192,0.0
rl,dqn | LDPC-DiscreteMI-v0,24,10,21,4.567250959590349,0.0
rl,dqn | LDPC-DiscreteMI-v0,24,10,22,4.541417706382151,0.0
rl,dqn | LDPC-DiscreteMI-v0,24,10,23,4.403896357017251,0.0
rl,dqn | LDPC-DiscreteMI-v0,24,11,0,4.236154278426641,0.0
rl,dqn | LDPC-DiscreteMI-v0,24,11,1,4.160788616469076,0.0
rl,dqn | LDPC-DiscreteMI-v0,24,11,2,4.2070236144848145,0.0
rl,dqn | LDPC-DiscreteMI-v0,24,11,3,4.381218918668084,0.0
rl,dqn | LDPC-DiscreteMI-v0,24,11,4,4.098740912711058,0.0
rl,dqn | LDPC-DiscreteMI-v0,24,11,5,4.246380744124944,0.0
rl,dqn | LDPC-DiscreteMI-v0,24,11,6,4.084438124478158,0.0
rl,dqn | LDPC-DiscreteMI-v0,24,11,7,4.55542403655611,0.0
rl,dqn | LDPC-DiscreteMI-v0,24,11,8,4.305636985972067,0.0
rl,dqn | LDPC-DiscreteMI-v0,24,11,9,4.180479461822852,0.0
rl,dqn | LDPC-DiscreteMI-v0,24,11,10,4.36685700412016,0.0
rl,dqn | LDPC-DiscreteMI-v0,24,11,11,4.131556847008414,0.0
rl,dqn | LDPC-DiscreteMI-v0,24,11,12,4.245747748910834,0.0
rl,dqn | LDPC-DiscreteMI-v0,24,11,13,4.356156831229744,0.0
rl,dqn | LDPC-DiscreteMI-v0,24,11,14,4.067935694999637,0.0
rl,dqn | LDPC-DiscreteMI-v0,24,11,15,3.960564274198243,0.0
rl,dqn | LDPC-DiscreteMI-v0,24,11,16,4.1759930577943045,0.0
rl,dqn | LDPC-DiscreteMI-v0,24,11,17,4.152397626307091,0.0
rl,dqn | LDPC-DiscreteMI-v0,24,11,18,4.0767364255865015,0.0
rl,dqn | LDPC-DiscreteMI-v0,24,11,19,5.4815589123167205,0.0
rl,dqn | LDPC-DiscreteMI-v0,24,11,20,3.964498080599192,0.0
rl,dqn | LDPC-DiscreteMI-v0,24,11,21,4.567250959590349,0.0
rl,dqn | LDPC-DiscreteMI-v0,24,11,22,4.541417706382151,0.0
rl,dqn | LDPC-DiscreteMI-v0,24,11,23,4.403896357017251,0.0
rl,dqn | LDPC-DiscreteMI-v0,24,12,0,4.236154278426641,0.0
rl,dqn | LDPC-DiscreteMI-v0,24,12,1,4.160788616469076,0.0
rl,dqn | LDPC-DiscreteMI-v0,24,12,2,4.2070236144848145,0.0
rl,dqn | LDPC-DiscreteMI-v0,24,12,3,4.381218918668084,0.0
rl,dqn | LDPC-DiscreteMI-v0,24,12,4,4.098740912711058,0.0
rl,dqn | LDPC-DiscreteMI-v0,24,12,5,4.246380744124944,0.0
rl,dqn | LDPC-DiscreteMI-v0,24,12,6,4.084438124478158,0.0
rl,dqn | LDPC-DiscreteMI-v0,24,12,7,4.55542403655611,0.0
rl,dqn | LDPC-DiscreteMI-v0,24,12,8,4.305636985972067,0.0
rl,dqn | LDPC-DiscreteMI-v0,24,12,9,4.180479461822852,0.0
rl,dqn | LDPC-DiscreteMI-v0,24,12,10,4.36685700412016,0.0
rl,dqn | LDPC-DiscreteMI-v0,24,12,11,4.131556847008414,0.0
rl,dqn | LDPC-DiscreteMI-v0,24,12,12,4.245747748910834,0.0
rl,dqn | LDPC-DiscreteMI-v0,24,12,13,4.356156831229744,0.0
rl,dqn | LDPC-DiscreteMI-v0,24,12,14,4.067935694999637,0.0
rl,dqn | LDPC-DiscreteMI-v0,24,12,15,3.960564274198243,0.0
rl,dqn | LDPC-DiscreteMI-v0,24,12,16,4.1759930577943045,0.0
rl,dqn | LDPC-DiscreteMI-v0,24,12,17,4.152397626307091,0.0
rl,dqn | LDPC-DiscreteMI-v0,24,12,18,4.0767364255865015,0.0
rl,dqn | LDPC-DiscreteMI-v0,24,12,19,5.4815589123167205,0.0
rl,dqn | LDPC-DiscreteMI-v0,24,12,20,3.964498080599192,0.0
rl,dqn | LDPC-DiscreteMI-v0,24,12,21,4.567250959590349,0.0
rl,dqn | LDPC-DiscreteMI-v0,24,12,22,4.541417706382151,0.0
rl,dqn | LDPC-DiscreteMI-v0,24,12,23,4.403896357017251,0.0
rl,dqn | LDPC-DiscreteMI-v0,24,13,0,4.236154278426641,0.0
rl,dqn | LDPC-DiscreteMI-v0,24,13,1,4.160788616469076,0.0
rl,dqn | LDPC-DiscreteMI-v0,24,13,2,4.2070236144848145,0.0
rl,dqn | LDPC-DiscreteMI-v0,24,13,3,4.381218918668084,0.0
rl,dqn | LDPC-DiscreteMI-v0,24,13,4,4.098740912711058,0.0
rl,dqn | LDPC-DiscreteMI-v0,24,13,5,4.246380744124944,0.0
rl,dqn | LDPC-DiscreteMI-v0,24,13,6,4.084438124478158,0.0
rl,dqn | LDPC-DiscreteMI-v0,24,13,7,4.55542403655611,0.0
rl,dqn | LDPC-DiscreteMI-v0,24,13,8,4.305636985972067,0.0
rl,dqn | LDPC-DiscreteMI-v0,24,13,9,4.180479461822852,0.0
rl,dqn | LDPC-DiscreteMI-v0,24,13,10,4.36685700412016,0.0
rl,dqn | LDPC-DiscreteMI-v0,24,13,11,4.131556847008414,0.0
rl,dqn | LDPC-DiscreteMI-v0,24,13,12,4.245747748910834,0.0
rl,dqn | LDPC-DiscreteMI-v0,24,13,13,4.356156831229744,0.0
rl,dqn | LDPC-DiscreteMI-v0,24,13,14,4.067935694999637,0.0
rl,dqn | LDPC-DiscreteMI-v0,24,13,15,3.960564274198243,0.0
rl,dqn | LDPC-DiscreteMI-v0,24,13,16,4.1759930577943045,0.0
rl,dqn | LDPC-DiscreteMI-v0,24,13,17,4.152397626307091,0.0
rl,dqn | LDPC-DiscreteMI-v0,24,13,18,4.0767364255865015,0.0
rl,dqn | LDPC-DiscreteMI-v0,24,13,19,5.4815589123167205,0.0
rl,dqn | LDPC-DiscreteMI-v0,24,13,20,3.964498080599192,0.0
rl,dqn | LDPC-DiscreteMI-v0,24,13,21,4.567250959590349,0.0
rl,dqn | LDPC-DiscreteMI-v0,24,13,22,4.541417706382151,0.0
rl,dqn | LDPC-DiscreteMI-v0,24,13,23,4.403896357017251,0.0
rl,dqn | LDPC-DiscreteMI-v0,24,14,0,4.236154278426641,0.0
rl,dqn | LDPC-DiscreteMI-v0,24,14,1,4.160788616469076,0.0
rl,dqn | LDPC-DiscreteMI-v0,24,14,2,4.2070236144848145,0.0
rl,dqn | LDPC-DiscreteMI-v0,24,14,3,4.381218918668084,0.0
rl,dqn | LDPC-DiscreteMI-v0,24,14,4,4.098740912711058,0.0
rl,dqn | LDPC-DiscreteMI-v0,24,14,5,4.246380744124944,0.0
rl,dqn | LDPC-DiscreteMI-v0,24,14,6,4.084438124478158,0.0
rl,dqn | LDPC-DiscreteMI-v0,24,14,7,4.55542403655611,0.0
rl,dqn | LDPC-DiscreteMI-v0,24,14,8,4.305636985972067,0.0
rl,dqn | LDPC-DiscreteMI-v0,24,14,9,4.180479461822852,0.0
rl,dqn | LDPC-DiscreteMI-v0,24,14,10,4.36685700412016,0.0
rl,dqn | LDPC-DiscreteMI-v0,24,14,11,4.131556847008414,0.0
rl,dqn | LDPC-DiscreteMI-v0,24,14,12,4.245747748910834,0.0
rl,dqn | LDPC-DiscreteMI-v0,24,14,13,4.356156831229744,0.0
rl,dqn | LDPC-DiscreteMI-v0,24,14,14,4.067935694999637,0.0
rl,dqn | LDPC-DiscreteMI-v0,24,14,15,3.960564274198243,0.0
rl,dqn | LDPC-DiscreteMI-v0,24,14,16,4.1759930577943045,0.0
rl,dqn | LDPC-DiscreteMI-v0,24,14,17,4.152397626307091,0.0
rl,dqn | LDPC-DiscreteMI-v0,24,14,18,4.0767364255865015,0.0
rl,dqn | LDPC-DiscreteMI-v0,24,14,19,5.4815589123167205,0.0
rl,dqn | LDPC-DiscreteMI-v0,24,14,20,3.964498080599192,0.0
rl,dqn | LDPC-DiscreteMI-v0,24,14,21,4.567250959590349,0.0
rl,dqn | LDPC-DiscreteMI-v0,24,14,22,4.541417706382151,0.0
rl,dqn | LDPC-DiscreteMI-v0,24,14,23,4.403896357017251,0.0
rl,dqn | LDPC-DiscreteMI-v0,24,15,0,4.236154278426641,0.0
rl,dqn | LDPC-DiscreteMI-v0,24,15,1,4.160788616469076,0.0
rl,dqn | LDPC-DiscreteMI-v0,24,15,2,4.2070236144848145,0.0
rl,dqn | LDPC-DiscreteMI-v0,24,15,3,4.381218918668084,0.0
rl,dqn | LDPC-DiscreteMI-v0,24,15,4,4.098740912711058,0.0
rl,dqn | LDPC-DiscreteMI-v0,24,15,5,4.246380744124944,0.0
rl,dqn | LDPC-DiscreteMI-v0,24,15,6,4.084438124478158,0.0
rl,dqn | LDPC-DiscreteMI-v0,24,15,7,4.55542403655611,0.0
rl,dqn | LDPC-DiscreteMI-v0,24,15,8,4.305636985972067,0.0
rl,dqn | LDPC-DiscreteMI-v0,24,15,9,4.180479461822852,0.0
rl,dqn | LDPC-DiscreteMI-v0,24,15,10,4.36685700412016,0.0
rl,dqn | LDPC-DiscreteMI-v0,24,15,11,4.131556847008414,0.0
rl,dqn | LDPC-DiscreteMI-v0,24,15,12,4.245747748910834,0.0
rl,dqn | LDPC-DiscreteMI-v0,24,15,13,4.356156831229744,0.0
rl,dqn | LDPC-DiscreteMI-v0,24,15,14,4.067935694999637,0.0
rl,dqn | LDPC-DiscreteMI-v0,24,15,15,3.960564274198243,0.0
rl,dqn | LDPC-DiscreteMI-v0,24,15,16,4.1759930577943045,0.0
rl,dqn | LDPC-DiscreteMI-v0,24,15,17,4.152397626307091,0.0
rl,dqn | LDPC-DiscreteMI-v0,24,15,18,4.0767364255865015,0.0
rl,dqn | LDPC-DiscreteMI-v0,24,15,19,5.4815589123167205,0.0
rl,dqn | LDPC-DiscreteMI-v0,24,15,20,3.964498080599192,0.0
rl,dqn | LDPC-DiscreteMI-v0,24,15,21,4.567250959590349,0.0
rl,dqn | LDPC-DiscreteMI-v0,24,15,22,4.541417706382151,0.0
rl,dqn | LDPC-DiscreteMI-v0,24,15,23,4.403896357017251,0.0
rl,dqn | LDPC-DiscreteMI-v0,24,16,0,4.236154278426641,0.0
rl,dqn | LDPC-DiscreteMI-v0,24,16,1,4.160788616469076,0.0
rl,dqn | LDPC-DiscreteMI-v0,24,16,2,4.2070236144848145,0.0
rl,dqn | LDPC-DiscreteMI-v0,24,16,3,4.381218918668084,0.0
rl,dqn | LDPC-DiscreteMI-v0,24,16,4,4.098740912711058,0.0
rl,dqn | LDPC-DiscreteMI-v0,24,16,5,4.246380744124944,0.0
rl,dqn | LDPC-DiscreteMI-v0,24,16,6,4.084438124478158,0.0
rl,dqn | LDPC-DiscreteMI-v0,24,16,7,4.55542403655611,0.0
rl,dqn | LDPC-DiscreteMI-v0,24,16,8,4.305636985972067,0.0
rl,dqn | LDPC-DiscreteMI-v0,24,16,9,4.180479461822852,0.0
rl,dqn | LDPC-DiscreteMI-v0,24,16,10,4.36685700412016,0.0
rl,dqn | LDPC-DiscreteMI-v0,24,16,11,4.131556847008414,0.0
rl,dqn | LDPC-DiscreteMI-v0,24,16,12,4.245747748910834,0.0
rl,dqn | LDPC-DiscreteMI-v0,24,16,13,4.356156831229744,0.0
rl,dqn | LDPC-DiscreteMI-v0,24,16,14,4.067935694999637,0.0
rl,dqn | LDPC-DiscreteMI-v0,24,16,15,3.960564274198243,0.0
rl,dqn | LDPC-DiscreteMI-v0,24,16,16,4.1759930577943045,0.0
rl,dqn | LDPC-DiscreteMI-v0,24,16,17,4.152397626307091,0.0
rl,dqn | LDPC-DiscreteMI-v0,24,16,18,4.0767364255865015,0.0
rl,dqn | LDPC-DiscreteMI-v0,24,16,19,5.4815589123167205,0.0
rl,dqn | LDPC-DiscreteMI-v0,24,16,20,3.964498080599192,0.0
rl,dqn | LDPC-DiscreteMI-v0,24,16,21,4.567250959590349,0.0
rl,dqn | LDPC-DiscreteMI-v0,24,16,22,4.541417706382151,0.0
rl,dqn | LDPC-DiscreteMI-v0,24,16,23,4.403896357017251,0.0
rl,dqn | LDPC-DiscreteMI-v0,24,17,0,4.236154278426641,0.0
rl,dqn | LDPC-DiscreteMI-v0,24,17,1,4.160788616469076,0.0
rl,dqn | LDPC-DiscreteMI-v0,24,17,2,4.2070236144848145,0.0
rl,dqn | LDPC-DiscreteMI-v0,24,17,3,4.381218918668084,0.0
rl,dqn | LDPC-DiscreteMI-v0,24,17,4,4.098740912711058,0.0
rl,dqn | LDPC-DiscreteMI-v0,24,17,5,4.246380744124944,0.0
rl,dqn | LDPC-DiscreteMI-v0,24,17,6,4.084438124478158,0.0
rl,dqn | LDPC-DiscreteMI-v0,24,17,7,4.55542403655611,0.0
rl,dqn | LDPC-DiscreteMI-v0,24,17,8,4.305636985972067,0.0
rl,dqn | LDPC-DiscreteMI-v0,24,17,9,4.180479461822852,0.0
rl,dqn | LDPC-DiscreteMI-v0,24,17,10,4.36685700412016,0.0
rl,dqn | LDPC-DiscreteMI-v0,24,17,11,4.131556847008414,0.0
rl,dqn | LDPC-DiscreteMI-v0,24,17,12,4.245747748910834,0.0
rl,dqn | LDPC-DiscreteMI-v0,24,17,13,4.356156831229744,0.0
rl,dqn | LDPC-DiscreteMI-v0,24,17,14,4.067935694999637,0.0
rl,dqn | LDPC-DiscreteMI-v0,24,17,15,3.960564274198243,0.0
rl,dqn | LDPC-DiscreteMI-v0,24,17,16,4.1759930577943045,0.0
rl,dqn | LDPC-DiscreteMI-v0,24,17,17,4.152397626307091,0.0
rl,dqn | LDPC-DiscreteMI-v0,24,17,18,4.0767364255865015,0.0
rl,dqn | LDPC-DiscreteMI-v0,24,17,19,5.4815589123167205,0.0
rl,dqn | LDPC-DiscreteMI-v0,24,17,20,3.964498080599192,0.0
rl,dqn | LDPC-DiscreteMI-v0,24,17,21,4.567250959590349,0.0
rl,dqn | LDPC-DiscreteMI-v0,24,17,22,4.541417706382151,0.0
rl,dqn | LDPC-DiscreteMI-v0,24,17,23,4.403896357017251,0.0
rl,dqn | LDPC-DiscreteMI-v0,24,18,0,4.236154278426641,0.0
rl,dqn | LDPC-DiscreteMI-v0,24,18,1,4.160788616469076,0.0
rl,dqn | LDPC-DiscreteMI-v0,24,18,2,4.2070236144848145,0.0
rl,dqn | LDPC-DiscreteMI-v0,24,18,3,4.381218918668084,0.0
rl,dqn | LDPC-DiscreteMI-v0,24,18,4,4.098740912711058,0.0
rl,dqn | LDPC-DiscreteMI-v0,24,18,5,4.246380744124944,0.0
rl,dqn | LDPC-DiscreteMI-v0,24,18,6,4.084438124478158,0.0
rl,dqn | LDPC-DiscreteMI-v0,24,18,7,4.55542403655611,0.0
rl,dqn | LDPC-DiscreteMI-v0,24,18,8,4.305636985972067,0.0
rl,dqn | LDPC-DiscreteMI-v0,24,18,9,4.180479461822852,0.0
rl,dqn | LDPC-DiscreteMI-v0,24,18,10,4.36685700412016,0.0
rl,dqn | LDPC-DiscreteMI-v0,24,18,11,4.131556847008414,0.0
rl,dqn | LDPC-DiscreteMI-v0,24,18,12,4.245747748910834,0.0
rl,dqn | LDPC-DiscreteMI-v0,24,18,13,4.356156831229744,0.0
rl,dqn | LDPC-DiscreteMI-v0,24,18,14,4.067935694999637,0.0
rl,dqn | LDPC-DiscreteMI-v0,24,18,15,3.960564274198243,0.0
rl,dqn | LDPC-DiscreteMI-v0,24,18,16,4.1759930577943045,0.0
rl,dqn | LDPC-DiscreteMI-v0,24,18,17,4.152397626307091,0.0
rl,dqn | LDPC-DiscreteMI-v0,24,18,18,4.0767364255865015,0.0
rl,dqn | LDPC-DiscreteMI-v0,24,18,19,5.4815589123167205,0.0
rl,dqn | LDPC-DiscreteMI-v0,24,18,20,3.964498080599192,0.0
rl,dqn | LDPC-DiscreteMI-v0,24,18,21,4.567250959590349,0.0
rl,dqn | LDPC-DiscreteMI-v0,24,18,22,4.541417706382151,0.0
rl,dqn | LDPC-DiscreteMI-v0,24,18,23,4.403896357017251,0.0
rl,dqn | LDPC-DiscreteMI-v0,24,19,0,4.236154278426641,0.0
rl,dqn | LDPC-DiscreteMI-v0,24,19,1,4.160788616469076,0.0
rl,dqn | LDPC-DiscreteMI-v0,24,19,2,4.2070236144848145,0.0
rl,dqn | LDPC-DiscreteMI-v0,24,19,3,4.381218918668084,0.0
rl,dqn | LDPC-DiscreteMI-v0,24,19,4,4.098740912711058,0.0
rl,dqn | LDPC-DiscreteMI-v0,24,19,5,4.246380744124944,0.0
rl,dqn | LDPC-DiscreteMI-v0,24,19,6,4.084438124478158,0.0
rl,dqn | LDPC-DiscreteMI-v0,24,19,7,4.55542403655611,0.0
rl,dqn | LDPC-DiscreteMI-v0,24,19,8,4.305636985972067,0.0
rl,dqn | LDPC-DiscreteMI-v0,24,19,9,4.180479461822852,0.0
rl,dqn | LDPC-DiscreteMI-v0,24,19,10,4.36685700412016,0.0
rl,dqn | LDPC-DiscreteMI-v0,24,19,11,4.131556847008414,0.0
rl,dqn | LDPC-DiscreteMI-v0,24,19,12,4.245747748910834,0.0
rl,dqn | LDPC-DiscreteMI-v0,24,19,13,4.356156831229744,0.0
rl,dqn | LDPC-DiscreteMI-v0,24,19,14,4.067935694999637,0.0
rl,dqn | LDPC-DiscreteMI-v0,24,19,15,3.960564274198243,0.0
rl,dqn | LDPC-DiscreteMI-v0,24,19,16,4.1759930577943045,0.0
rl,dqn | LDPC-DiscreteMI-v0,24,19,17,4.152397626307091,0.0
rl,dqn | LDPC-DiscreteMI-v0,24,19,18,4.0767364255865015,0.0
rl,dqn | LDPC-DiscreteMI-v0,24,19,19,5.4815589123167205,0.0
rl,dqn | LDPC-DiscreteMI-v0,24,19,20,3.964498080599192,0.0
rl,dqn | LDPC-DiscreteMI-v0,24,19,21,4.567250959590349,0.0
rl,dqn | LDPC-DiscreteMI-v0,24,19,22,4.541417706382151,0.0
rl,dqn | LDPC-DiscreteMI-v0,24,19,23,4.403896357017251,0.0
rl,dqn | LDPC-DiscreteMI-v0,24,20,0,4.236154278426641,0.0
rl,dqn | LDPC-DiscreteMI-v0,24,20,1,4.160788616469076,0.0
rl,dqn | LDPC-DiscreteMI-v0,24,20,2,4.2070236144848145,0.0
rl,dqn | LDPC-DiscreteMI-v0,24,20,3,4.381218918668084,0.0
rl,dqn | LDPC-DiscreteMI-v0,24,20,4,4.098740912711058,0.0
rl,dqn | LDPC-DiscreteMI-v0,24,20,5,4.246380744124944,0.0
rl,dqn | LDPC-DiscreteMI-v0,24,20,6,4.084438124478158,0.0
rl,dqn | LDPC-DiscreteMI-v0,24,20,7,4.55542403655611,0.0
rl,dqn | LDPC-DiscreteMI-v0,24,20,8,4.305636985972067,0.0
rl,dqn | LDPC-DiscreteMI-v0,24,20,9,4.180479461822852,0.0
rl,dqn | LDPC-DiscreteMI-v0,24,20,10,4.36685700412016,0.0
rl,dqn | LDPC-DiscreteMI-v0,24,20,11,4.131556847008414,0.0
rl,dqn | LDPC-DiscreteMI-v0,24,20,12,4.245747748910834,0.0
rl,dqn | LDPC-DiscreteMI-v0,24,20,13,4.356156831229744,0.0
rl,dqn | LDPC-DiscreteMI-v0,24,20,14,4.067935694999637,0.0
rl,dqn | LDPC-DiscreteMI-v0,24,20,15,3.960564274198243,0.0
rl,dqn | LDPC-DiscreteMI-v0,24,20,16,4.1759930577943045,0.0
rl,dqn | LDPC-DiscreteMI-v0,24,20,17,4.152397626307091,0.0
rl,dqn | LDPC-DiscreteMI-v0,24,20,18,4.0767364255865015,0.0
rl,dqn | LDPC-DiscreteMI-v0,24,20,19,5.4815589123167205,0.0
rl,dqn | LDPC-DiscreteMI-v0,24,20,20,3.964498080599192,0.0
rl,dqn | LDPC-DiscreteMI-v0,24,20,21,4.567250959590349,0.0
rl,dqn | LDPC-DiscreteMI-v0,24,20,22,4.541417706382151,0.0
rl,dqn | LDPC-DiscreteMI-v0,24,20,23,4.403896357017251,0.0
rl,dqn | LDPC-DiscreteMI-v0,24,21,0,4.236154278426641,0.0
rl,dqn | LDPC-DiscreteMI-v0,24,21,1,4.160788616469076,0.0
rl,dqn | LDPC-DiscreteMI-v0,24,21,2,4.2070236144848145,0.0
rl,dqn | LDPC-DiscreteMI-v0,24,21,3,4.381218918668084,0.0
rl,dqn | LDPC-DiscreteMI-v0,24,21,4,4.098740912711058,0.0
rl,dqn | LDPC-DiscreteMI-v0,24,21,5,4.246380744124944,0.0
rl,dqn | LDPC-DiscreteMI-v0,24,21,6,4.084438124478158,0.0
rl,dqn | LDPC-DiscreteMI-v0,24,21,7,4.55542403655611,0.0
rl,dqn | LDPC-DiscreteMI-v0,24,21,8,4.305636985972067,0.0
rl,dqn | LDPC-DiscreteMI-v0,24,21,9,4.180479461822852,0.0
rl,dqn | LDPC-DiscreteMI-v0,24,21,10,4.36685700412016,0.0
rl,dqn | LDPC-DiscreteMI-v0,24,21,11,4.131556847008414,0.0
rl,dqn | LDPC-DiscreteMI-v0,24,21,12,4.245747748910834,0.0
rl,dqn | LDPC-DiscreteMI-v0,24,21,13,4.356156831229744,0.0
rl,dqn | LDPC-DiscreteMI-v0,24,21,14,4.067935694999637,0.0
rl,dqn | LDPC-DiscreteMI-v0,24,21,15,3.960564274198243,0.0
rl,dqn | LDPC-DiscreteMI-v0,24,21,16,4.1759930577943045,0.0
rl,dqn | LDPC-DiscreteMI-v0,24,21,17,4.152397626307091,0.0
rl,dqn | LDPC-DiscreteMI-v0,24,21,18,4.0767364255865015,0.0
rl,dqn | LDPC-DiscreteMI-v0,24,21,19,5.4815589123167205,0.0
rl,dqn | LDPC-DiscreteMI-v0,24,21,20,3.964498080599192,0.0
rl,dqn | LDPC-DiscreteMI-v0,24,21,21,4.567250959590349,0.0
rl,dqn | LDPC-DiscreteMI-v0,24,21,22,4.541417706382151,0.0
rl,dqn | LDPC-DiscreteMI-v0,24,21,23,4.403896357017251,0.0
rl,dqn | LDPC-DiscreteMI-v0,24,22,0,4.236154278426641,0.0
rl,dqn | LDPC-DiscreteMI-v0,24,22,1,4.160788616469076,0.0
rl,dqn | LDPC-DiscreteMI-v0,24,22,2,4.2070236144848145,0.0
rl,dqn | LDPC-DiscreteMI-v0,24,22,3,4.381218918668084,0.0
rl,dqn | LDPC-DiscreteMI-v0,24,22,4,4.098740912711058,0.0
rl,dqn | LDPC-DiscreteMI-v0,24,22,5,4.246380744124944,0.0
rl,dqn | LDPC-DiscreteMI-v0,24,22,6,4.084438124478158,0.0
rl,dqn | LDPC-DiscreteMI-v0,24,22,7,4.55542403655611,0.0
rl,dqn | LDPC-DiscreteMI-v0,24,22,8,4.305636985972067,0.0
rl,dqn | LDPC-DiscreteMI-v0,24,22,9,4.180479461822852,0.0
rl,dqn | LDPC-DiscreteMI-v0,24,22,10,4.36685700412016,0.0
rl,dqn | LDPC-DiscreteMI-v0,24,22,11,4.131556847008414,0.0
rl,dqn | LDPC-DiscreteMI-v0,24,22,12,4.245747748910834,0.0
rl,dqn | LDPC-DiscreteMI-v0,24,22,13,4.356156831229744,0.0
rl,dqn | LDPC-DiscreteMI-v0,24,22,14,4.067935694999637,0.0
rl,dqn | LDPC-DiscreteMI-v0,24,22,15,3.960564274198243,0.0
rl,dqn | LDPC-DiscreteMI-v0,24,22,16,4.1759930577943045,0.0
rl,dqn | LDPC-DiscreteMI-v0,24,22,17,4.152397626307091,0.0
rl,dqn | LDPC-DiscreteMI-v0,24,22,18,4.0767364255865015,0.0
rl,dqn | LDPC-DiscreteMI-v0,24,22,19,5.4815589123167205,0.0
rl,dqn | LDPC-DiscreteMI-v0,24,22,20,3.964498080599192,0.0
rl,dqn | LDPC-DiscreteMI-v0,24,22,21,4.567250959590349,0.0
rl,dqn | LDPC-DiscreteMI-v0,24,22,22,4.541417706382151,0.0
rl,dqn | LDPC-DiscreteMI-v0,24,22,23,4.403896357017251,0.0
rl,dqn | LDPC-DiscreteMI-v0,24,23,0,4.236154278426641,0.0
rl,dqn | LDPC-DiscreteMI-v0,24,23,1,4.160788616469076,0.0
rl,dqn | LDPC-DiscreteMI-v0,24,23,2,4.2070236144848145,0.0
rl,dqn | LDPC-DiscreteMI-v0,24,23,3,4.381218918668084,0.0
rl,dqn | LDPC-DiscreteMI-v0,24,23,4,4.098740912711058,0.0
rl,dqn | LDPC-DiscreteMI-v0,24,23,5,4.246380744124944,0.0
rl,dqn | LDPC-DiscreteMI-v0,24,23,6,4.084438124478158,0.0
rl,dqn | LDPC-DiscreteMI-v0,24,23,7,4.55542403655611,0.0
rl,dqn | LDPC-DiscreteMI-v0,24,23,8,4.305636985972067,0.0
rl,dqn | LDPC-DiscreteMI-v0,24,23,9,4.180479461822852,0.0
rl,dqn | LDPC-DiscreteMI-v0,24,23,10,4.36685700412016,0.0
rl,dqn | LDPC-DiscreteMI-v0,24,23,11,4.131556847008414,0.0
rl,dqn | LDPC-DiscreteMI-v0,24,23,12,4.245747748910834,0.0
rl,dqn | LDPC-DiscreteMI-v0,24,23,13,4.356156831229744,0.0
rl,dqn | LDPC-DiscreteMI-v0,24,23,14,4.067935694999637,0.0
rl,dqn | LDPC-DiscreteMI-v0,24,23,15,3.960564274198243,0.0
rl,dqn | LDPC-DiscreteMI-v0,24,23,16,4.1759930577943045,0.0
rl,dqn | LDPC-DiscreteMI-v0,24,23,17,4.152397626307091,0.0
rl,dqn | LDPC-DiscreteMI-v0,24,23,18,4.0767364255865015,0.0
rl,dqn | LDPC-DiscreteMI-v0,24,23,19,5.4815589123167205,0.0
rl,dqn | LDPC-DiscreteMI-v0,24,23,20,3.964498080599192,0.0
rl,dqn | LDPC-DiscreteMI-v0,24,23,21,4.567250959590349,0.0
rl,dqn | LDPC-DiscreteMI-v0,24,23,22,4.541417706382151,0.0
rl,dqn | LDPC-DiscreteMI-v0,24,23,23,4.403896357017251,0.0
rl,dqn | LDPC-DiscreteMI-v0,24,24,0,4.236154278426641,0.0
rl,dqn | LDPC-DiscreteMI-v0,24,24,1,4.160788616469076,0.0
rl,dqn | LDPC-DiscreteMI-v0,24,24,2,4.2070236144848145,0.0
rl,dqn | LDPC-DiscreteMI-v0,24,24,3,4.381218918668084,0.0
rl,dqn | LDPC-DiscreteMI-v0,24,24,4,4.098740912711058,0.0
rl,dqn | LDPC-DiscreteMI-v0,24,24,5,4.246380744124944,0.0
rl,dqn | LDPC-DiscreteMI-v0,24,24,6,4.084438124478158,0.0
rl,dqn | LDPC-DiscreteMI-v0,24,24,7,4.55542403655611,0.0
rl,dqn | LDPC-DiscreteMI-v0,24,24,8,4.305636985972067,0.0
rl,dqn | LDPC-DiscreteMI-v0,24,24,9,4.180479461822852,0.0
rl,dqn | LDPC-DiscreteMI-v0,24,24,10,4.36685700412016,0.0
rl,dqn | LDPC-DiscreteMI-v0,24,24,11,4.131556847008414,0.0
rl,dqn | LDPC-DiscreteMI-v0,24,24,12,4.245747748910834,0.0
rl,dqn | LDPC-DiscreteMI-v0,24,24,13,4.356156831229744,0.0
rl,dqn | LDPC-DiscreteMI-v0,24,24,14,4.067935694999637,0.0
rl,dqn | LDPC-DiscreteMI-v0,24,24,15,3.960564274198243,0.0
rl,dqn | LDPC-DiscreteMI-v0,24,24,16,4.1759930577943045,0.0
rl,dqn | LDPC-DiscreteMI-v0,24,24,17,4.152397626307091,0.0
rl,dqn | LDPC-DiscreteMI-v0,24,24,18,4.0767364255865015,0.0
rl,dqn | LDPC-DiscreteMI-v0,24,24,19,5.4815589123167205,0.0
rl,dqn | LDPC-DiscreteMI-v0,24,24,20,3.964498080599192,0.0
rl,dqn | LDPC-DiscreteMI-v0,24,24,21,4.567250959590349,0.0
rl,dqn | LDPC-DiscreteMI-v0,24,24,22,4.541417706382151,0.0
rl,dqn | LDPC-DiscreteMI-v0,24,24,23,4.403896357017251,0.0
rl,dqn | LDPC-DiscreteMI-v0,24,25,0,4.236154278426641,0.0
rl,dqn | LDPC-DiscreteMI-v0,24,25,1,4.160788616469076,0.0
rl,dqn | LDPC-DiscreteMI-v0,24,25,2,4.2070236144848145,0.0
rl,dqn | LDPC-DiscreteMI-v0,24,25,3,4.381218918668084,0.0
rl,dqn | LDPC-DiscreteMI-v0,24,25,4,4.098740912711058,0.0
rl,dqn | LDPC-DiscreteMI-v0,24,25,5,4.246380744124944,0.0
rl,dqn | LDPC-DiscreteMI-v0,24,25,6,4.084438124478158,0.0
rl,dqn | LDPC-DiscreteMI-v0,24,25,7,4.55542403655611,0.0
rl,dqn | LDPC-DiscreteMI-v0,24,25,8,4.305636985972067,0.0
rl,dqn | LDPC-DiscreteMI-v0,24,25,9,4.180479461822852,0.0
rl,dqn | LDPC-DiscreteMI-v0,24,25,10,4.36685700412016,0.0
rl,dqn | LDPC-DiscreteMI-v0,24,25,11,4.131556847008414,0.0
rl,dqn | LDPC-DiscreteMI-v0,24,25,12,4.245747748910834,0.0
rl,dqn | LDPC-DiscreteMI-v0,24,25,13,4.356156831229744,0.0
rl,dqn | LDPC-DiscreteMI-v0,24,25,14,4.067935694999637,0.0
rl,dqn | LDPC-DiscreteMI-v0,24,25,15,3.960564274198243,0.0
rl,dqn | LDPC-DiscreteMI-v0,24,25,16,4.1759930577943045,0.0
rl,dqn | LDPC-DiscreteMI-v0,24,25,17,4.152397626307091,0.0
rl,dqn | LDPC-DiscreteMI-v0,24,25,18,4.0767364255865015,0.0
rl,dqn | LDPC-DiscreteMI-v0,24,25,19,5.4815589123167205,0.0
rl,dqn | LDPC-DiscreteMI-v0,24,25,20,3.964498080599192,0.0
rl,dqn | LDPC-DiscreteMI-v0,24,25,21,4.567250959590349,0.0
rl,dqn | LDPC-DiscreteMI-v0,24,25,22,4.541417706382151,0.0
rl,dqn | LDPC-DiscreteMI-v0,24,25,23,4.403896357017251,0.0
rl,dqn | LDPC-DiscreteMI-v0,24,26,0,4.236154278426641,0.0
rl,dqn | LDPC-DiscreteMI-v0,24,26,1,4.160788616469076,0.0
rl,dqn | LDPC-DiscreteMI-v0,24,26,2,4.2070236144848145,0.0
rl,dqn | LDPC-DiscreteMI-v0,24,26,3,4.381218918668084,0.0
rl,dqn | LDPC-DiscreteMI-v0,24,26,4,4.098740912711058,0.0
rl,dqn | LDPC-DiscreteMI-v0,24,26,5,4.246380744124944,0.0
rl,dqn | LDPC-DiscreteMI-v0,24,26,6,4.084438124478158,0.0
rl,dqn | LDPC-DiscreteMI-v0,24,26,7,4.55542403655611,0.0
rl,dqn | LDPC-DiscreteMI-v0,24,26,8,4.305636985972067,0.0
rl,dqn | LDPC-DiscreteMI-v0,24,26,9,4.180479461822852,0.0
rl,dqn | LDPC-DiscreteMI-v0,24,26,10,4.36685700412016,0.0
rl,dqn | LDPC-DiscreteMI-v0,24,26,11,4.131556847008414,0.0
rl,dqn | LDPC-DiscreteMI-v0,24,26,12,4.245747748910834,0.0
rl,dqn | LDPC-DiscreteMI-v0,24,26,13,4.356156831229744,0.0
rl,dqn | LDPC-DiscreteMI-v0,24,26,14,4.067935694999637,0.0
rl,dqn | LDPC-DiscreteMI-v0,24,26,15,3.960564274198243,0.0
rl,dqn | LDPC-DiscreteMI-v0,24,26,16,4.1759930577943045,0.0
rl,dqn | LDPC-DiscreteMI-v0,24,26,17,4.152397626307091,0.0
rl,dqn | LDPC-DiscreteMI-v0,24,26,18,4.0767364255865015,0.0
rl,dqn | LDPC-DiscreteMI-v0,24,26,19,5.4815589123167205,0.0
rl,dqn | LDPC-DiscreteMI-v0,24,26,20,3.964498080599192,0.0
rl,dqn | LDPC-DiscreteMI-v0,24,26,21,4.567250959590349,0.0
rl,dqn | LDPC-DiscreteMI-v0,24,26,22,4.541417706382151,0.0
rl,dqn | LDPC-DiscreteMI-v0,24,26,23,4.403896357017251,0.0
rl,dqn | LDPC-DiscreteMI-v0,24,27,0,4.236154278426641,0.0
rl,dqn | LDPC-DiscreteMI-v0,24,27,1,4.160788616469076,0.0
rl,dqn | LDPC-DiscreteMI-v0,24,27,2,4.2070236144848145,0.0
rl,dqn | LDPC-DiscreteMI-v0,24,27,3,4.381218918668084,0.0
rl,dqn | LDPC-DiscreteMI-v0,24,27,4,4.098740912711058,0.0
rl,dqn | LDPC-DiscreteMI-v0,24,27,5,4.246380744124944,0.0
rl,dqn | LDPC-DiscreteMI-v0,24,27,6,4.084438124478158,0.0
rl,dqn | LDPC-DiscreteMI-v0,24,27,7,4.55542403655611,0.0
rl,dqn | LDPC-DiscreteMI-v0,24,27,8,4.305636985972067,0.0
rl,dqn | LDPC-DiscreteMI-v0,24,27,9,4.180479461822852,0.0
rl,dqn | LDPC-DiscreteMI-v0,24,27,10,4.36685700412016,0.0
rl,dqn | LDPC-DiscreteMI-v0,24,27,11,4.131556847008414,0.0
rl,dqn | LDPC-DiscreteMI-v0,24,27,12,4.245747748910834,0.0
rl,dqn | LDPC-DiscreteMI-v0,24,27,13,4.356156831229744,0.0
rl,dqn | LDPC-DiscreteMI-v0,24,27,14,4.067935694999637,0.0
rl,dqn | LDPC-DiscreteMI-v0,24,27,15,3.960564274198243,0.0
rl,dqn | LDPC-DiscreteMI-v0,24,27,16,4.1759930577943045,0.0
rl,dqn | LDPC-DiscreteMI-v0,24,27,17,4.152397626307091,0.0
rl,dqn | LDPC-DiscreteMI-v0,24,27,18,4.0767364255865015,0.0
rl,dqn | LDPC-DiscreteMI-v0,24,27,19,5.4815589123167205,0.0
rl,dqn | LDPC-DiscreteMI-v0,24,27,20,3.964498080599192,0.0
rl,dqn | LDPC-DiscreteMI-v0,24,27,21,4.567250959590349,0.0
rl,dqn | LDPC-DiscreteMI-v0,24,27,22,4.541417706382151,0.0
rl,dqn | LDPC-DiscreteMI-v0,24,27,23,4.403896357017251,0.0
rl,dqn | LDPC-DiscreteMI-v0,24,28,0,4.236154278426641,0.0
rl,dqn | LDPC-DiscreteMI-v0,24,28,1,4.160788616469076,0.0
rl,dqn | LDPC-DiscreteMI-v0,24,28,2,4.2070236144848145,0.0
rl,dqn | LDPC-DiscreteMI-v0,24,28,3,4.381218918668084,0.0
rl,dqn | LDPC-DiscreteMI-v0,24,28,4,4.098740912711058,0.0
rl,dqn | LDPC-DiscreteMI-v0,24,28,5,4.246380744124944,0.0
rl,dqn | LDPC-DiscreteMI-v0,24,28,6,4.084438124478158,0.0
rl,dqn | LDPC-DiscreteMI-v0,24,28,7,4.55542403655611,0.0
rl,dqn | LDPC-DiscreteMI-v0,24,28,8,4.305636985972067,0.0
rl,dqn | LDPC-DiscreteMI-v0,24,28,9,4.180479461822852,0.0
rl,dqn | LDPC-DiscreteMI-v0,24,28,10,4.36685700412016,0.0
rl,dqn | LDPC-DiscreteMI-v0,24,28,11,4.131556847008414,0.0
rl,dqn | LDPC-DiscreteMI-v0,24,28,12,4.245747748910834,0.0
rl,dqn | LDPC-DiscreteMI-v0,24,28,13,4.356156831229744,0.0
rl,dqn | LDPC-DiscreteMI-v0,24,28,14,4.067935694999637,0.0
rl,dqn | LDPC-DiscreteMI-v0,24,28,15,3.960564274198243,0.0
rl,dqn | LDPC-DiscreteMI-v0,24,28,16,4.1759930577943045,0.0
rl,dqn | LDPC-DiscreteMI-v0,24,28,17,4.152397626307091,0.0
rl,dqn | LDPC-DiscreteMI-v0,24,28,18,4.0767364255865015,0.0
rl,dqn | LDPC-DiscreteMI-v0,24,28,19,5.4815589123167205,0.0
rl,dqn | LDPC-DiscreteMI-v0,24,28,20,3.964498080599192,0.0
rl,dqn | LDPC-DiscreteMI-v0,24,28,21,4.567250959590349,0.0
rl,dqn | LDPC-DiscreteMI-v0,24,28,22,4.541417706382151,0.0
rl,dqn | LDPC-DiscreteMI-v0,24,28,23,4.403896357017251,0.0
rl,dqn | LDPC-DiscreteMI-v0,24,29,0,4.236154278426641,0.0
rl,dqn | LDPC-DiscreteMI-v0,24,29,1,4.160788616469076,0.0
rl,dqn | LDPC-DiscreteMI-v0,24,29,2,4.2070236144848145,0.0
rl,dqn | LDPC-DiscreteMI-v0,24,29,3,4.381218918668084,0.0
rl,dqn | LDPC-DiscreteMI-v0,24,29,4,4.098740912711058,0.0
rl,dqn | LDPC-DiscreteMI-v0,24,29,5,4.246380744124944,0.0
rl,dqn | LDPC-DiscreteMI-v0,24,29,6,4.084438124478158,0.0
rl,dqn | LDPC-DiscreteMI-v0,24,29,7,4.55542403655611,0.0
rl,dqn | LDPC-DiscreteMI-v0,24,29,8,4.305636985972067,0.0
rl,dqn | LDPC-DiscreteMI-v0,24,29,9,4.180479461822852,0.0
rl,dqn | LDPC-DiscreteMI-v0,24,29,10,4.36685700412016,0.0
rl,dqn | LDPC-DiscreteMI-v0,24,29,11,4.131556847008414,0.0
rl,dqn | LDPC-DiscreteMI-v0,24,29,12,4.245747748910834,0.0
rl,dqn | LDPC-DiscreteMI-v0,24,29,13,4.356156831229744,0.0
rl,dqn | LDPC-DiscreteMI-v0,24,29,14,4.067935694999637,0.0
rl,dqn | LDPC-DiscreteMI-v0,24,29,15,3.960564274198243,0.0
rl,dqn | LDPC-DiscreteMI-v0,24,29,16,4.1759930577943045,0.0
rl,dqn | LDPC-DiscreteMI-v0,24,29,17,4.152397626307091,0.0
rl,dqn | LDPC-DiscreteMI-v0,24,29,18,4.0767364255865015,0.0
rl,dqn | LDPC-DiscreteMI-v0,24,29,19,5.4815589123167205,0.0
rl,dqn | LDPC-DiscreteMI-v0,24,29,20,3.964498080599192,0.0
rl,dqn | LDPC-DiscreteMI-v0,24,29,21,4.567250959590349,0.0
rl,dqn | LDPC-DiscreteMI-v0,24,29,22,4.541417706382151,0.0
rl,dqn | LDPC-DiscreteMI-v0,24,29,23,4.403896357017251,0.0
rl,dqn | LDPC-DiscreteMI-v0,24,30,0,4.236154278426641,0.0
rl,dqn | LDPC-DiscreteMI-v0,24,30,1,4.160788616469076,0.0
rl,dqn | LDPC-DiscreteMI-v0,24,30,2,4.2070236144848145,0.0
rl,dqn | LDPC-DiscreteMI-v0,24,30,3,4.381218918668084,0.0
rl,dqn | LDPC-DiscreteMI-v0,24,30,4,4.098740912711058,0.0
rl,dqn | LDPC-DiscreteMI-v0,24,30,5,4.246380744124944,0.0
rl,dqn | LDPC-DiscreteMI-v0,24,30,6,4.084438124478158,0.0
rl,dqn | LDPC-DiscreteMI-v0,24,30,7,4.55542403655611,0.0
rl,dqn | LDPC-DiscreteMI-v0,24,30,8,4.305636985972067,0.0
rl,dqn | LDPC-DiscreteMI-v0,24,30,9,4.180479461822852,0.0
rl,dqn | LDPC-DiscreteMI-v0,24,30,10,4.36685700412016,0.0
rl,dqn | LDPC-DiscreteMI-v0,24,30,11,4.131556847008414,0.0
rl,dqn | LDPC-DiscreteMI-v0,24,30,12,4.245747748910834,0.0
rl,dqn | LDPC-DiscreteMI-v0,24,30,13,4.356156831229744,0.0
rl,dqn | LDPC-DiscreteMI-v0,24,30,14,4.067935694999637,0.0
rl,dqn | LDPC-DiscreteMI-v0,24,30,15,3.960564274198243,0.0
rl,dqn | LDPC-DiscreteMI-v0,24,30,16,4.1759930577943045,0.0
rl,dqn | LDPC-DiscreteMI-v0,24,30,17,4.152397626307091,0.0
rl,dqn | LDPC-DiscreteMI-v0,24,30,18,4.0767364255865015,0.0
rl,dqn | LDPC-DiscreteMI-v0,24,30,19,5.4815589123167205,0.0
rl,dqn | LDPC-DiscreteMI-v0,24,30,20,3.964498080599192,0.0
rl,dqn | LDPC-DiscreteMI-v0,24,30,21,4.567250959590349,0.0
rl,dqn | LDPC-DiscreteMI-v0,24,30,22,4.541417706382151,0.0
rl,dqn | LDPC-DiscreteMI-v0,24,30,23,4.403896357017251,0.0
rl,dqn | LDPC-DiscreteMI-v0,24,31,0,4.236154278426641,0.0
rl,dqn | LDPC-DiscreteMI-v0,24,31,1,4.160788616469076,0.0
rl,dqn | LDPC-DiscreteMI-v0,24,31,2,4.2070236144848145,0.0
rl,dqn | LDPC-DiscreteMI-v0,24,31,3,4.381218918668084,0.0
rl,dqn | LDPC-DiscreteMI-v0,24,31,4,4.098740912711058,0.0
rl,dqn | LDPC-DiscreteMI-v0,24,31,5,4.246380744124944,0.0
rl,dqn | LDPC-DiscreteMI-v0,24,31,6,4.084438124478158,0.0
rl,dqn | LDPC-DiscreteMI-v0,24,31,7,4.55542403655611,0.0
rl,dqn | LDPC-DiscreteMI-v0,24,31,8,4.305636985972067,0.0
rl,dqn | LDPC-DiscreteMI-v0,24,31,9,4.180479461822852,0.0
rl,dqn | LDPC-DiscreteMI-v0,24,31,10,4.36685700412016,0.0
rl,dqn | LDPC-DiscreteMI-v0,24,31,11,4.131556847008414,0.0
rl,dqn | LDPC-DiscreteMI-v0,24,31,12,4.245747748910834,0.0
rl,dqn | LDPC-DiscreteMI-v0,24,31,13,4.356156831229744,0.0
rl,dqn | LDPC-DiscreteMI-v0,24,31,14,4.067935694999637,0.0
rl,dqn | LDPC-DiscreteMI-v0,24,31,15,3.960564274198243,0.0
rl,dqn | LDPC-DiscreteMI-v0,24,31,16,4.1759930577943045,0.0
rl,dqn | LDPC-DiscreteMI-v0,24,31,17,4.152397626307091,0.0
rl,dqn | LDPC-DiscreteMI-v0,24,31,18,4.0767364255865015,0.0
rl,dqn | LDPC-DiscreteMI-v0,24,31,19,5.4815589123167205,0.0
rl,dqn | LDPC-DiscreteMI-v0,24,31,20,3.964498080599192,0.0
rl,dqn | LDPC-DiscreteMI-v0,24,31,21,4.567250959590349,0.0
rl,dqn | LDPC-DiscreteMI-v0,24,31,22,4.541417706382151,0.0
rl,dqn | LDPC-DiscreteMI-v0,24,31,23,4.403896357017251,0.0
rl,dqn | LDPC-DiscreteMI-v0,24,32,0,4.384516315125403,0.0
rl,dqn | LDPC-DiscreteMI-v0,24,32,1,4.254492351309817,0.0
rl,dqn | LDPC-DiscreteMI-v0,24,32,2,4.513151622546151,0.0
rl,dqn | LDPC-DiscreteMI-v0,24,32,3,4.548046452972427,0.0
rl,dqn | LDPC-DiscreteMI-v0,24,32,4,4.4657544130303135,0.0
rl,dqn | LDPC-DiscreteMI-v0,24,32,5,4.293203343375657,0.0
rl,dqn | LDPC-DiscreteMI-v0,24,32,6,4.490519876196548,0.0
rl,dqn | LDPC-DiscreteMI-v0,24,32,7,4.640599970733682,0.0
rl,dqn | LDPC-DiscreteMI-v0,24,32,8,4.305636985972067,0.0
rl,dqn | LDPC-DiscreteMI-v0,24,32,9,4.371471055775581,0.0
rl,dqn | LDPC-DiscreteMI-v0,24,32,10,4.4273801941501025,0.0
rl,dqn | LDPC-DiscreteMI-v0,24,32,11,4.300223569721746,0.0
rl,dqn | LDPC-DiscreteMI-v0,24,32,12,4.34055839547052,0.0
rl,dqn | LDPC-DiscreteMI-v0,24,32,13,4.490536097413334,0.0
rl,dqn | LDPC-DiscreteMI-v0,24,32,14,4.202314961183225,0.0
rl,dqn | LDPC-DiscreteMI-v0,24,32,15,4.055374920757929,0.0
rl,dqn | LDPC-DiscreteMI-v0,24,32,16,4.457437692623273,0.0
rl,dqn | LDPC-DiscreteMI-v0,24,32,17,4.306671380249225,0.0
rl,dqn | LDPC-DiscreteMI-v0,24,32,18,5.20943549697797,0.0
rl,dqn | LDPC-DiscreteMI-v0,24,32,19,5.4815589123167205,0.0
rl,dqn | LDPC-DiscreteMI-v0,24,32,20,4.539470478807851,0.0
rl,dqn | LDPC-DiscreteMI-v0,24,32,21,4.561790165486841,0.0
rl,dqn | LDPC-DiscreteMI-v0,24,32,22,4.61707169391958,0.0
rl,dqn | LDPC-DiscreteMI-v0,24,32,23,4.614729760408916,0.0
rl,dqn | LDPC-DiscreteMI-v0,24,33,0,4.384516315125403,0.0
rl,dqn | LDPC-DiscreteMI-v0,24,33,1,4.254492351309817,0.0
rl,dqn | LDPC-DiscreteMI-v0,24,33,2,4.513151622546151,0.0
rl,dqn | LDPC-DiscreteMI-v0,24,33,3,4.548046452972427,0.0
rl,dqn | LDPC-DiscreteMI-v0,24,33,4,4.4657544130303135,0.0
rl,dqn | LDPC-DiscreteMI-v0,24,33,5,4.293203343375657,0.0
rl,dqn | LDPC-DiscreteMI-v0,24,33,6,4.490519876196548,0.0
rl,dqn | LDPC-DiscreteMI-v0,24,33,7,4.640599970733682,0.0
rl,dqn | LDPC-DiscreteMI-v0,24,33,8,4.305636985972067,0.0
rl,dqn | LDPC-DiscreteMI-v0,24,33,9,4.371471055775581,0.0
rl,dqn | LDPC-DiscreteMI-v0,24,33,10,4.4273801941501025,0.0
rl,dqn | LDPC-DiscreteMI-v0,24,33,11,4.300223569721746,0.0
rl,dqn | LDPC-DiscreteMI-v0,24,33,12,4.34055839547052,0.0
rl,dqn | LDPC-DiscreteMI-v0,24,33,13,4.490536097413334,0.0
rl,dqn | LDPC-DiscreteMI-v0,24,33,14,4.202314961183225,0.0
rl,dqn | LDPC-DiscreteMI-v0,24,33,15,4.055374920757929,0.0
rl,dqn | LDPC-DiscreteMI-v0,24,33,16,4.457437692623273,0.0
rl,dqn | LDPC-DiscreteMI-v0,24,33,17,4.306671380249225,0.0
rl,dqn | LDPC-DiscreteMI-v0,24,33,18,5.20943549697797,0.0
rl,dqn | LDPC-DiscreteMI-v0,24,33,19,5.4815589123167205,0.0
rl,dqn | LDPC-DiscreteMI-v0,24,33,20,4.539470478807851,0.0
rl,dqn | LDPC-DiscreteMI-v0,24,33,21,4.561790165486841,0.0
rl,dqn | LDPC-DiscreteMI-v0,24,33,22,4.61707169391958,0.0
rl,dqn | LDPC-DiscreteMI-v0,24,33,23,4.614729760408916,0.0
rl,dqn | LDPC-DiscreteMI-v0,24,34,0,4.384516315125403,0.0
rl,dqn | LDPC-DiscreteMI-v0,24,34,1,4.254492351309817,0.0
rl,dqn | LDPC-DiscreteMI-v0,24,34,2,4.513151622546151,0.0
rl,dqn | LDPC-DiscreteMI-v0,24,34,3,4.548046452972427,0.0
rl,dqn | LDPC-DiscreteMI-v0,24,34,4,4.4657544130303135,0.0
rl,dqn | LDPC-DiscreteMI-v0,24,34,5,4.293203343375657,0.0
rl,dqn | LDPC-DiscreteMI-v0,24,34,6,4.490519876196548,0.0
rl,dqn | LDPC-DiscreteMI-v0,24,34,7,4.640599970733682,0.0
rl,dqn | LDPC-DiscreteMI-v0,24,34,8,4.305636985972067,0.0
rl,dqn | LDPC-DiscreteMI-v0,24,34,9,4.371471055775581,0.0
rl,dqn | LDPC-DiscreteMI-v0,24,34,10,4.4273801941501025,0.0
rl,dqn | LDPC-DiscreteMI-v0,24,34,11,4.300223569721746,0.0
rl,dqn | LDPC-DiscreteMI-v0,24,34,12,4.34055839547052,0.0
rl,dqn | LDPC-DiscreteMI-v0,24,34,13,4.490536097413334,0.0
rl,dqn | LDPC-DiscreteMI-v0,24,34,14,4.202314961183225,0.0
rl,dqn | LDPC-DiscreteMI-v0,24,34,15,4.055374920757929,0.0
rl,dqn | LDPC-DiscreteMI-v0,24,34,16,4.457437692623273,0.0
rl,dqn | LDPC-DiscreteMI-v0,24,34,17,4.306671380249225,0.0
rl,dqn | LDPC-DiscreteMI-v0,24,34,18,5.20943549697797,0.0
rl,dqn | LDPC-DiscreteMI-v0,24,34,19,5.4815589123167205,0.0
rl,dqn | LDPC-DiscreteMI-v0,24,34,20,4.539470478807851,0.0
rl,dqn | LDPC-DiscreteMI-v0,24,34,21,4.561790165486841,0.0
rl,dqn | LDPC-DiscreteMI-v0,24,34,22,4.61707169391958,0.0
rl,dqn | LDPC-DiscreteMI-v0,24,34,23,4.614729760408916,0.0
rl,dqn | LDPC-DiscreteMI-v0,24,35,0,4.384516315125403,0.0
rl,dqn | LDPC-DiscreteMI-v0,24,35,1,4.254492351309817,0.0
rl,dqn | LDPC-DiscreteMI-v0,24,35,2,4.513151622546151,0.0
rl,dqn | LDPC-DiscreteMI-v0,24,35,3,4.548046452972427,0.0
rl,dqn | LDPC-DiscreteMI-v0,24,35,4,4.4657544130303135,0.0
rl,dqn | LDPC-DiscreteMI-v0,24,35,5,4.293203343375657,0.0
rl,dqn | LDPC-DiscreteMI-v0,24,35,6,4.490519876196548,0.0
rl,dqn | LDPC-DiscreteMI-v0,24,35,7,4.640599970733682,0.0
rl,dqn | LDPC-DiscreteMI-v0,24,35,8,4.305636985972067,0.0
rl,dqn | LDPC-DiscreteMI-v0,24,35,9,4.371471055775581,0.0
rl,dqn | LDPC-DiscreteMI-v0,24,35,10,4.4273801941501025,0.0
rl,dqn | LDPC-DiscreteMI-v0,24,35,11,4.300223569721746,0.0
rl,dqn | LDPC-DiscreteMI-v0,24,35,12,4.34055839547052,0.0
rl,dqn | LDPC-DiscreteMI-v0,24,35,13,4.490536097413334,0.0
rl,dqn | LDPC-DiscreteMI-v0,24,35,14,4.202314961183225,0.0
rl,dqn | LDPC-DiscreteMI-v0,24,35,15,4.055374920757929,0.0
rl,dqn | LDPC-DiscreteMI-v0,24,35,16,4.457437692623273,0.0
rl,dqn | LDPC-DiscreteMI-v0,24,35,17,4.306671380249225,0.0
rl,dqn | LDPC-DiscreteMI-v0,24,35,18,5.20943549697797,0.0
rl,dqn | LDPC-DiscreteMI-v0,24,35,19,5.4815589123167205,0.0
rl,dqn | LDPC-DiscreteMI-v0,24,35,20,4.539470478807851,0.0
rl,dqn | LDPC-DiscreteMI-v0,24,35,21,4.561790165486841,0.0
rl,dqn | LDPC-DiscreteMI-v0,24,35,22,4.61707169391958,0.0
rl,dqn | LDPC-DiscreteMI-v0,24,35,23,4.614729760408916,0.0
rl,dqn | LDPC-DiscreteMI-v0,24,36,0,4.384516315125403,0.0
rl,dqn | LDPC-DiscreteMI-v0,24,36,1,4.254492351309817,0.0
rl,dqn | LDPC-DiscreteMI-v0,24,36,2,4.513151622546151,0.0
rl,dqn | LDPC-DiscreteMI-v0,24,36,3,4.548046452972427,0.0
rl,dqn | LDPC-DiscreteMI-v0,24,36,4,4.4657544130303135,0.0
rl,dqn | LDPC-DiscreteMI-v0,24,36,5,4.293203343375657,0.0
rl,dqn | LDPC-DiscreteMI-v0,24,36,6,4.490519876196548,0.0
rl,dqn | LDPC-DiscreteMI-v0,24,36,7,4.640599970733682,0.0
rl,dqn | LDPC-DiscreteMI-v0,24,36,8,4.305636985972067,0.0
rl,dqn | LDPC-DiscreteMI-v0,24,36,9,4.371471055775581,0.0
rl,dqn | LDPC-DiscreteMI-v0,24,36,10,4.4273801941501025,0.0
rl,dqn | LDPC-DiscreteMI-v0,24,36,11,4.300223569721746,0.0
rl,dqn | LDPC-DiscreteMI-v0,24,36,12,4.34055839547052,0.0
rl,dqn | LDPC-DiscreteMI-v0,24,36,13,4.490536097413334,0.0
rl,dqn | LDPC-DiscreteMI-v0,24,36,14,4.202314961183225,0.0
rl,dqn | LDPC-DiscreteMI-v0,24,36,15,4.055374920757929,0.0
rl,dqn | LDPC-DiscreteMI-v0,24,36,16,4.457437692623273,0.0
rl,dqn | LDPC-DiscreteMI-v0,24,36,17,4.306671380249225,0.0
rl,dqn | LDPC-DiscreteMI-v0,24,36,18,5.20943549697797,0.0
rl,dqn | LDPC-DiscreteMI-v0,24,36,19,5.4815589123167205,0.0
rl,dqn | LDPC-DiscreteMI-v0,24,36,20,4.539470478807851,0.0
rl,dqn | LDPC-DiscreteMI-v0,24,36,21,4.561790165486841,0.0
rl,dqn | LDPC-DiscreteMI-v0,24,36,22,4.61707169391958,0.0
rl,dqn | LDPC-DiscreteMI-v0,24,36,23,4.614729760408916,0.0
rl,dqn | LDPC-DiscreteMI-v0,24,37,0,4.384516315125403,0.0
rl,dqn | LDPC-DiscreteMI-v0,24,37,1,4.254492351309817,0.0
rl,dqn | LDPC-DiscreteMI-v0,24,37,2,4.513151622546151,0.0
rl,dqn | LDPC-DiscreteMI-v0,24,37,3,4.548046452972427,0.0
rl,dqn | LDPC-DiscreteMI-v0,24,37,4,4.4657544130303135,0.0
rl,dqn | LDPC-DiscreteMI-v0,24,37,5,4.293203343375657,0.0
rl,dqn | LDPC-DiscreteMI-v0,24,37,6,4.490519876196548,0.0
rl,dqn | LDPC-DiscreteMI-v0,24,37,7,4.640599970733682,0.0
rl,dqn | LDPC-DiscreteMI-v0,24,37,8,4.305636985972067,0.0
rl,dqn | LDPC-DiscreteMI-v0,24,37,9,4.371471055775581,0.0
rl,dqn | LDPC-DiscreteMI-v0,24,37,10,4.4273801941501025,0.0
rl,dqn | LDPC-DiscreteMI-v0,24,37,11,4.300223569721746,0.0
rl,dqn | LDPC-DiscreteMI-v0,24,37,12,4.34055839547052,0.0
rl,dqn | LDPC-DiscreteMI-v0,24,37,13,4.490536097413334,0.0
rl,dqn | LDPC-DiscreteMI-v0,24,37,14,4.202314961183225,0.0
rl,dqn | LDPC-DiscreteMI-v0,24,37,15,4.055374920757929,0.0
rl,dqn | LDPC-DiscreteMI-v0,24,37,16,4.457437692623273,0.0
rl,dqn | LDPC-DiscreteMI-v0,24,37,17,4.306671380249225,0.0
rl,dqn | LDPC-DiscreteMI-v0,24,37,18,5.20943549697797,0.0
rl,dqn | LDPC-DiscreteMI-v0,24,37,19,5.4815589123167205,0.0
rl,dqn | LDPC-DiscreteMI-v0,24,37,20,4.539470478807851,0.0
rl,dqn | LDPC-DiscreteMI-v0,24,37,21,4.561790165486841,0.0
rl,dqn | LDPC-DiscreteMI-v0,24,37,22,4.61707169391958,0.0
rl,dqn | LDPC-DiscreteMI-v0,24,37,23,4.614729760408916,0.0
rl,dqn | LDPC-DiscreteMI-v0,24,38,0,4.384516315125403,0.0
rl,dqn | LDPC-DiscreteMI-v0,24,38,1,4.254492351309817,0.0
rl,dqn | LDPC-DiscreteMI-v0,24,38,2,4.513151622546151,0.0
rl,dqn | LDPC-DiscreteMI-v0,24,38,3,4.548046452972427,0.0
rl,dqn | LDPC-DiscreteMI-v0,24,38,4,4.4657544130303135,0.0
rl,dqn | LDPC-DiscreteMI-v0,24,38,5,4.293203343375657,0.0
rl,dqn | LDPC-DiscreteMI-v0,24,38,6,4.490519876196548,0.0
rl,dqn | LDPC-DiscreteMI-v0,24,38,7,4.640599970733682,0.0
rl,dqn | LDPC-DiscreteMI-v0,24,38,8,4.305636985972067,0.0
rl,dqn | LDPC-DiscreteMI-v0,24,38,9,4.371471055775581,0.0
rl,dqn | LDPC-DiscreteMI-v0,24,38,10,4.4273801941501025,0.0
rl,dqn | LDPC-DiscreteMI-v0,24,38,11,4.300223569721746,0.0
rl,dqn | LDPC-DiscreteMI-v0,24,38,12,4.34055839547052,0.0
rl,dqn | LDPC-DiscreteMI-v0,24,38,13,4.490536097413334,0.0
rl,dqn | LDPC-DiscreteMI-v0,24,38,14,4.202314961183225,0.0
rl,dqn | LDPC-DiscreteMI-v0,24,38,15,4.055374920757929,0.0
rl,dqn | LDPC-DiscreteMI-v0,24,38,16,4.457437692623273,0.0
rl,dqn | LDPC-DiscreteMI-v0,24,38,17,4.306671380249225,0.0
rl,dqn | LDPC-DiscreteMI-v0,24,38,18,5.20943549697797,0.0
rl,dqn | LDPC-DiscreteMI-v0,24,38,19,5.4815589123167205,0.0
rl,dqn | LDPC-DiscreteMI-v0,24,38,20,4.539470478807851,0.0
rl,dqn | LDPC-DiscreteMI-v0,24,38,21,4.561790165486841,0.0
rl,dqn | LDPC-DiscreteMI-v0,24,38,22,4.61707169391958,0.0
rl,dqn | LDPC-DiscreteMI-v0,24,38,23,4.614729760408916,0.0
rl,dqn | LDPC-DiscreteMI-v0,24,39,0,4.384516315125403,0.0
rl,dqn | LDPC-DiscreteMI-v0,24,39,1,4.254492351309817,0.0
rl,dqn | LDPC-DiscreteMI-v0,24,39,2,4.513151622546151,0.0
rl,dqn | LDPC-DiscreteMI-v0,24,39,3,4.548046452972427,0.0
rl,dqn | LDPC-DiscreteMI-v0,24,39,4,4.4657544130303135,0.0
rl,dqn | LDPC-DiscreteMI-v0,24,39,5,4.293203343375657,0.0
rl,dqn | LDPC-DiscreteMI-v0,24,39,6,4.490519876196548,0.0
rl,dqn | LDPC-DiscreteMI-v0,24,39,7,4.640599970733682,0.0
rl,dqn | LDPC-DiscreteMI-v0,24,39,8,4.305636985972067,0.0
rl,dqn | LDPC-DiscreteMI-v0,24,39,9,4.371471055775581,0.0
rl,dqn | LDPC-DiscreteMI-v0,24,39,10,4.4273801941501025,0.0
rl,dqn | LDPC-DiscreteMI-v0,24,39,11,4.300223569721746,0.0
rl,dqn | LDPC-DiscreteMI-v0,24,39,12,4.34055839547052,0.0
rl,dqn | LDPC-DiscreteMI-v0,24,39,13,4.490536097413334,0.0
rl,dqn | LDPC-DiscreteMI-v0,24,39,14,4.202314961183225,0.0
rl,dqn | LDPC-DiscreteMI-v0,24,39,15,4.055374920757929,0.0
rl,dqn | LDPC-DiscreteMI-v0,24,39,16,4.457437692623273,0.0
rl,dqn | LDPC-DiscreteMI-v0,24,39,17,4.306671380249225,0.0
rl,dqn | LDPC-DiscreteMI-v0,24,39,18,5.20943549697797,0.0
rl,dqn | LDPC-DiscreteMI-v0,24,39,19,5.4815589123167205,0.0
rl,dqn | LDPC-DiscreteMI-v0,24,39,20,4.539470478807851,0.0
rl,dqn | LDPC-DiscreteMI-v0,24,39,21,4.561790165486841,0.0
rl,dqn | LDPC-DiscreteMI-v0,24,39,22,4.61707169391958,0.0
rl,dqn | LDPC-DiscreteMI-v0,24,39,23,4.614729760408916,0.0
rl,dqn | LDPC-DiscreteMI-v0,24,40,0,4.384516315125403,0.0
rl,dqn | LDPC-DiscreteMI-v0,24,40,1,4.254492351309817,0.0
rl,dqn | LDPC-DiscreteMI-v0,24,40,2,4.513151622546151,0.0
rl,dqn | LDPC-DiscreteMI-v0,24,40,3,4.548046452972427,0.0
rl,dqn | LDPC-DiscreteMI-v0,24,40,4,4.4657544130303135,0.0
rl,dqn | LDPC-DiscreteMI-v0,24,40,5,4.293203343375657,0.0
rl,dqn | LDPC-DiscreteMI-v0,24,40,6,4.490519876196548,0.0
rl,dqn | LDPC-DiscreteMI-v0,24,40,7,4.640599970733682,0.0
rl,dqn | LDPC-DiscreteMI-v0,24,40,8,4.305636985972067,0.0
rl,dqn | LDPC-DiscreteMI-v0,24,40,9,4.371471055775581,0.0
rl,dqn | LDPC-DiscreteMI-v0,24,40,10,4.4273801941501025,0.0
rl,dqn | LDPC-DiscreteMI-v0,24,40,11,4.300223569721746,0.0
rl,dqn | LDPC-DiscreteMI-v0,24,40,12,4.34055839547052,0.0
rl,dqn | LDPC-DiscreteMI-v0,24,40,13,4.490536097413334,0.0
rl,dqn | LDPC-DiscreteMI-v0,24,40,14,4.202314961183225,0.0
rl,dqn | LDPC-DiscreteMI-v0,24,40,15,4.055374920757929,0.0
rl,dqn | LDPC-DiscreteMI-v0,24,40,16,4.457437692623273,0.0
rl,dqn | LDPC-DiscreteMI-v0,24,40,17,4.306671380249225,0.0
rl,dqn | LDPC-DiscreteMI-v0,24,40,18,5.20943549697797,0.0
rl,dqn | LDPC-DiscreteMI-v0,24,40,19,5.4815589123167205,0.0
rl,dqn | LDPC-DiscreteMI-v0,24,40,20,4.539470478807851,0.0
rl,dqn | LDPC-DiscreteMI-v0,24,40,21,4.561790165486841,0.0
rl,dqn | LDPC-DiscreteMI-v0,24,40,22,4.61707169391958,0.0
rl,dqn | LDPC-DiscreteMI-v0,24,40,23,4.614729760408916,0.0
rl,dqn | LDPC-DiscreteMI-v0,24,41,0,4.384516315125403,0.0
rl,dqn | LDPC-DiscreteMI-v0,24,41,1,4.254492351309817,0.0
rl,dqn | LDPC-DiscreteMI-v0,24,41,2,4.513151622546151,0.0
rl,dqn | LDPC-DiscreteMI-v0,24,41,3,4.548046452972427,0.0
rl,dqn | LDPC-DiscreteMI-v0,24,41,4,4.4657544130303135,0.0
rl,dqn | LDPC-DiscreteMI-v0,24,41,5,4.293203343375657,0.0
rl,dqn | LDPC-DiscreteMI-v0,24,41,6,4.490519876196548,0.0
rl,dqn | LDPC-DiscreteMI-v0,24,41,7,4.640599970733682,0.0
rl,dqn | LDPC-DiscreteMI-v0,24,41,8,4.305636985972067,0.0
rl,dqn | LDPC-DiscreteMI-v0,24,41,9,4.371471055775581,0.0
rl,dqn | LDPC-DiscreteMI-v0,24,41,10,4.4273801941501025,0.0
rl,dqn | LDPC-DiscreteMI-v0,24,41,11,4.300223569721746,0.0
rl,dqn | LDPC-DiscreteMI-v0,24,41,12,4.34055839547052,0.0
rl,dqn | LDPC-DiscreteMI-v0,24,41,13,4.490536097413334,0.0
rl,dqn | LDPC-DiscreteMI-v0,24,41,14,4.202314961183225,0.0
rl,dqn | LDPC-DiscreteMI-v0,24,41,15,4.055374920757929,0.0
rl,dqn | LDPC-DiscreteMI-v0,24,41,16,4.457437692623273,0.0
rl,dqn | LDPC-DiscreteMI-v0,24,41,17,4.306671380249225,0.0
rl,dqn | LDPC-DiscreteMI-v0,24,41,18,5.20943549697797,0.0
rl,dqn | LDPC-DiscreteMI-v0,24,41,19,5.4815589123167205,0.0
rl,dqn | LDPC-DiscreteMI-v0,24,41,20,4.539470478807851,0.0
rl,dqn | LDPC-DiscreteMI-v0,24,41,21,4.561790165486841,0.0
rl,dqn | LDPC-DiscreteMI-v0,24,41,22,4.61707169391958,0.0
rl,dqn | LDPC-DiscreteMI-v0,24,41,23,4.614729760408916,0.0
rl,dqn | LDPC-DiscreteMI-v0,24,42,0,4.384516315125403,0.0
rl,dqn | LDPC-DiscreteMI-v0,24,42,1,4.254492351309817,0.0
rl,dqn | LDPC-DiscreteMI-v0,24,42,2,4.513151622546151,0.0
rl,dqn | LDPC-DiscreteMI-v0,24,42,3,4.548046452972427,0.0
rl,dqn | LDPC-DiscreteMI-v0,24,42,4,4.4657544130303135,0.0
rl,dqn | LDPC-DiscreteMI-v0,24,42,5,4.293203343375657,0.0
rl,dqn | LDPC-DiscreteMI-v0,24,42,6,4.490519876196548,0.0
rl,dqn | LDPC-DiscreteMI-v0,24,42,7,4.640599970733682,0.0
rl,dqn | LDPC-DiscreteMI-v0,24,42,8,4.305636985972067,0.0
rl,dqn | LDPC-DiscreteMI-v0,24,42,9,4.371471055775581,0.0
rl,dqn | LDPC-DiscreteMI-v0,24,42,10,4.4273801941501025,0.0
rl,dqn | LDPC-DiscreteMI-v0,24,42,11,4.300223569721746,0.0
rl,dqn | LDPC-DiscreteMI-v0,24,42,12,4.34055839547052,0.0
rl,dqn | LDPC-DiscreteMI-v0,24,42,13,4.490536097413334,0.0
rl,dqn | LDPC-DiscreteMI-v0,24,42,14,4.202314961183225,0.0
rl,dqn | LDPC-DiscreteMI-v0,24,42,15,4.055374920757929,0.0
rl,dqn | LDPC-DiscreteMI-v0,24,42,16,4.457437692623273,0.0
rl,dqn | LDPC-DiscreteMI-v0,24,42,17,4.306671380249225,0.0
rl,dqn | LDPC-DiscreteMI-v0,24,42,18,5.20943549697797,0.0
rl,dqn | LDPC-DiscreteMI-v0,24,42,19,5.4815589123167205,0.0
rl,dqn | LDPC-DiscreteMI-v0,24,42,20,4.539470478807851,0.0
rl,dqn | LDPC-DiscreteMI-v0,24,42,21,4.561790165486841,0.0
rl,dqn | LDPC-DiscreteMI-v0,24,42,22,4.61707169391958,0.0
rl,dqn | LDPC-DiscreteMI-v0,24,42,23,4.614729760408916,0.0
rl,dqn | LDPC-DiscreteMI-v0,24,43,0,4.384516315125403,0.0
rl,dqn | LDPC-DiscreteMI-v0,24,43,1,4.254492351309817,0.0
rl,dqn | LDPC-DiscreteMI-v0,24,43,2,4.513151622546151,0.0
rl,dqn | LDPC-DiscreteMI-v0,24,43,3,4.548046452972427,0.0
rl,dqn | LDPC-DiscreteMI-v0,24,43,4,4.4657544130303135,0.0
rl,dqn | LDPC-DiscreteMI-v0,24,43,5,4.293203343375657,0.0
rl,dqn | LDPC-DiscreteMI-v0,24,43,6,4.490519876196548,0.0
rl,dqn | LDPC-DiscreteMI-v0,24,43,7,4.640599970733682,0.0
rl,dqn | LDPC-DiscreteMI-v0,24,43,8,4.305636985972067,0.0
rl,dqn | LDPC-DiscreteMI-v0,24,43,9,4.371471055775581,0.0
rl,dqn | LDPC-DiscreteMI-v0,24,43,10,4.4273801941501025,0.0
rl,dqn | LDPC-DiscreteMI-v0,24,43,11,4.300223569721746,0.0
rl,dqn | LDPC-DiscreteMI-v0,24,43,12,4.34055839547052,0.0
rl,dqn | LDPC-DiscreteMI-v0,24,43,13,4.490536097413334,0.0
rl,dqn | LDPC-DiscreteMI-v0,24,43,14,4.202314961183225,0.0
rl,dqn | LDPC-DiscreteMI-v0,24,43,15,4.055374920757929,0.0
rl,dqn | LDPC-DiscreteMI-v0,24,43,16,4.457437692623273,0.0
rl,dqn | LDPC-DiscreteMI-v0,24,43,17,4.306671380249225,0.0
rl,dqn | LDPC-DiscreteMI-v0,24,43,18,5.20943549697797,0.0
rl,dqn | LDPC-DiscreteMI-v0,24,43,19,5.4815589123167205,0.0
rl,dqn | LDPC-DiscreteMI-v0,24,43,20,4.539470478807851,0.0
rl,dqn | LDPC-DiscreteMI-v0,24,43,21,4.561790165486841,0.0
rl,dqn | LDPC-DiscreteMI-v0,24,43,22,4.61707169391958,0.0
rl,dqn | LDPC-DiscreteMI-v0,24,43,23,4.614729760408916,0.0
rl,dqn | LDPC-DiscreteMI-v0,24,44,0,4.384516315125403,0.0
rl,dqn | LDPC-DiscreteMI-v0,24,44,1,4.254492351309817,0.0
rl,dqn | LDPC-DiscreteMI-v0,24,44,2,4.513151622546151,0.0
rl,dqn | LDPC-DiscreteMI-v0,24,44,3,4.548046452972427,0.0
rl,dqn | LDPC-DiscreteMI-v0,24,44,4,4.4657544130303135,0.0
rl,dqn | LDPC-DiscreteMI-v0,24,44,5,4.293203343375657,0.0
rl,dqn | LDPC-DiscreteMI-v0,24,44,6,4.490519876196548,0.0
rl,dqn | LDPC-DiscreteMI-v0,24,44,7,4.640599970733682,0.0
rl,dqn | LDPC-DiscreteMI-v0,24,44,8,4.305636985972067,0.0
rl,dqn | LDPC-DiscreteMI-v0,24,44,9,4.371471055775581,0.0
rl,dqn | LDPC-DiscreteMI-v0,24,44,10,4.4273801941501025,0.0
rl,dqn | LDPC-DiscreteMI-v0,24,44,11,4.300223569721746,0.0
rl,dqn | LDPC-DiscreteMI-v0,24,44,12,4.34055839547052,0.0
rl,dqn | LDPC-DiscreteMI-v0,24,44,13,4.490536097413334,0.0
rl,dqn | LDPC-DiscreteMI-v0,24,44,14,4.202314961183225,0.0
rl,dqn | LDPC-DiscreteMI-v0,24,44,15,4.055374920757929,0.0
rl,dqn | LDPC-DiscreteMI-v0,24,44,16,4.457437692623273,0.0
rl,dqn | LDPC-DiscreteMI-v0,24,44,17,4.306671380249225,0.0
rl,dqn | LDPC-DiscreteMI-v0,24,44,18,5.20943549697797,0.0
rl,dqn | LDPC-DiscreteMI-v0,24,44,19,5.4815589123167205,0.0
rl,dqn | LDPC-DiscreteMI-v0,24,44,20,4.539470478807851,0.0
rl,dqn | LDPC-DiscreteMI-v0,24,44,21,4.561790165486841,0.0
rl,dqn | LDPC-DiscreteMI-v0,24,44,22,4.61707169391958,0.0
rl,dqn | LDPC-DiscreteMI-v0,24,44,23,4.614729760408916,0.0
rl,dqn | LDPC-DiscreteMI-v0,24,45,0,4.384516315125403,0.0
rl,dqn | LDPC-DiscreteMI-v0,24,45,1,4.254492351309817,0.0
rl,dqn | LDPC-DiscreteMI-v0,24,45,2,4.513151622546151,0.0
rl,dqn | LDPC-DiscreteMI-v0,24,45,3,4.548046452972427,0.0
rl,dqn | LDPC-DiscreteMI-v0,24,45,4,4.4657544130303135,0.0
rl,dqn | LDPC-DiscreteMI-v0,24,45,5,4.293203343375657,0.0
rl,dqn | LDPC-DiscreteMI-v0,24,45,6,4.490519876196548,0.0
rl,dqn | LDPC-DiscreteMI-v0,24,45,7,4.640599970733682,0.0
rl,dqn | LDPC-DiscreteMI-v0,24,45,8,4.305636985972067,0.0
rl,dqn | LDPC-DiscreteMI-v0,24,45,9,4.371471055775581,0.0
rl,dqn | LDPC-DiscreteMI-v0,24,45,10,4.4273801941501025,0.0
rl,dqn | LDPC-DiscreteMI-v0,24,45,11,4.300223569721746,0.0
rl,dqn | LDPC-DiscreteMI-v0,24,45,12,4.34055839547052,0.0
rl,dqn | LDPC-DiscreteMI-v0,24,45,13,4.490536097413334,0.0
rl,dqn | LDPC-DiscreteMI-v0,24,45,14,4.202314961183225,0.0
rl,dqn | LDPC-DiscreteMI-v0,24,45,15,4.055374920757929,0.0
rl,dqn | LDPC-DiscreteMI-v0,24,45,16,4.457437692623273,0.0
rl,dqn | LDPC-DiscreteMI-v0,24,45,17,4.306671380249225,0.0
rl,dqn | LDPC-DiscreteMI-v0,24,45,18,5.20943549697797,0.0
rl,dqn | LDPC-DiscreteMI-v0,24,45,19,5.4815589123167205,0.0
rl,dqn | LDPC-DiscreteMI-v0,24,45,20,4.539470478807851,0.0
rl,dqn | LDPC-DiscreteMI-v0,24,45,21,4.561790165486841,0.0
rl,dqn | LDPC-DiscreteMI-v0,24,45,22,4.61707169391958,0.0
rl,dqn | LDPC-DiscreteMI-v0,24,45,23,4.614729760408916,0.0
rl,dqn | LDPC-DiscreteMI-v0,24,46,0,4.384516315125403,0.0
rl,dqn | LDPC-DiscreteMI-v0,24,46,1,4.254492351309817,0.0
rl,dqn | LDPC-DiscreteMI-v0,24,46,2,4.513151622546151,0.0
rl,dqn | LDPC-DiscreteMI-v0,24,46,3,4.548046452972427,0.0
rl,dqn | LDPC-DiscreteMI-v0,24,46,4,4.4657544130303135,0.0
rl,dqn | LDPC-DiscreteMI-v0,24,46,5,4.293203343375657,0.0
rl,dqn | LDPC-DiscreteMI-v0,24,46,6,4.490519876196548,0.0
rl,dqn | LDPC-DiscreteMI-v0,24,46,7,4.640599970733682,0.0
rl,dqn | LDPC-DiscreteMI-v0,24,46,8,4.305636985972067,0.0
rl,dqn | LDPC-DiscreteMI-v0,24,46,9,4.371471055775581,0.0
rl,dqn | LDPC-DiscreteMI-v0,24,46,10,4.4273801941501025,0.0
rl,dqn | LDPC-DiscreteMI-v0,24,46,11,4.300223569721746,0.0
rl,dqn | LDPC-DiscreteMI-v0,24,46,12,4.34055839547052,0.0
rl,dqn | LDPC-DiscreteMI-v0,24,46,13,4.490536097413334,0.0
rl,dqn | LDPC-DiscreteMI-v0,24,46,14,4.202314961183225,0.0
rl,dqn | LDPC-DiscreteMI-v0,24,46,15,4.055374920757929,0.0
rl,dqn | LDPC-DiscreteMI-v0,24,46,16,4.457437692623273,0.0
rl,dqn | LDPC-DiscreteMI-v0,24,46,17,4.306671380249225,0.0
rl,dqn | LDPC-DiscreteMI-v0,24,46,18,5.20943549697797,0.0
rl,dqn | LDPC-DiscreteMI-v0,24,46,19,5.4815589123167205,0.0
rl,dqn | LDPC-DiscreteMI-v0,24,46,20,4.539470478807851,0.0
rl,dqn | LDPC-DiscreteMI-v0,24,46,21,4.561790165486841,0.0
rl,dqn | LDPC-DiscreteMI-v0,24,46,22,4.61707169391958,0.0
rl,dqn | LDPC-DiscreteMI-v0,24,46,23,4.614729760408916,0.0
rl,dqn | LDPC-DiscreteMI-v0,24,47,0,4.384516315125403,0.0
rl,dqn | LDPC-DiscreteMI-v0,24,47,1,4.254492351309817,0.0
rl,dqn | LDPC-DiscreteMI-v0,24,47,2,4.513151622546151,0.0
rl,dqn | LDPC-DiscreteMI-v0,24,47,3,4.548046452972427,0.0
rl,dqn | LDPC-DiscreteMI-v0,24,47,4,4.4657544130303135,0.0
rl,dqn | LDPC-DiscreteMI-v0,24,47,5,4.293203343375657,0.0
rl,dqn | LDPC-DiscreteMI-v0,24,47,6,4.490519876196548,0.0
rl,dqn | LDPC-DiscreteMI-v0,24,47,7,4.640599970733682,0.0
rl,dqn | LDPC-DiscreteMI-v0,24,47,8,4.305636985972067,0.0
rl,dqn | LDPC-DiscreteMI-v0,24,47,9,4.371471055775581,0.0
rl,dqn | LDPC-DiscreteMI-v0,24,47,10,4.4273801941501025,0.0
rl,dqn | LDPC-DiscreteMI-v0,24,47,11,4.300223569721746,0.0
rl,dqn | LDPC-DiscreteMI-v0,24,47,12,4.34055839547052,0.0
rl,dqn | LDPC-DiscreteMI-v0,24,47,13,4.490536097413334,0.0
rl,dqn | LDPC-DiscreteMI-v0,24,47,14,4.202314961183225,0.0
rl,dqn | LDPC-DiscreteMI-v0,24,47,15,4.055374920757929,0.0
rl,dqn | LDPC-DiscreteMI-v0,24,47,16,4.457437692623273,0.0
rl,dqn | LDPC-DiscreteMI-v0,24,47,17,4.306671380249225,0.0
rl,dqn | LDPC-DiscreteMI-v0,24,47,18,5.20943549697797,0.0
rl,dqn | LDPC-DiscreteMI-v0,24,47,19,5.4815589123167205,0.0
rl,dqn | LDPC-DiscreteMI-v0,24,47,20,4.539470478807851,0.0
rl,dqn | LDPC-DiscreteMI-v0,24,47,21,4.561790165486841,0.0
rl,dqn | LDPC-DiscreteMI-v0,24,47,22,4.61707169391958,0.0
rl,dqn | LDPC-DiscreteMI-v0,24,47,23,4.614729760408916,0.0
rl,dqn | LDPC-DiscreteMI-v0,24,48,0,4.384516315125403,0.0
rl,dqn | LDPC-DiscreteMI-v0,24,48,1,4.254492351309817,0.0
rl,dqn | LDPC-DiscreteMI-v0,24,48,2,4.513151622546151,0.0
rl,dqn | LDPC-DiscreteMI-v0,24,48,3,4.548046452972427,0.0
rl,dqn | LDPC-DiscreteMI-v0,24,48,4,4.4657544130303135,0.0
rl,dqn | LDPC-DiscreteMI-v0,24,48,5,4.293203343375657,0.0
rl,dqn | LDPC-DiscreteMI-v0,24,48,6,4.490519876196548,0.0
rl,dqn | LDPC-DiscreteMI-v0,24,48,7,4.640599970733682,0.0
rl,dqn | LDPC-DiscreteMI-v0,24,48,8,4.305636985972067,0.0
rl,dqn | LDPC-DiscreteMI-v0,24,48,9,4.371471055775581,0.0
rl,dqn | LDPC-DiscreteMI-v0,24,48,10,4.4273801941501025,0.0
rl,dqn | LDPC-DiscreteMI-v0,24,48,11,4.300223569721746,0.0
rl,dqn | LDPC-DiscreteMI-v0,24,48,12,4.34055839547052,0.0
rl,dqn | LDPC-DiscreteMI-v0,24,48,13,4.490536097413334,0.0
rl,dqn | LDPC-DiscreteMI-v0,24,48,14,4.202314961183225,0.0
rl,dqn | LDPC-DiscreteMI-v0,24,48,15,4.055374920757929,0.0
rl,dqn | LDPC-DiscreteMI-v0,24,48,16,4.457437692623273,0.0
rl,dqn | LDPC-DiscreteMI-v0,24,48,17,4.306671380249225,0.0
rl,dqn | LDPC-DiscreteMI-v0,24,48,18,5.20943549697797,0.0
rl,dqn | LDPC-DiscreteMI-v0,24,48,19,5.4815589123167205,0.0
rl,dqn | LDPC-DiscreteMI-v0,24,48,20,4.539470478807851,0.0
rl,dqn | LDPC-DiscreteMI-v0,24,48,21,4.561790165486841,0.0
rl,dqn | LDPC-DiscreteMI-v0,24,48,22,4.61707169391958,0.0
rl,dqn | LDPC-DiscreteMI-v0,24,48,23,4.614729760408916,0.0
rl,dqn | LDPC-DiscreteMI-v0,24,49,0,4.384516315125403,0.0
rl,dqn | LDPC-DiscreteMI-v0,24,49,1,4.254492351309817,0.0
rl,dqn | LDPC-DiscreteMI-v0,24,49,2,4.513151622546151,0.0
rl,dqn | LDPC-DiscreteMI-v0,24,49,3,4.548046452972427,0.0
rl,dqn | LDPC-DiscreteMI-v0,24,49,4,4.4657544130303135,0.0
rl,dqn | LDPC-DiscreteMI-v0,24,49,5,4.293203343375657,0.0
rl,dqn | LDPC-DiscreteMI-v0,24,49,6,4.490519876196548,0.0
rl,dqn | LDPC-DiscreteMI-v0,24,49,7,4.640599970733682,0.0
rl,dqn | LDPC-DiscreteMI-v0,24,49,8,4.305636985972067,0.0
rl,dqn | LDPC-DiscreteMI-v0,24,49,9,4.371471055775581,0.0
rl,dqn | LDPC-DiscreteMI-v0,24,49,10,4.4273801941501025,0.0
rl,dqn | LDPC-DiscreteMI-v0,24,49,11,4.300223569721746,0.0
rl,dqn | LDPC-DiscreteMI-v0,24,49,12,4.34055839547052,0.0
rl,dqn | LDPC-DiscreteMI-v0,24,49,13,4.490536097413334,0.0
rl,dqn | LDPC-DiscreteMI-v0,24,49,14,4.202314961183225,0.0
rl,dqn | LDPC-DiscreteMI-v0,24,49,15,4.055374920757929,0.0
rl,dqn | LDPC-DiscreteMI-v0,24,49,16,4.457437692623273,0.0
rl,dqn | LDPC-DiscreteMI-v0,24,49,17,4.306671380249225,0.0
rl,dqn | LDPC-DiscreteMI-v0,24,49,18,5.20943549697797,0.0
rl,dqn | LDPC-DiscreteMI-v0,24,49,19,5.4815589123167205,0.0
rl,dqn | LDPC-DiscreteMI-v0,24,49,20,4.539470478807851,0.0
rl,dqn | LDPC-DiscreteMI-v0,24,49,21,4.561790165486841,0.0
rl,dqn | LDPC-DiscreteMI-v0,24,49,22,4.61707169391958,0.0
rl,dqn | LDPC-DiscreteMI-v0,24,49,23,4.614729760408916,0.0
rl,dqn | LDPC-DiscreteMI-v0,24,50,0,4.384516315125403,0.0
rl,dqn | LDPC-DiscreteMI-v0,24,50,1,4.254492351309817,0.0
rl,dqn | LDPC-DiscreteMI-v0,24,50,2,4.513151622546151,0.0
rl,dqn | LDPC-DiscreteMI-v0,24,50,3,4.548046452972427,0.0
rl,dqn | LDPC-DiscreteMI-v0,24,50,4,4.4657544130303135,0.0
rl,dqn | LDPC-DiscreteMI-v0,24,50,5,4.293203343375657,0.0
rl,dqn | LDPC-DiscreteMI-v0,24,50,6,4.490519876196548,0.0
rl,dqn | LDPC-DiscreteMI-v0,24,50,7,4.640599970733682,0.0
rl,dqn | LDPC-DiscreteMI-v0,24,50,8,4.305636985972067,0.0
rl,dqn | LDPC-DiscreteMI-v0,24,50,9,4.371471055775581,0.0
rl,dqn | LDPC-DiscreteMI-v0,24,50,10,4.4273801941501025,0.0
rl,dqn | LDPC-DiscreteMI-v0,24,50,11,4.300223569721746,0.0
rl,dqn | LDPC-DiscreteMI-v0,24,50,12,4.34055839547052,0.0
rl,dqn | LDPC-DiscreteMI-v0,24,50,13,4.490536097413334,0.0
rl,dqn | LDPC-DiscreteMI-v0,24,50,14,4.202314961183225,0.0
rl,dqn | LDPC-DiscreteMI-v0,24,50,15,4.055374920757929,0.0
rl,dqn | LDPC-DiscreteMI-v0,24,50,16,4.457437692623273,0.0
rl,dqn | LDPC-DiscreteMI-v0,24,50,17,4.306671380249225,0.0
rl,dqn | LDPC-DiscreteMI-v0,24,50,18,5.20943549697797,0.0
rl,dqn | LDPC-DiscreteMI-v0,24,50,19,5.4815589123167205,0.0
rl,dqn | LDPC-DiscreteMI-v0,24,50,20,4.539470478807851,0.0
rl,dqn | LDPC-DiscreteMI-v0,24,50,21,4.561790165486841,0.0
rl,dqn | LDPC-DiscreteMI-v0,24,50,22,4.61707169391958,0.0
rl,dqn | LDPC-DiscreteMI-v0,24,50,23,4.614729760408916,0.0
rl,dqn | LDPC-DiscreteMI-v0,24,51,0,4.384516315125403,0.0
rl,dqn | LDPC-DiscreteMI-v0,24,51,1,4.254492351309817,0.0
rl,dqn | LDPC-DiscreteMI-v0,24,51,2,4.513151622546151,0.0
rl,dqn | LDPC-DiscreteMI-v0,24,51,3,4.548046452972427,0.0
rl,dqn | LDPC-DiscreteMI-v0,24,51,4,4.4657544130303135,0.0
rl,dqn | LDPC-DiscreteMI-v0,24,51,5,4.293203343375657,0.0
rl,dqn | LDPC-DiscreteMI-v0,24,51,6,4.490519876196548,0.0
rl,dqn | LDPC-DiscreteMI-v0,24,51,7,4.640599970733682,0.0
rl,dqn | LDPC-DiscreteMI-v0,24,51,8,4.305636985972067,0.0
rl,dqn | LDPC-DiscreteMI-v0,24,51,9,4.371471055775581,0.0
rl,dqn | LDPC-DiscreteMI-v0,24,51,10,4.4273801941501025,0.0
rl,dqn | LDPC-DiscreteMI-v0,24,51,11,4.300223569721746,0.0
rl,dqn | LDPC-DiscreteMI-v0,24,51,12,4.34055839547052,0.0
rl,dqn | LDPC-DiscreteMI-v0,24,51,13,4.490536097413334,0.0
rl,dqn | LDPC-DiscreteMI-v0,24,51,14,4.202314961183225,0.0
rl,dqn | LDPC-DiscreteMI-v0,24,51,15,4.055374920757929,0.0
rl,dqn | LDPC-DiscreteMI-v0,24,51,16,4.457437692623273,0.0
rl,dqn | LDPC-DiscreteMI-v0,24,51,17,4.306671380249225,0.0
rl,dqn | LDPC-DiscreteMI-v0,24,51,18,5.20943549697797,0.0
rl,dqn | LDPC-DiscreteMI-v0,24,51,19,5.4815589123167205,0.0
rl,dqn | LDPC-DiscreteMI-v0,24,51,20,4.539470478807851,0.0
rl,dqn | LDPC-DiscreteMI-v0,24,51,21,4.561790165486841,0.0
rl,dqn | LDPC-DiscreteMI-v0,24,51,22,4.61707169391958,0.0
rl,dqn | LDPC-DiscreteMI-v0,24,51,23,4.614729760408916,0.0
rl,dqn | LDPC-DiscreteMI-v0,24,52,0,4.384516315125403,0.0
rl,dqn | LDPC-DiscreteMI-v0,24,52,1,4.254492351309817,0.0
rl,dqn | LDPC-DiscreteMI-v0,24,52,2,4.513151622546151,0.0
rl,dqn | LDPC-DiscreteMI-v0,24,52,3,4.548046452972427,0.0
rl,dqn | LDPC-DiscreteMI-v0,24,52,4,4.4657544130303135,0.0
rl,dqn | LDPC-DiscreteMI-v0,24,52,5,4.293203343375657,0.0
rl,dqn | LDPC-DiscreteMI-v0,24,52,6,4.490519876196548,0.0
rl,dqn | LDPC-DiscreteMI-v0,24,52,7,4.640599970733682,0.0
rl,dqn | LDPC-DiscreteMI-v0,24,52,8,4.305636985972067,0.0
rl,dqn | LDPC-DiscreteMI-v0,24,52,9,4.371471055775581,0.0
rl,dqn | LDPC-DiscreteMI-v0,24,52,10,4.4273801941501025,0.0
rl,dqn | LDPC-DiscreteMI-v0,24,52,11,4.300223569721746,0.0
rl,dqn | LDPC-DiscreteMI-v0,24,52,12,4.34055839547052,0.0
rl,dqn | LDPC-DiscreteMI-v0,24,52,13,4.490536097413334,0.0
rl,dqn | LDPC-DiscreteMI-v0,24,52,14,4.202314961183225,0.0
rl,dqn | LDPC-DiscreteMI-v0,24,52,15,4.055374920757929,0.0
rl,dqn | LDPC-DiscreteMI-v0,24,52,16,4.457437692623273,0.0
rl,dqn | LDPC-DiscreteMI-v0,24,52,17,4.306671380249225,0.0
rl,dqn | LDPC-DiscreteMI-v0,24,52,18,5.20943549697797,0.0
rl,dqn | LDPC-DiscreteMI-v0,24,52,19,5.4815589123167205,0.0
rl,dqn | LDPC-DiscreteMI-v0,24,52,20,4.539470478807851,0.0
rl,dqn | LDPC-DiscreteMI-v0,24,52,21,4.561790165486841,0.0
rl,dqn | LDPC-DiscreteMI-v0,24,52,22,4.61707169391958,0.0
rl,dqn | LDPC-DiscreteMI-v0,24,52,23,4.614729760408916,0.0
rl,dqn | LDPC-DiscreteMI-v0,24,53,0,4.384516315125403,0.0
rl,dqn | LDPC-DiscreteMI-v0,24,53,1,4.254492351309817,0.0
rl,dqn | LDPC-DiscreteMI-v0,24,53,2,4.513151622546151,0.0
rl,dqn | LDPC-DiscreteMI-v0,24,53,3,4.548046452972427,0.0
rl,dqn | LDPC-DiscreteMI-v0,24,53,4,4.4657544130303135,0.0
rl,dqn | LDPC-DiscreteMI-v0,24,53,5,4.293203343375657,0.0
rl,dqn | LDPC-DiscreteMI-v0,24,53,6,4.490519876196548,0.0
rl,dqn | LDPC-DiscreteMI-v0,24,53,7,4.640599970733682,0.0
rl,dqn | LDPC-DiscreteMI-v0,24,53,8,4.305636985972067,0.0
rl,dqn | LDPC-DiscreteMI-v0,24,53,9,4.371471055775581,0.0
rl,dqn | LDPC-DiscreteMI-v0,24,53,10,4.4273801941501025,0.0
rl,dqn | LDPC-DiscreteMI-v0,24,53,11,4.300223569721746,0.0
rl,dqn | LDPC-DiscreteMI-v0,24,53,12,4.34055839547052,0.0
rl,dqn | LDPC-DiscreteMI-v0,24,53,13,4.490536097413334,0.0
rl,dqn | LDPC-DiscreteMI-v0,24,53,14,4.202314961183225,0.0
rl,dqn | LDPC-DiscreteMI-v0,24,53,15,4.055374920757929,0.0
rl,dqn | LDPC-DiscreteMI-v0,24,53,16,4.457437692623273,0.0
rl,dqn | LDPC-DiscreteMI-v0,24,53,17,4.306671380249225,0.0
rl,dqn | LDPC-DiscreteMI-v0,24,53,18,5.20943549697797,0.0
rl,dqn | LDPC-DiscreteMI-v0,24,53,19,5.4815589123167205,0.0
rl,dqn | LDPC-DiscreteMI-v0,24,53,20,4.539470478807851,0.0
rl,dqn | LDPC-DiscreteMI-v0,24,53,21,4.561790165486841,0.0
rl,dqn | LDPC-DiscreteMI-v0,24,53,22,4.61707169391958,0.0
rl,dqn | LDPC-DiscreteMI-v0,24,53,23,4.614729760408916,0.0
rl,dqn | LDPC-DiscreteMI-v0,24,54,0,4.3948789815393345,0.0
rl,dqn | LDPC-DiscreteMI-v0,24,54,1,4.324793729220151,0.0
rl,dqn | LDPC-DiscreteMI-v0,24,54,2,4.539427531269508,0.0
rl,dqn | LDPC-DiscreteMI-v0,24,54,3,4.6687563167378086,0.0
rl,dqn | LDPC-DiscreteMI-v0,24,54,4,4.4657544130303135,0.0
rl,dqn | LDPC-DiscreteMI-v0,24,54,5,4.545723757519709,0.0
rl,dqn | LDPC-DiscreteMI-v0,24,54,6,4.49062588429528,0.0
rl,dqn | LDPC-DiscreteMI-v0,24,54,7,4.796723620093935,0.0
rl,dqn | LDPC-DiscreteMI-v0,24,54,8,4.32107367446715,0.0
rl,dqn | LDPC-DiscreteMI-v0,24,54,9,4.455656399001395,0.0
rl,dqn | LDPC-DiscreteMI-v0,24,54,10,4.446032993695181,0.0
rl,dqn | LDPC-DiscreteMI-v0,24,54,11,4.3954383020423675,0.0
rl,dqn | LDPC-DiscreteMI-v0,24,54,12,4.33282433856829,0.0
rl,dqn | LDPC-DiscreteMI-v0,24,54,13,4.612137686181265,0.0
rl,dqn | LDPC-DiscreteMI-v0,24,54,14,4.274913550700236,0.0
rl,dqn | LDPC-DiscreteMI-v0,24,54,15,4.047640863855698,0.0
rl,dqn | LDPC-DiscreteMI-v0,24,54,16,4.522302225238055,0.0
rl,dqn | LDPC-DiscreteMI-v0,24,54,17,4.387002127418125,0.0
rl,dqn | LDPC-DiscreteMI-v0,24,54,18,5.25577600339865,0.0
rl,dqn | LDPC-DiscreteMI-v0,24,54,19,5.585021091612191,0.0
rl,dqn | LDPC-DiscreteMI-v0,24,54,20,4.57456830431045,0.0
rl,dqn | LDPC-DiscreteMI-v0,24,54,21,4.7315994907636245,0.0
rl,dqn | LDPC-DiscreteMI-v0,24,54,22,4.640387693350927,0.0
rl,dqn | LDPC-DiscreteMI-v0,24,54,23,4.740846808558913,0.0
rl,dqn | LDPC-DiscreteMI-v0,24,55,0,4.3948789815393345,0.0
rl,dqn | LDPC-DiscreteMI-v0,24,55,1,4.324793729220151,0.0
rl,dqn | LDPC-DiscreteMI-v0,24,55,2,4.539427531269508,0.0
rl,dqn | LDPC-DiscreteMI-v0,24,55,3,4.6687563167378086,0.0
rl,dqn | LDPC-DiscreteMI-v0,24,55,4,4.4657544130303135,0.0
rl,dqn | LDPC-DiscreteMI-v0,24,55,5,4.545723757519709,0.0
rl,dqn | LDPC-DiscreteMI-v0,24,55,6,4.49062588429528,0.0
rl,dqn | LDPC-DiscreteMI-v0,24,55,7,4.796723620093935,0.0
rl,dqn | LDPC-DiscreteMI-v0,24,55,8,4.32107367446715,0.0
rl,dqn | LDPC-DiscreteMI-v0,24,55,9,4.455656399001395,0.0
rl,dqn | LDPC-DiscreteMI-v0,24,55,10,4.446032993695181,0.0
rl,dqn | LDPC-DiscreteMI-v0,24,55,11,4.3954383020423675,0.0
rl,dqn | LDPC-DiscreteMI-v0,24,55,12,4.33282433856829,0.0
rl,dqn | LDPC-DiscreteMI-v0,24,55,13,4.612137686181265,0.0
rl,dqn | LDPC-DiscreteMI-v0,24,55,14,4.274913550700236,0.0
rl,dqn | LDPC-DiscreteMI-v0,24,55,15,4.047640863855698,0.0
rl,dqn | LDPC-DiscreteMI-v0,24,55,16,4.522302225238055,0.0
rl,dqn | LDPC-DiscreteMI-v0,24,55,17,4.387002127418125,0.0
rl,dqn | LDPC-DiscreteMI-v0,24,55,18,5.25577600339865,0.0
rl,dqn | LDPC-DiscreteMI-v0,24,55,19,5.585021091612191,0.0
rl,dqn | LDPC-DiscreteMI-v0,24,55,20,4.57456830431045,0.0
rl,dqn | LDPC-DiscreteMI-v0,24,55,21,4.7315994907636245,0.0
rl,dqn | LDPC-DiscreteMI-v0,24,55,22,4.640387693350927,0.0
rl,dqn | LDPC-DiscreteMI-v0,24,55,23,4.740846808558913,0.0
rl,dqn | LDPC-DiscreteMI-v0,24,56,0,4.3948789815393345,0.0
rl,dqn | LDPC-DiscreteMI-v0,24,56,1,4.324793729220151,0.0
rl,dqn | LDPC-DiscreteMI-v0,24,56,2,4.539427531269508,0.0
rl,dqn | LDPC-DiscreteMI-v0,24,56,3,4.6687563167378086,0.0
rl,dqn | LDPC-DiscreteMI-v0,24,56,4,4.4657544130303135,0.0
rl,dqn | LDPC-DiscreteMI-v0,24,56,5,4.545723757519709,0.0
rl,dqn | LDPC-DiscreteMI-v0,24,56,6,4.49062588429528,0.0
rl,dqn | LDPC-DiscreteMI-v0,24,56,7,4.796723620093935,0.0
rl,dqn | LDPC-DiscreteMI-v0,24,56,8,4.32107367446715,0.0
rl,dqn | LDPC-DiscreteMI-v0,24,56,9,4.455656399001395,0.0
rl,dqn | LDPC-DiscreteMI-v0,24,56,10,4.446032993695181,0.0
rl,dqn | LDPC-DiscreteMI-v0,24,56,11,4.3954383020423675,0.0
rl,dqn | LDPC-DiscreteMI-v0,24,56,12,4.33282433856829,0.0
rl,dqn | LDPC-DiscreteMI-v0,24,56,13,4.612137686181265,0.0
rl,dqn | LDPC-DiscreteMI-v0,24,56,14,4.274913550700236,0.0
rl,dqn | LDPC-DiscreteMI-v0,24,56,15,4.047640863855698,0.0
rl,dqn | LDPC-DiscreteMI-v0,24,56,16,4.522302225238055,0.0
rl,dqn | LDPC-DiscreteMI-v0,24,56,17,4.387002127418125,0.0
rl,dqn | LDPC-DiscreteMI-v0,24,56,18,5.25577600339865,0.0
rl,dqn | LDPC-DiscreteMI-v0,24,56,19,5.585021091612191,0.0
rl,dqn | LDPC-DiscreteMI-v0,24,56,20,4.57456830431045,0.0
rl,dqn | LDPC-DiscreteMI-v0,24,56,21,4.7315994907636245,0.0
rl,dqn | LDPC-DiscreteMI-v0,24,56,22,4.640387693350927,0.0
rl,dqn | LDPC-DiscreteMI-v0,24,56,23,4.740846808558913,0.0
rl,dqn | LDPC-DiscreteMI-v0,24,57,0,4.3948789815393345,0.0
rl,dqn | LDPC-DiscreteMI-v0,24,57,1,4.324793729220151,0.0
rl,dqn | LDPC-DiscreteMI-v0,24,57,2,4.539427531269508,0.0
rl,dqn | LDPC-DiscreteMI-v0,24,57,3,4.6687563167378086,0.0
rl,dqn | LDPC-DiscreteMI-v0,24,57,4,4.4657544130303135,0.0
rl,dqn | LDPC-DiscreteMI-v0,24,57,5,4.545723757519709,0.0
rl,dqn | LDPC-DiscreteMI-v0,24,57,6,4.49062588429528,0.0
rl,dqn | LDPC-DiscreteMI-v0,24,57,7,4.796723620093935,0.0
rl,dqn | LDPC-DiscreteMI-v0,24,57,8,4.32107367446715,0.0
rl,dqn | LDPC-DiscreteMI-v0,24,57,9,4.455656399001395,0.0
rl,dqn | LDPC-DiscreteMI-v0,24,57,10,4.446032993695181,0.0
rl,dqn | LDPC-DiscreteMI-v0,24,57,11,4.3954383020423675,0.0
rl,dqn | LDPC-DiscreteMI-v0,24,57,12,4.33282433856829,0.0
rl,dqn | LDPC-DiscreteMI-v0,24,57,13,4.612137686181265,0.0
rl,dqn | LDPC-DiscreteMI-v0,24,57,14,4.274913550700236,0.0
rl,dqn | LDPC-DiscreteMI-v0,24,57,15,4.047640863855698,0.0
rl,dqn | LDPC-DiscreteMI-v0,24,57,16,4.522302225238055,0.0
rl,dqn | LDPC-DiscreteMI-v0,24,57,17,4.387002127418125,0.0
rl,dqn | LDPC-DiscreteMI-v0,24,57,18,5.25577600339865,0.0
rl,dqn | LDPC-DiscreteMI-v0,24,57,19,5.585021091612191,0.0
rl,dqn | LDPC-DiscreteMI-v0,24,57,20,4.57456830431045,0.0
rl,dqn | LDPC-DiscreteMI-v0,24,57,21,4.7315994907636245,0.0
rl,dqn | LDPC-DiscreteMI-v0,24,57,22,4.640387693350927,0.0
rl,dqn | LDPC-DiscreteMI-v0,24,57,23,4.740846808558913,0.0
rl,dqn | LDPC-DiscreteMI-v0,24,58,0,4.3948789815393345,0.0
rl,dqn | LDPC-DiscreteMI-v0,24,58,1,4.324793729220151,0.0
rl,dqn | LDPC-DiscreteMI-v0,24,58,2,4.539427531269508,0.0
rl,dqn | LDPC-DiscreteMI-v0,24,58,3,4.6687563167378086,0.0
rl,dqn | LDPC-DiscreteMI-v0,24,58,4,4.4657544130303135,0.0
rl,dqn | LDPC-DiscreteMI-v0,24,58,5,4.545723757519709,0.0
rl,dqn | LDPC-DiscreteMI-v0,24,58,6,4.49062588429528,0.0
rl,dqn | LDPC-DiscreteMI-v0,24,58,7,4.796723620093935,0.0
rl,dqn | LDPC-DiscreteMI-v0,24,58,8,4.32107367446715,0.0
rl,dqn | LDPC-DiscreteMI-v0,24,58,9,4.455656399001395,0.0
rl,dqn | LDPC-DiscreteMI-v0,24,58,10,4.446032993695181,0.0
rl,dqn | LDPC-DiscreteMI-v0,24,58,11,4.3954383020423675,0.0
rl,dqn | LDPC-DiscreteMI-v0,24,58,12,4.33282433856829,0.0
rl,dqn | LDPC-DiscreteMI-v0,24,58,13,4.612137686181265,0.0
rl,dqn | LDPC-DiscreteMI-v0,24,58,14,4.274913550700236,0.0
rl,dqn | LDPC-DiscreteMI-v0,24,58,15,4.047640863855698,0.0
rl,dqn | LDPC-DiscreteMI-v0,24,58,16,4.522302225238055,0.0
rl,dqn | LDPC-DiscreteMI-v0,24,58,17,4.387002127418125,0.0
rl,dqn | LDPC-DiscreteMI-v0,24,58,18,5.25577600339865,0.0
rl,dqn | LDPC-DiscreteMI-v0,24,58,19,5.585021091612191,0.0
rl,dqn | LDPC-DiscreteMI-v0,24,58,20,4.57456830431045,0.0
rl,dqn | LDPC-DiscreteMI-v0,24,58,21,4.7315994907636245,0.0
rl,dqn | LDPC-DiscreteMI-v0,24,58,22,4.640387693350927,0.0
rl,dqn | LDPC-DiscreteMI-v0,24,58,23,4.740846808558913,0.0
rl,dqn | LDPC-DiscreteMI-v0,24,59,0,4.3948789815393345,0.0
rl,dqn | LDPC-DiscreteMI-v0,24,59,1,4.324793729220151,0.0
rl,dqn | LDPC-DiscreteMI-v0,24,59,2,4.539427531269508,0.0
rl,dqn | LDPC-DiscreteMI-v0,24,59,3,4.6687563167378086,0.0
rl,dqn | LDPC-DiscreteMI-v0,24,59,4,4.4657544130303135,0.0
rl,dqn | LDPC-DiscreteMI-v0,24,59,5,4.545723757519709,0.0
rl,dqn | LDPC-DiscreteMI-v0,24,59,6,4.49062588429528,0.0
rl,dqn | LDPC-DiscreteMI-v0,24,59,7,4.796723620093935,0.0
rl,dqn | LDPC-DiscreteMI-v0,24,59,8,4.32107367446715,0.0
rl,dqn | LDPC-DiscreteMI-v0,24,59,9,4.455656399001395,0.0
rl,dqn | LDPC-DiscreteMI-v0,24,59,10,4.446032993695181,0.0
rl,dqn | LDPC-DiscreteMI-v0,24,59,11,4.3954383020423675,0.0
rl,dqn | LDPC-DiscreteMI-v0,24,59,12,4.33282433856829,0.0
rl,dqn | LDPC-DiscreteMI-v0,24,59,13,4.612137686181265,0.0
rl,dqn | LDPC-DiscreteMI-v0,24,59,14,4.274913550700236,0.0
rl,dqn | LDPC-DiscreteMI-v0,24,59,15,4.047640863855698,0.0
rl,dqn | LDPC-DiscreteMI-v0,24,59,16,4.522302225238055,0.0
rl,dqn | LDPC-DiscreteMI-v0,24,59,17,4.387002127418125,0.0
rl,dqn | LDPC-DiscreteMI-v0,24,59,18,5.25577600339865,0.0
rl,dqn | LDPC-DiscreteMI-v0,24,59,19,5.585021091612191,0.0
rl,dqn | LDPC-DiscreteMI-v0,24,59,20,4.57456830431045,0.0
rl,dqn | LDPC-DiscreteMI-v0,24,59,21,4.7315994907636245,0.0
rl,dqn | LDPC-DiscreteMI-v0,24,59,22,4.640387693350927,0.0
rl,dqn | LDPC-DiscreteMI-v0,24,59,23,4.740846808558913,0.0
rl,dqn | LDPC-DiscreteMI-v0,24,60,0,4.3948789815393345,0.0
rl,dqn | LDPC-DiscreteMI-v0,24,60,1,4.324793729220151,0.0
rl,dqn | LDPC-DiscreteMI-v0,24,60,2,4.539427531269508,0.0
rl,dqn | LDPC-DiscreteMI-v0,24,60,3,4.6687563167378086,0.0
rl,dqn | LDPC-DiscreteMI-v0,24,60,4,4.4657544130303135,0.0
rl,dqn | LDPC-DiscreteMI-v0,24,60,5,4.545723757519709,0.0
rl,dqn | LDPC-DiscreteMI-v0,24,60,6,4.49062588429528,0.0
rl,dqn | LDPC-DiscreteMI-v0,24,60,7,4.796723620093935,0.0
rl,dqn | LDPC-DiscreteMI-v0,24,60,8,4.32107367446715,0.0
rl,dqn | LDPC-DiscreteMI-v0,24,60,9,4.455656399001395,0.0
rl,dqn | LDPC-DiscreteMI-v0,24,60,10,4.446032993695181,0.0
rl,dqn | LDPC-DiscreteMI-v0,24,60,11,4.3954383020423675,0.0
rl,dqn | LDPC-DiscreteMI-v0,24,60,12,4.33282433856829,0.0
rl,dqn | LDPC-DiscreteMI-v0,24,60,13,4.612137686181265,0.0
rl,dqn | LDPC-DiscreteMI-v0,24,60,14,4.274913550700236,0.0
rl,dqn | LDPC-DiscreteMI-v0,24,60,15,4.047640863855698,0.0
rl,dqn | LDPC-DiscreteMI-v0,24,60,16,4.522302225238055,0.0
rl,dqn | LDPC-DiscreteMI-v0,24,60,17,4.387002127418125,0.0
rl,dqn | LDPC-DiscreteMI-v0,24,60,18,5.25577600339865,0.0
rl,dqn | LDPC-DiscreteMI-v0,24,60,19,5.585021091612191,0.0
rl,dqn | LDPC-DiscreteMI-v0,24,60,20,4.57456830431045,0.0
rl,dqn | LDPC-DiscreteMI-v0,24,60,21,4.7315994907636245,0.0
rl,dqn | LDPC-DiscreteMI-v0,24,60,22,4.640387693350927,0.0
rl,dqn | LDPC-DiscreteMI-v0,24,60,23,4.740846808558913,0.0
rl,dqn | LDPC-DiscreteMI-v0,24,61,0,4.3948789815393345,0.0
rl,dqn | LDPC-DiscreteMI-v0,24,61,1,4.324793729220151,0.0
rl,dqn | LDPC-DiscreteMI-v0,24,61,2,4.539427531269508,0.0
rl,dqn | LDPC-DiscreteMI-v0,24,61,3,4.6687563167378086,0.0
rl,dqn | LDPC-DiscreteMI-v0,24,61,4,4.4657544130303135,0.0
rl,dqn | LDPC-DiscreteMI-v0,24,61,5,4.545723757519709,0.0
rl,dqn | LDPC-DiscreteMI-v0,24,61,6,4.49062588429528,0.0
rl,dqn | LDPC-DiscreteMI-v0,24,61,7,4.796723620093935,0.0
rl,dqn | LDPC-DiscreteMI-v0,24,61,8,4.32107367446715,0.0
rl,dqn | LDPC-DiscreteMI-v0,24,61,9,4.455656399001395,0.0
rl,dqn | LDPC-DiscreteMI-v0,24,61,10,4.446032993695181,0.0
rl,dqn | LDPC-DiscreteMI-v0,24,61,11,4.3954383020423675,0.0
rl,dqn | LDPC-DiscreteMI-v0,24,61,12,4.33282433856829,0.0
rl,dqn | LDPC-DiscreteMI-v0,24,61,13,4.612137686181265,0.0
rl,dqn | LDPC-DiscreteMI-v0,24,61,14,4.274913550700236,0.0
rl,dqn | LDPC-DiscreteMI-v0,24,61,15,4.047640863855698,0.0
rl,dqn | LDPC-DiscreteMI-v0,24,61,16,4.522302225238055,0.0
rl,dqn | LDPC-DiscreteMI-v0,24,61,17,4.387002127418125,0.0
rl,dqn | LDPC-DiscreteMI-v0,24,61,18,5.25577600339865,0.0
rl,dqn | LDPC-DiscreteMI-v0,24,61,19,5.585021091612191,0.0
rl,dqn | LDPC-DiscreteMI-v0,24,61,20,4.57456830431045,0.0
rl,dqn | LDPC-DiscreteMI-v0,24,61,21,4.7315994907636245,0.0
rl,dqn | LDPC-DiscreteMI-v0,24,61,22,4.640387693350927,0.0
rl,dqn | LDPC-DiscreteMI-v0,24,61,23,4.740846808558913,0.0
rl,dqn | LDPC-DiscreteMI-v0,24,62,0,4.3948789815393345,0.0
rl,dqn | LDPC-DiscreteMI-v0,24,62,1,4.324793729220151,0.0
rl,dqn | LDPC-DiscreteMI-v0,24,62,2,4.539427531269508,0.0
rl,dqn | LDPC-DiscreteMI-v0,24,62,3,4.6687563167378086,0.0
rl,dqn | LDPC-DiscreteMI-v0,24,62,4,4.4657544130303135,0.0
rl,dqn | LDPC-DiscreteMI-v0,24,62,5,4.545723757519709,0.0
rl,dqn | LDPC-DiscreteMI-v0,24,62,6,4.49062588429528,0.0
rl,dqn | LDPC-DiscreteMI-v0,24,62,7,4.796723620093935,0.0
rl,dqn | LDPC-DiscreteMI-v0,24,62,8,4.32107367446715,0.0
rl,dqn | LDPC-DiscreteMI-v0,24,62,9,4.455656399001395,0.0
rl,dqn | LDPC-DiscreteMI-v0,24,62,10,4.446032993695181,0.0
rl,dqn | LDPC-DiscreteMI-v0,24,62,11,4.3954383020423675,0.0
rl,dqn | LDPC-DiscreteMI-v0,24,62,12,4.33282433856829,0.0
rl,dqn | LDPC-DiscreteMI-v0,24,62,13,4.612137686181265,0.0
rl,dqn | LDPC-DiscreteMI-v0,24,62,14,4.274913550700236,0.0
rl,dqn | LDPC-DiscreteMI-v0,24,62,15,4.047640863855698,0.0
rl,dqn | LDPC-DiscreteMI-v0,24,62,16,4.522302225238055,0.0
rl,dqn | LDPC-DiscreteMI-v0,24,62,17,4.387002127418125,0.0
rl,dqn | LDPC-DiscreteMI-v0,24,62,18,5.25577600339865,0.0
rl,dqn | LDPC-DiscreteMI-v0,24,62,19,5.585021091612191,0.0
rl,dqn | LDPC-DiscreteMI-v0,24,62,20,4.57456830431045,0.0
rl,dqn | LDPC-DiscreteMI-v0,24,62,21,4.7315994907636245,0.0
rl,dqn | LDPC-DiscreteMI-v0,24,62,22,4.640387693350927,0.0
rl,dqn | LDPC-DiscreteMI-v0,24,62,23,4.740846808558913,0.0
rl,dqn | LDPC-DiscreteMI-v0,24,63,0,4.3948789815393345,0.0
rl,dqn | LDPC-DiscreteMI-v0,24,63,1,4.324793729220151,0.0
rl,dqn | LDPC-DiscreteMI-v0,24,63,2,4.539427531269508,0.0
rl,dqn | LDPC-DiscreteMI-v0,24,63,3,4.6687563167378086,0.0
rl,dqn | LDPC-DiscreteMI-v0,24,63,4,4.4657544130303135,0.0
rl,dqn | LDPC-DiscreteMI-v0,24,63,5,4.545723757519709,0.0
rl,dqn | LDPC-DiscreteMI-v0,24,63,6,4.49062588429528,0.0
rl,dqn | LDPC-DiscreteMI-v0,24,63,7,4.796723620093935,0.0
rl,dqn | LDPC-DiscreteMI-v0,24,63,8,4.32107367446715,0.0
rl,dqn | LDPC-DiscreteMI-v0,24,63,9,4.455656399001395,0.0
rl,dqn | LDPC-DiscreteMI-v0,24,63,10,4.446032993695181,0.0
rl,dqn | LDPC-DiscreteMI-v0,24,63,11,4.3954383020423675,0.0
rl,dqn | LDPC-DiscreteMI-v0,24,63,12,4.33282433856829,0.0
rl,dqn | LDPC-DiscreteMI-v0,24,63,13,4.612137686181265,0.0
rl,dqn | LDPC-DiscreteMI-v0,24,63,14,4.274913550700236,0.0
rl,dqn | LDPC-DiscreteMI-v0,24,63,15,4.047640863855698,0.0
rl,dqn | LDPC-DiscreteMI-v0,24,63,16,4.522302225238055,0.0
rl,dqn | LDPC-DiscreteMI-v0,24,63,17,4.387002127418125,0.0
rl,dqn | LDPC-DiscreteMI-v0,24,63,18,5.25577600339865,0.0
rl,dqn | LDPC-DiscreteMI-v0,24,63,19,5.585021091612191,0.0
rl,dqn | LDPC-DiscreteMI-v0,24,63,20,4.57456830431045,0.0
rl,dqn | LDPC-DiscreteMI-v0,24,63,21,4.7315994907636245,0.0
rl,dqn | LDPC-DiscreteMI-v0,24,63,22,4.640387693350927,0.0
rl,dqn | LDPC-DiscreteMI-v0,24,63,23,4.740846808558913,0.0
rl,dqn | LDPC-DiscreteMI-v0,24,64,0,4.3948789815393345,0.0
rl,dqn | LDPC-DiscreteMI-v0,24,64,1,4.324793729220151,0.0
rl,dqn | LDPC-DiscreteMI-v0,24,64,2,4.539427531269508,0.0
rl,dqn | LDPC-DiscreteMI-v0,24,64,3,4.6687563167378086,0.0
rl,dqn | LDPC-DiscreteMI-v0,24,64,4,4.4657544130303135,0.0
rl,dqn | LDPC-DiscreteMI-v0,24,64,5,4.545723757519709,0.0
rl,dqn | LDPC-DiscreteMI-v0,24,64,6,4.49062588429528,0.0
rl,dqn | LDPC-DiscreteMI-v0,24,64,7,4.796723620093935,0.0
rl,dqn | LDPC-DiscreteMI-v0,24,64,8,4.32107367446715,0.0
rl,dqn | LDPC-DiscreteMI-v0,24,64,9,4.455656399001395,0.0
rl,dqn | LDPC-DiscreteMI-v0,24,64,10,4.446032993695181,0.0
rl,dqn | LDPC-DiscreteMI-v0,24,64,11,4.3954383020423675,0.0
rl,dqn | LDPC-DiscreteMI-v0,24,64,12,4.33282433856829,0.0
rl,dqn | LDPC-DiscreteMI-v0,24,64,13,4.612137686181265,0.0
rl,dqn | LDPC-DiscreteMI-v0,24,64,14,4.274913550700236,0.0
rl,dqn | LDPC-DiscreteMI-v0,24,64,15,4.047640863855698,0.0
rl,dqn | LDPC-DiscreteMI-v0,24,64,16,4.522302225238055,0.0
rl,dqn | LDPC-DiscreteMI-v0,24,64,17,4.387002127418125,0.0
rl,dqn | LDPC-DiscreteMI-v0,24,64,18,5.25577600339865,0.0
rl,dqn | LDPC-DiscreteMI-v0,24,64,19,5.585021091612191,0.0
rl,dqn | LDPC-DiscreteMI-v0,24,64,20,4.57456830431045,0.0
rl,dqn | LDPC-DiscreteMI-v0,24,64,21,4.7315994907636245,0.0
rl,dqn | LDPC-DiscreteMI-v0,24,64,22,4.640387693350927,0.0
rl,dqn | LDPC-DiscreteMI-v0,24,64,23,4.740846808558913,0.0
rl,dqn | LDPC-DiscreteMI-v0,24,65,0,4.3948789815393345,0.0
rl,dqn | LDPC-DiscreteMI-v0,24,65,1,4.324793729220151,0.0
rl,dqn | LDPC-DiscreteMI-v0,24,65,2,4.539427531269508,0.0
rl,dqn | LDPC-DiscreteMI-v0,24,65,3,4.6687563167378086,0.0
rl,dqn | LDPC-DiscreteMI-v0,24,65,4,4.4657544130303135,0.0
rl,dqn | LDPC-DiscreteMI-v0,24,65,5,4.545723757519709,0.0
rl,dqn | LDPC-DiscreteMI-v0,24,65,6,4.49062588429528,0.0
rl,dqn | LDPC-DiscreteMI-v0,24,65,7,4.796723620093935,0.0
rl,dqn | LDPC-DiscreteMI-v0,24,65,8,4.32107367446715,0.0
rl,dqn | LDPC-DiscreteMI-v0,24,65,9,4.455656399001395,0.0
rl,dqn | LDPC-DiscreteMI-v0,24,65,10,4.446032993695181,0.0
rl,dqn | LDPC-DiscreteMI-v0,24,65,11,4.3954383020423675,0.0
rl,dqn | LDPC-DiscreteMI-v0,24,65,12,4.33282433856829,0.0
rl,dqn | LDPC-DiscreteMI-v0,24,65,13,4.612137686181265,0.0
rl,dqn | LDPC-DiscreteMI-v0,24,65,14,4.274913550700236,0.0
rl,dqn | LDPC-DiscreteMI-v0,24,65,15,4.047640863855698,0.0
rl,dqn | LDPC-DiscreteMI-v0,24,65,16,4.522302225238055,0.0
rl,dqn | LDPC-DiscreteMI-v0,24,65,17,4.387002127418125,0.0
rl,dqn | LDPC-DiscreteMI-v0,24,65,18,5.25577600339865,0.0
rl,dqn | LDPC-DiscreteMI-v0,24,65,19,5.585021091612191,0.0
rl,dqn | LDPC-DiscreteMI-v0,24,65,20,4.57456830431045,0.0
rl,dqn | LDPC-DiscreteMI-v0,24,65,21,4.7315994907636245,0.0
rl,dqn | LDPC-DiscreteMI-v0,24,65,22,4.640387693350927,0.0
rl,dqn | LDPC-DiscreteMI-v0,24,65,23,4.740846808558913,0.0
rl,dqn | LDPC-DiscreteMI-v0,24,66,0,4.3948789815393345,0.0
rl,dqn | LDPC-DiscreteMI-v0,24,66,1,4.324793729220151,0.0
rl,dqn | LDPC-DiscreteMI-v0,24,66,2,4.539427531269508,0.0
rl,dqn | LDPC-DiscreteMI-v0,24,66,3,4.6687563167378086,0.0
rl,dqn | LDPC-DiscreteMI-v0,24,66,4,4.4657544130303135,0.0
rl,dqn | LDPC-DiscreteMI-v0,24,66,5,4.545723757519709,0.0
rl,dqn | LDPC-DiscreteMI-v0,24,66,6,4.49062588429528,0.0
rl,dqn | LDPC-DiscreteMI-v0,24,66,7,4.796723620093935,0.0
rl,dqn | LDPC-DiscreteMI-v0,24,66,8,4.32107367446715,0.0
rl,dqn | LDPC-DiscreteMI-v0,24,66,9,4.455656399001395,0.0
rl,dqn | LDPC-DiscreteMI-v0,24,66,10,4.446032993695181,0.0
rl,dqn | LDPC-DiscreteMI-v0,24,66,11,4.3954383020423675,0.0
rl,dqn | LDPC-DiscreteMI-v0,24,66,12,4.33282433856829,0.0
rl,dqn | LDPC-DiscreteMI-v0,24,66,13,4.612137686181265,0.0
rl,dqn | LDPC-DiscreteMI-v0,24,66,14,4.274913550700236,0.0
rl,dqn | LDPC-DiscreteMI-v0,24,66,15,4.047640863855698,0.0
rl,dqn | LDPC-DiscreteMI-v0,24,66,16,4.522302225238055,0.0
rl,dqn | LDPC-DiscreteMI-v0,24,66,17,4.387002127418125,0.0
rl,dqn | LDPC-DiscreteMI-v0,24,66,18,5.25577600339865,0.0
rl,dqn | LDPC-DiscreteMI-v0,24,66,19,5.585021091612191,0.0
rl,dqn | LDPC-DiscreteMI-v0,24,66,20,4.57456830431045,0.0
rl,dqn | LDPC-DiscreteMI-v0,24,66,21,4.7315994907636245,0.0
rl,dqn | LDPC-DiscreteMI-v0,24,66,22,4.640387693350927,0.0
rl,dqn | LDPC-DiscreteMI-v0,24,66,23,4.740846808558913,0.0
rl,dqn | LDPC-DiscreteMI-v0,24,67,0,4.3948789815393345,0.0
rl,dqn | LDPC-DiscreteMI-v0,24,67,1,4.324793729220151,0.0
rl,dqn | LDPC-DiscreteMI-v0,24,67,2,4.539427531269508,0.0
rl,dqn | LDPC-DiscreteMI-v0,24,67,3,4.6687563167378086,0.0
rl,dqn | LDPC-DiscreteMI-v0,24,67,4,4.4657544130303135,0.0
rl,dqn | LDPC-DiscreteMI-v0,24,67,5,4.545723757519709,0.0
rl,dqn | LDPC-DiscreteMI-v0,24,67,6,4.49062588429528,0.0
rl,dqn | LDPC-DiscreteMI-v0,24,67,7,4.796723620093935,0.0
rl,dqn | LDPC-DiscreteMI-v0,24,67,8,4.32107367446715,0.0
rl,dqn | LDPC-DiscreteMI-v0,24,67,9,4.455656399001395,0.0
rl,dqn | LDPC-DiscreteMI-v0,24,67,10,4.446032993695181,0.0
rl,dqn | LDPC-DiscreteMI-v0,24,67,11,4.3954383020423675,0.0
rl,dqn | LDPC-DiscreteMI-v0,24,67,12,4.33282433856829,0.0
rl,dqn | LDPC-DiscreteMI-v0,24,67,13,4.612137686181265,0.0
rl,dqn | LDPC-DiscreteMI-v0,24,67,14,4.274913550700236,0.0
rl,dqn | LDPC-DiscreteMI-v0,24,67,15,4.047640863855698,0.0
rl,dqn | LDPC-DiscreteMI-v0,24,67,16,4.522302225238055,0.0
rl,dqn | LDPC-DiscreteMI-v0,24,67,17,4.387002127418125,0.0
rl,dqn | LDPC-DiscreteMI-v0,24,67,18,5.25577600339865,0.0
rl,dqn | LDPC-DiscreteMI-v0,24,67,19,5.585021091612191,0.0
rl,dqn | LDPC-DiscreteMI-v0,24,67,20,4.57456830431045,0.0
rl,dqn | LDPC-DiscreteMI-v0,24,67,21,4.7315994907636245,0.0
rl,dqn | LDPC-DiscreteMI-v0,24,67,22,4.640387693350927,0.0
rl,dqn | LDPC-DiscreteMI-v0,24,67,23,4.740846808558913,0.0
rl,dqn | LDPC-DiscreteMI-v0,24,68,0,4.3948789815393345,0.0
rl,dqn | LDPC-DiscreteMI-v0,24,68,1,4.324793729220151,0.0
rl,dqn | LDPC-DiscreteMI-v0,24,68,2,4.539427531269508,0.0
rl,dqn | LDPC-DiscreteMI-v0,24,68,3,4.6687563167378086,0.0
rl,dqn | LDPC-DiscreteMI-v0,24,68,4,4.4657544130303135,0.0
rl,dqn | LDPC-DiscreteMI-v0,24,68,5,4.545723757519709,0.0
rl,dqn | LDPC-DiscreteMI-v0,24,68,6,4.49062588429528,0.0
rl,dqn | LDPC-DiscreteMI-v0,24,68,7,4.796723620093935,0.0
rl,dqn | LDPC-DiscreteMI-v0,24,68,8,4.32107367446715,0.0
rl,dqn | LDPC-DiscreteMI-v0,24,68,9,4.455656399001395,0.0
rl,dqn | LDPC-DiscreteMI-v0,24,68,10,4.446032993695181,0.0
rl,dqn | LDPC-DiscreteMI-v0,24,68,11,4.3954383020423675,0.0
rl,dqn | LDPC-DiscreteMI-v0,24,68,12,4.33282433856829,0.0
rl,dqn | LDPC-DiscreteMI-v0,24,68,13,4.612137686181265,0.0
rl,dqn | LDPC-DiscreteMI-v0,24,68,14,4.274913550700236,0.0
rl,dqn | LDPC-DiscreteMI-v0,24,68,15,4.047640863855698,0.0
rl,dqn | LDPC-DiscreteMI-v0,24,68,16,4.522302225238055,0.0
rl,dqn | LDPC-DiscreteMI-v0,24,68,17,4.387002127418125,0.0
rl,dqn | LDPC-DiscreteMI-v0,24,68,18,5.25577600339865,0.0
rl,dqn | LDPC-DiscreteMI-v0,24,68,19,5.585021091612191,0.0
rl,dqn | LDPC-DiscreteMI-v0,24,68,20,4.57456830431045,0.0
rl,dqn | LDPC-DiscreteMI-v0,24,68,21,4.7315994907636245,0.0
rl,dqn | LDPC-DiscreteMI-v0,24,68,22,4.640387693350927,0.0
rl,dqn | LDPC-DiscreteMI-v0,24,68,23,4.740846808558913,0.0
rl,dqn | LDPC-DiscreteMI-v0,24,69,0,4.3948789815393345,0.0
rl,dqn | LDPC-DiscreteMI-v0,24,69,1,4.324793729220151,0.0
rl,dqn | LDPC-DiscreteMI-v0,24,69,2,4.539427531269508,0.0
rl,dqn | LDPC-DiscreteMI-v0,24,69,3,4.6687563167378086,0.0
rl,dqn | LDPC-DiscreteMI-v0,24,69,4,4.4657544130303135,0.0
rl,dqn | LDPC-DiscreteMI-v0,24,69,5,4.545723757519709,0.0
rl,dqn | LDPC-DiscreteMI-v0,24,69,6,4.49062588429528,0.0
rl,dqn | LDPC-DiscreteMI-v0,24,69,7,4.796723620093935,0.0
rl,dqn | LDPC-DiscreteMI-v0,24,69,8,4.32107367446715,0.0
rl,dqn | LDPC-DiscreteMI-v0,24,69,9,4.455656399001395,0.0
rl,dqn | LDPC-DiscreteMI-v0,24,69,10,4.446032993695181,0.0
rl,dqn | LDPC-DiscreteMI-v0,24,69,11,4.3954383020423675,0.0
rl,dqn | LDPC-DiscreteMI-v0,24,69,12,4.33282433856829,0.0
rl,dqn | LDPC-DiscreteMI-v0,24,69,13,4.612137686181265,0.0
rl,dqn | LDPC-DiscreteMI-v0,24,69,14,4.274913550700236,0.0
rl,dqn | LDPC-DiscreteMI-v0,24,69,15,4.047640863855698,0.0
rl,dqn | LDPC-DiscreteMI-v0,24,69,16,4.522302225238055,0.0
rl,dqn | LDPC-DiscreteMI-v0,24,69,17,4.387002127418125,0.0
rl,dqn | LDPC-DiscreteMI-v0,24,69,18,5.25577600339865,0.0
rl,dqn | LDPC-DiscreteMI-v0,24,69,19,5.585021091612191,0.0
rl,dqn | LDPC-DiscreteMI-v0,24,69,20,4.57456830431045,0.0
rl,dqn | LDPC-DiscreteMI-v0,24,69,21,4.7315994907636245,0.0
rl,dqn | LDPC-DiscreteMI-v0,24,69,22,4.640387693350927,0.0
rl,dqn | LDPC-DiscreteMI-v0,24,69,23,4.740846808558913,0.0
rl,dqn | LDPC-DiscreteMI-v0,24,70,0,4.3948789815393345,0.0
rl,dqn | LDPC-DiscreteMI-v0,24,70,1,4.324793729220151,0.0
rl,dqn | LDPC-DiscreteMI-v0,24,70,2,4.539427531269508,0.0
rl,dqn | LDPC-DiscreteMI-v0,24,70,3,4.6687563167378086,0.0
rl,dqn | LDPC-DiscreteMI-v0,24,70,4,4.4657544130303135,0.0
rl,dqn | LDPC-DiscreteMI-v0,24,70,5,4.545723757519709,0.0
rl,dqn | LDPC-DiscreteMI-v0,24,70,6,4.49062588429528,0.0
rl,dqn | LDPC-DiscreteMI-v0,24,70,7,4.796723620093935,0.0
rl,dqn | LDPC-DiscreteMI-v0,24,70,8,4.32107367446715,0.0
rl,dqn | LDPC-DiscreteMI-v0,24,70,9,4.455656399001395,0.0
rl,dqn | LDPC-DiscreteMI-v0,24,70,10,4.446032993695181,0.0
rl,dqn | LDPC-DiscreteMI-v0,24,70,11,4.3954383020423675,0.0
rl,dqn | LDPC-DiscreteMI-v0,24,70,12,4.33282433856829,0.0
rl,dqn | LDPC-DiscreteMI-v0,24,70,13,4.612137686181265,0.0
rl,dqn | LDPC-DiscreteMI-v0,24,70,14,4.274913550700236,0.0
rl,dqn | LDPC-DiscreteMI-v0,24,70,15,4.047640863855698,0.0
rl,dqn | LDPC-DiscreteMI-v0,24,70,16,4.522302225238055,0.0
rl,dqn | LDPC-DiscreteMI-v0,24,70,17,4.387002127418125,0.0
rl,dqn | LDPC-DiscreteMI-v0,24,70,18,5.25577600339865,0.0
rl,dqn | LDPC-DiscreteMI-v0,24,70,19,5.585021091612191,0.0
rl,dqn | LDPC-DiscreteMI-v0,24,70,20,4.57456830431045,0.0
rl,dqn | LDPC-DiscreteMI-v0,24,70,21,4.7315994907636245,0.0
rl,dqn | LDPC-DiscreteMI-v0,24,70,22,4.640387693350927,0.0
rl,dqn | LDPC-DiscreteMI-v0,24,70,23,4.740846808558913,0.0
rl,dqn | LDPC-DiscreteMI-v0,24,71,0,4.3948789815393345,0.0
rl,dqn | LDPC-DiscreteMI-v0,24,71,1,4.324793729220151,0.0
rl,dqn | LDPC-DiscreteMI-v0,24,71,2,4.539427531269508,0.0
rl,dqn | LDPC-DiscreteMI-v0,24,71,3,4.6687563167378086,0.0
rl,dqn | LDPC-DiscreteMI-v0,24,71,4,4.4657544130303135,0.0
rl,dqn | LDPC-DiscreteMI-v0,24,71,5,4.545723757519709,0.0
rl,dqn | LDPC-DiscreteMI-v0,24,71,6,4.49062588429528,0.0
rl,dqn | LDPC-DiscreteMI-v0,24,71,7,4.796723620093935,0.0
rl,dqn | LDPC-DiscreteMI-v0,24,71,8,4.32107367446715,0.0
rl,dqn | LDPC-DiscreteMI-v0,24,71,9,4.455656399001395,0.0
rl,dqn | LDPC-DiscreteMI-v0,24,71,10,4.446032993695181,0.0
rl,dqn | LDPC-DiscreteMI-v0,24,71,11,4.3954383020423675,0.0
rl,dqn | LDPC-DiscreteMI-v0,24,71,12,4.33282433856829,0.0
rl,dqn | LDPC-DiscreteMI-v0,24,71,13,4.612137686181265,0.0
rl,dqn | LDPC-DiscreteMI-v0,24,71,14,4.274913550700236,0.0
rl,dqn | LDPC-DiscreteMI-v0,24,71,15,4.047640863855698,0.0
rl,dqn | LDPC-DiscreteMI-v0,24,71,16,4.522302225238055,0.0
rl,dqn | LDPC-DiscreteMI-v0,24,71,17,4.387002127418125,0.0
rl,dqn | LDPC-DiscreteMI-v0,24,71,18,5.25577600339865,0.0
rl,dqn | LDPC-DiscreteMI-v0,24,71,19,5.585021091612191,0.0
rl,dqn | LDPC-DiscreteMI-v0,24,71,20,4.57456830431045,0.0
rl,dqn | LDPC-DiscreteMI-v0,24,71,21,4.7315994907636245,0.0
rl,dqn | LDPC-DiscreteMI-v0,24,71,22,4.640387693350927,0.0
rl,dqn | LDPC-DiscreteMI-v0,24,71,23,4.740846808558913,0.0
rl,dqn | LDPC-DiscreteMI-v0,24,72,0,4.3948789815393345,0.0
rl,dqn | LDPC-DiscreteMI-v0,24,72,1,4.324793729220151,0.0
rl,dqn | LDPC-DiscreteMI-v0,24,72,2,4.539427531269508,0.0
rl,dqn | LDPC-DiscreteMI-v0,24,72,3,4.6687563167378086,0.0
rl,dqn | LDPC-DiscreteMI-v0,24,72,4,4.4657544130303135,0.0
rl,dqn | LDPC-DiscreteMI-v0,24,72,5,4.545723757519709,0.0
rl,dqn | LDPC-DiscreteMI-v0,24,72,6,4.49062588429528,0.0
rl,dqn | LDPC-DiscreteMI-v0,24,72,7,4.796723620093935,0.0
rl,dqn | LDPC-DiscreteMI-v0,24,72,8,4.32107367446715,0.0
rl,dqn | LDPC-DiscreteMI-v0,24,72,9,4.455656399001395,0.0
rl,dqn | LDPC-DiscreteMI-v0,24,72,10,4.446032993695181,0.0
rl,dqn | LDPC-DiscreteMI-v0,24,72,11,4.3954383020423675,0.0
rl,dqn | LDPC-DiscreteMI-v0,24,72,12,4.33282433856829,0.0
rl,dqn | LDPC-DiscreteMI-v0,24,72,13,4.612137686181265,0.0
rl,dqn | LDPC-DiscreteMI-v0,24,72,14,4.274913550700236,0.0
rl,dqn | LDPC-DiscreteMI-v0,24,72,15,4.047640863855698,0.0
rl,dqn | LDPC-DiscreteMI-v0,24,72,16,4.522302225238055,0.0
rl,dqn | LDPC-DiscreteMI-v0,24,72,17,4.387002127418125,0.0
rl,dqn | LDPC-DiscreteMI-v0,24,72,18,5.25577600339865,0.0
rl,dqn | LDPC-DiscreteMI-v0,24,72,19,5.585021091612191,0.0
rl,dqn | LDPC-DiscreteMI-v0,24,72,20,4.57456830431045,0.0
rl,dqn | LDPC-DiscreteMI-v0,24,72,21,4.7315994907636245,0.0
rl,dqn | LDPC-DiscreteMI-v0,24,72,22,4.640387693350927,0.0
rl,dqn | LDPC-DiscreteMI-v0,24,72,23,4.740846808558913,0.0
rl,dqn | LDPC-DiscreteMI-v0,24,73,0,4.3948789815393345,0.0
rl,dqn | LDPC-DiscreteMI-v0,24,73,1,4.324793729220151,0.0
rl,dqn | LDPC-DiscreteMI-v0,24,73,2,4.539427531269508,0.0
rl,dqn | LDPC-DiscreteMI-v0,24,73,3,4.6687563167378086,0.0
rl,dqn | LDPC-DiscreteMI-v0,24,73,4,4.4657544130303135,0.0
rl,dqn | LDPC-DiscreteMI-v0,24,73,5,4.545723757519709,0.0
rl,dqn | LDPC-DiscreteMI-v0,24,73,6,4.49062588429528,0.0
rl,dqn | LDPC-DiscreteMI-v0,24,73,7,4.796723620093935,0.0
rl,dqn | LDPC-DiscreteMI-v0,24,73,8,4.32107367446715,0.0
rl,dqn | LDPC-DiscreteMI-v0,24,73,9,4.455656399001395,0.0
rl,dqn | LDPC-DiscreteMI-v0,24,73,10,4.446032993695181,0.0
rl,dqn | LDPC-DiscreteMI-v0,24,73,11,4.3954383020423675,0.0
rl,dqn | LDPC-DiscreteMI-v0,24,73,12,4.33282433856829,0.0
rl,dqn | LDPC-DiscreteMI-v0,24,73,13,4.612137686181265,0.0
rl,dqn | LDPC-DiscreteMI-v0,24,73,14,4.274913550700236,0.0
rl,dqn | LDPC-DiscreteMI-v0,24,73,15,4.047640863855698,0.0
rl,dqn | LDPC-DiscreteMI-v0,24,73,16,4.522302225238055,0.0
rl,dqn | LDPC-DiscreteMI-v0,24,73,17,4.387002127418125,0.0
rl,dqn | LDPC-DiscreteMI-v0,24,73,18,5.25577600339865,0.0
rl,dqn | LDPC-DiscreteMI-v0,24,73,19,5.585021091612191,0.0
rl,dqn | LDPC-DiscreteMI-v0,24,73,20,4.57456830431045,0.0
rl,dqn | LDPC-DiscreteMI-v0,24,73,21,4.7315994907636245,0.0
rl,dqn | LDPC-DiscreteMI-v0,24,73,22,4.640387693350927,0.0
rl,dqn | LDPC-DiscreteMI-v0,24,73,23,4.740846808558913,0.0
rl,dqn | LDPC-DiscreteMI-v0,24,74,0,4.3948789815393345,0.0
rl,dqn | LDPC-DiscreteMI-v0,24,74,1,4.324793729220151,0.0
rl,dqn | LDPC-DiscreteMI-v0,24,74,2,4.539427531269508,0.0
rl,dqn | LDPC-DiscreteMI-v0,24,74,3,4.6687563167378086,0.0
rl,dqn | LDPC-DiscreteMI-v0,24,74,4,4.4657544130303135,0.0
rl,dqn | LDPC-DiscreteMI-v0,24,74,5,4.545723757519709,0.0
rl,dqn | LDPC-DiscreteMI-v0,24,74,6,4.49062588429528,0.0
rl,dqn | LDPC-DiscreteMI-v0,24,74,7,4.796723620093935,0.0
rl,dqn | LDPC-DiscreteMI-v0,24,74,8,4.32107367446715,0.0
rl,dqn | LDPC-DiscreteMI-v0,24,74,9,4.455656399001395,0.0
rl,dqn | LDPC-DiscreteMI-v0,24,74,10,4.446032993695181,0.0
rl,dqn | LDPC-DiscreteMI-v0,24,74,11,4.3954383020423675,0.0
rl,dqn | LDPC-DiscreteMI-v0,24,74,12,4.33282433856829,0.0
rl,dqn | LDPC-DiscreteMI-v0,24,74,13,4.612137686181265,0.0
rl,dqn | LDPC-DiscreteMI-v0,24,74,14,4.274913550700236,0.0
rl,dqn | LDPC-DiscreteMI-v0,24,74,15,4.047640863855698,0.0
rl,dqn | LDPC-DiscreteMI-v0,24,74,16,4.522302225238055,0.0
rl,dqn | LDPC-DiscreteMI-v0,24,74,17,4.387002127418125,0.0
rl,dqn | LDPC-DiscreteMI-v0,24,74,18,5.25577600339865,0.0
rl,dqn | LDPC-DiscreteMI-v0,24,74,19,5.585021091612191,0.0
rl,dqn | LDPC-DiscreteMI-v0,24,74,20,4.57456830431045,0.0
rl,dqn | LDPC-DiscreteMI-v0,24,74,21,4.7315994907636245,0.0
rl,dqn | LDPC-DiscreteMI-v0,24,74,22,4.640387693350927,0.0
rl,dqn | LDPC-DiscreteMI-v0,24,74,23,4.740846808558913,0.0
rl,dqn | LDPC-DiscreteMI-v0,24,75,0,4.3948789815393345,0.0
rl,dqn | LDPC-DiscreteMI-v0,24,75,1,4.324793729220151,0.0
rl,dqn | LDPC-DiscreteMI-v0,24,75,2,4.539427531269508,0.0
rl,dqn | LDPC-DiscreteMI-v0,24,75,3,4.6687563167378086,0.0
rl,dqn | LDPC-DiscreteMI-v0,24,75,4,4.4657544130303135,0.0
rl,dqn | LDPC-DiscreteMI-v0,24,75,5,4.545723757519709,0.0
rl,dqn | LDPC-DiscreteMI-v0,24,75,6,4.49062588429528,0.0
rl,dqn | LDPC-DiscreteMI-v0,24,75,7,4.796723620093935,0.0
rl,dqn | LDPC-DiscreteMI-v0,24,75,8,4.32107367446715,0.0
rl,dqn | LDPC-DiscreteMI-v0,24,75,9,4.455656399001395,0.0
rl,dqn | LDPC-DiscreteMI-v0,24,75,10,4.446032993695181,0.0
rl,dqn | LDPC-DiscreteMI-v0,24,75,11,4.3954383020423675,0.0
rl,dqn | LDPC-DiscreteMI-v0,24,75,12,4.33282433856829,0.0
rl,dqn | LDPC-DiscreteMI-v0,24,75,13,4.612137686181265,0.0
rl,dqn | LDPC-DiscreteMI-v0,24,75,14,4.274913550700236,0.0
rl,dqn | LDPC-DiscreteMI-v0,24,75,15,4.047640863855698,0.0
rl,dqn | LDPC-DiscreteMI-v0,24,75,16,4.522302225238055,0.0
rl,dqn | LDPC-DiscreteMI-v0,24,75,17,4.387002127418125,0.0
rl,dqn | LDPC-DiscreteMI-v0,24,75,18,5.25577600339865,0.0
rl,dqn | LDPC-DiscreteMI-v0,24,75,19,5.585021091612191,0.0
rl,dqn | LDPC-DiscreteMI-v0,24,75,20,4.57456830431045,0.0
rl,dqn | LDPC-DiscreteMI-v0,24,75,21,4.7315994907636245,0.0
rl,dqn | LDPC-DiscreteMI-v0,24,75,22,4.640387693350927,0.0
rl,dqn | LDPC-DiscreteMI-v0,24,75,23,4.740846808558913,0.0
rl,dqn | LDPC-DiscreteMI-v0,24,76,0,4.3948789815393345,0.0
rl,dqn | LDPC-DiscreteMI-v0,24,76,1,4.324793729220151,0.0
rl,dqn | LDPC-DiscreteMI-v0,24,76,2,4.539427531269508,0.0
rl,dqn | LDPC-DiscreteMI-v0,24,76,3,4.6687563167378086,0.0
rl,dqn | LDPC-DiscreteMI-v0,24,76,4,4.4657544130303135,0.0
rl,dqn | LDPC-DiscreteMI-v0,24,76,5,4.545723757519709,0.0
rl,dqn | LDPC-DiscreteMI-v0,24,76,6,4.49062588429528,0.0
rl,dqn | LDPC-DiscreteMI-v0,24,76,7,4.796723620093935,0.0
rl,dqn | LDPC-DiscreteMI-v0,24,76,8,4.32107367446715,0.0
rl,dqn | LDPC-DiscreteMI-v0,24,76,9,4.455656399001395,0.0
rl,dqn | LDPC-DiscreteMI-v0,24,76,10,4.446032993695181,0.0
rl,dqn | LDPC-DiscreteMI-v0,24,76,11,4.3954383020423675,0.0
rl,dqn | LDPC-DiscreteMI-v0,24,76,12,4.33282433856829,0.0
rl,dqn | LDPC-DiscreteMI-v0,24,76,13,4.612137686181265,0.0
rl,dqn | LDPC-DiscreteMI-v0,24,76,14,4.274913550700236,0.0
rl,dqn | LDPC-DiscreteMI-v0,24,76,15,4.047640863855698,0.0
rl,dqn | LDPC-DiscreteMI-v0,24,76,16,4.522302225238055,0.0
rl,dqn | LDPC-DiscreteMI-v0,24,76,17,4.387002127418125,0.0
rl,dqn | LDPC-DiscreteMI-v0,24,76,18,5.25577600339865,0.0
rl,dqn | LDPC-DiscreteMI-v0,24,76,19,5.585021091612191,0.0
rl,dqn | LDPC-DiscreteMI-v0,24,76,20,4.57456830431045,0.0
rl,dqn | LDPC-DiscreteMI-v0,24,76,21,4.7315994907636245,0.0
rl,dqn | LDPC-DiscreteMI-v0,24,76,22,4.640387693350927,0.0
rl,dqn | LDPC-DiscreteMI-v0,24,76,23,4.740846808558913,0.0
rl,dqn | LDPC-DiscreteMI-v0,24,77,0,4.3948789815393345,0.0
rl,dqn | LDPC-DiscreteMI-v0,24,77,1,4.324793729220151,0.0
rl,dqn | LDPC-DiscreteMI-v0,24,77,2,4.539427531269508,0.0
rl,dqn | LDPC-DiscreteMI-v0,24,77,3,4.6687563167378086,0.0
rl,dqn | LDPC-DiscreteMI-v0,24,77,4,4.4657544130303135,0.0
rl,dqn | LDPC-DiscreteMI-v0,24,77,5,4.545723757519709,0.0
rl,dqn | LDPC-DiscreteMI-v0,24,77,6,4.49062588429528,0.0
rl,dqn | LDPC-DiscreteMI-v0,24,77,7,4.796723620093935,0.0
rl,dqn | LDPC-DiscreteMI-v0,24,77,8,4.32107367446715,0.0
rl,dqn | LDPC-DiscreteMI-v0,24,77,9,4.455656399001395,0.0
rl,dqn | LDPC-DiscreteMI-v0,24,77,10,4.446032993695181,0.0
rl,dqn | LDPC-DiscreteMI-v0,24,77,11,4.3954383020423675,0.0
rl,dqn | LDPC-DiscreteMI-v0,24,77,12,4.33282433856829,0.0
rl,dqn | LDPC-DiscreteMI-v0,24,77,13,4.612137686181265,0.0
rl,dqn | LDPC-DiscreteMI-v0,24,77,14,4.274913550700236,0.0
rl,dqn | LDPC-DiscreteMI-v0,24,77,15,4.047640863855698,0.0
rl,dqn | LDPC-DiscreteMI-v0,24,77,16,4.522302225238055,0.0
rl,dqn | LDPC-DiscreteMI-v0,24,77,17,4.387002127418125,0.0
rl,dqn | LDPC-DiscreteMI-v0,24,77,18,5.25577600339865,0.0
rl,dqn | LDPC-DiscreteMI-v0,24,77,19,5.585021091612191,0.0
rl,dqn | LDPC-DiscreteMI-v0,24,77,20,4.57456830431045,0.0
rl,dqn | LDPC-DiscreteMI-v0,24,77,21,4.7315994907636245,0.0
rl,dqn | LDPC-DiscreteMI-v0,24,77,22,4.640387693350927,0.0
rl,dqn | LDPC-DiscreteMI-v0,24,77,23,4.740846808558913,0.0
rl,dqn | LDPC-DiscreteMI-v0,24,78,0,4.3948789815393345,0.0
rl,dqn | LDPC-DiscreteMI-v0,24,78,1,4.324793729220151,0.0
rl,dqn | LDPC-DiscreteMI-v0,24,78,2,4.539427531269508,0.0
rl,dqn | LDPC-DiscreteMI-v0,24,78,3,4.6687563167378086,0.0
rl,dqn | LDPC-DiscreteMI-v0,24,78,4,4.4657544130303135,0.0
rl,dqn | LDPC-DiscreteMI-v0,24,78,5,4.545723757519709,0.0
rl,dqn | LDPC-DiscreteMI-v0,24,78,6,4.49062588429528,0.0
rl,dqn | LDPC-DiscreteMI-v0,24,78,7,4.796723620093935,0.0
rl,dqn | LDPC-DiscreteMI-v0,24,78,8,4.32107367446715,0.0
rl,dqn | LDPC-DiscreteMI-v0,24,78,9,4.455656399001395,0.0
rl,dqn | LDPC-DiscreteMI-v0,24,78,10,4.446032993695181,0.0
rl,dqn | LDPC-DiscreteMI-v0,24,78,11,4.3954383020423675,0.0
rl,dqn | LDPC-DiscreteMI-v0,24,78,12,4.33282433856829,0.0
rl,dqn | LDPC-DiscreteMI-v0,24,78,13,4.612137686181265,0.0
rl,dqn | LDPC-DiscreteMI-v0,24,78,14,4.274913550700236,0.0
rl,dqn | LDPC-DiscreteMI-v0,24,78,15,4.047640863855698,0.0
rl,dqn | LDPC-DiscreteMI-v0,24,78,16,4.522302225238055,0.0
rl,dqn | LDPC-DiscreteMI-v0,24,78,17,4.387002127418125,0.0
rl,dqn | LDPC-DiscreteMI-v0,24,78,18,5.25577600339865,0.0
rl,dqn | LDPC-DiscreteMI-v0,24,78,19,5.585021091612191,0.0
rl,dqn | LDPC-DiscreteMI-v0,24,78,20,4.57456830431045,0.0
rl,dqn | LDPC-DiscreteMI-v0,24,78,21,4.7315994907636245,0.0
rl,dqn | LDPC-DiscreteMI-v0,24,78,22,4.640387693350927,0.0
rl,dqn | LDPC-DiscreteMI-v0,24,78,23,4.740846808558913,0.0
rl,dqn | LDPC-DiscreteMI-v0,24,79,0,4.3948789815393345,0.0
rl,dqn | LDPC-DiscreteMI-v0,24,79,1,4.324793729220151,0.0
rl,dqn | LDPC-DiscreteMI-v0,24,79,2,4.539427531269508,0.0
rl,dqn | LDPC-DiscreteMI-v0,24,79,3,4.6687563167378086,0.0
rl,dqn | LDPC-DiscreteMI-v0,24,79,4,4.4657544130303135,0.0
rl,dqn | LDPC-DiscreteMI-v0,24,79,5,4.545723757519709,0.0
rl,dqn | LDPC-DiscreteMI-v0,24,79,6,4.49062588429528,0.0
rl,dqn | LDPC-DiscreteMI-v0,24,79,7,4.796723620093935,0.0
rl,dqn | LDPC-DiscreteMI-v0,24,79,8,4.32107367446715,0.0
rl,dqn | LDPC-DiscreteMI-v0,24,79,9,4.455656399001395,0.0
rl,dqn | LDPC-DiscreteMI-v0,24,79,10,4.446032993695181,0.0
rl,dqn | LDPC-DiscreteMI-v0,24,79,11,4.3954383020423675,0.0
rl,dqn | LDPC-DiscreteMI-v0,24,79,12,4.33282433856829,0.0
rl,dqn | LDPC-DiscreteMI-v0,24,79,13,4.612137686181265,0.0
rl,dqn | LDPC-DiscreteMI-v0,24,79,14,4.274913550700236,0.0
rl,dqn | LDPC-DiscreteMI-v0,24,79,15,4.047640863855698,0.0
rl,dqn | LDPC-DiscreteMI-v0,24,79,16,4.522302225238055,0.0
rl,dqn | LDPC-DiscreteMI-v0,24,79,17,4.387002127418125,0.0
rl,dqn | LDPC-DiscreteMI-v0,24,79,18,5.25577600339865,0.0
rl,dqn | LDPC-DiscreteMI-v0,24,79,19,5.585021091612191,0.0
rl,dqn | LDPC-DiscreteMI-v0,24,79,20,4.57456830431045,0.0
rl,dqn | LDPC-DiscreteMI-v0,24,79,21,4.7315994907636245,0.0
rl,dqn | LDPC-DiscreteMI-v0,24,79,22,4.640387693350927,0.0
rl,dqn | LDPC-DiscreteMI-v0,24,79,23,4.740846808558913,0.0
rl,dqn | LDPC-DiscreteMI-v0,24,80,0,4.3948789815393345,0.0
rl,dqn | LDPC-DiscreteMI-v0,24,80,1,4.324793729220151,0.0
rl,dqn | LDPC-DiscreteMI-v0,24,80,2,4.539427531269508,0.0
rl,dqn | LDPC-DiscreteMI-v0,24,80,3,4.6687563167378086,0.0
rl,dqn | LDPC-DiscreteMI-v0,24,80,4,4.4657544130303135,0.0
rl,dqn | LDPC-DiscreteMI-v0,24,80,5,4.545723757519709,0.0
rl,dqn | LDPC-DiscreteMI-v0,24,80,6,4.49062588429528,0.0
rl,dqn | LDPC-DiscreteMI-v0,24,80,7,4.796723620093935,0.0
rl,dqn | LDPC-DiscreteMI-v0,24,80,8,4.32107367446715,0.0
rl,dqn | LDPC-DiscreteMI-v0,24,80,9,4.455656399001395,0.0
rl,dqn | LDPC-DiscreteMI-v0,24,80,10,4.446032993695181,0.0
rl,dqn | LDPC-DiscreteMI-v0,24,80,11,4.3954383020423675,0.0
rl,dqn | LDPC-DiscreteMI-v0,24,80,12,4.33282433856829,0.0
rl,dqn | LDPC-DiscreteMI-v0,24,80,13,4.612137686181265,0.0
rl,dqn | LDPC-DiscreteMI-v0,24,80,14,4.274913550700236,0.0
rl,dqn | LDPC-DiscreteMI-v0,24,80,15,4.047640863855698,0.0
rl,dqn | LDPC-DiscreteMI-v0,24,80,16,4.522302225238055,0.0
rl,dqn | LDPC-DiscreteMI-v0,24,80,17,4.387002127418125,0.0
rl,dqn | LDPC-DiscreteMI-v0,24,80,18,5.25577600339865,0.0
rl,dqn | LDPC-DiscreteMI-v0,24,80,19,5.585021091612191,0.0
rl,dqn | LDPC-DiscreteMI-v0,24,80,20,4.57456830431045,0.0
rl,dqn | LDPC-DiscreteMI-v0,24,80,21,4.7315994907636245,0.0
rl,dqn | LDPC-DiscreteMI-v0,24,80,22,4.640387693350927,0.0
rl,dqn | LDPC-DiscreteMI-v0,24,80,23,4.740846808558913,0.0
rl,dqn | LDPC-DiscreteMI-v0,24,81,0,4.3948789815393345,0.0
rl,dqn | LDPC-DiscreteMI-v0,24,81,1,4.324793729220151,0.0
rl,dqn | LDPC-DiscreteMI-v0,24,81,2,4.539427531269508,0.0
rl,dqn | LDPC-DiscreteMI-v0,24,81,3,4.6687563167378086,0.0
rl,dqn | LDPC-DiscreteMI-v0,24,81,4,4.4657544130303135,0.0
rl,dqn | LDPC-DiscreteMI-v0,24,81,5,4.545723757519709,0.0
rl,dqn | LDPC-DiscreteMI-v0,24,81,6,4.49062588429528,0.0
rl,dqn | LDPC-DiscreteMI-v0,24,81,7,4.796723620093935,0.0
rl,dqn | LDPC-DiscreteMI-v0,24,81,8,4.32107367446715,0.0
rl,dqn | LDPC-DiscreteMI-v0,24,81,9,4.455656399001395,0.0
rl,dqn | LDPC-DiscreteMI-v0,24,81,10,4.446032993695181,0.0
rl,dqn | LDPC-DiscreteMI-v0,24,81,11,4.3954383020423675,0.0
rl,dqn | LDPC-DiscreteMI-v0,24,81,12,4.33282433856829,0.0
rl,dqn | LDPC-DiscreteMI-v0,24,81,13,4.612137686181265,0.0
rl,dqn | LDPC-DiscreteMI-v0,24,81,14,4.274913550700236,0.0
rl,dqn | LDPC-DiscreteMI-v0,24,81,15,4.047640863855698,0.0
rl,dqn | LDPC-DiscreteMI-v0,24,81,16,4.522302225238055,0.0
rl,dqn | LDPC-DiscreteMI-v0,24,81,17,4.387002127418125,0.0
rl,dqn | LDPC-DiscreteMI-v0,24,81,18,5.25577600339865,0.0
rl,dqn | LDPC-DiscreteMI-v0,24,81,19,5.585021091612191,0.0
rl,dqn | LDPC-DiscreteMI-v0,24,81,20,4.57456830431045,0.0
rl,dqn | LDPC-DiscreteMI-v0,24,81,21,4.7315994907636245,0.0
rl,dqn | LDPC-DiscreteMI-v0,24,81,22,4.640387693350927,0.0
rl,dqn | LDPC-DiscreteMI-v0,24,81,23,4.740846808558913,0.0
rl,dqn | LDPC-DiscreteMI-v0,24,82,0,4.3948789815393345,0.0
rl,dqn | LDPC-DiscreteMI-v0,24,82,1,4.324793729220151,0.0
rl,dqn | LDPC-DiscreteMI-v0,24,82,2,4.539427531269508,0.0
rl,dqn | LDPC-DiscreteMI-v0,24,82,3,4.6687563167378086,0.0
rl,dqn | LDPC-DiscreteMI-v0,24,82,4,4.4657544130303135,0.0
rl,dqn | LDPC-DiscreteMI-v0,24,82,5,4.545723757519709,0.0
rl,dqn | LDPC-DiscreteMI-v0,24,82,6,4.49062588429528,0.0
rl,dqn | LDPC-DiscreteMI-v0,24,82,7,4.796723620093935,0.0
rl,dqn | LDPC-DiscreteMI-v0,24,82,8,4.32107367446715,0.0
rl,dqn | LDPC-DiscreteMI-v0,24,82,9,4.455656399001395,0.0
rl,dqn | LDPC-DiscreteMI-v0,24,82,10,4.446032993695181,0.0
rl,dqn | LDPC-DiscreteMI-v0,24,82,11,4.3954383020423675,0.0
rl,dqn | LDPC-DiscreteMI-v0,24,82,12,4.33282433856829,0.0
rl,dqn | LDPC-DiscreteMI-v0,24,82,13,4.612137686181265,0.0
rl,dqn | LDPC-DiscreteMI-v0,24,82,14,4.274913550700236,0.0
rl,dqn | LDPC-DiscreteMI-v0,24,82,15,4.047640863855698,0.0
rl,dqn | LDPC-DiscreteMI-v0,24,82,16,4.522302225238055,0.0
rl,dqn | LDPC-DiscreteMI-v0,24,82,17,4.387002127418125,0.0
rl,dqn | LDPC-DiscreteMI-v0,24,82,18,5.25577600339865,0.0
rl,dqn | LDPC-DiscreteMI-v0,24,82,19,5.585021091612191,0.0
rl,dqn | LDPC-DiscreteMI-v0,24,82,20,4.57456830431045,0.0
rl,dqn | LDPC-DiscreteMI-v0,24,82,21,4.7315994907636245,0.0
rl,dqn | LDPC-DiscreteMI-v0,24,82,22,4.640387693350927,0.0
rl,dqn | LDPC-DiscreteMI-v0,24,82,23,4.740846808558913,0.0
rl,dqn | LDPC-DiscreteMI-v0,24,83,0,4.3948789815393345,0.0
rl,dqn | LDPC-DiscreteMI-v0,24,83,1,4.324793729220151,0.0
rl,dqn | LDPC-DiscreteMI-v0,24,83,2,4.539427531269508,0.0
rl,dqn | LDPC-DiscreteMI-v0,24,83,3,4.6687563167378086,0.0
rl,dqn | LDPC-DiscreteMI-v0,24,83,4,4.4657544130303135,0.0
rl,dqn | LDPC-DiscreteMI-v0,24,83,5,4.545723757519709,0.0
rl,dqn | LDPC-DiscreteMI-v0,24,83,6,4.49062588429528,0.0
rl,dqn | LDPC-DiscreteMI-v0,24,83,7,4.796723620093935,0.0
rl,dqn | LDPC-DiscreteMI-v0,24,83,8,4.32107367446715,0.0
rl,dqn | LDPC-DiscreteMI-v0,24,83,9,4.455656399001395,0.0
rl,dqn | LDPC-DiscreteMI-v0,24,83,10,4.446032993695181,0.0
rl,dqn | LDPC-DiscreteMI-v0,24,83,11,4.3954383020423675,0.0
rl,dqn | LDPC-DiscreteMI-v0,24,83,12,4.33282433856829,0.0
rl,dqn | LDPC-DiscreteMI-v0,24,83,13,4.612137686181265,0.0
rl,dqn | LDPC-DiscreteMI-v0,24,83,14,4.274913550700236,0.0
rl,dqn | LDPC-DiscreteMI-v0,24,83,15,4.047640863855698,0.0
rl,dqn | LDPC-DiscreteMI-v0,24,83,16,4.522302225238055,0.0
rl,dqn | LDPC-DiscreteMI-v0,24,83,17,4.387002127418125,0.0
rl,dqn | LDPC-DiscreteMI-v0,24,83,18,5.25577600339865,0.0
rl,dqn | LDPC-DiscreteMI-v0,24,83,19,5.585021091612191,0.0
rl,dqn | LDPC-DiscreteMI-v0,24,83,20,4.57456830431045,0.0
rl,dqn | LDPC-DiscreteMI-v0,24,83,21,4.7315994907636245,0.0
rl,dqn | LDPC-DiscreteMI-v0,24,83,22,4.640387693350927,0.0
rl,dqn | LDPC-DiscreteMI-v0,24,83,23,4.740846808558913,0.0
rl,dqn | LDPC-DiscreteMI-v0,24,84,0,4.3948789815393345,0.0
rl,dqn | LDPC-DiscreteMI-v0,24,84,1,4.324793729220151,0.0
rl,dqn | LDPC-DiscreteMI-v0,24,84,2,4.539427531269508,0.0
rl,dqn | LDPC-DiscreteMI-v0,24,84,3,4.6687563167378086,0.0
rl,dqn | LDPC-DiscreteMI-v0,24,84,4,4.4657544130303135,0.0
rl,dqn | LDPC-DiscreteMI-v0,24,84,5,4.545723757519709,0.0
rl,dqn | LDPC-DiscreteMI-v0,24,84,6,4.49062588429528,0.0
rl,dqn | LDPC-DiscreteMI-v0,24,84,7,4.796723620093935,0.0
rl,dqn | LDPC-DiscreteMI-v0,24,84,8,4.32107367446715,0.0
rl,dqn | LDPC-DiscreteMI-v0,24,84,9,4.455656399001395,0.0
rl,dqn | LDPC-DiscreteMI-v0,24,84,10,4.446032993695181,0.0
rl,dqn | LDPC-DiscreteMI-v0,24,84,11,4.3954383020423675,0.0
rl,dqn | LDPC-DiscreteMI-v0,24,84,12,4.33282433856829,0.0
rl,dqn | LDPC-DiscreteMI-v0,24,84,13,4.612137686181265,0.0
rl,dqn | LDPC-DiscreteMI-v0,24,84,14,4.274913550700236,0.0
rl,dqn | LDPC-DiscreteMI-v0,24,84,15,4.047640863855698,0.0
rl,dqn | LDPC-DiscreteMI-v0,24,84,16,4.522302225238055,0.0
rl,dqn | LDPC-DiscreteMI-v0,24,84,17,4.387002127418125,0.0
rl,dqn | LDPC-DiscreteMI-v0,24,84,18,5.25577600339865,0.0
rl,dqn | LDPC-DiscreteMI-v0,24,84,19,5.585021091612191,0.0
rl,dqn | LDPC-DiscreteMI-v0,24,84,20,4.57456830431045,0.0
rl,dqn | LDPC-DiscreteMI-v0,24,84,21,4.7315994907636245,0.0
rl,dqn | LDPC-DiscreteMI-v0,24,84,22,4.640387693350927,0.0
rl,dqn | LDPC-DiscreteMI-v0,24,84,23,4.740846808558913,0.0
rl,dqn | LDPC-DiscreteMI-v0,24,85,0,4.3948789815393345,0.0
rl,dqn | LDPC-DiscreteMI-v0,24,85,1,4.324793729220151,0.0
rl,dqn | LDPC-DiscreteMI-v0,24,85,2,4.539427531269508,0.0
rl,dqn | LDPC-DiscreteMI-v0,24,85,3,4.6687563167378086,0.0
rl,dqn | LDPC-DiscreteMI-v0,24,85,4,4.4657544130303135,0.0
rl,dqn | LDPC-DiscreteMI-v0,24,85,5,4.545723757519709,0.0
rl,dqn | LDPC-DiscreteMI-v0,24,85,6,4.49062588429528,0.0
rl,dqn | LDPC-DiscreteMI-v0,24,85,7,4.796723620093935,0.0
rl,dqn | LDPC-DiscreteMI-v0,24,85,8,4.32107367446715,0.0
rl,dqn | LDPC-DiscreteMI-v0,24,85,9,4.455656399001395,0.0
rl,dqn | LDPC-DiscreteMI-v0,24,85,10,4.446032993695181,0.0
rl,dqn | LDPC-DiscreteMI-v0,24,85,11,4.3954383020423675,0.0
rl,dqn | LDPC-DiscreteMI-v0,24,85,12,4.33282433856829,0.0
rl,dqn | LDPC-DiscreteMI-v0,24,85,13,4.612137686181265,0.0
rl,dqn | LDPC-DiscreteMI-v0,24,85,14,4.274913550700236,0.0
rl,dqn | LDPC-DiscreteMI-v0,24,85,15,4.047640863855698,0.0
rl,dqn | LDPC-DiscreteMI-v0,24,85,16,4.522302225238055,0.0
rl,dqn | LDPC-DiscreteMI-v0,24,85,17,4.387002127418125,0.0
rl,dqn | LDPC-DiscreteMI-v0,24,85,18,5.25577600339865,0.0
rl,dqn | LDPC-DiscreteMI-v0,24,85,19,5.585021091612191,0.0
rl,dqn | LDPC-DiscreteMI-v0,24,85,20,4.57456830431045,0.0
rl,dqn | LDPC-DiscreteMI-v0,24,85,21,4.7315994907636245,0.0
rl,dqn | LDPC-DiscreteMI-v0,24,85,22,4.640387693350927,0.0
rl,dqn | LDPC-DiscreteMI-v0,24,85,23,4.740846808558913,0.0
rl,dqn | LDPC-DiscreteMI-v0,24,86,0,4.3948789815393345,0.0
rl,dqn | LDPC-DiscreteMI-v0,24,86,1,4.324793729220151,0.0
rl,dqn | LDPC-DiscreteMI-v0,24,86,2,4.539427531269508,0.0
rl,dqn | LDPC-DiscreteMI-v0,24,86,3,4.6687563167378086,0.0
rl,dqn | LDPC-DiscreteMI-v0,24,86,4,4.4657544130303135,0.0
rl,dqn | LDPC-DiscreteMI-v0,24,86,5,4.545723757519709,0.0
rl,dqn | LDPC-DiscreteMI-v0,24,86,6,4.49062588429528,0.0
rl,dqn | LDPC-DiscreteMI-v0,24,86,7,4.796723620093935,0.0
rl,dqn | LDPC-DiscreteMI-v0,24,86,8,4.32107367446715,0.0
rl,dqn | LDPC-DiscreteMI-v0,24,86,9,4.455656399001395,0.0
rl,dqn | LDPC-DiscreteMI-v0,24,86,10,4.446032993695181,0.0
rl,dqn | LDPC-DiscreteMI-v0,24,86,11,4.3954383020423675,0.0
rl,dqn | LDPC-DiscreteMI-v0,24,86,12,4.33282433856829,0.0
rl,dqn | LDPC-DiscreteMI-v0,24,86,13,4.612137686181265,0.0
rl,dqn | LDPC-DiscreteMI-v0,24,86,14,4.274913550700236,0.0
rl,dqn | LDPC-DiscreteMI-v0,24,86,15,4.047640863855698,0.0
rl,dqn | LDPC-DiscreteMI-v0,24,86,16,4.522302225238055,0.0
rl,dqn | LDPC-DiscreteMI-v0,24,86,17,4.387002127418125,0.0
rl,dqn | LDPC-DiscreteMI-v0,24,86,18,5.25577600339865,0.0
rl,dqn | LDPC-DiscreteMI-v0,24,86,19,5.585021091612191,0.0
rl,dqn | LDPC-DiscreteMI-v0,24,86,20,4.57456830431045,0.0
rl,dqn | LDPC-DiscreteMI-v0,24,86,21,4.7315994907636245,0.0
rl,dqn | LDPC-DiscreteMI-v0,24,86,22,4.640387693350927,0.0
rl,dqn | LDPC-DiscreteMI-v0,24,86,23,4.740846808558913,0.0
rl,dqn | LDPC-DiscreteMI-v0,24,87,0,4.3948789815393345,0.0
rl,dqn | LDPC-DiscreteMI-v0,24,87,1,4.324793729220151,0.0
rl,dqn | LDPC-DiscreteMI-v0,24,87,2,4.539427531269508,0.0
rl,dqn | LDPC-DiscreteMI-v0,24,87,3,4.6687563167378086,0.0
rl,dqn | LDPC-DiscreteMI-v0,24,87,4,4.4657544130303135,0.0
rl,dqn | LDPC-DiscreteMI-v0,24,87,5,4.545723757519709,0.0
rl,dqn | LDPC-DiscreteMI-v0,24,87,6,4.49062588429528,0.0
rl,dqn | LDPC-DiscreteMI-v0,24,87,7,4.796723620093935,0.0
rl,dqn | LDPC-DiscreteMI-v0,24,87,8,4.32107367446715,0.0
rl,dqn | LDPC-DiscreteMI-v0,24,87,9,4.455656399001395,0.0
rl,dqn | LDPC-DiscreteMI-v0,24,87,10,4.446032993695181,0.0
rl,dqn | LDPC-DiscreteMI-v0,24,87,11,4.3954383020423675,0.0
rl,dqn | LDPC-DiscreteMI-v0,24,87,12,4.33282433856829,0.0
rl,dqn | LDPC-DiscreteMI-v0,24,87,13,4.612137686181265,0.0
rl,dqn | LDPC-DiscreteMI-v0,24,87,14,4.274913550700236,0.0
rl,dqn | LDPC-DiscreteMI-v0,24,87,15,4.047640863855698,0.0
rl,dqn | LDPC-DiscreteMI-v0,24,87,16,4.522302225238055,0.0
rl,dqn | LDPC-DiscreteMI-v0,24,87,17,4.387002127418125,0.0
rl,dqn | LDPC-DiscreteMI-v0,24,87,18,5.25577600339865,0.0
rl,dqn | LDPC-DiscreteMI-v0,24,87,19,5.585021091612191,0.0
rl,dqn | LDPC-DiscreteMI-v0,24,87,20,4.57456830431045,0.0
rl,dqn | LDPC-DiscreteMI-v0,24,87,21,4.7315994907636245,0.0
rl,dqn | LDPC-DiscreteMI-v0,24,87,22,4.640387693350927,0.0
rl,dqn | LDPC-DiscreteMI-v0,24,87,23,4.740846808558913,0.0
rl,dqn | LDPC-DiscreteMI-v0,24,88,0,4.3948789815393345,0.0
rl,dqn | LDPC-DiscreteMI-v0,24,88,1,4.324793729220151,0.0
rl,dqn | LDPC-DiscreteMI-v0,24,88,2,4.539427531269508,0.0
rl,dqn | LDPC-DiscreteMI-v0,24,88,3,4.6687563167378086,0.0
rl,dqn | LDPC-DiscreteMI-v0,24,88,4,4.4657544130303135,0.0
rl,dqn | LDPC-DiscreteMI-v0,24,88,5,4.545723757519709,0.0
rl,dqn | LDPC-DiscreteMI-v0,24,88,6,4.49062588429528,0.0
rl,dqn | LDPC-DiscreteMI-v0,24,88,7,4.796723620093935,0.0
rl,dqn | LDPC-DiscreteMI-v0,24,88,8,4.32107367446715,0.0
rl,dqn | LDPC-DiscreteMI-v0,24,88,9,4.455656399001395,0.0
rl,dqn | LDPC-DiscreteMI-v0,24,88,10,4.446032993695181,0.0
rl,dqn | LDPC-DiscreteMI-v0,24,88,11,4.3954383020423675,0.0
rl,dqn | LDPC-DiscreteMI-v0,24,88,12,4.33282433856829,0.0
rl,dqn | LDPC-DiscreteMI-v0,24,88,13,4.612137686181265,0.0
rl,dqn | LDPC-DiscreteMI-v0,24,88,14,4.274913550700236,0.0
rl,dqn | LDPC-DiscreteMI-v0,24,88,15,4.047640863855698,0.0
rl,dqn | LDPC-DiscreteMI-v0,24,88,16,4.522302225238055,0.0
rl,dqn | LDPC-DiscreteMI-v0,24,88,17,4.387002127418125,0.0
rl,dqn | LDPC-DiscreteMI-v0,24,88,18,5.25577600339865,0.0
rl,dqn | LDPC-DiscreteMI-v0,24,88,19,5.585021091612191,0.0
rl,dqn | LDPC-DiscreteMI-v0,24,88,20,4.57456830431045,0.0
rl,dqn | LDPC-DiscreteMI-v0,24,88,21,4.7315994907636245,0.0
rl,dqn | LDPC-DiscreteMI-v0,24,88,22,4.640387693350927,0.0
rl,dqn | LDPC-DiscreteMI-v0,24,88,23,4.740846808558913,0.0
rl,dqn | LDPC-DiscreteMI-v0,24,89,0,4.3948789815393345,0.0
rl,dqn | LDPC-DiscreteMI-v0,24,89,1,4.324793729220151,0.0
rl,dqn | LDPC-DiscreteMI-v0,24,89,2,4.539427531269508,0.0
rl,dqn | LDPC-DiscreteMI-v0,24,89,3,4.6687563167378086,0.0
rl,dqn | LDPC-DiscreteMI-v0,24,89,4,4.4657544130303135,0.0
rl,dqn | LDPC-DiscreteMI-v0,24,89,5,4.545723757519709,0.0
rl,dqn | LDPC-DiscreteMI-v0,24,89,6,4.49062588429528,0.0
rl,dqn | LDPC-DiscreteMI-v0,24,89,7,4.796723620093935,0.0
rl,dqn | LDPC-DiscreteMI-v0,24,89,8,4.32107367446715,0.0
rl,dqn | LDPC-DiscreteMI-v0,24,89,9,4.455656399001395,0.0
rl,dqn | LDPC-DiscreteMI-v0,24,89,10,4.446032993695181,0.0
rl,dqn | LDPC-DiscreteMI-v0,24,89,11,4.3954383020423675,0.0
rl,dqn | LDPC-DiscreteMI-v0,24,89,12,4.33282433856829,0.0
rl,dqn | LDPC-DiscreteMI-v0,24,89,13,4.612137686181265,0.0
rl,dqn | LDPC-DiscreteMI-v0,24,89,14,4.274913550700236,0.0
rl,dqn | LDPC-DiscreteMI-v0,24,89,15,4.047640863855698,0.0
rl,dqn | LDPC-DiscreteMI-v0,24,89,16,4.522302225238055,0.0
rl,dqn | LDPC-DiscreteMI-v0,24,89,17,4.387002127418125,0.0
rl,dqn | LDPC-DiscreteMI-v0,24,89,18,5.25577600339865,0.0
rl,dqn | LDPC-DiscreteMI-v0,24,89,19,5.585021091612191,0.0
rl,dqn | LDPC-DiscreteMI-v0,24,89,20,4.57456830431045,0.0
rl,dqn | LDPC-DiscreteMI-v0,24,89,21,4.7315994907636245,0.0
rl,dqn | LDPC-DiscreteMI-v0,24,89,22,4.640387693350927,0.0
rl,dqn | LDPC-DiscreteMI-v0,24,89,23,4.740846808558913,0.0
rl,dqn | LDPC-DiscreteMI-v0,24,90,0,4.3948789815393345,0.0
rl,dqn | LDPC-DiscreteMI-v0,24,90,1,4.324793729220151,0.0
rl,dqn | LDPC-DiscreteMI-v0,24,90,2,4.539427531269508,0.0
rl,dqn | LDPC-DiscreteMI-v0,24,90,3,4.6687563167378086,0.0
rl,dqn | LDPC-DiscreteMI-v0,24,90,4,4.4657544130303135,0.0
rl,dqn | LDPC-DiscreteMI-v0,24,90,5,4.545723757519709,0.0
rl,dqn | LDPC-DiscreteMI-v0,24,90,6,4.49062588429528,0.0
rl,dqn | LDPC-DiscreteMI-v0,24,90,7,4.796723620093935,0.0
rl,dqn | LDPC-DiscreteMI-v0,24,90,8,4.32107367446715,0.0
rl,dqn | LDPC-DiscreteMI-v0,24,90,9,4.455656399001395,0.0
rl,dqn | LDPC-DiscreteMI-v0,24,90,10,4.446032993695181,0.0
rl,dqn | LDPC-DiscreteMI-v0,24,90,11,4.3954383020423675,0.0
rl,dqn | LDPC-DiscreteMI-v0,24,90,12,4.33282433856829,0.0
rl,dqn | LDPC-DiscreteMI-v0,24,90,13,4.612137686181265,0.0
rl,dqn | LDPC-DiscreteMI-v0,24,90,14,4.274913550700236,0.0
rl,dqn | LDPC-DiscreteMI-v0,24,90,15,4.047640863855698,0.0
rl,dqn | LDPC-DiscreteMI-v0,24,90,16,4.522302225238055,0.0
rl,dqn | LDPC-DiscreteMI-v0,24,90,17,4.387002127418125,0.0
rl,dqn | LDPC-DiscreteMI-v0,24,90,18,5.25577600339865,0.0
rl,dqn | LDPC-DiscreteMI-v0,24,90,19,5.585021091612191,0.0
rl,dqn | LDPC-DiscreteMI-v0,24,90,20,4.57456830431045,0.0
rl,dqn | LDPC-DiscreteMI-v0,24,90,21,4.7315994907636245,0.0
rl,dqn | LDPC-DiscreteMI-v0,24,90,22,4.640387693350927,0.0
rl,dqn | LDPC-DiscreteMI-v0,24,90,23,4.740846808558913,0.0
rl,dqn | LDPC-DiscreteMI-v0,24,91,0,4.3948789815393345,0.0
rl,dqn | LDPC-DiscreteMI-v0,24,91,1,4.324793729220151,0.0
rl,dqn | LDPC-DiscreteMI-v0,24,91,2,4.539427531269508,0.0
rl,dqn | LDPC-DiscreteMI-v0,24,91,3,4.6687563167378086,0.0
rl,dqn | LDPC-DiscreteMI-v0,24,91,4,4.4657544130303135,0.0
rl,dqn | LDPC-DiscreteMI-v0,24,91,5,4.545723757519709,0.0
rl,dqn | LDPC-DiscreteMI-v0,24,91,6,4.49062588429528,0.0
rl,dqn | LDPC-DiscreteMI-v0,24,91,7,4.796723620093935,0.0
rl,dqn | LDPC-DiscreteMI-v0,24,91,8,4.32107367446715,0.0
rl,dqn | LDPC-DiscreteMI-v0,24,91,9,4.455656399001395,0.0
rl,dqn | LDPC-DiscreteMI-v0,24,91,10,4.446032993695181,0.0
rl,dqn | LDPC-DiscreteMI-v0,24,91,11,4.3954383020423675,0.0
rl,dqn | LDPC-DiscreteMI-v0,24,91,12,4.33282433856829,0.0
rl,dqn | LDPC-DiscreteMI-v0,24,91,13,4.612137686181265,0.0
rl,dqn | LDPC-DiscreteMI-v0,24,91,14,4.274913550700236,0.0
rl,dqn | LDPC-DiscreteMI-v0,24,91,15,4.047640863855698,0.0
rl,dqn | LDPC-DiscreteMI-v0,24,91,16,4.522302225238055,0.0
rl,dqn | LDPC-DiscreteMI-v0,24,91,17,4.387002127418125,0.0
rl,dqn | LDPC-DiscreteMI-v0,24,91,18,5.25577600339865,0.0
rl,dqn | LDPC-DiscreteMI-v0,24,91,19,5.585021091612191,0.0
rl,dqn | LDPC-DiscreteMI-v0,24,91,20,4.57456830431045,0.0
rl,dqn | LDPC-DiscreteMI-v0,24,91,21,4.7315994907636245,0.0
rl,dqn | LDPC-DiscreteMI-v0,24,91,22,4.640387693350927,0.0
rl,dqn | LDPC-DiscreteMI-v0,24,91,23,4.740846808558913,0.0
rl,dqn | LDPC-DiscreteMI-v0,24,92,0,4.3948789815393345,0.0
rl,dqn | LDPC-DiscreteMI-v0,24,92,1,4.324793729220151,0.0
rl,dqn | LDPC-DiscreteMI-v0,24,92,2,4.539427531269508,0.0
rl,dqn | LDPC-DiscreteMI-v0,24,92,3,4.6687563167378086,0.0
rl,dqn | LDPC-DiscreteMI-v0,24,92,4,4.4657544130303135,0.0
rl,dqn | LDPC-DiscreteMI-v0,24,92,5,4.545723757519709,0.0
rl,dqn | LDPC-DiscreteMI-v0,24,92,6,4.49062588429528,0.0
rl,dqn | LDPC-DiscreteMI-v0,24,92,7,4.796723620093935,0.0
rl,dqn | LDPC-DiscreteMI-v0,24,92,8,4.32107367446715,0.0
rl,dqn | LDPC-DiscreteMI-v0,24,92,9,4.455656399001395,0.0
rl,dqn | LDPC-DiscreteMI-v0,24,92,10,4.446032993695181,0.0
rl,dqn | LDPC-DiscreteMI-v0,24,92,11,4.3954383020423675,0.0
rl,dqn | LDPC-DiscreteMI-v0,24,92,12,4.33282433856829,0.0
rl,dqn | LDPC-DiscreteMI-v0,24,92,13,4.612137686181265,0.0
rl,dqn | LDPC-DiscreteMI-v0,24,92,14,4.274913550700236,0.0
rl,dqn | LDPC-DiscreteMI-v0,24,92,15,4.047640863855698,0.0
rl,dqn | LDPC-DiscreteMI-v0,24,92,16,4.522302225238055,0.0
rl,dqn | LDPC-DiscreteMI-v0,24,92,17,4.387002127418125,0.0
rl,dqn | LDPC-DiscreteMI-v0,24,92,18,5.25577600339865,0.0
rl,dqn | LDPC-DiscreteMI-v0,24,92,19,5.585021091612191,0.0
rl,dqn | LDPC-DiscreteMI-v0,24,92,20,4.57456830431045,0.0
rl,dqn | LDPC-DiscreteMI-v0,24,92,21,4.7315994907636245,0.0
rl,dqn | LDPC-DiscreteMI-v0,24,92,22,4.640387693350927,0.0
rl,dqn | LDPC-DiscreteMI-v0,24,92,23,4.740846808558913,0.0
rl,dqn | LDPC-DiscreteMI-v0,24,93,0,4.3948789815393345,0.0
rl,dqn | LDPC-DiscreteMI-v0,24,93,1,4.324793729220151,0.0
rl,dqn | LDPC-DiscreteMI-v0,24,93,2,4.539427531269508,0.0
rl,dqn | LDPC-DiscreteMI-v0,24,93,3,4.6687563167378086,0.0
rl,dqn | LDPC-DiscreteMI-v0,24,93,4,4.4657544130303135,0.0
rl,dqn | LDPC-DiscreteMI-v0,24,93,5,4.545723757519709,0.0
rl,dqn | LDPC-DiscreteMI-v0,24,93,6,4.49062588429528,0.0
rl,dqn | LDPC-DiscreteMI-v0,24,93,7,4.796723620093935,0.0
rl,dqn | LDPC-DiscreteMI-v0,24,93,8,4.32107367446715,0.0
rl,dqn | LDPC-DiscreteMI-v0,24,93,9,4.455656399001395,0.0
rl,dqn | LDPC-DiscreteMI-v0,24,93,10,4.446032993695181,0.0
rl,dqn | LDPC-DiscreteMI-v0,24,93,11,4.3954383020423675,0.0
rl,dqn | LDPC-DiscreteMI-v0,24,93,12,4.33282433856829,0.0
rl,dqn | LDPC-DiscreteMI-v0,24,93,13,4.612137686181265,0.0
rl,dqn | LDPC-DiscreteMI-v0,24,93,14,4.274913550700236,0.0
rl,dqn | LDPC-DiscreteMI-v0,24,93,15,4.047640863855698,0.0
rl,dqn | LDPC-DiscreteMI-v0,24,93,16,4.522302225238055,0.0
rl,dqn | LDPC-DiscreteMI-v0,24,93,17,4.387002127418125,0.0
rl,dqn | LDPC-DiscreteMI-v0,24,93,18,5.25577600339865,0.0
rl,dqn | LDPC-DiscreteMI-v0,24,93,19,5.585021091612191,0.0
rl,dqn | LDPC-DiscreteMI-v0,24,93,20,4.57456830431045,0.0
rl,dqn | LDPC-DiscreteMI-v0,24,93,21,4.7315994907636245,0.0
rl,dqn | LDPC-DiscreteMI-v0,24,93,22,4.640387693350927,0.0
rl,dqn | LDPC-DiscreteMI-v0,24,93,23,4.740846808558913,0.0
rl,dqn | LDPC-DiscreteMI-v0,24,94,0,4.3948789815393345,0.0
rl,dqn | LDPC-DiscreteMI-v0,24,94,1,4.324793729220151,0.0
rl,dqn | LDPC-DiscreteMI-v0,24,94,2,4.539427531269508,0.0
rl,dqn | LDPC-DiscreteMI-v0,24,94,3,4.6687563167378086,0.0
rl,dqn | LDPC-DiscreteMI-v0,24,94,4,4.4657544130303135,0.0
rl,dqn | LDPC-DiscreteMI-v0,24,94,5,4.545723757519709,0.0
rl,dqn | LDPC-DiscreteMI-v0,24,94,6,4.49062588429528,0.0
rl,dqn | LDPC-DiscreteMI-v0,24,94,7,4.796723620093935,0.0
rl,dqn | LDPC-DiscreteMI-v0,24,94,8,4.32107367446715,0.0
rl,dqn | LDPC-DiscreteMI-v0,24,94,9,4.455656399001395,0.0
rl,dqn | LDPC-DiscreteMI-v0,24,94,10,4.446032993695181,0.0
rl,dqn | LDPC-DiscreteMI-v0,24,94,11,4.3954383020423675,0.0
rl,dqn | LDPC-DiscreteMI-v0,24,94,12,4.33282433856829,0.0
rl,dqn | LDPC-DiscreteMI-v0,24,94,13,4.612137686181265,0.0
rl,dqn | LDPC-DiscreteMI-v0,24,94,14,4.274913550700236,0.0
rl,dqn | LDPC-DiscreteMI-v0,24,94,15,4.047640863855698,0.0
rl,dqn | LDPC-DiscreteMI-v0,24,94,16,4.522302225238055,0.0
rl,dqn | LDPC-DiscreteMI-v0,24,94,17,4.387002127418125,0.0
rl,dqn | LDPC-DiscreteMI-v0,24,94,18,5.25577600339865,0.0
rl,dqn | LDPC-DiscreteMI-v0,24,94,19,5.585021091612191,0.0
rl,dqn | LDPC-DiscreteMI-v0,24,94,20,4.57456830431045,0.0
rl,dqn | LDPC-DiscreteMI-v0,24,94,21,4.7315994907636245,0.0
rl,dqn | LDPC-DiscreteMI-v0,24,94,22,4.640387693350927,0.0
rl,dqn | LDPC-DiscreteMI-v0,24,94,23,4.740846808558913,0.0
rl,dqn | LDPC-DiscreteMI-v0,24,95,0,4.3948789815393345,0.0
rl,dqn | LDPC-DiscreteMI-v0,24,95,1,4.324793729220151,0.0
rl,dqn | LDPC-DiscreteMI-v0,24,95,2,4.539427531269508,0.0
rl,dqn | LDPC-DiscreteMI-v0,24,95,3,4.6687563167378086,0.0
rl,dqn | LDPC-DiscreteMI-v0,24,95,4,4.4657544130303135,0.0
rl,dqn | LDPC-DiscreteMI-v0,24,95,5,4.545723757519709,0.0
rl,dqn | LDPC-DiscreteMI-v0,24,95,6,4.49062588429528,0.0
rl,dqn | LDPC-DiscreteMI-v0,24,95,7,4.796723620093935,0.0
rl,dqn | LDPC-DiscreteMI-v0,24,95,8,4.32107367446715,0.0
rl,dqn | LDPC-DiscreteMI-v0,24,95,9,4.455656399001395,0.0
rl,dqn | LDPC-DiscreteMI-v0,24,95,10,4.446032993695181,0.0
rl,dqn | LDPC-DiscreteMI-v0,24,95,11,4.3954383020423675,0.0
rl,dqn | LDPC-DiscreteMI-v0,24,95,12,4.33282433856829,0.0
rl,dqn | LDPC-DiscreteMI-v0,24,95,13,4.612137686181265,0.0
rl,dqn | LDPC-DiscreteMI-v0,24,95,14,4.274913550700236,0.0
rl,dqn | LDPC-DiscreteMI-v0,24,95,15,4.047640863855698,0.0
rl,dqn | LDPC-DiscreteMI-v0,24,95,16,4.522302225238055,0.0
rl,dqn | LDPC-DiscreteMI-v0,24,95,17,4.387002127418125,0.0
rl,dqn | LDPC-DiscreteMI-v0,24,95,18,5.25577600339865,0.0
rl,dqn | LDPC-DiscreteMI-v0,24,95,19,5.585021091612191,0.0
rl,dqn | LDPC-DiscreteMI-v0,24,95,20,4.57456830431045,0.0
rl,dqn | LDPC-DiscreteMI-v0,24,95,21,4.7315994907636245,0.0
rl,dqn | LDPC-DiscreteMI-v0,24,95,22,4.640387693350927,0.0
rl,dqn | LDPC-DiscreteMI-v0,24,95,23,4.740846808558913,0.0
rl,dqn | LDPC-DiscreteMI-v0,24,96,0,4.3948789815393345,0.0
rl,dqn | LDPC-DiscreteMI-v0,24,96,1,4.324793729220151,0.0
rl,dqn | LDPC-DiscreteMI-v0,24,96,2,4.539427531269508,0.0
rl,dqn | LDPC-DiscreteMI-v0,24,96,3,4.6687563167378086,0.0
rl,dqn | LDPC-DiscreteMI-v0,24,96,4,4.4657544130303135,0.0
rl,dqn | LDPC-DiscreteMI-v0,24,96,5,4.545723757519709,0.0
rl,dqn | LDPC-DiscreteMI-v0,24,96,6,4.49062588429528,0.0
rl,dqn | LDPC-DiscreteMI-v0,24,96,7,4.796723620093935,0.0
rl,dqn | LDPC-DiscreteMI-v0,24,96,8,4.32107367446715,0.0
rl,dqn | LDPC-DiscreteMI-v0,24,96,9,4.455656399001395,0.0
rl,dqn | LDPC-DiscreteMI-v0,24,96,10,4.446032993695181,0.0
rl,dqn | LDPC-DiscreteMI-v0,24,96,11,4.3954383020423675,0.0
rl,dqn | LDPC-DiscreteMI-v0,24,96,12,4.33282433856829,0.0
rl,dqn | LDPC-DiscreteMI-v0,24,96,13,4.612137686181265,0.0
rl,dqn | LDPC-DiscreteMI-v0,24,96,14,4.274913550700236,0.0
rl,dqn | LDPC-DiscreteMI-v0,24,96,15,4.047640863855698,0.0
rl,dqn | LDPC-DiscreteMI-v0,24,96,16,4.522302225238055,0.0
rl,dqn | LDPC-DiscreteMI-v0,24,96,17,4.387002127418125,0.0
rl,dqn | LDPC-DiscreteMI-v0,24,96,18,5.25577600339865,0.0
rl,dqn | LDPC-DiscreteMI-v0,24,96,19,5.585021091612191,0.0
rl,dqn | LDPC-DiscreteMI-v0,24,96,20,4.57456830431045,0.0
rl,dqn | LDPC-DiscreteMI-v0,24,96,21,4.7315994907636245,0.0
rl,dqn | LDPC-DiscreteMI-v0,24,96,22,4.640387693350927,0.0
rl,dqn | LDPC-DiscreteMI-v0,24,96,23,4.740846808558913,0.0
rl,dqn | LDPC-DiscreteMI-v0,24,97,0,4.3948789815393345,0.0
rl,dqn | LDPC-DiscreteMI-v0,24,97,1,4.324793729220151,0.0
rl,dqn | LDPC-DiscreteMI-v0,24,97,2,4.539427531269508,0.0
rl,dqn | LDPC-DiscreteMI-v0,24,97,3,4.6687563167378086,0.0
rl,dqn | LDPC-DiscreteMI-v0,24,97,4,4.4657544130303135,0.0
rl,dqn | LDPC-DiscreteMI-v0,24,97,5,4.545723757519709,0.0
rl,dqn | LDPC-DiscreteMI-v0,24,97,6,4.49062588429528,0.0
rl,dqn | LDPC-DiscreteMI-v0,24,97,7,4.796723620093935,0.0
rl,dqn | LDPC-DiscreteMI-v0,24,97,8,4.32107367446715,0.0
rl,dqn | LDPC-DiscreteMI-v0,24,97,9,4.455656399001395,0.0
rl,dqn | LDPC-DiscreteMI-v0,24,97,10,4.446032993695181,0.0
rl,dqn | LDPC-DiscreteMI-v0,24,97,11,4.3954383020423675,0.0
rl,dqn | LDPC-DiscreteMI-v0,24,97,12,4.33282433856829,0.0
rl,dqn | LDPC-DiscreteMI-v0,24,97,13,4.612137686181265,0.0
rl,dqn | LDPC-DiscreteMI-v0,24,97,14,4.274913550700236,0.0
rl,dqn | LDPC-DiscreteMI-v0,24,97,15,4.047640863855698,0.0
rl,dqn | LDPC-DiscreteMI-v0,24,97,16,4.522302225238055,0.0
rl,dqn | LDPC-DiscreteMI-v0,24,97,17,4.387002127418125,0.0
rl,dqn | LDPC-DiscreteMI-v0,24,97,18,5.25577600339865,0.0
rl,dqn | LDPC-DiscreteMI-v0,24,97,19,5.585021091612191,0.0
rl,dqn | LDPC-DiscreteMI-v0,24,97,20,4.57456830431045,0.0
rl,dqn | LDPC-DiscreteMI-v0,24,97,21,4.7315994907636245,0.0
rl,dqn | LDPC-DiscreteMI-v0,24,97,22,4.640387693350927,0.0
rl,dqn | LDPC-DiscreteMI-v0,24,97,23,4.740846808558913,0.0
rl,dqn | LDPC-DiscreteMI-v0,24,98,0,4.3948789815393345,0.0
rl,dqn | LDPC-DiscreteMI-v0,24,98,1,4.324793729220151,0.0
rl,dqn | LDPC-DiscreteMI-v0,24,98,2,4.539427531269508,0.0
rl,dqn | LDPC-DiscreteMI-v0,24,98,3,4.6687563167378086,0.0
rl,dqn | LDPC-DiscreteMI-v0,24,98,4,4.4657544130303135,0.0
rl,dqn | LDPC-DiscreteMI-v0,24,98,5,4.545723757519709,0.0
rl,dqn | LDPC-DiscreteMI-v0,24,98,6,4.49062588429528,0.0
rl,dqn | LDPC-DiscreteMI-v0,24,98,7,4.796723620093935,0.0
rl,dqn | LDPC-DiscreteMI-v0,24,98,8,4.32107367446715,0.0
rl,dqn | LDPC-DiscreteMI-v0,24,98,9,4.455656399001395,0.0
rl,dqn | LDPC-DiscreteMI-v0,24,98,10,4.446032993695181,0.0
rl,dqn | LDPC-DiscreteMI-v0,24,98,11,4.3954383020423675,0.0
rl,dqn | LDPC-DiscreteMI-v0,24,98,12,4.33282433856829,0.0
rl,dqn | LDPC-DiscreteMI-v0,24,98,13,4.612137686181265,0.0
rl,dqn | LDPC-DiscreteMI-v0,24,98,14,4.274913550700236,0.0
rl,dqn | LDPC-DiscreteMI-v0,24,98,15,4.047640863855698,0.0
rl,dqn | LDPC-DiscreteMI-v0,24,98,16,4.522302225238055,0.0
rl,dqn | LDPC-DiscreteMI-v0,24,98,17,4.387002127418125,0.0
rl,dqn | LDPC-DiscreteMI-v0,24,98,18,5.25577600339865,0.0
rl,dqn | LDPC-DiscreteMI-v0,24,98,19,5.585021091612191,0.0
rl,dqn | LDPC-DiscreteMI-v0,24,98,20,4.57456830431045,0.0
rl,dqn | LDPC-DiscreteMI-v0,24,98,21,4.7315994907636245,0.0
rl,dqn | LDPC-DiscreteMI-v0,24,98,22,4.640387693350927,0.0
rl,dqn | LDPC-DiscreteMI-v0,24,98,23,4.740846808558913,0.0
rl,dqn | LDPC-DiscreteMI-v0,24,99,0,4.3948789815393345,0.0
rl,dqn | LDPC-DiscreteMI-v0,24,99,1,4.324793729220151,0.0
rl,dqn | LDPC-DiscreteMI-v0,24,99,2,4.539427531269508,0.0
rl,dqn | LDPC-DiscreteMI-v0,24,99,3,4.6687563167378086,0.0
rl,dqn | LDPC-DiscreteMI-v0,24,99,4,4.4657544130303135,0.0
rl,dqn | LDPC-DiscreteMI-v0,24,99,5,4.545723757519709,0.0
rl,dqn | LDPC-DiscreteMI-v0,24,99,6,4.49062588429528,0.0
rl,dqn | LDPC-DiscreteMI-v0,24,99,7,4.796723620093935,0.0
rl,dqn | LDPC-DiscreteMI-v0,24,99,8,4.32107367446715,0.0
rl,dqn | LDPC-DiscreteMI-v0,24,99,9,4.455656399001395,0.0
rl,dqn | LDPC-DiscreteMI-v0,24,99,10,4.446032993695181,0.0
rl,dqn | LDPC-DiscreteMI-v0,24,99,11,4.3954383020423675,0.0
rl,dqn | LDPC-DiscreteMI-v0,24,99,12,4.33282433856829,0.0
rl,dqn | LDPC-DiscreteMI-v0,24,99,13,4.612137686181265,0.0
rl,dqn | LDPC-DiscreteMI-v0,24,99,14,4.274913550700236,0.0
rl,dqn | LDPC-DiscreteMI-v0,24,99,15,4.047640863855698,0.0
rl,dqn | LDPC-DiscreteMI-v0,24,99,16,4.522302225238055,0.0
rl,dqn | LDPC-DiscreteMI-v0,24,99,17,4.387002127418125,0.0
rl,dqn | LDPC-DiscreteMI-v0,24,99,18,5.25577600339865,0.0
rl,dqn | LDPC-DiscreteMI-v0,24,99,19,5.585021091612191,0.0
rl,dqn | LDPC-DiscreteMI-v0,24,99,20,4.57456830431045,0.0
rl,dqn | LDPC-DiscreteMI-v0,24,99,21,4.7315994907636245,0.0
rl,dqn | LDPC-DiscreteMI-v0,24,99,22,4.640387693350927,0.0
rl,dqn | LDPC-DiscreteMI-v0,24,99,23,4.740846808558913,0.0
rl,dqn | LDPC-DiscreteMI-v0,24,100,0,4.3948789815393345,0.0
rl,dqn | LDPC-DiscreteMI-v0,24,100,1,4.324793729220151,0.0
rl,dqn | LDPC-DiscreteMI-v0,24,100,2,4.539427531269508,0.0
rl,dqn | LDPC-DiscreteMI-v0,24,100,3,4.6687563167378086,0.0
rl,dqn | LDPC-DiscreteMI-v0,24,100,4,4.4657544130303135,0.0
rl,dqn | LDPC-DiscreteMI-v0,24,100,5,4.545723757519709,0.0
rl,dqn | LDPC-DiscreteMI-v0,24,100,6,4.49062588429528,0.0
rl,dqn | LDPC-DiscreteMI-v0,24,100,7,4.796723620093935,0.0
rl,dqn | LDPC-DiscreteMI-v0,24,100,8,4.32107367446715,0.0
rl,dqn | LDPC-DiscreteMI-v0,24,100,9,4.455656399001395,0.0
rl,dqn | LDPC-DiscreteMI-v0,24,100,10,4.446032993695181,0.0
rl,dqn | LDPC-DiscreteMI-v0,24,100,11,4.3954383020423675,0.0
rl,dqn | LDPC-DiscreteMI-v0,24,100,12,4.33282433856829,0.0
rl,dqn | LDPC-DiscreteMI-v0,24,100,13,4.612137686181265,0.0
rl,dqn | LDPC-DiscreteMI-v0,24,100,14,4.274913550700236,0.0
rl,dqn | LDPC-DiscreteMI-v0,24,100,15,4.047640863855698,0.0
rl,dqn | LDPC-DiscreteMI-v0,24,100,16,4.522302225238055,0.0
rl,dqn | LDPC-DiscreteMI-v0,24,100,17,4.387002127418125,0.0
rl,dqn | LDPC-DiscreteMI-v0,24,100,18,5.25577600339865,0.0
rl,dqn | LDPC-DiscreteMI-v0,24,100,19,5.585021091612191,0.0
rl,dqn | LDPC-DiscreteMI-v0,24,100,20,4.57456830431045,0.0
rl,dqn | LDPC-DiscreteMI-v0,24,100,21,4.7315994907636245,0.0
rl,dqn | LDPC-DiscreteMI-v0,24,100,22,4.640387693350927,0.0
rl,dqn | LDPC-DiscreteMI-v0,24,100,23,4.740846808558913,0.0
rl,dqn | LDPC-DiscreteMI-v0,24,101,0,4.3948789815393345,0.0
rl,dqn | LDPC-DiscreteMI-v0,24,101,1,4.324793729220151,0.0
rl,dqn | LDPC-DiscreteMI-v0,24,101,2,4.539427531269508,0.0
rl,dqn | LDPC-DiscreteMI-v0,24,101,3,4.6687563167378086,0.0
rl,dqn | LDPC-DiscreteMI-v0,24,101,4,4.4657544130303135,0.0
rl,dqn | LDPC-DiscreteMI-v0,24,101,5,4.545723757519709,0.0
rl,dqn | LDPC-DiscreteMI-v0,24,101,6,4.49062588429528,0.0
rl,dqn | LDPC-DiscreteMI-v0,24,101,7,4.796723620093935,0.0
rl,dqn | LDPC-DiscreteMI-v0,24,101,8,4.32107367446715,0.0
rl,dqn | LDPC-DiscreteMI-v0,24,101,9,4.455656399001395,0.0
rl,dqn | LDPC-DiscreteMI-v0,24,101,10,4.446032993695181,0.0
rl,dqn | LDPC-DiscreteMI-v0,24,101,11,4.3954383020423675,0.0
rl,dqn | LDPC-DiscreteMI-v0,24,101,12,4.33282433856829,0.0
rl,dqn | LDPC-DiscreteMI-v0,24,101,13,4.612137686181265,0.0
rl,dqn | LDPC-DiscreteMI-v0,24,101,14,4.274913550700236,0.0
rl,dqn | LDPC-DiscreteMI-v0,24,101,15,4.047640863855698,0.0
rl,dqn | LDPC-DiscreteMI-v0,24,101,16,4.522302225238055,0.0
rl,dqn | LDPC-DiscreteMI-v0,24,101,17,4.387002127418125,0.0
rl,dqn | LDPC-DiscreteMI-v0,24,101,18,5.25577600339865,0.0
rl,dqn | LDPC-DiscreteMI-v0,24,101,19,5.585021091612191,0.0
rl,dqn | LDPC-DiscreteMI-v0,24,101,20,4.57456830431045,0.0
rl,dqn | LDPC-DiscreteMI-v0,24,101,21,4.7315994907636245,0.0
rl,dqn | LDPC-DiscreteMI-v0,24,101,22,4.640387693350927,0.0
rl,dqn | LDPC-DiscreteMI-v0,24,101,23,4.740846808558913,0.0
rl,dqn | LDPC-DiscreteMI-v0,24,102,0,4.3948789815393345,0.0
rl,dqn | LDPC-DiscreteMI-v0,24,102,1,4.324793729220151,0.0
rl,dqn | LDPC-DiscreteMI-v0,24,102,2,4.539427531269508,0.0
rl,dqn | LDPC-DiscreteMI-v0,24,102,3,4.6687563167378086,0.0
rl,dqn | LDPC-DiscreteMI-v0,24,102,4,4.4657544130303135,0.0
rl,dqn | LDPC-DiscreteMI-v0,24,102,5,4.545723757519709,0.0
rl,dqn | LDPC-DiscreteMI-v0,24,102,6,4.49062588429528,0.0
rl,dqn | LDPC-DiscreteMI-v0,24,102,7,4.796723620093935,0.0
rl,dqn | LDPC-DiscreteMI-v0,24,102,8,4.32107367446715,0.0
rl,dqn | LDPC-DiscreteMI-v0,24,102,9,4.455656399001395,0.0
rl,dqn | LDPC-DiscreteMI-v0,24,102,10,4.446032993695181,0.0
rl,dqn | LDPC-DiscreteMI-v0,24,102,11,4.3954383020423675,0.0
rl,dqn | LDPC-DiscreteMI-v0,24,102,12,4.33282433856829,0.0
rl,dqn | LDPC-DiscreteMI-v0,24,102,13,4.612137686181265,0.0
rl,dqn | LDPC-DiscreteMI-v0,24,102,14,4.274913550700236,0.0
rl,dqn | LDPC-DiscreteMI-v0,24,102,15,4.047640863855698,0.0
rl,dqn | LDPC-DiscreteMI-v0,24,102,16,4.522302225238055,0.0
rl,dqn | LDPC-DiscreteMI-v0,24,102,17,4.387002127418125,0.0
rl,dqn | LDPC-DiscreteMI-v0,24,102,18,5.25577600339865,0.0
rl,dqn | LDPC-DiscreteMI-v0,24,102,19,5.585021091612191,0.0
rl,dqn | LDPC-DiscreteMI-v0,24,102,20,4.57456830431045,0.0
rl,dqn | LDPC-DiscreteMI-v0,24,102,21,4.7315994907636245,0.0
rl,dqn | LDPC-DiscreteMI-v0,24,102,22,4.640387693350927,0.0
rl,dqn | LDPC-DiscreteMI-v0,24,102,23,4.740846808558913,0.0
rl,dqn | LDPC-DiscreteMI-v0,24,103,0,4.3948789815393345,0.0
rl,dqn | LDPC-DiscreteMI-v0,24,103,1,4.324793729220151,0.0
rl,dqn | LDPC-DiscreteMI-v0,24,103,2,4.539427531269508,0.0
rl,dqn | LDPC-DiscreteMI-v0,24,103,3,4.6687563167378086,0.0
rl,dqn | LDPC-DiscreteMI-v0,24,103,4,4.4657544130303135,0.0
rl,dqn | LDPC-DiscreteMI-v0,24,103,5,4.545723757519709,0.0
rl,dqn | LDPC-DiscreteMI-v0,24,103,6,4.49062588429528,0.0
rl,dqn | LDPC-DiscreteMI-v0,24,103,7,4.796723620093935,0.0
rl,dqn | LDPC-DiscreteMI-v0,24,103,8,4.32107367446715,0.0
rl,dqn | LDPC-DiscreteMI-v0,24,103,9,4.455656399001395,0.0
rl,dqn | LDPC-DiscreteMI-v0,24,103,10,4.446032993695181,0.0
rl,dqn | LDPC-DiscreteMI-v0,24,103,11,4.3954383020423675,0.0
rl,dqn | LDPC-DiscreteMI-v0,24,103,12,4.33282433856829,0.0
rl,dqn | LDPC-DiscreteMI-v0,24,103,13,4.612137686181265,0.0
rl,dqn | LDPC-DiscreteMI-v0,24,103,14,4.274913550700236,0.0
rl,dqn | LDPC-DiscreteMI-v0,24,103,15,4.047640863855698,0.0
rl,dqn | LDPC-DiscreteMI-v0,24,103,16,4.522302225238055,0.0
rl,dqn | LDPC-DiscreteMI-v0,24,103,17,4.387002127418125,0.0
rl,dqn | LDPC-DiscreteMI-v0,24,103,18,5.25577600339865,0.0
rl,dqn | LDPC-DiscreteMI-v0,24,103,19,5.585021091612191,0.0
rl,dqn | LDPC-DiscreteMI-v0,24,103,20,4.57456830431045,0.0
rl,dqn | LDPC-DiscreteMI-v0,24,103,21,4.7315994907636245,0.0
rl,dqn | LDPC-DiscreteMI-v0,24,103,22,4.640387693350927,0.0
rl,dqn | LDPC-DiscreteMI-v0,24,103,23,4.740846808558913,0.0
rl,dqn | LDPC-DiscreteMI-v0,24,104,0,4.3948789815393345,0.0
rl,dqn | LDPC-DiscreteMI-v0,24,104,1,4.324793729220151,0.0
rl,dqn | LDPC-DiscreteMI-v0,24,104,2,4.539427531269508,0.0
rl,dqn | LDPC-DiscreteMI-v0,24,104,3,4.6687563167378086,0.0
rl,dqn | LDPC-DiscreteMI-v0,24,104,4,4.4657544130303135,0.0
rl,dqn | LDPC-DiscreteMI-v0,24,104,5,4.545723757519709,0.0
rl,dqn | LDPC-DiscreteMI-v0,24,104,6,4.49062588429528,0.0
rl,dqn | LDPC-DiscreteMI-v0,24,104,7,4.796723620093935,0.0
rl,dqn | LDPC-DiscreteMI-v0,24,104,8,4.32107367446715,0.0
rl,dqn | LDPC-DiscreteMI-v0,24,104,9,4.455656399001395,0.0
rl,dqn | LDPC-DiscreteMI-v0,24,104,10,4.446032993695181,0.0
rl,dqn | LDPC-DiscreteMI-v0,24,104,11,4.3954383020423675,0.0
rl,dqn | LDPC-DiscreteMI-v0,24,104,12,4.33282433856829,0.0
rl,dqn | LDPC-DiscreteMI-v0,24,104,13,4.612137686181265,0.0
rl,dqn | LDPC-DiscreteMI-v0,24,104,14,4.274913550700236,0.0
rl,dqn | LDPC-DiscreteMI-v0,24,104,15,4.047640863855698,0.0
rl,dqn | LDPC-DiscreteMI-v0,24,104,16,4.522302225238055,0.0
rl,dqn | LDPC-DiscreteMI-v0,24,104,17,4.387002127418125,0.0
rl,dqn | LDPC-DiscreteMI-v0,24,104,18,5.25577600339865,0.0
rl,dqn | LDPC-DiscreteMI-v0,24,104,19,5.585021091612191,0.0
rl,dqn | LDPC-DiscreteMI-v0,24,104,20,4.57456830431045,0.0
rl,dqn | LDPC-DiscreteMI-v0,24,104,21,4.7315994907636245,0.0
rl,dqn | LDPC-DiscreteMI-v0,24,104,22,4.640387693350927,0.0
rl,dqn | LDPC-DiscreteMI-v0,24,104,23,4.740846808558913,0.0
rl,dqn | LDPC-DiscreteMI-v0,24,105,0,4.3948789815393345,0.0
rl,dqn | LDPC-DiscreteMI-v0,24,105,1,4.324793729220151,0.0
rl,dqn | LDPC-DiscreteMI-v0,24,105,2,4.539427531269508,0.0
rl,dqn | LDPC-DiscreteMI-v0,24,105,3,4.6687563167378086,0.0
rl,dqn | LDPC-DiscreteMI-v0,24,105,4,4.4657544130303135,0.0
rl,dqn | LDPC-DiscreteMI-v0,24,105,5,4.545723757519709,0.0
rl,dqn | LDPC-DiscreteMI-v0,24,105,6,4.49062588429528,0.0
rl,dqn | LDPC-DiscreteMI-v0,24,105,7,4.796723620093935,0.0
rl,dqn | LDPC-DiscreteMI-v0,24,105,8,4.32107367446715,0.0
rl,dqn | LDPC-DiscreteMI-v0,24,105,9,4.455656399001395,0.0
rl,dqn | LDPC-DiscreteMI-v0,24,105,10,4.446032993695181,0.0
rl,dqn | LDPC-DiscreteMI-v0,24,105,11,4.3954383020423675,0.0
rl,dqn | LDPC-DiscreteMI-v0,24,105,12,4.33282433856829,0.0
rl,dqn | LDPC-DiscreteMI-v0,24,105,13,4.612137686181265,0.0
rl,dqn | LDPC-DiscreteMI-v0,24,105,14,4.274913550700236,0.0
rl,dqn | LDPC-DiscreteMI-v0,24,105,15,4.047640863855698,0.0
rl,dqn | LDPC-DiscreteMI-v0,24,105,16,4.522302225238055,0.0
rl,dqn | LDPC-DiscreteMI-v0,24,105,17,4.387002127418125,0.0
rl,dqn | LDPC-DiscreteMI-v0,24,105,18,5.25577600339865,0.0
rl,dqn | LDPC-DiscreteMI-v0,24,105,19,5.585021091612191,0.0
rl,dqn | LDPC-DiscreteMI-v0,24,105,20,4.57456830431045,0.0
rl,dqn | LDPC-DiscreteMI-v0,24,105,21,4.7315994907636245,0.0
rl,dqn | LDPC-DiscreteMI-v0,24,105,22,4.640387693350927,0.0
rl,dqn | LDPC-DiscreteMI-v0,24,105,23,4.740846808558913,0.0
rl,dqn | LDPC-DiscreteMI-v0,24,106,0,4.3948789815393345,0.0
rl,dqn | LDPC-DiscreteMI-v0,24,106,1,4.324793729220151,0.0
rl,dqn | LDPC-DiscreteMI-v0,24,106,2,4.539427531269508,0.0
rl,dqn | LDPC-DiscreteMI-v0,24,106,3,4.6687563167378086,0.0
rl,dqn | LDPC-DiscreteMI-v0,24,106,4,4.4657544130303135,0.0
rl,dqn | LDPC-DiscreteMI-v0,24,106,5,4.545723757519709,0.0
rl,dqn | LDPC-DiscreteMI-v0,24,106,6,4.49062588429528,0.0
rl,dqn | LDPC-DiscreteMI-v0,24,106,7,4.796723620093935,0.0
rl,dqn | LDPC-DiscreteMI-v0,24,106,8,4.32107367446715,0.0
rl,dqn | LDPC-DiscreteMI-v0,24,106,9,4.455656399001395,0.0
rl,dqn | LDPC-DiscreteMI-v0,24,106,10,4.446032993695181,0.0
rl,dqn | LDPC-DiscreteMI-v0,24,106,11,4.3954383020423675,0.0
rl,dqn | LDPC-DiscreteMI-v0,24,106,12,4.33282433856829,0.0
rl,dqn | LDPC-DiscreteMI-v0,24,106,13,4.612137686181265,0.0
rl,dqn | LDPC-DiscreteMI-v0,24,106,14,4.274913550700236,0.0
rl,dqn | LDPC-DiscreteMI-v0,24,106,15,4.047640863855698,0.0
rl,dqn | LDPC-DiscreteMI-v0,24,106,16,4.522302225238055,0.0
rl,dqn | LDPC-DiscreteMI-v0,24,106,17,4.387002127418125,0.0
rl,dqn | LDPC-DiscreteMI-v0,24,106,18,5.25577600339865,0.0
rl,dqn | LDPC-DiscreteMI-v0,24,106,19,5.585021091612191,0.0
rl,dqn | LDPC-DiscreteMI-v0,24,106,20,4.57456830431045,0.0
rl,dqn | LDPC-DiscreteMI-v0,24,106,21,4.7315994907636245,0.0
rl,dqn | LDPC-DiscreteMI-v0,24,106,22,4.640387693350927,0.0
rl,dqn | LDPC-DiscreteMI-v0,24,106,23,4.740846808558913,0.0
rl,dqn | LDPC-DiscreteMI-v0,24,107,0,4.3948789815393345,0.0
rl,dqn | LDPC-DiscreteMI-v0,24,107,1,4.324793729220151,0.0
rl,dqn | LDPC-DiscreteMI-v0,24,107,2,4.539427531269508,0.0
rl,dqn | LDPC-DiscreteMI-v0,24,107,3,4.6687563167378086,0.0
rl,dqn | LDPC-DiscreteMI-v0,24,107,4,4.4657544130303135,0.0
rl,dqn | LDPC-DiscreteMI-v0,24,107,5,4.545723757519709,0.0
rl,dqn | LDPC-DiscreteMI-v0,24,107,6,4.49062588429528,0.0
rl,dqn | LDPC-DiscreteMI-v0,24,107,7,4.796723620093935,0.0
rl,dqn | LDPC-DiscreteMI-v0,24,107,8,4.32107367446715,0.0
rl,dqn | LDPC-DiscreteMI-v0,24,107,9,4.455656399001395,0.0
rl,dqn | LDPC-DiscreteMI-v0,24,107,10,4.446032993695181,0.0
rl,dqn | LDPC-DiscreteMI-v0,24,107,11,4.3954383020423675,0.0
rl,dqn | LDPC-DiscreteMI-v0,24,107,12,4.33282433856829,0.0
rl,dqn | LDPC-DiscreteMI-v0,24,107,13,4.612137686181265,0.0
rl,dqn | LDPC-DiscreteMI-v0,24,107,14,4.274913550700236,0.0
rl,dqn | LDPC-DiscreteMI-v0,24,107,15,4.047640863855698,0.0
rl,dqn | LDPC-DiscreteMI-v0,24,107,16,4.522302225238055,0.0
rl,dqn | LDPC-DiscreteMI-v0,24,107,17,4.387002127418125,0.0
rl,dqn | LDPC-DiscreteMI-v0,24,107,18,5.25577600339865,0.0
rl,dqn | LDPC-DiscreteMI-v0,24,107,19,5.585021091612191,0.0
rl,dqn | LDPC-DiscreteMI-v0,24,107,20,4.57456830431045,0.0
rl,dqn | LDPC-DiscreteMI-v0,24,107,21,4.7315994907636245,0.0
rl,dqn | LDPC-DiscreteMI-v0,24,107,22,4.640387693350927,0.0
rl,dqn | LDPC-DiscreteMI-v0,24,107,23,4.740846808558913,0.0
rl,dqn | LDPC-DiscreteMI-v0,24,108,0,4.3948789815393345,0.0
rl,dqn | LDPC-DiscreteMI-v0,24,108,1,4.324793729220151,0.0
rl,dqn | LDPC-DiscreteMI-v0,24,108,2,4.539427531269508,0.0
rl,dqn | LDPC-DiscreteMI-v0,24,108,3,4.6687563167378086,0.0
rl,dqn | LDPC-DiscreteMI-v0,24,108,4,4.4657544130303135,0.0
rl,dqn | LDPC-DiscreteMI-v0,24,108,5,4.545723757519709,0.0
rl,dqn | LDPC-DiscreteMI-v0,24,108,6,4.49062588429528,0.0
rl,dqn | LDPC-DiscreteMI-v0,24,108,7,4.796723620093935,0.0
rl,dqn | LDPC-DiscreteMI-v0,24,108,8,4.32107367446715,0.0
rl,dqn | LDPC-DiscreteMI-v0,24,108,9,4.455656399001395,0.0
rl,dqn | LDPC-DiscreteMI-v0,24,108,10,4.446032993695181,0.0
rl,dqn | LDPC-DiscreteMI-v0,24,108,11,4.3954383020423675,0.0
rl,dqn | LDPC-DiscreteMI-v0,24,108,12,4.33282433856829,0.0
rl,dqn | LDPC-DiscreteMI-v0,24,108,13,4.612137686181265,0.0
rl,dqn | LDPC-DiscreteMI-v0,24,108,14,4.274913550700236,0.0
rl,dqn | LDPC-DiscreteMI-v0,24,108,15,4.047640863855698,0.0
rl,dqn | LDPC-DiscreteMI-v0,24,108,16,4.522302225238055,0.0
rl,dqn | LDPC-DiscreteMI-v0,24,108,17,4.387002127418125,0.0
rl,dqn | LDPC-DiscreteMI-v0,24,108,18,5.25577600339865,0.0
rl,dqn | LDPC-DiscreteMI-v0,24,108,19,5.585021091612191,0.0
rl,dqn | LDPC-DiscreteMI-v0,24,108,20,4.57456830431045,0.0
rl,dqn | LDPC-DiscreteMI-v0,24,108,21,4.7315994907636245,0.0
rl,dqn | LDPC-DiscreteMI-v0,24,108,22,4.640387693350927,0.0
rl,dqn | LDPC-DiscreteMI-v0,24,108,23,4.740846808558913,0.0
rl,dqn | LDPC-DiscreteMI-v0,24,109,0,4.3948789815393345,0.0
rl,dqn | LDPC-DiscreteMI-v0,24,109,1,4.324793729220151,0.0
rl,dqn | LDPC-DiscreteMI-v0,24,109,2,4.539427531269508,0.0
rl,dqn | LDPC-DiscreteMI-v0,24,109,3,4.6687563167378086,0.0
rl,dqn | LDPC-DiscreteMI-v0,24,109,4,4.4657544130303135,0.0
rl,dqn | LDPC-DiscreteMI-v0,24,109,5,4.545723757519709,0.0
rl,dqn | LDPC-DiscreteMI-v0,24,109,6,4.49062588429528,0.0
rl,dqn | LDPC-DiscreteMI-v0,24,109,7,4.796723620093935,0.0
rl,dqn | LDPC-DiscreteMI-v0,24,109,8,4.32107367446715,0.0
rl,dqn | LDPC-DiscreteMI-v0,24,109,9,4.455656399001395,0.0
rl,dqn | LDPC-DiscreteMI-v0,24,109,10,4.446032993695181,0.0
rl,dqn | LDPC-DiscreteMI-v0,24,109,11,4.3954383020423675,0.0
rl,dqn | LDPC-DiscreteMI-v0,24,109,12,4.33282433856829,0.0
rl,dqn | LDPC-DiscreteMI-v0,24,109,13,4.612137686181265,0.0
rl,dqn | LDPC-DiscreteMI-v0,24,109,14,4.274913550700236,0.0
rl,dqn | LDPC-DiscreteMI-v0,24,109,15,4.047640863855698,0.0
rl,dqn | LDPC-DiscreteMI-v0,24,109,16,4.522302225238055,0.0
rl,dqn | LDPC-DiscreteMI-v0,24,109,17,4.387002127418125,0.0
rl,dqn | LDPC-DiscreteMI-v0,24,109,18,5.25577600339865,0.0
rl,dqn | LDPC-DiscreteMI-v0,24,109,19,5.585021091612191,0.0
rl,dqn | LDPC-DiscreteMI-v0,24,109,20,4.57456830431045,0.0
rl,dqn | LDPC-DiscreteMI-v0,24,109,21,4.7315994907636245,0.0
rl,dqn | LDPC-DiscreteMI-v0,24,109,22,4.640387693350927,0.0
rl,dqn | LDPC-DiscreteMI-v0,24,109,23,4.740846808558913,0.0
rl,dqn | LDPC-DiscreteMI-v0,24,110,0,4.3948789815393345,0.0
rl,dqn | LDPC-DiscreteMI-v0,24,110,1,4.324793729220151,0.0
rl,dqn | LDPC-DiscreteMI-v0,24,110,2,4.539427531269508,0.0
rl,dqn | LDPC-DiscreteMI-v0,24,110,3,4.6687563167378086,0.0
rl,dqn | LDPC-DiscreteMI-v0,24,110,4,4.4657544130303135,0.0
rl,dqn | LDPC-DiscreteMI-v0,24,110,5,4.545723757519709,0.0
rl,dqn | LDPC-DiscreteMI-v0,24,110,6,4.49062588429528,0.0
rl,dqn | LDPC-DiscreteMI-v0,24,110,7,4.796723620093935,0.0
rl,dqn | LDPC-DiscreteMI-v0,24,110,8,4.32107367446715,0.0
rl,dqn | LDPC-DiscreteMI-v0,24,110,9,4.455656399001395,0.0
rl,dqn | LDPC-DiscreteMI-v0,24,110,10,4.446032993695181,0.0
rl,dqn | LDPC-DiscreteMI-v0,24,110,11,4.3954383020423675,0.0
rl,dqn | LDPC-DiscreteMI-v0,24,110,12,4.33282433856829,0.0
rl,dqn | LDPC-DiscreteMI-v0,24,110,13,4.612137686181265,0.0
rl,dqn | LDPC-DiscreteMI-v0,24,110,14,4.274913550700236,0.0
rl,dqn | LDPC-DiscreteMI-v0,24,110,15,4.047640863855698,0.0
rl,dqn | LDPC-DiscreteMI-v0,24,110,16,4.522302225238055,0.0
rl,dqn | LDPC-DiscreteMI-v0,24,110,17,4.387002127418125,0.0
rl,dqn | LDPC-DiscreteMI-v0,24,110,18,5.25577600339865,0.0
rl,dqn | LDPC-DiscreteMI-v0,24,110,19,5.585021091612191,0.0
rl,dqn | LDPC-DiscreteMI-v0,24,110,20,4.57456830431045,0.0
rl,dqn | LDPC-DiscreteMI-v0,24,110,21,4.7315994907636245,0.0
rl,dqn | LDPC-DiscreteMI-v0,24,110,22,4.640387693350927,0.0
rl,dqn | LDPC-DiscreteMI-v0,24,110,23,4.740846808558913,0.0
rl,dqn | LDPC-DiscreteMI-v0,24,111,0,4.3948789815393345,0.0
rl,dqn | LDPC-DiscreteMI-v0,24,111,1,4.324793729220151,0.0
rl,dqn | LDPC-DiscreteMI-v0,24,111,2,4.539427531269508,0.0
rl,dqn | LDPC-DiscreteMI-v0,24,111,3,4.6687563167378086,0.0
rl,dqn | LDPC-DiscreteMI-v0,24,111,4,4.4657544130303135,0.0
rl,dqn | LDPC-DiscreteMI-v0,24,111,5,4.545723757519709,0.0
rl,dqn | LDPC-DiscreteMI-v0,24,111,6,4.49062588429528,0.0
rl,dqn | LDPC-DiscreteMI-v0,24,111,7,4.796723620093935,0.0
rl,dqn | LDPC-DiscreteMI-v0,24,111,8,4.32107367446715,0.0
rl,dqn | LDPC-DiscreteMI-v0,24,111,9,4.455656399001395,0.0
rl,dqn | LDPC-DiscreteMI-v0,24,111,10,4.446032993695181,0.0
rl,dqn | LDPC-DiscreteMI-v0,24,111,11,4.3954383020423675,0.0
rl,dqn | LDPC-DiscreteMI-v0,24,111,12,4.33282433856829,0.0
rl,dqn | LDPC-DiscreteMI-v0,24,111,13,4.612137686181265,0.0
rl,dqn | LDPC-DiscreteMI-v0,24,111,14,4.274913550700236,0.0
rl,dqn | LDPC-DiscreteMI-v0,24,111,15,4.047640863855698,0.0
rl,dqn | LDPC-DiscreteMI-v0,24,111,16,4.522302225238055,0.0
rl,dqn | LDPC-DiscreteMI-v0,24,111,17,4.387002127418125,0.0
rl,dqn | LDPC-DiscreteMI-v0,24,111,18,5.25577600339865,0.0
rl,dqn | LDPC-DiscreteMI-v0,24,111,19,5.585021091612191,0.0
rl,dqn | LDPC-DiscreteMI-v0,24,111,20,4.57456830431045,0.0
rl,dqn | LDPC-DiscreteMI-v0,24,111,21,4.7315994907636245,0.0
rl,dqn | LDPC-DiscreteMI-v0,24,111,22,4.640387693350927,0.0
rl,dqn | LDPC-DiscreteMI-v0,24,111,23,4.740846808558913,0.0
rl,dqn | LDPC-DiscreteMI-v0,24,112,0,4.3948789815393345,0.0
rl,dqn | LDPC-DiscreteMI-v0,24,112,1,4.324793729220151,0.0
rl,dqn | LDPC-DiscreteMI-v0,24,112,2,4.539427531269508,0.0
rl,dqn | LDPC-DiscreteMI-v0,24,112,3,4.6687563167378086,0.0
rl,dqn | LDPC-DiscreteMI-v0,24,112,4,4.4657544130303135,0.0
rl,dqn | LDPC-DiscreteMI-v0,24,112,5,4.545723757519709,0.0
rl,dqn | LDPC-DiscreteMI-v0,24,112,6,4.49062588429528,0.0
rl,dqn | LDPC-DiscreteMI-v0,24,112,7,4.796723620093935,0.0
rl,dqn | LDPC-DiscreteMI-v0,24,112,8,4.32107367446715,0.0
rl,dqn | LDPC-DiscreteMI-v0,24,112,9,4.455656399001395,0.0
rl,dqn | LDPC-DiscreteMI-v0,24,112,10,4.446032993695181,0.0
rl,dqn | LDPC-DiscreteMI-v0,24,112,11,4.3954383020423675,0.0
rl,dqn | LDPC-DiscreteMI-v0,24,112,12,4.33282433856829,0.0
rl,dqn | LDPC-DiscreteMI-v0,24,112,13,4.612137686181265,0.0
rl,dqn | LDPC-DiscreteMI-v0,24,112,14,4.274913550700236,0.0
rl,dqn | LDPC-DiscreteMI-v0,24,112,15,4.047640863855698,0.0
rl,dqn | LDPC-DiscreteMI-v0,24,112,16,4.522302225238055,0.0
rl,dqn | LDPC-DiscreteMI-v0,24,112,17,4.387002127418125,0.0
rl,dqn | LDPC-DiscreteMI-v0,24,112,18,5.25577600339865,0.0
rl,dqn | LDPC-DiscreteMI-v0,24,112,19,5.585021091612191,0.0
rl,dqn | LDPC-DiscreteMI-v0,24,112,20,4.57456830431045,0.0
rl,dqn | LDPC-DiscreteMI-v0,24,112,21,4.7315994907636245,0.0
rl,dqn | LDPC-DiscreteMI-v0,24,112,22,4.640387693350927,0.0
rl,dqn | LDPC-DiscreteMI-v0,24,112,23,4.740846808558913,0.0
rl,dqn | LDPC-DiscreteMI-v0,24,113,0,4.3948789815393345,0.0
rl,dqn | LDPC-DiscreteMI-v0,24,113,1,4.324793729220151,0.0
rl,dqn | LDPC-DiscreteMI-v0,24,113,2,4.539427531269508,0.0
rl,dqn | LDPC-DiscreteMI-v0,24,113,3,4.6687563167378086,0.0
rl,dqn | LDPC-DiscreteMI-v0,24,113,4,4.4657544130303135,0.0
rl,dqn | LDPC-DiscreteMI-v0,24,113,5,4.545723757519709,0.0
rl,dqn | LDPC-DiscreteMI-v0,24,113,6,4.49062588429528,0.0
rl,dqn | LDPC-DiscreteMI-v0,24,113,7,4.796723620093935,0.0
rl,dqn | LDPC-DiscreteMI-v0,24,113,8,4.32107367446715,0.0
rl,dqn | LDPC-DiscreteMI-v0,24,113,9,4.455656399001395,0.0
rl,dqn | LDPC-DiscreteMI-v0,24,113,10,4.446032993695181,0.0
rl,dqn | LDPC-DiscreteMI-v0,24,113,11,4.3954383020423675,0.0
rl,dqn | LDPC-DiscreteMI-v0,24,113,12,4.33282433856829,0.0
rl,dqn | LDPC-DiscreteMI-v0,24,113,13,4.612137686181265,0.0
rl,dqn | LDPC-DiscreteMI-v0,24,113,14,4.274913550700236,0.0
rl,dqn | LDPC-DiscreteMI-v0,24,113,15,4.047640863855698,0.0
rl,dqn | LDPC-DiscreteMI-v0,24,113,16,4.522302225238055,0.0
rl,dqn | LDPC-DiscreteMI-v0,24,113,17,4.387002127418125,0.0
rl,dqn | LDPC-DiscreteMI-v0,24,113,18,5.25577600339865,0.0
rl,dqn | LDPC-DiscreteMI-v0,24,113,19,5.585021091612191,0.0
rl,dqn | LDPC-DiscreteMI-v0,24,113,20,4.57456830431045,0.0
rl,dqn | LDPC-DiscreteMI-v0,24,113,21,4.7315994907636245,0.0
rl,dqn | LDPC-DiscreteMI-v0,24,113,22,4.640387693350927,0.0
rl,dqn | LDPC-DiscreteMI-v0,24,113,23,4.740846808558913,0.0
rl,dqn | LDPC-DiscreteMI-v0,24,114,0,4.3948789815393345,0.0
rl,dqn | LDPC-DiscreteMI-v0,24,114,1,4.324793729220151,0.0
rl,dqn | LDPC-DiscreteMI-v0,24,114,2,4.539427531269508,0.0
rl,dqn | LDPC-DiscreteMI-v0,24,114,3,4.6687563167378086,0.0
rl,dqn | LDPC-DiscreteMI-v0,24,114,4,4.4657544130303135,0.0
rl,dqn | LDPC-DiscreteMI-v0,24,114,5,4.545723757519709,0.0
rl,dqn | LDPC-DiscreteMI-v0,24,114,6,4.49062588429528,0.0
rl,dqn | LDPC-DiscreteMI-v0,24,114,7,4.796723620093935,0.0
rl,dqn | LDPC-DiscreteMI-v0,24,114,8,4.32107367446715,0.0
rl,dqn | LDPC-DiscreteMI-v0,24,114,9,4.455656399001395,0.0
rl,dqn | LDPC-DiscreteMI-v0,24,114,10,4.446032993695181,0.0
rl,dqn | LDPC-DiscreteMI-v0,24,114,11,4.3954383020423675,0.0
rl,dqn | LDPC-DiscreteMI-v0,24,114,12,4.33282433856829,0.0
rl,dqn | LDPC-DiscreteMI-v0,24,114,13,4.612137686181265,0.0
rl,dqn | LDPC-DiscreteMI-v0,24,114,14,4.274913550700236,0.0
rl,dqn | LDPC-DiscreteMI-v0,24,114,15,4.047640863855698,0.0
rl,dqn | LDPC-DiscreteMI-v0,24,114,16,4.522302225238055,0.0
rl,dqn | LDPC-DiscreteMI-v0,24,114,17,4.387002127418125,0.0
rl,dqn | LDPC-DiscreteMI-v0,24,114,18,5.25577600339865,0.0
rl,dqn | LDPC-DiscreteMI-v0,24,114,19,5.585021091612191,0.0
rl,dqn | LDPC-DiscreteMI-v0,24,114,20,4.57456830431045,0.0
rl,dqn | LDPC-DiscreteMI-v0,24,114,21,4.7315994907636245,0.0
rl,dqn | LDPC-DiscreteMI-v0,24,114,22,4.640387693350927,0.0
rl,dqn | LDPC-DiscreteMI-v0,24,114,23,4.740846808558913,0.0
rl,dqn | LDPC-DiscreteMI-v0,24,115,0,4.3948789815393345,0.0
rl,dqn | LDPC-DiscreteMI-v0,24,115,1,4.324793729220151,0.0
rl,dqn | LDPC-DiscreteMI-v0,24,115,2,4.539427531269508,0.0
rl,dqn | LDPC-DiscreteMI-v0,24,115,3,4.6687563167378086,0.0
rl,dqn | LDPC-DiscreteMI-v0,24,115,4,4.4657544130303135,0.0
rl,dqn | LDPC-DiscreteMI-v0,24,115,5,4.545723757519709,0.0
rl,dqn | LDPC-DiscreteMI-v0,24,115,6,4.49062588429528,0.0
rl,dqn | LDPC-DiscreteMI-v0,24,115,7,4.796723620093935,0.0
rl,dqn | LDPC-DiscreteMI-v0,24,115,8,4.32107367446715,0.0
rl,dqn | LDPC-DiscreteMI-v0,24,115,9,4.455656399001395,0.0
rl,dqn | LDPC-DiscreteMI-v0,24,115,10,4.446032993695181,0.0
rl,dqn | LDPC-DiscreteMI-v0,24,115,11,4.3954383020423675,0.0
rl,dqn | LDPC-DiscreteMI-v0,24,115,12,4.33282433856829,0.0
rl,dqn | LDPC-DiscreteMI-v0,24,115,13,4.612137686181265,0.0
rl,dqn | LDPC-DiscreteMI-v0,24,115,14,4.274913550700236,0.0
rl,dqn | LDPC-DiscreteMI-v0,24,115,15,4.047640863855698,0.0
rl,dqn | LDPC-DiscreteMI-v0,24,115,16,4.522302225238055,0.0
rl,dqn | LDPC-DiscreteMI-v0,24,115,17,4.387002127418125,0.0
rl,dqn | LDPC-DiscreteMI-v0,24,115,18,5.25577600339865,0.0
rl,dqn | LDPC-DiscreteMI-v0,24,115,19,5.585021091612191,0.0
rl,dqn | LDPC-DiscreteMI-v0,24,115,20,4.57456830431045,0.0
rl,dqn | LDPC-DiscreteMI-v0,24,115,21,4.7315994907636245,0.0
rl,dqn | LDPC-DiscreteMI-v0,24,115,22,4.640387693350927,0.0
rl,dqn | LDPC-DiscreteMI-v0,24,115,23,4.740846808558913,0.0
rl,dqn | LDPC-DiscreteMI-v0,24,116,0,4.3948789815393345,0.0
rl,dqn | LDPC-DiscreteMI-v0,24,116,1,4.324793729220151,0.0
rl,dqn | LDPC-DiscreteMI-v0,24,116,2,4.539427531269508,0.0
rl,dqn | LDPC-DiscreteMI-v0,24,116,3,4.6687563167378086,0.0
rl,dqn | LDPC-DiscreteMI-v0,24,116,4,4.4657544130303135,0.0
rl,dqn | LDPC-DiscreteMI-v0,24,116,5,4.545723757519709,0.0
rl,dqn | LDPC-DiscreteMI-v0,24,116,6,4.49062588429528,0.0
rl,dqn | LDPC-DiscreteMI-v0,24,116,7,4.796723620093935,0.0
rl,dqn | LDPC-DiscreteMI-v0,24,116,8,4.32107367446715,0.0
rl,dqn | LDPC-DiscreteMI-v0,24,116,9,4.455656399001395,0.0
rl,dqn | LDPC-DiscreteMI-v0,24,116,10,4.446032993695181,0.0
rl,dqn | LDPC-DiscreteMI-v0,24,116,11,4.3954383020423675,0.0
rl,dqn | LDPC-DiscreteMI-v0,24,116,12,4.33282433856829,0.0
rl,dqn | LDPC-DiscreteMI-v0,24,116,13,4.612137686181265,0.0
rl,dqn | LDPC-DiscreteMI-v0,24,116,14,4.274913550700236,0.0
rl,dqn | LDPC-DiscreteMI-v0,24,116,15,4.047640863855698,0.0
rl,dqn | LDPC-DiscreteMI-v0,24,116,16,4.522302225238055,0.0
rl,dqn | LDPC-DiscreteMI-v0,24,116,17,4.387002127418125,0.0
rl,dqn | LDPC-DiscreteMI-v0,24,116,18,5.25577600339865,0.0
rl,dqn | LDPC-DiscreteMI-v0,24,116,19,5.585021091612191,0.0
rl,dqn | LDPC-DiscreteMI-v0,24,116,20,4.57456830431045,0.0
rl,dqn | LDPC-DiscreteMI-v0,24,116,21,4.7315994907636245,0.0
rl,dqn | LDPC-DiscreteMI-v0,24,116,22,4.640387693350927,0.0
rl,dqn | LDPC-DiscreteMI-v0,24,116,23,4.740846808558913,0.0
rl,dqn | LDPC-DiscreteMI-v0,24,117,0,4.3948789815393345,0.0
rl,dqn | LDPC-DiscreteMI-v0,24,117,1,4.324793729220151,0.0
rl,dqn | LDPC-DiscreteMI-v0,24,117,2,4.539427531269508,0.0
rl,dqn | LDPC-DiscreteMI-v0,24,117,3,4.6687563167378086,0.0
rl,dqn | LDPC-DiscreteMI-v0,24,117,4,4.4657544130303135,0.0
rl,dqn | LDPC-DiscreteMI-v0,24,117,5,4.545723757519709,0.0
rl,dqn | LDPC-DiscreteMI-v0,24,117,6,4.49062588429528,0.0
rl,dqn | LDPC-DiscreteMI-v0,24,117,7,4.796723620093935,0.0
rl,dqn | LDPC-DiscreteMI-v0,24,117,8,4.32107367446715,0.0
rl,dqn | LDPC-DiscreteMI-v0,24,117,9,4.455656399001395,0.0
rl,dqn | LDPC-DiscreteMI-v0,24,117,10,4.446032993695181,0.0
rl,dqn | LDPC-DiscreteMI-v0,24,117,11,4.3954383020423675,0.0
rl,dqn | LDPC-DiscreteMI-v0,24,117,12,4.33282433856829,0.0
rl,dqn | LDPC-DiscreteMI-v0,24,117,13,4.612137686181265,0.0
rl,dqn | LDPC-DiscreteMI-v0,24,117,14,4.274913550700236,0.0
rl,dqn | LDPC-DiscreteMI-v0,24,117,15,4.047640863855698,0.0
rl,dqn | LDPC-DiscreteMI-v0,24,117,16,4.522302225238055,0.0
rl,dqn | LDPC-DiscreteMI-v0,24,117,17,4.387002127418125,0.0
rl,dqn | LDPC-DiscreteMI-v0,24,117,18,5.25577600339865,0.0
rl,dqn | LDPC-DiscreteMI-v0,24,117,19,5.585021091612191,0.0
rl,dqn | LDPC-DiscreteMI-v0,24,117,20,4.57456830431045,0.0
rl,dqn | LDPC-DiscreteMI-v0,24,117,21,4.7315994907636245,0.0
rl,dqn | LDPC-DiscreteMI-v0,24,117,22,4.640387693350927,0.0
rl,dqn | LDPC-DiscreteMI-v0,24,117,23,4.740846808558913,0.0
rl,dqn | LDPC-DiscreteMI-v0,24,118,0,4.3948789815393345,0.0
rl,dqn | LDPC-DiscreteMI-v0,24,118,1,4.324793729220151,0.0
rl,dqn | LDPC-DiscreteMI-v0,24,118,2,4.539427531269508,0.0
rl,dqn | LDPC-DiscreteMI-v0,24,118,3,4.6687563167378086,0.0
rl,dqn | LDPC-DiscreteMI-v0,24,118,4,4.4657544130303135,0.0
rl,dqn | LDPC-DiscreteMI-v0,24,118,5,4.545723757519709,0.0
rl,dqn | LDPC-DiscreteMI-v0,24,118,6,4.49062588429528,0.0
rl,dqn | LDPC-DiscreteMI-v0,24,118,7,4.796723620093935,0.0
rl,dqn | LDPC-DiscreteMI-v0,24,118,8,4.32107367446715,0.0
rl,dqn | LDPC-DiscreteMI-v0,24,118,9,4.455656399001395,0.0
rl,dqn | LDPC-DiscreteMI-v0,24,118,10,4.446032993695181,0.0
rl,dqn | LDPC-DiscreteMI-v0,24,118,11,4.3954383020423675,0.0
rl,dqn | LDPC-DiscreteMI-v0,24,118,12,4.33282433856829,0.0
rl,dqn | LDPC-DiscreteMI-v0,24,118,13,4.612137686181265,0.0
rl,dqn | LDPC-DiscreteMI-v0,24,118,14,4.274913550700236,0.0
rl,dqn | LDPC-DiscreteMI-v0,24,118,15,4.047640863855698,0.0
rl,dqn | LDPC-DiscreteMI-v0,24,118,16,4.522302225238055,0.0
rl,dqn | LDPC-DiscreteMI-v0,24,118,17,4.387002127418125,0.0
rl,dqn | LDPC-DiscreteMI-v0,24,118,18,5.25577600339865,0.0
rl,dqn | LDPC-DiscreteMI-v0,24,118,19,5.585021091612191,0.0
rl,dqn | LDPC-DiscreteMI-v0,24,118,20,4.57456830431045,0.0
rl,dqn | LDPC-DiscreteMI-v0,24,118,21,4.7315994907636245,0.0
rl,dqn | LDPC-DiscreteMI-v0,24,118,22,4.640387693350927,0.0
rl,dqn | LDPC-DiscreteMI-v0,24,118,23,4.740846808558913,0.0
rl,dqn | LDPC-DiscreteMI-v0,24,119,0,4.3948789815393345,0.0
rl,dqn | LDPC-DiscreteMI-v0,24,119,1,4.324793729220151,0.0
rl,dqn | LDPC-DiscreteMI-v0,24,119,2,4.539427531269508,0.0
rl,dqn | LDPC-DiscreteMI-v0,24,119,3,4.6687563167378086,0.0
rl,dqn | LDPC-DiscreteMI-v0,24,119,4,4.4657544130303135,0.0
rl,dqn | LDPC-DiscreteMI-v0,24,119,5,4.545723757519709,0.0
rl,dqn | LDPC-DiscreteMI-v0,24,119,6,4.49062588429528,0.0
rl,dqn | LDPC-DiscreteMI-v0,24,119,7,4.796723620093935,0.0
rl,dqn | LDPC-DiscreteMI-v0,24,119,8,4.32107367446715,0.0
rl,dqn | LDPC-DiscreteMI-v0,24,119,9,4.455656399001395,0.0
rl,dqn | LDPC-DiscreteMI-v0,24,119,10,4.446032993695181,0.0
rl,dqn | LDPC-DiscreteMI-v0,24,119,11,4.3954383020423675,0.0
rl,dqn | LDPC-DiscreteMI-v0,24,119,12,4.33282433856829,0.0
rl,dqn | LDPC-DiscreteMI-v0,24,119,13,4.612137686181265,0.0
rl,dqn | LDPC-DiscreteMI-v0,24,119,14,4.274913550700236,0.0
rl,dqn | LDPC-DiscreteMI-v0,24,119,15,4.047640863855698,0.0
rl,dqn | LDPC-DiscreteMI-v0,24,119,16,4.522302225238055,0.0
rl,dqn | LDPC-DiscreteMI-v0,24,119,17,4.387002127418125,0.0
rl,dqn | LDPC-DiscreteMI-v0,24,119,18,5.25577600339865,0.0
rl,dqn | LDPC-DiscreteMI-v0,24,119,19,5.585021091612191,0.0
rl,dqn | LDPC-DiscreteMI-v0,24,119,20,4.57456830431045,0.0
rl,dqn | LDPC-DiscreteMI-v0,24,119,21,4.7315994907636245,0.0
rl,dqn | LDPC-DiscreteMI-v0,24,119,22,4.640387693350927,0.0
rl,dqn | LDPC-DiscreteMI-v0,24,119,23,4.740846808558913,0.0
rl,dqn | LDPC-DiscreteMI-v0,24,120,0,4.3948789815393345,0.0
rl,dqn | LDPC-DiscreteMI-v0,24,120,1,4.324793729220151,0.0
rl,dqn | LDPC-DiscreteMI-v0,24,120,2,4.539427531269508,0.0
rl,dqn | LDPC-DiscreteMI-v0,24,120,3,4.6687563167378086,0.0
rl,dqn | LDPC-DiscreteMI-v0,24,120,4,4.4657544130303135,0.0
rl,dqn | LDPC-DiscreteMI-v0,24,120,5,4.545723757519709,0.0
rl,dqn | LDPC-DiscreteMI-v0,24,120,6,4.49062588429528,0.0
rl,dqn | LDPC-DiscreteMI-v0,24,120,7,4.796723620093935,0.0
rl,dqn | LDPC-DiscreteMI-v0,24,120,8,4.32107367446715,0.0
rl,dqn | LDPC-DiscreteMI-v0,24,120,9,4.455656399001395,0.0
rl,dqn | LDPC-DiscreteMI-v0,24,120,10,4.446032993695181,0.0
rl,dqn | LDPC-DiscreteMI-v0,24,120,11,4.3954383020423675,0.0
rl,dqn | LDPC-DiscreteMI-v0,24,120,12,4.33282433856829,0.0
rl,dqn | LDPC-DiscreteMI-v0,24,120,13,4.612137686181265,0.0
rl,dqn | LDPC-DiscreteMI-v0,24,120,14,4.274913550700236,0.0
rl,dqn | LDPC-DiscreteMI-v0,24,120,15,4.047640863855698,0.0
rl,dqn | LDPC-DiscreteMI-v0,24,120,16,4.522302225238055,0.0
rl,dqn | LDPC-DiscreteMI-v0,24,120,17,4.387002127418125,0.0
rl,dqn | LDPC-DiscreteMI-v0,24,120,18,5.25577600339865,0.0
rl,dqn | LDPC-DiscreteMI-v0,24,120,19,5.585021091612191,0.0
rl,dqn | LDPC-DiscreteMI-v0,24,120,20,4.57456830431045,0.0
rl,dqn | LDPC-DiscreteMI-v0,24,120,21,4.7315994907636245,0.0
rl,dqn | LDPC-DiscreteMI-v0,24,120,22,4.640387693350927,0.0
rl,dqn | LDPC-DiscreteMI-v0,24,120,23,4.740846808558913,0.0
