source,mode,cluster_size,iteration,cluster_id,avg_abs_llr,snr_db
rl,dqn | LDPC-DiscreteMI-v0,384,0,0,4.182260560743384,0.0
rl,dqn | LDPC-DiscreteMI-v0,384,0,1,4.17134223884338,0.0
rl,dqn | LDPC-DiscreteMI-v0,384,0,2,4.106661921670188,0.0
rl,dqn | LDPC-DiscreteMI-v0,384,0,3,4.143740411523472,0.0
rl,dqn | LDPC-DiscreteMI-v0,384,0,4,4.158117195698348,0.0
rl,dqn | LDPC-DiscreteMI-v0,384,0,5,4.12684194488511,0.0
rl,dqn | LDPC-DiscreteMI-v0,384,0,6,4.158027001806052,0.0
rl,dqn | LDPC-DiscreteMI-v0,384,0,7,4.151972979123751,0.0
rl,dqn | LDPC-DiscreteMI-v0,384,0,8,4.092408555674211,0.0
rl,dqn | LDPC-DiscreteMI-v0,384,0,9,4.107867288348566,0.0
rl,dqn | LDPC-DiscreteMI-v0,384,0,10,4.17730962498508,0.0
rl,dqn | LDPC-DiscreteMI-v0,384,0,11,4.112799346212592,0.0
rl,dqn | LDPC-DiscreteMI-v0,384,0,12,4.170207233631729,0.0
rl,dqn | LDPC-DiscreteMI-v0,384,0,13,4.125600478542638,0.0
rl,dqn | LDPC-DiscreteMI-v0,384,0,14,4.2160205545196545,0.0
rl,dqn | LDPC-DiscreteMI-v0,384,0,15,4.135148058263617,0.0
rl,dqn | LDPC-DiscreteMI-v0,384,0,16,4.204700965919513,0.0
rl,dqn | LDPC-DiscreteMI-v0,384,0,17,4.203514425925226,0.0
rl,dqn | LDPC-DiscreteMI-v0,384,0,18,4.137381162570716,0.0
rl,dqn | LDPC-DiscreteMI-v0,384,0,19,4.091483650755155,0.0
rl,dqn | LDPC-DiscreteMI-v0,384,0,20,3.0733387605887708,0.0
rl,dqn | LDPC-DiscreteMI-v0,384,0,21,3.0586050332588264,0.0
rl,dqn | LDPC-DiscreteMI-v0,384,0,22,2.76139881037142,0.0
rl,dqn | LDPC-DiscreteMI-v0,384,0,23,3.112901971657665,0.0
rl,dqn | LDPC-DiscreteMI-v0,384,0,24,3.1272651878027085,0.0
rl,dqn | LDPC-DiscreteMI-v0,384,0,25,2.763678709101009,0.0
rl,dqn | LDPC-DiscreteMI-v0,384,0,26,3.322616564341112,0.0
rl,dqn | LDPC-DiscreteMI-v0,384,0,27,2.82711820940527,0.0
rl,dqn | LDPC-DiscreteMI-v0,384,0,28,3.126578083099625,0.0
rl,dqn | LDPC-DiscreteMI-v0,384,0,29,2.6971866307884156,0.0
rl,dqn | LDPC-DiscreteMI-v0,384,0,30,3.3379616587882324,0.0
rl,dqn | LDPC-DiscreteMI-v0,384,0,31,2.7123109058337938,0.0
rl,dqn | LDPC-DiscreteMI-v0,384,0,32,3.1449195240553895,0.0
rl,dqn | LDPC-DiscreteMI-v0,384,0,33,3.0836324952548053,0.0
rl,dqn | LDPC-DiscreteMI-v0,384,0,34,3.1097937437909997,0.0
rl,dqn | LDPC-DiscreteMI-v0,384,0,35,3.1232078193232162,0.0
rl,dqn | LDPC-DiscreteMI-v0,384,0,36,3.0779370746447854,0.0
rl,dqn | LDPC-DiscreteMI-v0,384,0,37,2.724438229561849,0.0
rl,dqn | LDPC-DiscreteMI-v0,384,0,38,3.1232078193232162,0.0
rl,dqn | LDPC-DiscreteMI-v0,384,0,39,3.09287844341453,0.0
rl,dqn | LDPC-DiscreteMI-v0,384,0,40,3.100547795631275,0.0
rl,dqn | LDPC-DiscreteMI-v0,384,0,41,3.1232078193232162,0.0
rl,dqn | LDPC-DiscreteMI-v0,384,1,0,4.422382544201729,0.0
rl,dqn | LDPC-DiscreteMI-v0,384,1,1,4.495454725657839,0.0
rl,dqn | LDPC-DiscreteMI-v0,384,1,2,4.188496883782267,0.0
rl,dqn | LDPC-DiscreteMI-v0,384,1,3,4.33732041807605,0.0
rl,dqn | LDPC-DiscreteMI-v0,384,1,4,4.484448396353051,0.0
rl,dqn | LDPC-DiscreteMI-v0,384,1,5,4.564420912067882,0.0
rl,dqn | LDPC-DiscreteMI-v0,384,1,6,4.810689074156299,0.0
rl,dqn | LDPC-DiscreteMI-v0,384,1,7,4.480438663490418,0.0
rl,dqn | LDPC-DiscreteMI-v0,384,1,8,4.256078479898369,0.0
rl,dqn | LDPC-DiscreteMI-v0,384,1,9,4.237996309493003,0.0
rl,dqn | LDPC-DiscreteMI-v0,384,1,10,4.439444854277895,0.0
rl,dqn | LDPC-DiscreteMI-v0,384,1,11,4.498064788514997,0.0
rl,dqn | LDPC-DiscreteMI-v0,384,1,12,4.332868510062275,0.0
rl,dqn | LDPC-DiscreteMI-v0,384,1,13,4.256536417921963,0.0
rl,dqn | LDPC-DiscreteMI-v0,384,1,14,4.34614957566409,0.0
rl,dqn | LDPC-DiscreteMI-v0,384,1,15,4.46147925891832,0.0
rl,dqn | LDPC-DiscreteMI-v0,384,1,16,4.457960200073542,0.0
rl,dqn | LDPC-DiscreteMI-v0,384,1,17,4.466473957251738,0.0
rl,dqn | LDPC-DiscreteMI-v0,384,1,18,4.465050199186734,0.0
rl,dqn | LDPC-DiscreteMI-v0,384,1,19,4.255153574979312,0.0
rl,dqn | LDPC-DiscreteMI-v0,384,1,20,3.2360000370193167,0.0
rl,dqn | LDPC-DiscreteMI-v0,384,1,21,3.2222749574829836,0.0
rl,dqn | LDPC-DiscreteMI-v0,384,1,22,2.76139881037142,0.0
rl,dqn | LDPC-DiscreteMI-v0,384,1,23,3.442610033609416,0.0
rl,dqn | LDPC-DiscreteMI-v0,384,1,24,3.2811779540646975,0.0
rl,dqn | LDPC-DiscreteMI-v0,384,1,25,3.2032894583700107,0.0
rl,dqn | LDPC-DiscreteMI-v0,384,1,26,3.453815854254601,0.0
rl,dqn | LDPC-DiscreteMI-v0,384,1,27,3.0453447750374796,0.0
rl,dqn | LDPC-DiscreteMI-v0,384,1,28,3.292616220827218,0.0
rl,dqn | LDPC-DiscreteMI-v0,384,1,29,2.9154131964206256,0.0
rl,dqn | LDPC-DiscreteMI-v0,384,1,30,3.7251216718933877,0.0
rl,dqn | LDPC-DiscreteMI-v0,384,1,31,2.7123109058337938,0.0
rl,dqn | LDPC-DiscreteMI-v0,384,1,32,3.474627586007141,0.0
rl,dqn | LDPC-DiscreteMI-v0,384,1,33,3.247631607646666,0.0
rl,dqn | LDPC-DiscreteMI-v0,384,1,34,3.273463668015157,0.0
rl,dqn | LDPC-DiscreteMI-v0,384,1,35,3.451907233481356,0.0
rl,dqn | LDPC-DiscreteMI-v0,384,1,36,3.405606111260804,0.0
rl,dqn | LDPC-DiscreteMI-v0,384,1,37,2.724438229561849,0.0
rl,dqn | LDPC-DiscreteMI-v0,384,1,38,3.451907233481356,0.0
rl,dqn | LDPC-DiscreteMI-v0,384,1,39,3.420547480030548,0.0
rl,dqn | LDPC-DiscreteMI-v0,384,1,40,3.100547795631275,0.0
rl,dqn | LDPC-DiscreteMI-v0,384,1,41,3.451907233481356,0.0
rl,dqn | LDPC-DiscreteMI-v0,384,2,0,4.422382544201729,0.0
rl,dqn | LDPC-DiscreteMI-v0,384,2,1,4.495454725657839,0.0
rl,dqn | LDPC-DiscreteMI-v0,384,2,2,4.188496883782267,0.0
rl,dqn | LDPC-DiscreteMI-v0,384,2,3,4.33732041807605,0.0
rl,dqn | LDPC-DiscreteMI-v0,384,2,4,4.484448396353051,0.0
rl,dqn | LDPC-DiscreteMI-v0,384,2,5,4.564420912067882,0.0
rl,dqn | LDPC-DiscreteMI-v0,384,2,6,4.810689074156299,0.0
rl,dqn | LDPC-DiscreteMI-v0,384,2,7,4.480438663490418,0.0
rl,dqn | LDPC-DiscreteMI-v0,384,2,8,4.256078479898369,0.0
rl,dqn | LDPC-DiscreteMI-v0,384,2,9,4.237996309493003,0.0
rl,dqn | LDPC-DiscreteMI-v0,384,2,10,4.439444854277895,0.0
rl,dqn | LDPC-DiscreteMI-v0,384,2,11,4.498064788514997,0.0
rl,dqn | LDPC-DiscreteMI-v0,384,2,12,4.332868510062275,0.0
rl,dqn | LDPC-DiscreteMI-v0,384,2,13,4.256536417921963,0.0
rl,dqn | LDPC-DiscreteMI-v0,384,2,14,4.34614957566409,0.0
rl,dqn | LDPC-DiscreteMI-v0,384,2,15,4.46147925891832,0.0
rl,dqn | LDPC-DiscreteMI-v0,384,2,16,4.457960200073542,0.0
rl,dqn | LDPC-DiscreteMI-v0,384,2,17,4.466473957251738,0.0
rl,dqn | LDPC-DiscreteMI-v0,384,2,18,4.465050199186734,0.0
rl,dqn | LDPC-DiscreteMI-v0,384,2,19,4.255153574979312,0.0
rl,dqn | LDPC-DiscreteMI-v0,384,2,20,3.2360000370193167,0.0
rl,dqn | LDPC-DiscreteMI-v0,384,2,21,3.2222749574829836,0.0
rl,dqn | LDPC-DiscreteMI-v0,384,2,22,2.76139881037142,0.0
rl,dqn | LDPC-DiscreteMI-v0,384,2,23,3.442610033609416,0.0
rl,dqn | LDPC-DiscreteMI-v0,384,2,24,3.2811779540646975,0.0
rl,dqn | LDPC-DiscreteMI-v0,384,2,25,3.2032894583700107,0.0
rl,dqn | LDPC-DiscreteMI-v0,384,2,26,3.453815854254601,0.0
rl,dqn | LDPC-DiscreteMI-v0,384,2,27,3.0453447750374796,0.0
rl,dqn | LDPC-DiscreteMI-v0,384,2,28,3.292616220827218,0.0
rl,dqn | LDPC-DiscreteMI-v0,384,2,29,2.9154131964206256,0.0
rl,dqn | LDPC-DiscreteMI-v0,384,2,30,3.7251216718933877,0.0
rl,dqn | LDPC-DiscreteMI-v0,384,2,31,2.7123109058337938,0.0
rl,dqn | LDPC-DiscreteMI-v0,384,2,32,3.474627586007141,0.0
rl,dqn | LDPC-DiscreteMI-v0,384,2,33,3.247631607646666,0.0
rl,dqn | LDPC-DiscreteMI-v0,384,2,34,3.273463668015157,0.0
rl,dqn | LDPC-DiscreteMI-v0,384,2,35,3.451907233481356,0.0
rl,dqn | LDPC-DiscreteMI-v0,384,2,36,3.405606111260804,0.0
rl,dqn | LDPC-DiscreteMI-v0,384,2,37,2.724438229561849,0.0
rl,dqn | LDPC-DiscreteMI-v0,384,2,38,3.451907233481356,0.0
rl,dqn | LDPC-DiscreteMI-v0,384,2,39,3.420547480030548,0.0
rl,dqn | LDPC-DiscreteMI-v0,384,2,40,3.100547795631275,0.0
rl,dqn | LDPC-DiscreteMI-v0,384,2,41,3.451907233481356,0.0
rl,dqn | LDPC-DiscreteMI-v0,384,3,0,4.422382544201729,0.0
rl,dqn | LDPC-DiscreteMI-v0,384,3,1,4.495454725657839,0.0
rl,dqn | LDPC-DiscreteMI-v0,384,3,2,4.188496883782267,0.0
rl,dqn | LDPC-DiscreteMI-v0,384,3,3,4.33732041807605,0.0
rl,dqn | LDPC-DiscreteMI-v0,384,3,4,4.484448396353051,0.0
rl,dqn | LDPC-DiscreteMI-v0,384,3,5,4.564420912067882,0.0
rl,dqn | LDPC-DiscreteMI-v0,384,3,6,4.810689074156299,0.0
rl,dqn | LDPC-DiscreteMI-v0,384,3,7,4.480438663490418,0.0
rl,dqn | LDPC-DiscreteMI-v0,384,3,8,4.256078479898369,0.0
rl,dqn | LDPC-DiscreteMI-v0,384,3,9,4.237996309493003,0.0
rl,dqn | LDPC-DiscreteMI-v0,384,3,10,4.439444854277895,0.0
rl,dqn | LDPC-DiscreteMI-v0,384,3,11,4.498064788514997,0.0
rl,dqn | LDPC-DiscreteMI-v0,384,3,12,4.332868510062275,0.0
rl,dqn | LDPC-DiscreteMI-v0,384,3,13,4.256536417921963,0.0
rl,dqn | LDPC-DiscreteMI-v0,384,3,14,4.34614957566409,0.0
rl,dqn | LDPC-DiscreteMI-v0,384,3,15,4.46147925891832,0.0
rl,dqn | LDPC-DiscreteMI-v0,384,3,16,4.457960200073542,0.0
rl,dqn | LDPC-DiscreteMI-v0,384,3,17,4.466473957251738,0.0
rl,dqn | LDPC-DiscreteMI-v0,384,3,18,4.465050199186734,0.0
rl,dqn | LDPC-DiscreteMI-v0,384,3,19,4.255153574979312,0.0
rl,dqn | LDPC-DiscreteMI-v0,384,3,20,3.2360000370193167,0.0
rl,dqn | LDPC-DiscreteMI-v0,384,3,21,3.2222749574829836,0.0
rl,dqn | LDPC-DiscreteMI-v0,384,3,22,2.76139881037142,0.0
rl,dqn | LDPC-DiscreteMI-v0,384,3,23,3.442610033609416,0.0
rl,dqn | LDPC-DiscreteMI-v0,384,3,24,3.2811779540646975,0.0
rl,dqn | LDPC-DiscreteMI-v0,384,3,25,3.2032894583700107,0.0
rl,dqn | LDPC-DiscreteMI-v0,384,3,26,3.453815854254601,0.0
rl,dqn | LDPC-DiscreteMI-v0,384,3,27,3.0453447750374796,0.0
rl,dqn | LDPC-DiscreteMI-v0,384,3,28,3.292616220827218,0.0
rl,dqn | LDPC-DiscreteMI-v0,384,3,29,2.9154131964206256,0.0
rl,dqn | LDPC-DiscreteMI-v0,384,3,30,3.7251216718933877,0.0
rl,dqn | LDPC-DiscreteMI-v0,384,3,31,2.7123109058337938,0.0
rl,dqn | LDPC-DiscreteMI-v0,384,3,32,3.474627586007141,0.0
rl,dqn | LDPC-DiscreteMI-v0,384,3,33,3.247631607646666,0.0
rl,dqn | LDPC-DiscreteMI-v0,384,3,34,3.273463668015157,0.0
rl,dqn | LDPC-DiscreteMI-v0,384,3,35,3.451907233481356,0.0
rl,dqn | LDPC-DiscreteMI-v0,384,3,36,3.405606111260804,0.0
rl,dqn | LDPC-DiscreteMI-v0,384,3,37,2.724438229561849,0.0
rl,dqn | LDPC-DiscreteMI-v0,384,3,38,3.451907233481356,0.0
rl,dqn | LDPC-DiscreteMI-v0,384,3,39,3.420547480030548,0.0
rl,dqn | LDPC-DiscreteMI-v0,384,3,40,3.100547795631275,0.0
rl,dqn | LDPC-DiscreteMI-v0,384,3,41,3.451907233481356,0.0
rl,dqn | LDPC-DiscreteMI-v0,384,4,0,4.422382544201729,0.0
rl,dqn | LDPC-DiscreteMI-v0,384,4,1,4.495454725657839,0.0
rl,dqn | LDPC-DiscreteMI-v0,384,4,2,4.188496883782267,0.0
rl,dqn | LDPC-DiscreteMI-v0,384,4,3,4.33732041807605,0.0
rl,dqn | LDPC-DiscreteMI-v0,384,4,4,4.484448396353051,0.0
rl,dqn | LDPC-DiscreteMI-v0,384,4,5,4.564420912067882,0.0
rl,dqn | LDPC-DiscreteMI-v0,384,4,6,4.810689074156299,0.0
rl,dqn | LDPC-DiscreteMI-v0,384,4,7,4.480438663490418,0.0
rl,dqn | LDPC-DiscreteMI-v0,384,4,8,4.256078479898369,0.0
rl,dqn | LDPC-DiscreteMI-v0,384,4,9,4.237996309493003,0.0
rl,dqn | LDPC-DiscreteMI-v0,384,4,10,4.439444854277895,0.0
rl,dqn | LDPC-DiscreteMI-v0,384,4,11,4.498064788514997,0.0
rl,dqn | LDPC-DiscreteMI-v0,384,4,12,4.332868510062275,0.0
rl,dqn | LDPC-DiscreteMI-v0,384,4,13,4.256536417921963,0.0
rl,dqn | LDPC-DiscreteMI-v0,384,4,14,4.34614957566409,0.0
rl,dqn | LDPC-DiscreteMI-v0,384,4,15,4.46147925891832,0.0
rl,dqn | LDPC-DiscreteMI-v0,384,4,16,4.457960200073542,0.0
rl,dqn | LDPC-DiscreteMI-v0,384,4,17,4.466473957251738,0.0
rl,dqn | LDPC-DiscreteMI-v0,384,4,18,4.465050199186734,0.0
rl,dqn | LDPC-DiscreteMI-v0,384,4,19,4.255153574979312,0.0
rl,dqn | LDPC-DiscreteMI-v0,384,4,20,3.2360000370193167,0.0
rl,dqn | LDPC-DiscreteMI-v0,384,4,21,3.2222749574829836,0.0
rl,dqn | LDPC-DiscreteMI-v0,384,4,22,2.76139881037142,0.0
rl,dqn | LDPC-DiscreteMI-v0,384,4,23,3.442610033609416,0.0
rl,dqn | LDPC-DiscreteMI-v0,384,4,24,3.2811779540646975,0.0
rl,dqn | LDPC-DiscreteMI-v0,384,4,25,3.2032894583700107,0.0
rl,dqn | LDPC-DiscreteMI-v0,384,4,26,3.453815854254601,0.0
rl,dqn | LDPC-DiscreteMI-v0,384,4,27,3.0453447750374796,0.0
rl,dqn | LDPC-DiscreteMI-v0,384,4,28,3.292616220827218,0.0
rl,dqn | LDPC-DiscreteMI-v0,384,4,29,2.9154131964206256,0.0
rl,dqn | LDPC-DiscreteMI-v0,384,4,30,3.7251216718933877,0.0
rl,dqn | LDPC-DiscreteMI-v0,384,4,31,2.7123109058337938,0.0
rl,dqn | LDPC-DiscreteMI-v0,384,4,32,3.474627586007141,0.0
rl,dqn | LDPC-DiscreteMI-v0,384,4,33,3.247631607646666,0.0
rl,dqn | LDPC-DiscreteMI-v0,384,4,34,3.273463668015157,0.0
rl,dqn | LDPC-DiscreteMI-v0,384,4,35,3.451907233481356,0.0
rl,dqn | LDPC-DiscreteMI-v0,384,4,36,3.405606111260804,0.0
rl,dqn | LDPC-DiscreteMI-v0,384,4,37,2.724438229561849,0.0
rl,dqn | LDPC-DiscreteMI-v0,384,4,38,3.451907233481356,0.0
rl,dqn | LDPC-DiscreteMI-v0,384,4,39,3.420547480030548,0.0
rl,dqn | LDPC-DiscreteMI-v0,384,4,40,3.100547795631275,0.0
rl,dqn | LDPC-DiscreteMI-v0,384,4,41,3.451907233481356,0.0
rl,dqn | LDPC-DiscreteMI-v0,384,5,0,4.422382544201729,0.0
rl,dqn | LDPC-DiscreteMI-v0,384,5,1,4.495454725657839,0.0
rl,dqn | LDPC-DiscreteMI-v0,384,5,2,4.188496883782267,0.0
rl,dqn | LDPC-DiscreteMI-v0,384,5,3,4.33732041807605,0.0
rl,dqn | LDPC-DiscreteMI-v0,384,5,4,4.484448396353051,0.0
rl,dqn | LDPC-DiscreteMI-v0,384,5,5,4.564420912067882,0.0
rl,dqn | LDPC-DiscreteMI-v0,384,5,6,4.810689074156299,0.0
rl,dqn | LDPC-DiscreteMI-v0,384,5,7,4.480438663490418,0.0
rl,dqn | LDPC-DiscreteMI-v0,384,5,8,4.256078479898369,0.0
rl,dqn | LDPC-DiscreteMI-v0,384,5,9,4.237996309493003,0.0
rl,dqn | LDPC-DiscreteMI-v0,384,5,10,4.439444854277895,0.0
rl,dqn | LDPC-DiscreteMI-v0,384,5,11,4.498064788514997,0.0
rl,dqn | LDPC-DiscreteMI-v0,384,5,12,4.332868510062275,0.0
rl,dqn | LDPC-DiscreteMI-v0,384,5,13,4.256536417921963,0.0
rl,dqn | LDPC-DiscreteMI-v0,384,5,14,4.34614957566409,0.0
rl,dqn | LDPC-DiscreteMI-v0,384,5,15,4.46147925891832,0.0
rl,dqn | LDPC-DiscreteMI-v0,384,5,16,4.457960200073542,0.0
rl,dqn | LDPC-DiscreteMI-v0,384,5,17,4.466473957251738,0.0
rl,dqn | LDPC-DiscreteMI-v0,384,5,18,4.465050199186734,0.0
rl,dqn | LDPC-DiscreteMI-v0,384,5,19,4.255153574979312,0.0
rl,dqn | LDPC-DiscreteMI-v0,384,5,20,3.2360000370193167,0.0
rl,dqn | LDPC-DiscreteMI-v0,384,5,21,3.2222749574829836,0.0
rl,dqn | LDPC-DiscreteMI-v0,384,5,22,2.76139881037142,0.0
rl,dqn | LDPC-DiscreteMI-v0,384,5,23,3.442610033609416,0.0
rl,dqn | LDPC-DiscreteMI-v0,384,5,24,3.2811779540646975,0.0
rl,dqn | LDPC-DiscreteMI-v0,384,5,25,3.2032894583700107,0.0
rl,dqn | LDPC-DiscreteMI-v0,384,5,26,3.453815854254601,0.0
rl,dqn | LDPC-DiscreteMI-v0,384,5,27,3.0453447750374796,0.0
rl,dqn | LDPC-DiscreteMI-v0,384,5,28,3.292616220827218,0.0
rl,dqn | LDPC-DiscreteMI-v0,384,5,29,2.9154131964206256,0.0
rl,dqn | LDPC-DiscreteMI-v0,384,5,30,3.7251216718933877,0.0
rl,dqn | LDPC-DiscreteMI-v0,384,5,31,2.7123109058337938,0.0
rl,dqn | LDPC-DiscreteMI-v0,384,5,32,3.474627586007141,0.0
rl,dqn | LDPC-DiscreteMI-v0,384,5,33,3.247631607646666,0.0
rl,dqn | LDPC-DiscreteMI-v0,384,5,34,3.273463668015157,0.0
rl,dqn | LDPC-DiscreteMI-v0,384,5,35,3.451907233481356,0.0
rl,dqn | LDPC-DiscreteMI-v0,384,5,36,3.405606111260804,0.0
rl,dqn | LDPC-DiscreteMI-v0,384,5,37,2.724438229561849,0.0
rl,dqn | LDPC-DiscreteMI-v0,384,5,38,3.451907233481356,0.0
rl,dqn | LDPC-DiscreteMI-v0,384,5,39,3.420547480030548,0.0
rl,dqn | LDPC-DiscreteMI-v0,384,5,40,3.100547795631275,0.0
rl,dqn | LDPC-DiscreteMI-v0,384,5,41,3.451907233481356,0.0
rl,dqn | LDPC-DiscreteMI-v0,384,6,0,4.422382544201729,0.0
rl,dqn | LDPC-DiscreteMI-v0,384,6,1,4.495454725657839,0.0
rl,dqn | LDPC-DiscreteMI-v0,384,6,2,4.188496883782267,0.0
rl,dqn | LDPC-DiscreteMI-v0,384,6,3,4.33732041807605,0.0
rl,dqn | LDPC-DiscreteMI-v0,384,6,4,4.484448396353051,0.0
rl,dqn | LDPC-DiscreteMI-v0,384,6,5,4.564420912067882,0.0
rl,dqn | LDPC-DiscreteMI-v0,384,6,6,4.810689074156299,0.0
rl,dqn | LDPC-DiscreteMI-v0,384,6,7,4.480438663490418,0.0
rl,dqn | LDPC-DiscreteMI-v0,384,6,8,4.256078479898369,0.0
rl,dqn | LDPC-DiscreteMI-v0,384,6,9,4.237996309493003,0.0
rl,dqn | LDPC-DiscreteMI-v0,384,6,10,4.439444854277895,0.0
rl,dqn | LDPC-DiscreteMI-v0,384,6,11,4.498064788514997,0.0
rl,dqn | LDPC-DiscreteMI-v0,384,6,12,4.332868510062275,0.0
rl,dqn | LDPC-DiscreteMI-v0,384,6,13,4.256536417921963,0.0
rl,dqn | LDPC-DiscreteMI-v0,384,6,14,4.34614957566409,0.0
rl,dqn | LDPC-DiscreteMI-v0,384,6,15,4.46147925891832,0.0
rl,dqn | LDPC-DiscreteMI-v0,384,6,16,4.457960200073542,0.0
rl,dqn | LDPC-DiscreteMI-v0,384,6,17,4.466473957251738,0.0
rl,dqn | LDPC-DiscreteMI-v0,384,6,18,4.465050199186734,0.0
rl,dqn | LDPC-DiscreteMI-v0,384,6,19,4.255153574979312,0.0
rl,dqn | LDPC-DiscreteMI-v0,384,6,20,3.2360000370193167,0.0
rl,dqn | LDPC-DiscreteMI-v0,384,6,21,3.2222749574829836,0.0
rl,dqn | LDPC-DiscreteMI-v0,384,6,22,2.76139881037142,0.0
rl,dqn | LDPC-DiscreteMI-v0,384,6,23,3.442610033609416,0.0
rl,dqn | LDPC-DiscreteMI-v0,384,6,24,3.2811779540646975,0.0
rl,dqn | LDPC-DiscreteMI-v0,384,6,25,3.2032894583700107,0.0
rl,dqn | LDPC-DiscreteMI-v0,384,6,26,3.453815854254601,0.0
rl,dqn | LDPC-DiscreteMI-v0,384,6,27,3.0453447750374796,0.0
rl,dqn | LDPC-DiscreteMI-v0,384,6,28,3.292616220827218,0.0
rl,dqn | LDPC-DiscreteMI-v0,384,6,29,2.9154131964206256,0.0
rl,dqn | LDPC-DiscreteMI-v0,384,6,30,3.7251216718933877,0.0
rl,dqn | LDPC-DiscreteMI-v0,384,6,31,2.7123109058337938,0.0
rl,dqn | LDPC-DiscreteMI-v0,384,6,32,3.474627586007141,0.0
rl,dqn | LDPC-DiscreteMI-v0,384,6,33,3.247631607646666,0.0
rl,dqn | LDPC-DiscreteMI-v0,384,6,34,3.273463668015157,0.0
rl,dqn | LDPC-DiscreteMI-v0,384,6,35,3.451907233481356,0.0
rl,dqn | LDPC-DiscreteMI-v0,384,6,36,3.405606111260804,0.0
rl,dqn | LDPC-DiscreteMI-v0,384,6,37,2.724438229561849,0.0
rl,dqn | LDPC-DiscreteMI-v0,384,6,38,3.451907233481356,0.0
rl,dqn | LDPC-DiscreteMI-v0,384,6,39,3.420547480030548,0.0
rl,dqn | LDPC-DiscreteMI-v0,384,6,40,3.100547795631275,0.0
rl,dqn | LDPC-DiscreteMI-v0,384,6,41,3.451907233481356,0.0
rl,dqn | LDPC-DiscreteMI-v0,384,7,0,4.422382544201729,0.0
rl,dqn | LDPC-DiscreteMI-v0,384,7,1,4.495454725657839,0.0
rl,dqn | LDPC-DiscreteMI-v0,384,7,2,4.188496883782267,0.0
rl,dqn | LDPC-DiscreteMI-v0,384,7,3,4.33732041807605,0.0
rl,dqn | LDPC-DiscreteMI-v0,384,7,4,4.484448396353051,0.0
rl,dqn | LDPC-DiscreteMI-v0,384,7,5,4.564420912067882,0.0
rl,dqn | LDPC-DiscreteMI-v0,384,7,6,4.810689074156299,0.0
rl,dqn | LDPC-DiscreteMI-v0,384,7,7,4.480438663490418,0.0
rl,dqn | LDPC-DiscreteMI-v0,384,7,8,4.256078479898369,0.0
rl,dqn | LDPC-DiscreteMI-v0,384,7,9,4.237996309493003,0.0
rl,dqn | LDPC-DiscreteMI-v0,384,7,10,4.439444854277895,0.0
rl,dqn | LDPC-DiscreteMI-v0,384,7,11,4.498064788514997,0.0
rl,dqn | LDPC-DiscreteMI-v0,384,7,12,4.332868510062275,0.0
rl,dqn | LDPC-DiscreteMI-v0,384,7,13,4.256536417921963,0.0
rl,dqn | LDPC-DiscreteMI-v0,384,7,14,4.34614957566409,0.0
rl,dqn | LDPC-DiscreteMI-v0,384,7,15,4.46147925891832,0.0
rl,dqn | LDPC-DiscreteMI-v0,384,7,16,4.457960200073542,0.0
rl,dqn | LDPC-DiscreteMI-v0,384,7,17,4.466473957251738,0.0
rl,dqn | LDPC-DiscreteMI-v0,384,7,18,4.465050199186734,0.0
rl,dqn | LDPC-DiscreteMI-v0,384,7,19,4.255153574979312,0.0
rl,dqn | LDPC-DiscreteMI-v0,384,7,20,3.2360000370193167,0.0
rl,dqn | LDPC-DiscreteMI-v0,384,7,21,3.2222749574829836,0.0
rl,dqn | LDPC-DiscreteMI-v0,384,7,22,2.76139881037142,0.0
rl,dqn | LDPC-DiscreteMI-v0,384,7,23,3.442610033609416,0.0
rl,dqn | LDPC-DiscreteMI-v0,384,7,24,3.2811779540646975,0.0
rl,dqn | LDPC-DiscreteMI-v0,384,7,25,3.2032894583700107,0.0
rl,dqn | LDPC-DiscreteMI-v0,384,7,26,3.453815854254601,0.0
rl,dqn | LDPC-DiscreteMI-v0,384,7,27,3.0453447750374796,0.0
rl,dqn | LDPC-DiscreteMI-v0,384,7,28,3.292616220827218,0.0
rl,dqn | LDPC-DiscreteMI-v0,384,7,29,2.9154131964206256,0.0
rl,dqn | LDPC-DiscreteMI-v0,384,7,30,3.7251216718933877,0.0
rl,dqn | LDPC-DiscreteMI-v0,384,7,31,2.7123109058337938,0.0
rl,dqn | LDPC-DiscreteMI-v0,384,7,32,3.474627586007141,0.0
rl,dqn | LDPC-DiscreteMI-v0,384,7,33,3.247631607646666,0.0
rl,dqn | LDPC-DiscreteMI-v0,384,7,34,3.273463668015157,0.0
rl,dqn | LDPC-DiscreteMI-v0,384,7,35,3.451907233481356,0.0
rl,dqn | LDPC-DiscreteMI-v0,384,7,36,3.405606111260804,0.0
rl,dqn | LDPC-DiscreteMI-v0,384,7,37,2.724438229561849,0.0
rl,dqn | LDPC-DiscreteMI-v0,384,7,38,3.451907233481356,0.0
rl,dqn | LDPC-DiscreteMI-v0,384,7,39,3.420547480030548,0.0
rl,dqn | LDPC-DiscreteMI-v0,384,7,40,3.100547795631275,0.0
rl,dqn | LDPC-DiscreteMI-v0,384,7,41,3.451907233481356,0.0
rl,dqn | LDPC-DiscreteMI-v0,384,8,0,4.422382544201729,0.0
rl,dqn | LDPC-DiscreteMI-v0,384,8,1,4.495454725657839,0.0
rl,dqn | LDPC-DiscreteMI-v0,384,8,2,4.188496883782267,0.0
rl,dqn | LDPC-DiscreteMI-v0,384,8,3,4.33732041807605,0.0
rl,dqn | LDPC-DiscreteMI-v0,384,8,4,4.484448396353051,0.0
rl,dqn | LDPC-DiscreteMI-v0,384,8,5,4.564420912067882,0.0
rl,dqn | LDPC-DiscreteMI-v0,384,8,6,4.810689074156299,0.0
rl,dqn | LDPC-DiscreteMI-v0,384,8,7,4.480438663490418,0.0
rl,dqn | LDPC-DiscreteMI-v0,384,8,8,4.256078479898369,0.0
rl,dqn | LDPC-DiscreteMI-v0,384,8,9,4.237996309493003,0.0
rl,dqn | LDPC-DiscreteMI-v0,384,8,10,4.439444854277895,0.0
rl,dqn | LDPC-DiscreteMI-v0,384,8,11,4.498064788514997,0.0
rl,dqn | LDPC-DiscreteMI-v0,384,8,12,4.332868510062275,0.0
rl,dqn | LDPC-DiscreteMI-v0,384,8,13,4.256536417921963,0.0
rl,dqn | LDPC-DiscreteMI-v0,384,8,14,4.34614957566409,0.0
rl,dqn | LDPC-DiscreteMI-v0,384,8,15,4.46147925891832,0.0
rl,dqn | LDPC-DiscreteMI-v0,384,8,16,4.457960200073542,0.0
rl,dqn | LDPC-DiscreteMI-v0,384,8,17,4.466473957251738,0.0
rl,dqn | LDPC-DiscreteMI-v0,384,8,18,4.465050199186734,0.0
rl,dqn | LDPC-DiscreteMI-v0,384,8,19,4.255153574979312,0.0
rl,dqn | LDPC-DiscreteMI-v0,384,8,20,3.2360000370193167,0.0
rl,dqn | LDPC-DiscreteMI-v0,384,8,21,3.2222749574829836,0.0
rl,dqn | LDPC-DiscreteMI-v0,384,8,22,2.76139881037142,0.0
rl,dqn | LDPC-DiscreteMI-v0,384,8,23,3.442610033609416,0.0
rl,dqn | LDPC-DiscreteMI-v0,384,8,24,3.2811779540646975,0.0
rl,dqn | LDPC-DiscreteMI-v0,384,8,25,3.2032894583700107,0.0
rl,dqn | LDPC-DiscreteMI-v0,384,8,26,3.453815854254601,0.0
rl,dqn | LDPC-DiscreteMI-v0,384,8,27,3.0453447750374796,0.0
rl,dqn | LDPC-DiscreteMI-v0,384,8,28,3.292616220827218,0.0
rl,dqn | LDPC-DiscreteMI-v0,384,8,29,2.9154131964206256,0.0
rl,dqn | LDPC-DiscreteMI-v0,384,8,30,3.7251216718933877,0.0
rl,dqn | LDPC-DiscreteMI-v0,384,8,31,2.7123109058337938,0.0
rl,dqn | LDPC-DiscreteMI-v0,384,8,32,3.474627586007141,0.0
rl,dqn | LDPC-DiscreteMI-v0,384,8,33,3.247631607646666,0.0
rl,dqn | LDPC-DiscreteMI-v0,384,8,34,3.273463668015157,0.0
rl,dqn | LDPC-DiscreteMI-v0,384,8,35,3.451907233481356,0.0
rl,dqn | LDPC-DiscreteMI-v0,384,8,36,3.405606111260804,0.0
rl,dqn | LDPC-DiscreteMI-v0,384,8,37,2.724438229561849,0.0
rl,dqn | LDPC-DiscreteMI-v0,384,8,38,3.451907233481356,0.0
rl,dqn | LDPC-DiscreteMI-v0,384,8,39,3.420547480030548,0.0
rl,dqn | LDPC-DiscreteMI-v0,384,8,40,3.100547795631275,0.0
rl,dqn | LDPC-DiscreteMI-v0,384,8,41,3.451907233481356,0.0
rl,dqn | LDPC-DiscreteMI-v0,384,9,0,4.422382544201729,0.0
rl,dqn | LDPC-DiscreteMI-v0,384,9,1,4.495454725657839,0.0
rl,dqn | LDPC-DiscreteMI-v0,384,9,2,4.188496883782267,0.0
rl,dqn | LDPC-DiscreteMI-v0,384,9,3,4.33732041807605,0.0
rl,dqn | LDPC-DiscreteMI-v0,384,9,4,4.484448396353051,0.0
rl,dqn | LDPC-DiscreteMI-v0,384,9,5,4.564420912067882,0.0
rl,dqn | LDPC-DiscreteMI-v0,384,9,6,4.810689074156299,0.0
rl,dqn | LDPC-DiscreteMI-v0,384,9,7,4.480438663490418,0.0
rl,dqn | LDPC-DiscreteMI-v0,384,9,8,4.256078479898369,0.0
rl,dqn | LDPC-DiscreteMI-v0,384,9,9,4.237996309493003,0.0
rl,dqn | LDPC-DiscreteMI-v0,384,9,10,4.439444854277895,0.0
rl,dqn | LDPC-DiscreteMI-v0,384,9,11,4.498064788514997,0.0
rl,dqn | LDPC-DiscreteMI-v0,384,9,12,4.332868510062275,0.0
rl,dqn | LDPC-DiscreteMI-v0,384,9,13,4.256536417921963,0.0
rl,dqn | LDPC-DiscreteMI-v0,384,9,14,4.34614957566409,0.0
rl,dqn | LDPC-DiscreteMI-v0,384,9,15,4.46147925891832,0.0
rl,dqn | LDPC-DiscreteMI-v0,384,9,16,4.457960200073542,0.0
rl,dqn | LDPC-DiscreteMI-v0,384,9,17,4.466473957251738,0.0
rl,dqn | LDPC-DiscreteMI-v0,384,9,18,4.465050199186734,0.0
rl,dqn | LDPC-DiscreteMI-v0,384,9,19,4.255153574979312,0.0
rl,dqn | LDPC-DiscreteMI-v0,384,9,20,3.2360000370193167,0.0
rl,dqn | LDPC-DiscreteMI-v0,384,9,21,3.2222749574829836,0.0
rl,dqn | LDPC-DiscreteMI-v0,384,9,22,2.76139881037142,0.0
rl,dqn | LDPC-DiscreteMI-v0,384,9,23,3.442610033609416,0.0
rl,dqn | LDPC-DiscreteMI-v0,384,9,24,3.2811779540646975,0.0
rl,dqn | LDPC-DiscreteMI-v0,384,9,25,3.2032894583700107,0.0
rl,dqn | LDPC-DiscreteMI-v0,384,9,26,3.453815854254601,0.0
rl,dqn | LDPC-DiscreteMI-v0,384,9,27,3.0453447750374796,0.0
rl,dqn | LDPC-DiscreteMI-v0,384,9,28,3.292616220827218,0.0
rl,dqn | LDPC-DiscreteMI-v0,384,9,29,2.9154131964206256,0.0
rl,dqn | LDPC-DiscreteMI-v0,384,9,30,3.7251216718933877,0.0
rl,dqn | LDPC-DiscreteMI-v0,384,9,31,2.7123109058337938,0.0
rl,dqn | LDPC-DiscreteMI-v0,384,9,32,3.474627586007141,0.0
rl,dqn | LDPC-DiscreteMI-v0,384,9,33,3.247631607646666,0.0
rl,dqn | LDPC-DiscreteMI-v0,384,9,34,3.273463668015157,0.0
rl,dqn | LDPC-DiscreteMI-v0,384,9,35,3.451907233481356,0.0
rl,dqn | LDPC-DiscreteMI-v0,384,9,36,3.405606111260804,0.0
rl,dqn | LDPC-DiscreteMI-v0,384,9,37,2.724438229561849,0.0
rl,dqn | LDPC-DiscreteMI-v0,384,9,38,3.451907233481356,0.0
rl,dqn | LDPC-DiscreteMI-v0,384,9,39,3.420547480030548,0.0
rl,dqn | LDPC-DiscreteMI-v0,384,9,40,3.100547795631275,0.0
rl,dqn | LDPC-DiscreteMI-v0,384,9,41,3.451907233481356,0.0
rl,dqn | LDPC-DiscreteMI-v0,384,10,0,4.422382544201729,0.0
rl,dqn | LDPC-DiscreteMI-v0,384,10,1,4.495454725657839,0.0
rl,dqn | LDPC-DiscreteMI-v0,384,10,2,4.188496883782267,0.0
rl,dqn | LDPC-DiscreteMI-v0,384,10,3,4.33732041807605,0.0
rl,dqn | LDPC-DiscreteMI-v0,384,10,4,4.484448396353051,0.0
rl,dqn | LDPC-DiscreteMI-v0,384,10,5,4.564420912067882,0.0
rl,dqn | LDPC-DiscreteMI-v0,384,10,6,4.810689074156299,0.0
rl,dqn | LDPC-DiscreteMI-v0,384,10,7,4.480438663490418,0.0
rl,dqn | LDPC-DiscreteMI-v0,384,10,8,4.256078479898369,0.0
rl,dqn | LDPC-DiscreteMI-v0,384,10,9,4.237996309493003,0.0
rl,dqn | LDPC-DiscreteMI-v0,384,10,10,4.439444854277895,0.0
rl,dqn | LDPC-DiscreteMI-v0,384,10,11,4.498064788514997,0.0
rl,dqn | LDPC-DiscreteMI-v0,384,10,12,4.332868510062275,0.0
rl,dqn | LDPC-DiscreteMI-v0,384,10,13,4.256536417921963,0.0
rl,dqn | LDPC-DiscreteMI-v0,384,10,14,4.34614957566409,0.0
rl,dqn | LDPC-DiscreteMI-v0,384,10,15,4.46147925891832,0.0
rl,dqn | LDPC-DiscreteMI-v0,384,10,16,4.457960200073542,0.0
rl,dqn | LDPC-DiscreteMI-v0,384,10,17,4.466473957251738,0.0
rl,dqn | LDPC-DiscreteMI-v0,384,10,18,4.465050199186734,0.0
rl,dqn | LDPC-DiscreteMI-v0,384,10,19,4.255153574979312,0.0
rl,dqn | LDPC-DiscreteMI-v0,384,10,20,3.2360000370193167,0.0
rl,dqn | LDPC-DiscreteMI-v0,384,10,21,3.2222749574829836,0.0
rl,dqn | LDPC-DiscreteMI-v0,384,10,22,2.76139881037142,0.0
rl,dqn | LDPC-DiscreteMI-v0,384,10,23,3.442610033609416,0.0
rl,dqn | LDPC-DiscreteMI-v0,384,10,24,3.2811779540646975,0.0
rl,dqn | LDPC-DiscreteMI-v0,384,10,25,3.2032894583700107,0.0
rl,dqn | LDPC-DiscreteMI-v0,384,10,26,3.453815854254601,0.0
rl,dqn | LDPC-DiscreteMI-v0,384,10,27,3.0453447750374796,0.0
rl,dqn | LDPC-DiscreteMI-v0,384,10,28,3.292616220827218,0.0
rl,dqn | LDPC-DiscreteMI-v0,384,10,29,2.9154131964206256,0.0
rl,dqn | LDPC-DiscreteMI-v0,384,10,30,3.7251216718933877,0.0
rl,dqn | LDPC-DiscreteMI-v0,384,10,31,2.7123109058337938,0.0
rl,dqn | LDPC-DiscreteMI-v0,384,10,32,3.474627586007141,0.0
rl,dqn | LDPC-DiscreteMI-v0,384,10,33,3.247631607646666,0.0
rl,dqn | LDPC-DiscreteMI-v0,384,10,34,3.273463668015157,0.0
rl,dqn | LDPC-DiscreteMI-v0,384,10,35,3.451907233481356,0.0
rl,dqn | LDPC-DiscreteMI-v0,384,10,36,3.405606111260804,0.0
rl,dqn | LDPC-DiscreteMI-v0,384,10,37,2.724438229561849,0.0
rl,dqn | LDPC-DiscreteMI-v0,384,10,38,3.451907233481356,0.0
rl,dqn | LDPC-DiscreteMI-v0,384,10,39,3.420547480030548,0.0
rl,dqn | LDPC-DiscreteMI-v0,384,10,40,3.100547795631275,0.0
rl,dqn | LDPC-DiscreteMI-v0,384,10,41,3.451907233481356,0.0
rl,dqn | LDPC-DiscreteMI-v0,384,11,0,4.422382544201729,0.0
rl,dqn | LDPC-DiscreteMI-v0,384,11,1,4.495454725657839,0.0
rl,dqn | LDPC-DiscreteMI-v0,384,11,2,4.188496883782267,0.0
rl,dqn | LDPC-DiscreteMI-v0,384,11,3,4.33732041807605,0.0
rl,dqn | LDPC-DiscreteMI-v0,384,11,4,4.484448396353051,0.0
rl,dqn | LDPC-DiscreteMI-v0,384,11,5,4.564420912067882,0.0
rl,dqn | LDPC-DiscreteMI-v0,384,11,6,4.810689074156299,0.0
rl,dqn | LDPC-DiscreteMI-v0,384,11,7,4.480438663490418,0.0
rl,dqn | LDPC-DiscreteMI-v0,384,11,8,4.256078479898369,0.0
rl,dqn | LDPC-DiscreteMI-v0,384,11,9,4.237996309493003,0.0
rl,dqn | LDPC-DiscreteMI-v0,384,11,10,4.439444854277895,0.0
rl,dqn | LDPC-DiscreteMI-v0,384,11,11,4.498064788514997,0.0
rl,dqn | LDPC-DiscreteMI-v0,384,11,12,4.332868510062275,0.0
rl,dqn | LDPC-DiscreteMI-v0,384,11,13,4.256536417921963,0.0
rl,dqn | LDPC-DiscreteMI-v0,384,11,14,4.34614957566409,0.0
rl,dqn | LDPC-DiscreteMI-v0,384,11,15,4.46147925891832,0.0
rl,dqn | LDPC-DiscreteMI-v0,384,11,16,4.457960200073542,0.0
rl,dqn | LDPC-DiscreteMI-v0,384,11,17,4.466473957251738,0.0
rl,dqn | LDPC-DiscreteMI-v0,384,11,18,4.465050199186734,0.0
rl,dqn | LDPC-DiscreteMI-v0,384,11,19,4.255153574979312,0.0
rl,dqn | LDPC-DiscreteMI-v0,384,11,20,3.2360000370193167,0.0
rl,dqn | LDPC-DiscreteMI-v0,384,11,21,3.2222749574829836,0.0
rl,dqn | LDPC-DiscreteMI-v0,384,11,22,2.76139881037142,0.0
rl,dqn | LDPC-DiscreteMI-v0,384,11,23,3.442610033609416,0.0
rl,dqn | LDPC-DiscreteMI-v0,384,11,24,3.2811779540646975,0.0
rl,dqn | LDPC-DiscreteMI-v0,384,11,25,3.2032894583700107,0.0
rl,dqn | LDPC-DiscreteMI-v0,384,11,26,3.453815854254601,0.0
rl,dqn | LDPC-DiscreteMI-v0,384,11,27,3.0453447750374796,0.0
rl,dqn | LDPC-DiscreteMI-v0,384,11,28,3.292616220827218,0.0
rl,dqn | LDPC-DiscreteMI-v0,384,11,29,2.9154131964206256,0.0
rl,dqn | LDPC-DiscreteMI-v0,384,11,30,3.7251216718933877,0.0
rl,dqn | LDPC-DiscreteMI-v0,384,11,31,2.7123109058337938,0.0
rl,dqn | LDPC-DiscreteMI-v0,384,11,32,3.474627586007141,0.0
rl,dqn | LDPC-DiscreteMI-v0,384,11,33,3.247631607646666,0.0
rl,dqn | LDPC-DiscreteMI-v0,384,11,34,3.273463668015157,0.0
rl,dqn | LDPC-DiscreteMI-v0,384,11,35,3.451907233481356,0.0
rl,dqn | LDPC-DiscreteMI-v0,384,11,36,3.405606111260804,0.0
rl,dqn | LDPC-DiscreteMI-v0,384,11,37,2.724438229561849,0.0
rl,dqn | LDPC-DiscreteMI-v0,384,11,38,3.451907233481356,0.0
rl,dqn | LDPC-DiscreteMI-v0,384,11,39,3.420547480030548,0.0
rl,dqn | LDPC-DiscreteMI-v0,384,11,40,3.100547795631275,0.0
rl,dqn | LDPC-DiscreteMI-v0,384,11,41,3.451907233481356,0.0
rl,dqn | LDPC-DiscreteMI-v0,384,12,0,4.422382544201729,0.0
rl,dqn | LDPC-DiscreteMI-v0,384,12,1,4.495454725657839,0.0
rl,dqn | LDPC-DiscreteMI-v0,384,12,2,4.188496883782267,0.0
rl,dqn | LDPC-DiscreteMI-v0,384,12,3,4.33732041807605,0.0
rl,dqn | LDPC-DiscreteMI-v0,384,12,4,4.484448396353051,0.0
rl,dqn | LDPC-DiscreteMI-v0,384,12,5,4.564420912067882,0.0
rl,dqn | LDPC-DiscreteMI-v0,384,12,6,4.810689074156299,0.0
rl,dqn | LDPC-DiscreteMI-v0,384,12,7,4.480438663490418,0.0
rl,dqn | LDPC-DiscreteMI-v0,384,12,8,4.256078479898369,0.0
rl,dqn | LDPC-DiscreteMI-v0,384,12,9,4.237996309493003,0.0
rl,dqn | LDPC-DiscreteMI-v0,384,12,10,4.439444854277895,0.0
rl,dqn | LDPC-DiscreteMI-v0,384,12,11,4.498064788514997,0.0
rl,dqn | LDPC-DiscreteMI-v0,384,12,12,4.332868510062275,0.0
rl,dqn | LDPC-DiscreteMI-v0,384,12,13,4.256536417921963,0.0
rl,dqn | LDPC-DiscreteMI-v0,384,12,14,4.34614957566409,0.0
rl,dqn | LDPC-DiscreteMI-v0,384,12,15,4.46147925891832,0.0
rl,dqn | LDPC-DiscreteMI-v0,384,12,16,4.457960200073542,0.0
rl,dqn | LDPC-DiscreteMI-v0,384,12,17,4.466473957251738,0.0
rl,dqn | LDPC-DiscreteMI-v0,384,12,18,4.465050199186734,0.0
rl,dqn | LDPC-DiscreteMI-v0,384,12,19,4.255153574979312,0.0
rl,dqn | LDPC-DiscreteMI-v0,384,12,20,3.2360000370193167,0.0
rl,dqn | LDPC-DiscreteMI-v0,384,12,21,3.2222749574829836,0.0
rl,dqn | LDPC-DiscreteMI-v0,384,12,22,2.76139881037142,0.0
rl,dqn | LDPC-DiscreteMI-v0,384,12,23,3.442610033609416,0.0
rl,dqn | LDPC-DiscreteMI-v0,384,12,24,3.2811779540646975,0.0
rl,dqn | LDPC-DiscreteMI-v0,384,12,25,3.2032894583700107,0.0
rl,dqn | LDPC-DiscreteMI-v0,384,12,26,3.453815854254601,0.0
rl,dqn | LDPC-DiscreteMI-v0,384,12,27,3.0453447750374796,0.0
rl,dqn | LDPC-DiscreteMI-v0,384,12,28,3.292616220827218,0.0
rl,dqn | LDPC-DiscreteMI-v0,384,12,29,2.9154131964206256,0.0
rl,dqn | LDPC-DiscreteMI-v0,384,12,30,3.7251216718933877,0.0
rl,dqn | LDPC-DiscreteMI-v0,384,12,31,2.7123109058337938,0.0
rl,dqn | LDPC-DiscreteMI-v0,384,12,32,3.474627586007141,0.0
rl,dqn | LDPC-DiscreteMI-v0,384,12,33,3.247631607646666,0.0
rl,dqn | LDPC-DiscreteMI-v0,384,12,34,3.273463668015157,0.0
rl,dqn | LDPC-DiscreteMI-v0,384,12,35,3.451907233481356,0.0
rl,dqn | LDPC-DiscreteMI-v0,384,12,36,3.405606111260804,0.0
rl,dqn | LDPC-DiscreteMI-v0,384,12,37,2.724438229561849,0.0
rl,dqn | LDPC-DiscreteMI-v0,384,12,38,3.451907233481356,0.0
rl,dqn | LDPC-DiscreteMI-v0,384,12,39,3.420547480030548,0.0
rl,dqn | LDPC-DiscreteMI-v0,384,12,40,3.100547795631275,0.0
rl,dqn | LDPC-DiscreteMI-v0,384,12,41,3.451907233481356,0.0
rl,dqn | LDPC-DiscreteMI-v0,384,13,0,4.422382544201729,0.0
rl,dqn | LDPC-DiscreteMI-v0,384,13,1,4.495454725657839,0.0
rl,dqn | LDPC-DiscreteMI-v0,384,13,2,4.188496883782267,0.0
rl,dqn | LDPC-DiscreteMI-v0,384,13,3,4.33732041807605,0.0
rl,dqn | LDPC-DiscreteMI-v0,384,13,4,4.484448396353051,0.0
rl,dqn | LDPC-DiscreteMI-v0,384,13,5,4.564420912067882,0.0
rl,dqn | LDPC-DiscreteMI-v0,384,13,6,4.810689074156299,0.0
rl,dqn | LDPC-DiscreteMI-v0,384,13,7,4.480438663490418,0.0
rl,dqn | LDPC-DiscreteMI-v0,384,13,8,4.256078479898369,0.0
rl,dqn | LDPC-DiscreteMI-v0,384,13,9,4.237996309493003,0.0
rl,dqn | LDPC-DiscreteMI-v0,384,13,10,4.439444854277895,0.0
rl,dqn | LDPC-DiscreteMI-v0,384,13,11,4.498064788514997,0.0
rl,dqn | LDPC-DiscreteMI-v0,384,13,12,4.332868510062275,0.0
rl,dqn | LDPC-DiscreteMI-v0,384,13,13,4.256536417921963,0.0
rl,dqn | LDPC-DiscreteMI-v0,384,13,14,4.34614957566409,0.0
rl,dqn | LDPC-DiscreteMI-v0,384,13,15,4.46147925891832,0.0
rl,dqn | LDPC-DiscreteMI-v0,384,13,16,4.457960200073542,0.0
rl,dqn | LDPC-DiscreteMI-v0,384,13,17,4.466473957251738,0.0
rl,dqn | LDPC-DiscreteMI-v0,384,13,18,4.465050199186734,0.0
rl,dqn | LDPC-DiscreteMI-v0,384,13,19,4.255153574979312,0.0
rl,dqn | LDPC-DiscreteMI-v0,384,13,20,3.2360000370193167,0.0
rl,dqn | LDPC-DiscreteMI-v0,384,13,21,3.2222749574829836,0.0
rl,dqn | LDPC-DiscreteMI-v0,384,13,22,2.76139881037142,0.0
rl,dqn | LDPC-DiscreteMI-v0,384,13,23,3.442610033609416,0.0
rl,dqn | LDPC-DiscreteMI-v0,384,13,24,3.2811779540646975,0.0
rl,dqn | LDPC-DiscreteMI-v0,384,13,25,3.2032894583700107,0.0
rl,dqn | LDPC-DiscreteMI-v0,384,13,26,3.453815854254601,0.0
rl,dqn | LDPC-DiscreteMI-v0,384,13,27,3.0453447750374796,0.0
rl,dqn | LDPC-DiscreteMI-v0,384,13,28,3.292616220827218,0.0
rl,dqn | LDPC-DiscreteMI-v0,384,13,29,2.9154131964206256,0.0
rl,dqn | LDPC-DiscreteMI-v0,384,13,30,3.7251216718933877,0.0
rl,dqn | LDPC-DiscreteMI-v0,384,13,31,2.7123109058337938,0.0
rl,dqn | LDPC-DiscreteMI-v0,384,13,32,3.474627586007141,0.0
rl,dqn | LDPC-DiscreteMI-v0,384,13,33,3.247631607646666,0.0
rl,dqn | LDPC-DiscreteMI-v0,384,13,34,3.273463668015157,0.0
rl,dqn | LDPC-DiscreteMI-v0,384,13,35,3.451907233481356,0.0
rl,dqn | LDPC-DiscreteMI-v0,384,13,36,3.405606111260804,0.0
rl,dqn | LDPC-DiscreteMI-v0,384,13,37,2.724438229561849,0.0
rl,dqn | LDPC-DiscreteMI-v0,384,13,38,3.451907233481356,0.0
rl,dqn | LDPC-DiscreteMI-v0,384,13,39,3.420547480030548,0.0
rl,dqn | LDPC-DiscreteMI-v0,384,13,40,3.100547795631275,0.0
rl,dqn | LDPC-DiscreteMI-v0,384,13,41,3.451907233481356,0.0
rl,dqn | LDPC-DiscreteMI-v0,384,14,0,4.422382544201729,0.0
rl,dqn | LDPC-DiscreteMI-v0,384,14,1,4.495454725657839,0.0
rl,dqn | LDPC-DiscreteMI-v0,384,14,2,4.188496883782267,0.0
rl,dqn | LDPC-DiscreteMI-v0,384,14,3,4.33732041807605,0.0
rl,dqn | LDPC-DiscreteMI-v0,384,14,4,4.484448396353051,0.0
rl,dqn | LDPC-DiscreteMI-v0,384,14,5,4.564420912067882,0.0
rl,dqn | LDPC-DiscreteMI-v0,384,14,6,4.810689074156299,0.0
rl,dqn | LDPC-DiscreteMI-v0,384,14,7,4.480438663490418,0.0
rl,dqn | LDPC-DiscreteMI-v0,384,14,8,4.256078479898369,0.0
rl,dqn | LDPC-DiscreteMI-v0,384,14,9,4.237996309493003,0.0
rl,dqn | LDPC-DiscreteMI-v0,384,14,10,4.439444854277895,0.0
rl,dqn | LDPC-DiscreteMI-v0,384,14,11,4.498064788514997,0.0
rl,dqn | LDPC-DiscreteMI-v0,384,14,12,4.332868510062275,0.0
rl,dqn | LDPC-DiscreteMI-v0,384,14,13,4.256536417921963,0.0
rl,dqn | LDPC-DiscreteMI-v0,384,14,14,4.34614957566409,0.0
rl,dqn | LDPC-DiscreteMI-v0,384,14,15,4.46147925891832,0.0
rl,dqn | LDPC-DiscreteMI-v0,384,14,16,4.457960200073542,0.0
rl,dqn | LDPC-DiscreteMI-v0,384,14,17,4.466473957251738,0.0
rl,dqn | LDPC-DiscreteMI-v0,384,14,18,4.465050199186734,0.0
rl,dqn | LDPC-DiscreteMI-v0,384,14,19,4.255153574979312,0.0
rl,dqn | LDPC-DiscreteMI-v0,384,14,20,3.2360000370193167,0.0
rl,dqn | LDPC-DiscreteMI-v0,384,14,21,3.2222749574829836,0.0
rl,dqn | LDPC-DiscreteMI-v0,384,14,22,2.76139881037142,0.0
rl,dqn | LDPC-DiscreteMI-v0,384,14,23,3.442610033609416,0.0
rl,dqn | LDPC-DiscreteMI-v0,384,14,24,3.2811779540646975,0.0
rl,dqn | LDPC-DiscreteMI-v0,384,14,25,3.2032894583700107,0.0
rl,dqn | LDPC-DiscreteMI-v0,384,14,26,3.453815854254601,0.0
rl,dqn | LDPC-DiscreteMI-v0,384,14,27,3.0453447750374796,0.0
rl,dqn | LDPC-DiscreteMI-v0,384,14,28,3.292616220827218,0.0
rl,dqn | LDPC-DiscreteMI-v0,384,14,29,2.9154131964206256,0.0
rl,dqn | LDPC-DiscreteMI-v0,384,14,30,3.7251216718933877,0.0
rl,dqn | LDPC-DiscreteMI-v0,384,14,31,2.7123109058337938,0.0
rl,dqn | LDPC-DiscreteMI-v0,384,14,32,3.474627586007141,0.0
rl,dqn | LDPC-DiscreteMI-v0,384,14,33,3.247631607646666,0.0
rl,dqn | LDPC-DiscreteMI-v0,384,14,34,3.273463668015157,0.0
rl,dqn | LDPC-DiscreteMI-v0,384,14,35,3.451907233481356,0.0
rl,dqn | LDPC-DiscreteMI-v0,384,14,36,3.405606111260804,0.0
rl,dqn | LDPC-DiscreteMI-v0,384,14,37,2.724438229561849,0.0
rl,dqn | LDPC-DiscreteMI-v0,384,14,38,3.451907233481356,0.0
rl,dqn | LDPC-DiscreteMI-v0,384,14,39,3.420547480030548,0.0
rl,dqn | LDPC-DiscreteMI-v0,384,14,40,3.100547795631275,0.0
rl,dqn | LDPC-DiscreteMI-v0,384,14,41,3.451907233481356,0.0
rl,dqn | LDPC-DiscreteMI-v0,384,15,0,4.422382544201729,0.0
rl,dqn | LDPC-DiscreteMI-v0,384,15,1,4.495454725657839,0.0
rl,dqn | LDPC-DiscreteMI-v0,384,15,2,4.188496883782267,0.0
rl,dqn | LDPC-DiscreteMI-v0,384,15,3,4.33732041807605,0.0
rl,dqn | LDPC-DiscreteMI-v0,384,15,4,4.484448396353051,0.0
rl,dqn | LDPC-DiscreteMI-v0,384,15,5,4.564420912067882,0.0
rl,dqn | LDPC-DiscreteMI-v0,384,15,6,4.810689074156299,0.0
rl,dqn | LDPC-DiscreteMI-v0,384,15,7,4.480438663490418,0.0
rl,dqn | LDPC-DiscreteMI-v0,384,15,8,4.256078479898369,0.0
rl,dqn | LDPC-DiscreteMI-v0,384,15,9,4.237996309493003,0.0
rl,dqn | LDPC-DiscreteMI-v0,384,15,10,4.439444854277895,0.0
rl,dqn | LDPC-DiscreteMI-v0,384,15,11,4.498064788514997,0.0
rl,dqn | LDPC-DiscreteMI-v0,384,15,12,4.332868510062275,0.0
rl,dqn | LDPC-DiscreteMI-v0,384,15,13,4.256536417921963,0.0
rl,dqn | LDPC-DiscreteMI-v0,384,15,14,4.34614957566409,0.0
rl,dqn | LDPC-DiscreteMI-v0,384,15,15,4.46147925891832,0.0
rl,dqn | LDPC-DiscreteMI-v0,384,15,16,4.457960200073542,0.0
rl,dqn | LDPC-DiscreteMI-v0,384,15,17,4.466473957251738,0.0
rl,dqn | LDPC-DiscreteMI-v0,384,15,18,4.465050199186734,0.0
rl,dqn | LDPC-DiscreteMI-v0,384,15,19,4.255153574979312,0.0
rl,dqn | LDPC-DiscreteMI-v0,384,15,20,3.2360000370193167,0.0
rl,dqn | LDPC-DiscreteMI-v0,384,15,21,3.2222749574829836,0.0
rl,dqn | LDPC-DiscreteMI-v0,384,15,22,2.76139881037142,0.0
rl,dqn | LDPC-DiscreteMI-v0,384,15,23,3.442610033609416,0.0
rl,dqn | LDPC-DiscreteMI-v0,384,15,24,3.2811779540646975,0.0
rl,dqn | LDPC-DiscreteMI-v0,384,15,25,3.2032894583700107,0.0
rl,dqn | LDPC-DiscreteMI-v0,384,15,26,3.453815854254601,0.0
rl,dqn | LDPC-DiscreteMI-v0,384,15,27,3.0453447750374796,0.0
rl,dqn | LDPC-DiscreteMI-v0,384,15,28,3.292616220827218,0.0
rl,dqn | LDPC-DiscreteMI-v0,384,15,29,2.9154131964206256,0.0
rl,dqn | LDPC-DiscreteMI-v0,384,15,30,3.7251216718933877,0.0
rl,dqn | LDPC-DiscreteMI-v0,384,15,31,2.7123109058337938,0.0
rl,dqn | LDPC-DiscreteMI-v0,384,15,32,3.474627586007141,0.0
rl,dqn | LDPC-DiscreteMI-v0,384,15,33,3.247631607646666,0.0
rl,dqn | LDPC-DiscreteMI-v0,384,15,34,3.273463668015157,0.0
rl,dqn | LDPC-DiscreteMI-v0,384,15,35,3.451907233481356,0.0
rl,dqn | LDPC-DiscreteMI-v0,384,15,36,3.405606111260804,0.0
rl,dqn | LDPC-DiscreteMI-v0,384,15,37,2.724438229561849,0.0
rl,dqn | LDPC-DiscreteMI-v0,384,15,38,3.451907233481356,0.0
rl,dqn | LDPC-DiscreteMI-v0,384,15,39,3.420547480030548,0.0
rl,dqn | LDPC-DiscreteMI-v0,384,15,40,3.100547795631275,0.0
rl,dqn | LDPC-DiscreteMI-v0,384,15,41,3.451907233481356,0.0
rl,dqn | LDPC-DiscreteMI-v0,384,16,0,4.422382544201729,0.0
rl,dqn | LDPC-DiscreteMI-v0,384,16,1,4.495454725657839,0.0
rl,dqn | LDPC-DiscreteMI-v0,384,16,2,4.188496883782267,0.0
rl,dqn | LDPC-DiscreteMI-v0,384,16,3,4.33732041807605,0.0
rl,dqn | LDPC-DiscreteMI-v0,384,16,4,4.484448396353051,0.0
rl,dqn | LDPC-DiscreteMI-v0,384,16,5,4.564420912067882,0.0
rl,dqn | LDPC-DiscreteMI-v0,384,16,6,4.810689074156299,0.0
rl,dqn | LDPC-DiscreteMI-v0,384,16,7,4.480438663490418,0.0
rl,dqn | LDPC-DiscreteMI-v0,384,16,8,4.256078479898369,0.0
rl,dqn | LDPC-DiscreteMI-v0,384,16,9,4.237996309493003,0.0
rl,dqn | LDPC-DiscreteMI-v0,384,16,10,4.439444854277895,0.0
rl,dqn | LDPC-DiscreteMI-v0,384,16,11,4.498064788514997,0.0
rl,dqn | LDPC-DiscreteMI-v0,384,16,12,4.332868510062275,0.0
rl,dqn | LDPC-DiscreteMI-v0,384,16,13,4.256536417921963,0.0
rl,dqn | LDPC-DiscreteMI-v0,384,16,14,4.34614957566409,0.0
rl,dqn | LDPC-DiscreteMI-v0,384,16,15,4.46147925891832,0.0
rl,dqn | LDPC-DiscreteMI-v0,384,16,16,4.457960200073542,0.0
rl,dqn | LDPC-DiscreteMI-v0,384,16,17,4.466473957251738,0.0
rl,dqn | LDPC-DiscreteMI-v0,384,16,18,4.465050199186734,0.0
rl,dqn | LDPC-DiscreteMI-v0,384,16,19,4.255153574979312,0.0
rl,dqn | LDPC-DiscreteMI-v0,384,16,20,3.2360000370193167,0.0
rl,dqn | LDPC-DiscreteMI-v0,384,16,21,3.2222749574829836,0.0
rl,dqn | LDPC-DiscreteMI-v0,384,16,22,2.76139881037142,0.0
rl,dqn | LDPC-DiscreteMI-v0,384,16,23,3.442610033609416,0.0
rl,dqn | LDPC-DiscreteMI-v0,384,16,24,3.2811779540646975,0.0
rl,dqn | LDPC-DiscreteMI-v0,384,16,25,3.2032894583700107,0.0
rl,dqn | LDPC-DiscreteMI-v0,384,16,26,3.453815854254601,0.0
rl,dqn | LDPC-DiscreteMI-v0,384,16,27,3.0453447750374796,0.0
rl,dqn | LDPC-DiscreteMI-v0,384,16,28,3.292616220827218,0.0
rl,dqn | LDPC-DiscreteMI-v0,384,16,29,2.9154131964206256,0.0
rl,dqn | LDPC-DiscreteMI-v0,384,16,30,3.7251216718933877,0.0
rl,dqn | LDPC-DiscreteMI-v0,384,16,31,2.7123109058337938,0.0
rl,dqn | LDPC-DiscreteMI-v0,384,16,32,3.474627586007141,0.0
rl,dqn | LDPC-DiscreteMI-v0,384,16,33,3.247631607646666,0.0
rl,dqn | LDPC-DiscreteMI-v0,384,16,34,3.273463668015157,0.0
rl,dqn | LDPC-DiscreteMI-v0,384,16,35,3.451907233481356,0.0
rl,dqn | LDPC-DiscreteMI-v0,384,16,36,3.405606111260804,0.0
rl,dqn | LDPC-DiscreteMI-v0,384,16,37,2.724438229561849,0.0
rl,dqn | LDPC-DiscreteMI-v0,384,16,38,3.451907233481356,0.0
rl,dqn | LDPC-DiscreteMI-v0,384,16,39,3.420547480030548,0.0
rl,dqn | LDPC-DiscreteMI-v0,384,16,40,3.100547795631275,0.0
rl,dqn | LDPC-DiscreteMI-v0,384,16,41,3.451907233481356,0.0
rl,dqn | LDPC-DiscreteMI-v0,384,17,0,4.422382544201729,0.0
rl,dqn | LDPC-DiscreteMI-v0,384,17,1,4.495454725657839,0.0
rl,dqn | LDPC-DiscreteMI-v0,384,17,2,4.188496883782267,0.0
rl,dqn | LDPC-DiscreteMI-v0,384,17,3,4.33732041807605,0.0
rl,dqn | LDPC-DiscreteMI-v0,384,17,4,4.484448396353051,0.0
rl,dqn | LDPC-DiscreteMI-v0,384,17,5,4.564420912067882,0.0
rl,dqn | LDPC-DiscreteMI-v0,384,17,6,4.810689074156299,0.0
rl,dqn | LDPC-DiscreteMI-v0,384,17,7,4.480438663490418,0.0
rl,dqn | LDPC-DiscreteMI-v0,384,17,8,4.256078479898369,0.0
rl,dqn | LDPC-DiscreteMI-v0,384,17,9,4.237996309493003,0.0
rl,dqn | LDPC-DiscreteMI-v0,384,17,10,4.439444854277895,0.0
rl,dqn | LDPC-DiscreteMI-v0,384,17,11,4.498064788514997,0.0
rl,dqn | LDPC-DiscreteMI-v0,384,17,12,4.332868510062275,0.0
rl,dqn | LDPC-DiscreteMI-v0,384,17,13,4.256536417921963,0.0
rl,dqn | LDPC-DiscreteMI-v0,384,17,14,4.34614957566409,0.0
rl,dqn | LDPC-DiscreteMI-v0,384,17,15,4.46147925891832,0.0
rl,dqn | LDPC-DiscreteMI-v0,384,17,16,4.457960200073542,0.0
rl,dqn | LDPC-DiscreteMI-v0,384,17,17,4.466473957251738,0.0
rl,dqn | LDPC-DiscreteMI-v0,384,17,18,4.465050199186734,0.0
rl,dqn | LDPC-DiscreteMI-v0,384,17,19,4.255153574979312,0.0
rl,dqn | LDPC-DiscreteMI-v0,384,17,20,3.2360000370193167,0.0
rl,dqn | LDPC-DiscreteMI-v0,384,17,21,3.2222749574829836,0.0
rl,dqn | LDPC-DiscreteMI-v0,384,17,22,2.76139881037142,0.0
rl,dqn | LDPC-DiscreteMI-v0,384,17,23,3.442610033609416,0.0
rl,dqn | LDPC-DiscreteMI-v0,384,17,24,3.2811779540646975,0.0
rl,dqn | LDPC-DiscreteMI-v0,384,17,25,3.2032894583700107,0.0
rl,dqn | LDPC-DiscreteMI-v0,384,17,26,3.453815854254601,0.0
rl,dqn | LDPC-DiscreteMI-v0,384,17,27,3.0453447750374796,0.0
rl,dqn | LDPC-DiscreteMI-v0,384,17,28,3.292616220827218,0.0
rl,dqn | LDPC-DiscreteMI-v0,384,17,29,2.9154131964206256,0.0
rl,dqn | LDPC-DiscreteMI-v0,384,17,30,3.7251216718933877,0.0
rl,dqn | LDPC-DiscreteMI-v0,384,17,31,2.7123109058337938,0.0
rl,dqn | LDPC-DiscreteMI-v0,384,17,32,3.474627586007141,0.0
rl,dqn | LDPC-DiscreteMI-v0,384,17,33,3.247631607646666,0.0
rl,dqn | LDPC-DiscreteMI-v0,384,17,34,3.273463668015157,0.0
rl,dqn | LDPC-DiscreteMI-v0,384,17,35,3.451907233481356,0.0
rl,dqn | LDPC-DiscreteMI-v0,384,17,36,3.405606111260804,0.0
rl,dqn | LDPC-DiscreteMI-v0,384,17,37,2.724438229561849,0.0
rl,dqn | LDPC-DiscreteMI-v0,384,17,38,3.451907233481356,0.0
rl,dqn | LDPC-DiscreteMI-v0,384,17,39,3.420547480030548,0.0
rl,dqn | LDPC-DiscreteMI-v0,384,17,40,3.100547795631275,0.0
rl,dqn | LDPC-DiscreteMI-v0,384,17,41,3.451907233481356,0.0
rl,dqn | LDPC-DiscreteMI-v0,384,18,0,4.422382544201729,0.0
rl,dqn | LDPC-DiscreteMI-v0,384,18,1,4.495454725657839,0.0
rl,dqn | LDPC-DiscreteMI-v0,384,18,2,4.188496883782267,0.0
rl,dqn | LDPC-DiscreteMI-v0,384,18,3,4.33732041807605,0.0
rl,dqn | LDPC-DiscreteMI-v0,384,18,4,4.484448396353051,0.0
rl,dqn | LDPC-DiscreteMI-v0,384,18,5,4.564420912067882,0.0
rl,dqn | LDPC-DiscreteMI-v0,384,18,6,4.810689074156299,0.0
rl,dqn | LDPC-DiscreteMI-v0,384,18,7,4.480438663490418,0.0
rl,dqn | LDPC-DiscreteMI-v0,384,18,8,4.256078479898369,0.0
rl,dqn | LDPC-DiscreteMI-v0,384,18,9,4.237996309493003,0.0
rl,dqn | LDPC-DiscreteMI-v0,384,18,10,4.439444854277895,0.0
rl,dqn | LDPC-DiscreteMI-v0,384,18,11,4.498064788514997,0.0
rl,dqn | LDPC-DiscreteMI-v0,384,18,12,4.332868510062275,0.0
rl,dqn | LDPC-DiscreteMI-v0,384,18,13,4.256536417921963,0.0
rl,dqn | LDPC-DiscreteMI-v0,384,18,14,4.34614957566409,0.0
rl,dqn | LDPC-DiscreteMI-v0,384,18,15,4.46147925891832,0.0
rl,dqn | LDPC-DiscreteMI-v0,384,18,16,4.457960200073542,0.0
rl,dqn | LDPC-DiscreteMI-v0,384,18,17,4.466473957251738,0.0
rl,dqn | LDPC-DiscreteMI-v0,384,18,18,4.465050199186734,0.0
rl,dqn | LDPC-DiscreteMI-v0,384,18,19,4.255153574979312,0.0
rl,dqn | LDPC-DiscreteMI-v0,384,18,20,3.2360000370193167,0.0
rl,dqn | LDPC-DiscreteMI-v0,384,18,21,3.2222749574829836,0.0
rl,dqn | LDPC-DiscreteMI-v0,384,18,22,2.76139881037142,0.0
rl,dqn | LDPC-DiscreteMI-v0,384,18,23,3.442610033609416,0.0
rl,dqn | LDPC-DiscreteMI-v0,384,18,24,3.2811779540646975,0.0
rl,dqn | LDPC-DiscreteMI-v0,384,18,25,3.2032894583700107,0.0
rl,dqn | LDPC-DiscreteMI-v0,384,18,26,3.453815854254601,0.0
rl,dqn | LDPC-DiscreteMI-v0,384,18,27,3.0453447750374796,0.0
rl,dqn | LDPC-DiscreteMI-v0,384,18,28,3.292616220827218,0.0
rl,dqn | LDPC-DiscreteMI-v0,384,18,29,2.9154131964206256,0.0
rl,dqn | LDPC-DiscreteMI-v0,384,18,30,3.7251216718933877,0.0
rl,dqn | LDPC-DiscreteMI-v0,384,18,31,2.7123109058337938,0.0
rl,dqn | LDPC-DiscreteMI-v0,384,18,32,3.474627586007141,0.0
rl,dqn | LDPC-DiscreteMI-v0,384,18,33,3.247631607646666,0.0
rl,dqn | LDPC-DiscreteMI-v0,384,18,34,3.273463668015157,0.0
rl,dqn | LDPC-DiscreteMI-v0,384,18,35,3.451907233481356,0.0
rl,dqn | LDPC-DiscreteMI-v0,384,18,36,3.405606111260804,0.0
rl,dqn | LDPC-DiscreteMI-v0,384,18,37,2.724438229561849,0.0
rl,dqn | LDPC-DiscreteMI-v0,384,18,38,3.451907233481356,0.0
rl,dqn | LDPC-DiscreteMI-v0,384,18,39,3.420547480030548,0.0
rl,dqn | LDPC-DiscreteMI-v0,384,18,40,3.100547795631275,0.0
rl,dqn | LDPC-DiscreteMI-v0,384,18,41,3.451907233481356,0.0
rl,dqn | LDPC-DiscreteMI-v0,384,19,0,4.422382544201729,0.0
rl,dqn | LDPC-DiscreteMI-v0,384,19,1,4.495454725657839,0.0
rl,dqn | LDPC-DiscreteMI-v0,384,19,2,4.188496883782267,0.0
rl,dqn | LDPC-DiscreteMI-v0,384,19,3,4.33732041807605,0.0
rl,dqn | LDPC-DiscreteMI-v0,384,19,4,4.484448396353051,0.0
rl,dqn | LDPC-DiscreteMI-v0,384,19,5,4.564420912067882,0.0
rl,dqn | LDPC-DiscreteMI-v0,384,19,6,4.810689074156299,0.0
rl,dqn | LDPC-DiscreteMI-v0,384,19,7,4.480438663490418,0.0
rl,dqn | LDPC-DiscreteMI-v0,384,19,8,4.256078479898369,0.0
rl,dqn | LDPC-DiscreteMI-v0,384,19,9,4.237996309493003,0.0
rl,dqn | LDPC-DiscreteMI-v0,384,19,10,4.439444854277895,0.0
rl,dqn | LDPC-DiscreteMI-v0,384,19,11,4.498064788514997,0.0
rl,dqn | LDPC-DiscreteMI-v0,384,19,12,4.332868510062275,0.0
rl,dqn | LDPC-DiscreteMI-v0,384,19,13,4.256536417921963,0.0
rl,dqn | LDPC-DiscreteMI-v0,384,19,14,4.34614957566409,0.0
rl,dqn | LDPC-DiscreteMI-v0,384,19,15,4.46147925891832,0.0
rl,dqn | LDPC-DiscreteMI-v0,384,19,16,4.457960200073542,0.0
rl,dqn | LDPC-DiscreteMI-v0,384,19,17,4.466473957251738,0.0
rl,dqn | LDPC-DiscreteMI-v0,384,19,18,4.465050199186734,0.0
rl,dqn | LDPC-DiscreteMI-v0,384,19,19,4.255153574979312,0.0
rl,dqn | LDPC-DiscreteMI-v0,384,19,20,3.2360000370193167,0.0
rl,dqn | LDPC-DiscreteMI-v0,384,19,21,3.2222749574829836,0.0
rl,dqn | LDPC-DiscreteMI-v0,384,19,22,2.76139881037142,0.0
rl,dqn | LDPC-DiscreteMI-v0,384,19,23,3.442610033609416,0.0
rl,dqn | LDPC-DiscreteMI-v0,384,19,24,3.2811779540646975,0.0
rl,dqn | LDPC-DiscreteMI-v0,384,19,25,3.2032894583700107,0.0
rl,dqn | LDPC-DiscreteMI-v0,384,19,26,3.453815854254601,0.0
rl,dqn | LDPC-DiscreteMI-v0,384,19,27,3.0453447750374796,0.0
rl,dqn | LDPC-DiscreteMI-v0,384,19,28,3.292616220827218,0.0
rl,dqn | LDPC-DiscreteMI-v0,384,19,29,2.9154131964206256,0.0
rl,dqn | LDPC-DiscreteMI-v0,384,19,30,3.7251216718933877,0.0
rl,dqn | LDPC-DiscreteMI-v0,384,19,31,2.7123109058337938,0.0
rl,dqn | LDPC-DiscreteMI-v0,384,19,32,3.474627586007141,0.0
rl,dqn | LDPC-DiscreteMI-v0,384,19,33,3.247631607646666,0.0
rl,dqn | LDPC-DiscreteMI-v0,384,19,34,3.273463668015157,0.0
rl,dqn | LDPC-DiscreteMI-v0,384,19,35,3.451907233481356,0.0
rl,dqn | LDPC-DiscreteMI-v0,384,19,36,3.405606111260804,0.0
rl,dqn | LDPC-DiscreteMI-v0,384,19,37,2.724438229561849,0.0
rl,dqn | LDPC-DiscreteMI-v0,384,19,38,3.451907233481356,0.0
rl,dqn | LDPC-DiscreteMI-v0,384,19,39,3.420547480030548,0.0
rl,dqn | LDPC-DiscreteMI-v0,384,19,40,3.100547795631275,0.0
rl,dqn | LDPC-DiscreteMI-v0,384,19,41,3.451907233481356,0.0
rl,dqn | LDPC-DiscreteMI-v0,384,20,0,4.422382544201729,0.0
rl,dqn | LDPC-DiscreteMI-v0,384,20,1,4.495454725657839,0.0
rl,dqn | LDPC-DiscreteMI-v0,384,20,2,4.188496883782267,0.0
rl,dqn | LDPC-DiscreteMI-v0,384,20,3,4.33732041807605,0.0
rl,dqn | LDPC-DiscreteMI-v0,384,20,4,4.484448396353051,0.0
rl,dqn | LDPC-DiscreteMI-v0,384,20,5,4.564420912067882,0.0
rl,dqn | LDPC-DiscreteMI-v0,384,20,6,4.810689074156299,0.0
rl,dqn | LDPC-DiscreteMI-v0,384,20,7,4.480438663490418,0.0
rl,dqn | LDPC-DiscreteMI-v0,384,20,8,4.256078479898369,0.0
rl,dqn | LDPC-DiscreteMI-v0,384,20,9,4.237996309493003,0.0
rl,dqn | LDPC-DiscreteMI-v0,384,20,10,4.439444854277895,0.0
rl,dqn | LDPC-DiscreteMI-v0,384,20,11,4.498064788514997,0.0
rl,dqn | LDPC-DiscreteMI-v0,384,20,12,4.332868510062275,0.0
rl,dqn | LDPC-DiscreteMI-v0,384,20,13,4.256536417921963,0.0
rl,dqn | LDPC-DiscreteMI-v0,384,20,14,4.34614957566409,0.0
rl,dqn | LDPC-DiscreteMI-v0,384,20,15,4.46147925891832,0.0
rl,dqn | LDPC-DiscreteMI-v0,384,20,16,4.457960200073542,0.0
rl,dqn | LDPC-DiscreteMI-v0,384,20,17,4.466473957251738,0.0
rl,dqn | LDPC-DiscreteMI-v0,384,20,18,4.465050199186734,0.0
rl,dqn | LDPC-DiscreteMI-v0,384,20,19,4.255153574979312,0.0
rl,dqn | LDPC-DiscreteMI-v0,384,20,20,3.2360000370193167,0.0
rl,dqn | LDPC-DiscreteMI-v0,384,20,21,3.2222749574829836,0.0
rl,dqn | LDPC-DiscreteMI-v0,384,20,22,2.76139881037142,0.0
rl,dqn | LDPC-DiscreteMI-v0,384,20,23,3.442610033609416,0.0
rl,dqn | LDPC-DiscreteMI-v0,384,20,24,3.2811779540646975,0.0
rl,dqn | LDPC-DiscreteMI-v0,384,20,25,3.2032894583700107,0.0
rl,dqn | LDPC-DiscreteMI-v0,384,20,26,3.453815854254601,0.0
rl,dqn | LDPC-DiscreteMI-v0,384,20,27,3.0453447750374796,0.0
rl,dqn | LDPC-DiscreteMI-v0,384,20,28,3.292616220827218,0.0
rl,dqn | LDPC-DiscreteMI-v0,384,20,29,2.9154131964206256,0.0
rl,dqn | LDPC-DiscreteMI-v0,384,20,30,3.7251216718933877,0.0
rl,dqn | LDPC-DiscreteMI-v0,384,20,31,2.7123109058337938,0.0
rl,dqn | LDPC-DiscreteMI-v0,384,20,32,3.474627586007141,0.0
rl,dqn | LDPC-DiscreteMI-v0,384,20,33,3.247631607646666,0.0
rl,dqn | LDPC-DiscreteMI-v0,384,20,34,3.273463668015157,0.0
rl,dqn | LDPC-DiscreteMI-v0,384,20,35,3.451907233481356,0.0
rl,dqn | LDPC-DiscreteMI-v0,384,20,36,3.405606111260804,0.0
rl,dqn | LDPC-DiscreteMI-v0,384,20,37,2.724438229561849,0.0
rl,dqn | LDPC-DiscreteMI-v0,384,20,38,3.451907233481356,0.0
rl,dqn | LDPC-DiscreteMI-v0,384,20,39,3.420547480030548,0.0
rl,dqn | LDPC-DiscreteMI-v0,384,20,40,3.100547795631275,0.0
rl,dqn | LDPC-DiscreteMI-v0,384,20,41,3.451907233481356,0.0
rl,dqn | LDPC-DiscreteMI-v0,384,21,0,4.422382544201729,0.0
rl,dqn | LDPC-DiscreteMI-v0,384,21,1,4.495454725657839,0.0
rl,dqn | LDPC-DiscreteMI-v0,384,21,2,4.188496883782267,0.0
rl,dqn | LDPC-DiscreteMI-v0,384,21,3,4.33732041807605,0.0
rl,dqn | LDPC-DiscreteMI-v0,384,21,4,4.484448396353051,0.0
rl,dqn | LDPC-DiscreteMI-v0,384,21,5,4.564420912067882,0.0
rl,dqn | LDPC-DiscreteMI-v0,384,21,6,4.810689074156299,0.0
rl,dqn | LDPC-DiscreteMI-v0,384,21,7,4.480438663490418,0.0
rl,dqn | LDPC-DiscreteMI-v0,384,21,8,4.256078479898369,0.0
rl,dqn | LDPC-DiscreteMI-v0,384,21,9,4.237996309493003,0.0
rl,dqn | LDPC-DiscreteMI-v0,384,21,10,4.439444854277895,0.0
rl,dqn | LDPC-DiscreteMI-v0,384,21,11,4.498064788514997,0.0
rl,dqn | LDPC-DiscreteMI-v0,384,21,12,4.332868510062275,0.0
rl,dqn | LDPC-DiscreteMI-v0,384,21,13,4.256536417921963,0.0
rl,dqn | LDPC-DiscreteMI-v0,384,21,14,4.34614957566409,0.0
rl,dqn | LDPC-DiscreteMI-v0,384,21,15,4.46147925891832,0.0
rl,dqn | LDPC-DiscreteMI-v0,384,21,16,4.457960200073542,0.0
rl,dqn | LDPC-DiscreteMI-v0,384,21,17,4.466473957251738,0.0
rl,dqn | LDPC-DiscreteMI-v0,384,21,18,4.465050199186734,0.0
rl,dqn | LDPC-DiscreteMI-v0,384,21,19,4.255153574979312,0.0
rl,dqn | LDPC-DiscreteMI-v0,384,21,20,3.2360000370193167,0.0
rl,dqn | LDPC-DiscreteMI-v0,384,21,21,3.2222749574829836,0.0
rl,dqn | LDPC-DiscreteMI-v0,384,21,22,2.76139881037142,0.0
rl,dqn | LDPC-DiscreteMI-v0,384,21,23,3.442610033609416,0.0
rl,dqn | LDPC-DiscreteMI-v0,384,21,24,3.2811779540646975,0.0
rl,dqn | LDPC-DiscreteMI-v0,384,21,25,3.2032894583700107,0.0
rl,dqn | LDPC-DiscreteMI-v0,384,21,26,3.453815854254601,0.0
rl,dqn | LDPC-DiscreteMI-v0,384,21,27,3.0453447750374796,0.0
rl,dqn | LDPC-DiscreteMI-v0,384,21,28,3.292616220827218,0.0
rl,dqn | LDPC-DiscreteMI-v0,384,21,29,2.9154131964206256,0.0
rl,dqn | LDPC-DiscreteMI-v0,384,21,30,3.7251216718933877,0.0
rl,dqn | LDPC-DiscreteMI-v0,384,21,31,2.7123109058337938,0.0
rl,dqn | LDPC-DiscreteMI-v0,384,21,32,3.474627586007141,0.0
rl,dqn | LDPC-DiscreteMI-v0,384,21,33,3.247631607646666,0.0
rl,dqn | LDPC-DiscreteMI-v0,384,21,34,3.273463668015157,0.0
rl,dqn | LDPC-DiscreteMI-v0,384,21,35,3.451907233481356,0.0
rl,dqn | LDPC-DiscreteMI-v0,384,21,36,3.405606111260804,0.0
rl,dqn | LDPC-DiscreteMI-v0,384,21,37,2.724438229561849,0.0
rl,dqn | LDPC-DiscreteMI-v0,384,21,38,3.451907233481356,0.0
rl,dqn | LDPC-DiscreteMI-v0,384,21,39,3.420547480030548,0.0
rl,dqn | LDPC-DiscreteMI-v0,384,21,40,3.100547795631275,0.0
rl,dqn | LDPC-DiscreteMI-v0,384,21,41,3.451907233481356,0.0
rl,dqn | LDPC-DiscreteMI-v0,384,22,0,4.422382544201729,0.0
rl,dqn | LDPC-DiscreteMI-v0,384,22,1,4.495454725657839,0.0
rl,dqn | LDPC-DiscreteMI-v0,384,22,2,4.188496883782267,0.0
rl,dqn | LDPC-DiscreteMI-v0,384,22,3,4.33732041807605,0.0
rl,dqn | LDPC-DiscreteMI-v0,384,22,4,4.484448396353051,0.0
rl,dqn | LDPC-DiscreteMI-v0,384,22,5,4.564420912067882,0.0
rl,dqn | LDPC-DiscreteMI-v0,384,22,6,4.810689074156299,0.0
rl,dqn | LDPC-DiscreteMI-v0,384,22,7,4.480438663490418,0.0
rl,dqn | LDPC-DiscreteMI-v0,384,22,8,4.256078479898369,0.0
rl,dqn | LDPC-DiscreteMI-v0,384,22,9,4.237996309493003,0.0
rl,dqn | LDPC-DiscreteMI-v0,384,22,10,4.439444854277895,0.0
rl,dqn | LDPC-DiscreteMI-v0,384,22,11,4.498064788514997,0.0
rl,dqn | LDPC-DiscreteMI-v0,384,22,12,4.332868510062275,0.0
rl,dqn | LDPC-DiscreteMI-v0,384,22,13,4.256536417921963,0.0
rl,dqn | LDPC-DiscreteMI-v0,384,22,14,4.34614957566409,0.0
rl,dqn | LDPC-DiscreteMI-v0,384,22,15,4.46147925891832,0.0
rl,dqn | LDPC-DiscreteMI-v0,384,22,16,4.457960200073542,0.0
rl,dqn | LDPC-DiscreteMI-v0,384,22,17,4.466473957251738,0.0
rl,dqn | LDPC-DiscreteMI-v0,384,22,18,4.465050199186734,0.0
rl,dqn | LDPC-DiscreteMI-v0,384,22,19,4.255153574979312,0.0
rl,dqn | LDPC-DiscreteMI-v0,384,22,20,3.2360000370193167,0.0
rl,dqn | LDPC-DiscreteMI-v0,384,22,21,3.2222749574829836,0.0
rl,dqn | LDPC-DiscreteMI-v0,384,22,22,2.76139881037142,0.0
rl,dqn | LDPC-DiscreteMI-v0,384,22,23,3.442610033609416,0.0
rl,dqn | LDPC-DiscreteMI-v0,384,22,24,3.2811779540646975,0.0
rl,dqn | LDPC-DiscreteMI-v0,384,22,25,3.2032894583700107,0.0
rl,dqn | LDPC-DiscreteMI-v0,384,22,26,3.453815854254601,0.0
rl,dqn | LDPC-DiscreteMI-v0,384,22,27,3.0453447750374796,0.0
rl,dqn | LDPC-DiscreteMI-v0,384,22,28,3.292616220827218,0.0
rl,dqn | LDPC-DiscreteMI-v0,384,22,29,2.9154131964206256,0.0
rl,dqn | LDPC-DiscreteMI-v0,384,22,30,3.7251216718933877,0.0
rl,dqn | LDPC-DiscreteMI-v0,384,22,31,2.7123109058337938,0.0
rl,dqn | LDPC-DiscreteMI-v0,384,22,32,3.474627586007141,0.0
rl,dqn | LDPC-DiscreteMI-v0,384,22,33,3.247631607646666,0.0
rl,dqn | LDPC-DiscreteMI-v0,384,22,34,3.273463668015157,0.0
rl,dqn | LDPC-DiscreteMI-v0,384,22,35,3.451907233481356,0.0
rl,dqn | LDPC-DiscreteMI-v0,384,22,36,3.405606111260804,0.0
rl,dqn | LDPC-DiscreteMI-v0,384,22,37,2.724438229561849,0.0
rl,dqn | LDPC-DiscreteMI-v0,384,22,38,3.451907233481356,0.0
rl,dqn | LDPC-DiscreteMI-v0,384,22,39,3.420547480030548,0.0
rl,dqn | LDPC-DiscreteMI-v0,384,22,40,3.100547795631275,0.0
rl,dqn | LDPC-DiscreteMI-v0,384,22,41,3.451907233481356,0.0
rl,dqn | LDPC-DiscreteMI-v0,384,23,0,4.422382544201729,0.0
rl,dqn | LDPC-DiscreteMI-v0,384,23,1,4.495454725657839,0.0
rl,dqn | LDPC-DiscreteMI-v0,384,23,2,4.188496883782267,0.0
rl,dqn | LDPC-DiscreteMI-v0,384,23,3,4.33732041807605,0.0
rl,dqn | LDPC-DiscreteMI-v0,384,23,4,4.484448396353051,0.0
rl,dqn | LDPC-DiscreteMI-v0,384,23,5,4.564420912067882,0.0
rl,dqn | LDPC-DiscreteMI-v0,384,23,6,4.810689074156299,0.0
rl,dqn | LDPC-DiscreteMI-v0,384,23,7,4.480438663490418,0.0
rl,dqn | LDPC-DiscreteMI-v0,384,23,8,4.256078479898369,0.0
rl,dqn | LDPC-DiscreteMI-v0,384,23,9,4.237996309493003,0.0
rl,dqn | LDPC-DiscreteMI-v0,384,23,10,4.439444854277895,0.0
rl,dqn | LDPC-DiscreteMI-v0,384,23,11,4.498064788514997,0.0
rl,dqn | LDPC-DiscreteMI-v0,384,23,12,4.332868510062275,0.0
rl,dqn | LDPC-DiscreteMI-v0,384,23,13,4.256536417921963,0.0
rl,dqn | LDPC-DiscreteMI-v0,384,23,14,4.34614957566409,0.0
rl,dqn | LDPC-DiscreteMI-v0,384,23,15,4.46147925891832,0.0
rl,dqn | LDPC-DiscreteMI-v0,384,23,16,4.457960200073542,0.0
rl,dqn | LDPC-DiscreteMI-v0,384,23,17,4.466473957251738,0.0
rl,dqn | LDPC-DiscreteMI-v0,384,23,18,4.465050199186734,0.0
rl,dqn | LDPC-DiscreteMI-v0,384,23,19,4.255153574979312,0.0
rl,dqn | LDPC-DiscreteMI-v0,384,23,20,3.2360000370193167,0.0
rl,dqn | LDPC-DiscreteMI-v0,384,23,21,3.2222749574829836,0.0
rl,dqn | LDPC-DiscreteMI-v0,384,23,22,2.76139881037142,0.0
rl,dqn | LDPC-DiscreteMI-v0,384,23,23,3.442610033609416,0.0
rl,dqn | LDPC-DiscreteMI-v0,384,23,24,3.2811779540646975,0.0
rl,dqn | LDPC-DiscreteMI-v0,384,23,25,3.2032894583700107,0.0
rl,dqn | LDPC-DiscreteMI-v0,384,23,26,3.453815854254601,0.0
rl,dqn | LDPC-DiscreteMI-v0,384,23,27,3.0453447750374796,0.0
rl,dqn | LDPC-DiscreteMI-v0,384,23,28,3.292616220827218,0.0
rl,dqn | LDPC-DiscreteMI-v0,384,23,29,2.9154131964206256,0.0
rl,dqn | LDPC-DiscreteMI-v0,384,23,30,3.7251216718933877,0.0
rl,dqn | LDPC-DiscreteMI-v0,384,23,31,2.7123109058337938,0.0
rl,dqn | LDPC-DiscreteMI-v0,384,23,32,3.474627586007141,0.0
rl,dqn | LDPC-DiscreteMI-v0,384,23,33,3.247631607646666,0.0
rl,dqn | LDPC-DiscreteMI-v0,384,23,34,3.273463668015157,0.0
rl,dqn | LDPC-DiscreteMI-v0,384,23,35,3.451907233481356,0.0
rl,dqn | LDPC-DiscreteMI-v0,384,23,36,3.405606111260804,0.0
rl,dqn | LDPC-DiscreteMI-v0,384,23,37,2.724438229561849,0.0
rl,dqn | LDPC-DiscreteMI-v0,384,23,38,3.451907233481356,0.0
rl,dqn | LDPC-DiscreteMI-v0,384,23,39,3.420547480030548,0.0
rl,dqn | LDPC-DiscreteMI-v0,384,23,40,3.100547795631275,0.0
rl,dqn | LDPC-DiscreteMI-v0,384,23,41,3.451907233481356,0.0
rl,dqn | LDPC-DiscreteMI-v0,384,24,0,4.422382544201729,0.0
rl,dqn | LDPC-DiscreteMI-v0,384,24,1,4.495454725657839,0.0
rl,dqn | LDPC-DiscreteMI-v0,384,24,2,4.188496883782267,0.0
rl,dqn | LDPC-DiscreteMI-v0,384,24,3,4.33732041807605,0.0
rl,dqn | LDPC-DiscreteMI-v0,384,24,4,4.484448396353051,0.0
rl,dqn | LDPC-DiscreteMI-v0,384,24,5,4.564420912067882,0.0
rl,dqn | LDPC-DiscreteMI-v0,384,24,6,4.810689074156299,0.0
rl,dqn | LDPC-DiscreteMI-v0,384,24,7,4.480438663490418,0.0
rl,dqn | LDPC-DiscreteMI-v0,384,24,8,4.256078479898369,0.0
rl,dqn | LDPC-DiscreteMI-v0,384,24,9,4.237996309493003,0.0
rl,dqn | LDPC-DiscreteMI-v0,384,24,10,4.439444854277895,0.0
rl,dqn | LDPC-DiscreteMI-v0,384,24,11,4.498064788514997,0.0
rl,dqn | LDPC-DiscreteMI-v0,384,24,12,4.332868510062275,0.0
rl,dqn | LDPC-DiscreteMI-v0,384,24,13,4.256536417921963,0.0
rl,dqn | LDPC-DiscreteMI-v0,384,24,14,4.34614957566409,0.0
rl,dqn | LDPC-DiscreteMI-v0,384,24,15,4.46147925891832,0.0
rl,dqn | LDPC-DiscreteMI-v0,384,24,16,4.457960200073542,0.0
rl,dqn | LDPC-DiscreteMI-v0,384,24,17,4.466473957251738,0.0
rl,dqn | LDPC-DiscreteMI-v0,384,24,18,4.465050199186734,0.0
rl,dqn | LDPC-DiscreteMI-v0,384,24,19,4.255153574979312,0.0
rl,dqn | LDPC-DiscreteMI-v0,384,24,20,3.2360000370193167,0.0
rl,dqn | LDPC-DiscreteMI-v0,384,24,21,3.2222749574829836,0.0
rl,dqn | LDPC-DiscreteMI-v0,384,24,22,2.76139881037142,0.0
rl,dqn | LDPC-DiscreteMI-v0,384,24,23,3.442610033609416,0.0
rl,dqn | LDPC-DiscreteMI-v0,384,24,24,3.2811779540646975,0.0
rl,dqn | LDPC-DiscreteMI-v0,384,24,25,3.2032894583700107,0.0
rl,dqn | LDPC-DiscreteMI-v0,384,24,26,3.453815854254601,0.0
rl,dqn | LDPC-DiscreteMI-v0,384,24,27,3.0453447750374796,0.0
rl,dqn | LDPC-DiscreteMI-v0,384,24,28,3.292616220827218,0.0
rl,dqn | LDPC-DiscreteMI-v0,384,24,29,2.9154131964206256,0.0
rl,dqn | LDPC-DiscreteMI-v0,384,24,30,3.7251216718933877,0.0
rl,dqn | LDPC-DiscreteMI-v0,384,24,31,2.7123109058337938,0.0
rl,dqn | LDPC-DiscreteMI-v0,384,24,32,3.474627586007141,0.0
rl,dqn | LDPC-DiscreteMI-v0,384,24,33,3.247631607646666,0.0
rl,dqn | LDPC-DiscreteMI-v0,384,24,34,3.273463668015157,0.0
rl,dqn | LDPC-DiscreteMI-v0,384,24,35,3.451907233481356,0.0
rl,dqn | LDPC-DiscreteMI-v0,384,24,36,3.405606111260804,0.0
rl,dqn | LDPC-DiscreteMI-v0,384,24,37,2.724438229561849,0.0
rl,dqn | LDPC-DiscreteMI-v0,384,24,38,3.451907233481356,0.0
rl,dqn | LDPC-DiscreteMI-v0,384,24,39,3.420547480030548,0.0
rl,dqn | LDPC-DiscreteMI-v0,384,24,40,3.100547795631275,0.0
rl,dqn | LDPC-DiscreteMI-v0,384,24,41,3.451907233481356,0.0
rl,dqn | LDPC-DiscreteMI-v0,384,25,0,4.422382544201729,0.0
rl,dqn | LDPC-DiscreteMI-v0,384,25,1,4.495454725657839,0.0
rl,dqn | LDPC-DiscreteMI-v0,384,25,2,4.188496883782267,0.0
rl,dqn | LDPC-DiscreteMI-v0,384,25,3,4.33732041807605,0.0
rl,dqn | LDPC-DiscreteMI-v0,384,25,4,4.484448396353051,0.0
rl,dqn | LDPC-DiscreteMI-v0,384,25,5,4.564420912067882,0.0
rl,dqn | LDPC-DiscreteMI-v0,384,25,6,4.810689074156299,0.0
rl,dqn | LDPC-DiscreteMI-v0,384,25,7,4.480438663490418,0.0
rl,dqn | LDPC-DiscreteMI-v0,384,25,8,4.256078479898369,0.0
rl,dqn | LDPC-DiscreteMI-v0,384,25,9,4.237996309493003,0.0
rl,dqn | LDPC-DiscreteMI-v0,384,25,10,4.439444854277895,0.0
rl,dqn | LDPC-DiscreteMI-v0,384,25,11,4.498064788514997,0.0
rl,dqn | LDPC-DiscreteMI-v0,384,25,12,4.332868510062275,0.0
rl,dqn | LDPC-DiscreteMI-v0,384,25,13,4.256536417921963,0.0
rl,dqn | LDPC-DiscreteMI-v0,384,25,14,4.34614957566409,0.0
rl,dqn | LDPC-DiscreteMI-v0,384,25,15,4.46147925891832,0.0
rl,dqn | LDPC-DiscreteMI-v0,384,25,16,4.457960200073542,0.0
rl,dqn | LDPC-DiscreteMI-v0,384,25,17,4.466473957251738,0.0
rl,dqn | LDPC-DiscreteMI-v0,384,25,18,4.465050199186734,0.0
rl,dqn | LDPC-DiscreteMI-v0,384,25,19,4.255153574979312,0.0
rl,dqn | LDPC-DiscreteMI-v0,384,25,20,3.2360000370193167,0.0
rl,dqn | LDPC-DiscreteMI-v0,384,25,21,3.2222749574829836,0.0
rl,dqn | LDPC-DiscreteMI-v0,384,25,22,2.76139881037142,0.0
rl,dqn | LDPC-DiscreteMI-v0,384,25,23,3.442610033609416,0.0
rl,dqn | LDPC-DiscreteMI-v0,384,25,24,3.2811779540646975,0.0
rl,dqn | LDPC-DiscreteMI-v0,384,25,25,3.2032894583700107,0.0
rl,dqn | LDPC-DiscreteMI-v0,384,25,26,3.453815854254601,0.0
rl,dqn | LDPC-DiscreteMI-v0,384,25,27,3.0453447750374796,0.0
rl,dqn | LDPC-DiscreteMI-v0,384,25,28,3.292616220827218,0.0
rl,dqn | LDPC-DiscreteMI-v0,384,25,29,2.9154131964206256,0.0
rl,dqn | LDPC-DiscreteMI-v0,384,25,30,3.7251216718933877,0.0
rl,dqn | LDPC-DiscreteMI-v0,384,25,31,2.7123109058337938,0.0
rl,dqn | LDPC-DiscreteMI-v0,384,25,32,3.474627586007141,0.0
rl,dqn | LDPC-DiscreteMI-v0,384,25,33,3.247631607646666,0.0
rl,dqn | LDPC-DiscreteMI-v0,384,25,34,3.273463668015157,0.0
rl,dqn | LDPC-DiscreteMI-v0,384,25,35,3.451907233481356,0.0
rl,dqn | LDPC-DiscreteMI-v0,384,25,36,3.405606111260804,0.0
rl,dqn | LDPC-DiscreteMI-v0,384,25,37,2.724438229561849,0.0
rl,dqn | LDPC-DiscreteMI-v0,384,25,38,3.451907233481356,0.0
rl,dqn | LDPC-DiscreteMI-v0,384,25,39,3.420547480030548,0.0
rl,dqn | LDPC-DiscreteMI-v0,384,25,40,3.100547795631275,0.0
rl,dqn | LDPC-DiscreteMI-v0,384,25,41,3.451907233481356,0.0
rl,dqn | LDPC-DiscreteMI-v0,384,26,0,4.422382544201729,0.0
rl,dqn | LDPC-DiscreteMI-v0,384,26,1,4.495454725657839,0.0
rl,dqn | LDPC-DiscreteMI-v0,384,26,2,4.188496883782267,0.0
rl,dqn | LDPC-DiscreteMI-v0,384,26,3,4.33732041807605,0.0
rl,dqn | LDPC-DiscreteMI-v0,384,26,4,4.484448396353051,0.0
rl,dqn | LDPC-DiscreteMI-v0,384,26,5,4.564420912067882,0.0
rl,dqn | LDPC-DiscreteMI-v0,384,26,6,4.810689074156299,0.0
rl,dqn | LDPC-DiscreteMI-v0,384,26,7,4.480438663490418,0.0
rl,dqn | LDPC-DiscreteMI-v0,384,26,8,4.256078479898369,0.0
rl,dqn | LDPC-DiscreteMI-v0,384,26,9,4.237996309493003,0.0
rl,dqn | LDPC-DiscreteMI-v0,384,26,10,4.439444854277895,0.0
rl,dqn | LDPC-DiscreteMI-v0,384,26,11,4.498064788514997,0.0
rl,dqn | LDPC-DiscreteMI-v0,384,26,12,4.332868510062275,0.0
rl,dqn | LDPC-DiscreteMI-v0,384,26,13,4.256536417921963,0.0
rl,dqn | LDPC-DiscreteMI-v0,384,26,14,4.34614957566409,0.0
rl,dqn | LDPC-DiscreteMI-v0,384,26,15,4.46147925891832,0.0
rl,dqn | LDPC-DiscreteMI-v0,384,26,16,4.457960200073542,0.0
rl,dqn | LDPC-DiscreteMI-v0,384,26,17,4.466473957251738,0.0
rl,dqn | LDPC-DiscreteMI-v0,384,26,18,4.465050199186734,0.0
rl,dqn | LDPC-DiscreteMI-v0,384,26,19,4.255153574979312,0.0
rl,dqn | LDPC-DiscreteMI-v0,384,26,20,3.2360000370193167,0.0
rl,dqn | LDPC-DiscreteMI-v0,384,26,21,3.2222749574829836,0.0
rl,dqn | LDPC-DiscreteMI-v0,384,26,22,2.76139881037142,0.0
rl,dqn | LDPC-DiscreteMI-v0,384,26,23,3.442610033609416,0.0
rl,dqn | LDPC-DiscreteMI-v0,384,26,24,3.2811779540646975,0.0
rl,dqn | LDPC-DiscreteMI-v0,384,26,25,3.2032894583700107,0.0
rl,dqn | LDPC-DiscreteMI-v0,384,26,26,3.453815854254601,0.0
rl,dqn | LDPC-DiscreteMI-v0,384,26,27,3.0453447750374796,0.0
rl,dqn | LDPC-DiscreteMI-v0,384,26,28,3.292616220827218,0.0
rl,dqn | LDPC-DiscreteMI-v0,384,26,29,2.9154131964206256,0.0
rl,dqn | LDPC-DiscreteMI-v0,384,26,30,3.7251216718933877,0.0
rl,dqn | LDPC-DiscreteMI-v0,384,26,31,2.7123109058337938,0.0
rl,dqn | LDPC-DiscreteMI-v0,384,26,32,3.474627586007141,0.0
rl,dqn | LDPC-DiscreteMI-v0,384,26,33,3.247631607646666,0.0
rl,dqn | LDPC-DiscreteMI-v0,384,26,34,3.273463668015157,0.0
rl,dqn | LDPC-DiscreteMI-v0,384,26,35,3.451907233481356,0.0
rl,dqn | LDPC-DiscreteMI-v0,384,26,36,3.405606111260804,0.0
rl,dqn | LDPC-DiscreteMI-v0,384,26,37,2.724438229561849,0.0
rl,dqn | LDPC-DiscreteMI-v0,384,26,38,3.451907233481356,0.0
rl,dqn | LDPC-DiscreteMI-v0,384,26,39,3.420547480030548,0.0
rl,dqn | LDPC-DiscreteMI-v0,384,26,40,3.100547795631275,0.0
rl,dqn | LDPC-DiscreteMI-v0,384,26,41,3.451907233481356,0.0
rl,dqn | LDPC-DiscreteMI-v0,384,27,0,4.422382544201729,0.0
rl,dqn | LDPC-DiscreteMI-v0,384,27,1,4.495454725657839,0.0
rl,dqn | LDPC-DiscreteMI-v0,384,27,2,4.188496883782267,0.0
rl,dqn | LDPC-DiscreteMI-v0,384,27,3,4.33732041807605,0.0
rl,dqn | LDPC-DiscreteMI-v0,384,27,4,4.484448396353051,0.0
rl,dqn | LDPC-DiscreteMI-v0,384,27,5,4.564420912067882,0.0
rl,dqn | LDPC-DiscreteMI-v0,384,27,6,4.810689074156299,0.0
rl,dqn | LDPC-DiscreteMI-v0,384,27,7,4.480438663490418,0.0
rl,dqn | LDPC-DiscreteMI-v0,384,27,8,4.256078479898369,0.0
rl,dqn | LDPC-DiscreteMI-v0,384,27,9,4.237996309493003,0.0
rl,dqn | LDPC-DiscreteMI-v0,384,27,10,4.439444854277895,0.0
rl,dqn | LDPC-DiscreteMI-v0,384,27,11,4.498064788514997,0.0
rl,dqn | LDPC-DiscreteMI-v0,384,27,12,4.332868510062275,0.0
rl,dqn | LDPC-DiscreteMI-v0,384,27,13,4.256536417921963,0.0
rl,dqn | LDPC-DiscreteMI-v0,384,27,14,4.34614957566409,0.0
rl,dqn | LDPC-DiscreteMI-v0,384,27,15,4.46147925891832,0.0
rl,dqn | LDPC-DiscreteMI-v0,384,27,16,4.457960200073542,0.0
rl,dqn | LDPC-DiscreteMI-v0,384,27,17,4.466473957251738,0.0
rl,dqn | LDPC-DiscreteMI-v0,384,27,18,4.465050199186734,0.0
rl,dqn | LDPC-DiscreteMI-v0,384,27,19,4.255153574979312,0.0
rl,dqn | LDPC-DiscreteMI-v0,384,27,20,3.2360000370193167,0.0
rl,dqn | LDPC-DiscreteMI-v0,384,27,21,3.2222749574829836,0.0
rl,dqn | LDPC-DiscreteMI-v0,384,27,22,2.76139881037142,0.0
rl,dqn | LDPC-DiscreteMI-v0,384,27,23,3.442610033609416,0.0
rl,dqn | LDPC-DiscreteMI-v0,384,27,24,3.2811779540646975,0.0
rl,dqn | LDPC-DiscreteMI-v0,384,27,25,3.2032894583700107,0.0
rl,dqn | LDPC-DiscreteMI-v0,384,27,26,3.453815854254601,0.0
rl,dqn | LDPC-DiscreteMI-v0,384,27,27,3.0453447750374796,0.0
rl,dqn | LDPC-DiscreteMI-v0,384,27,28,3.292616220827218,0.0
rl,dqn | LDPC-DiscreteMI-v0,384,27,29,2.9154131964206256,0.0
rl,dqn | LDPC-DiscreteMI-v0,384,27,30,3.7251216718933877,0.0
rl,dqn | LDPC-DiscreteMI-v0,384,27,31,2.7123109058337938,0.0
rl,dqn | LDPC-DiscreteMI-v0,384,27,32,3.474627586007141,0.0
rl,dqn | LDPC-DiscreteMI-v0,384,27,33,3.247631607646666,0.0
rl,dqn | LDPC-DiscreteMI-v0,384,27,34,3.273463668015157,0.0
rl,dqn | LDPC-DiscreteMI-v0,384,27,35,3.451907233481356,0.0
rl,dqn | LDPC-DiscreteMI-v0,384,27,36,3.405606111260804,0.0
rl,dqn | LDPC-DiscreteMI-v0,384,27,37,2.724438229561849,0.0
rl,dqn | LDPC-DiscreteMI-v0,384,27,38,3.451907233481356,0.0
rl,dqn | LDPC-DiscreteMI-v0,384,27,39,3.420547480030548,0.0
rl,dqn | LDPC-DiscreteMI-v0,384,27,40,3.100547795631275,0.0
rl,dqn | LDPC-DiscreteMI-v0,384,27,41,3.451907233481356,0.0
rl,dqn | LDPC-DiscreteMI-v0,384,28,0,4.422382544201729,0.0
rl,dqn | LDPC-DiscreteMI-v0,384,28,1,4.495454725657839,0.0
rl,dqn | LDPC-DiscreteMI-v0,384,28,2,4.188496883782267,0.0
rl,dqn | LDPC-DiscreteMI-v0,384,28,3,4.33732041807605,0.0
rl,dqn | LDPC-DiscreteMI-v0,384,28,4,4.484448396353051,0.0
rl,dqn | LDPC-DiscreteMI-v0,384,28,5,4.564420912067882,0.0
rl,dqn | LDPC-DiscreteMI-v0,384,28,6,4.810689074156299,0.0
rl,dqn | LDPC-DiscreteMI-v0,384,28,7,4.480438663490418,0.0
rl,dqn | LDPC-DiscreteMI-v0,384,28,8,4.256078479898369,0.0
rl,dqn | LDPC-DiscreteMI-v0,384,28,9,4.237996309493003,0.0
rl,dqn | LDPC-DiscreteMI-v0,384,28,10,4.439444854277895,0.0
rl,dqn | LDPC-DiscreteMI-v0,384,28,11,4.498064788514997,0.0
rl,dqn | LDPC-DiscreteMI-v0,384,28,12,4.332868510062275,0.0
rl,dqn | LDPC-DiscreteMI-v0,384,28,13,4.256536417921963,0.0
rl,dqn | LDPC-DiscreteMI-v0,384,28,14,4.34614957566409,0.0
rl,dqn | LDPC-DiscreteMI-v0,384,28,15,4.46147925891832,0.0
rl,dqn | LDPC-DiscreteMI-v0,384,28,16,4.457960200073542,0.0
rl,dqn | LDPC-DiscreteMI-v0,384,28,17,4.466473957251738,0.0
rl,dqn | LDPC-DiscreteMI-v0,384,28,18,4.465050199186734,0.0
rl,dqn | LDPC-DiscreteMI-v0,384,28,19,4.255153574979312,0.0
rl,dqn | LDPC-DiscreteMI-v0,384,28,20,3.2360000370193167,0.0
rl,dqn | LDPC-DiscreteMI-v0,384,28,21,3.2222749574829836,0.0
rl,dqn | LDPC-DiscreteMI-v0,384,28,22,2.76139881037142,0.0
rl,dqn | LDPC-DiscreteMI-v0,384,28,23,3.442610033609416,0.0
rl,dqn | LDPC-DiscreteMI-v0,384,28,24,3.2811779540646975,0.0
rl,dqn | LDPC-DiscreteMI-v0,384,28,25,3.2032894583700107,0.0
rl,dqn | LDPC-DiscreteMI-v0,384,28,26,3.453815854254601,0.0
rl,dqn | LDPC-DiscreteMI-v0,384,28,27,3.0453447750374796,0.0
rl,dqn | LDPC-DiscreteMI-v0,384,28,28,3.292616220827218,0.0
rl,dqn | LDPC-DiscreteMI-v0,384,28,29,2.9154131964206256,0.0
rl,dqn | LDPC-DiscreteMI-v0,384,28,30,3.7251216718933877,0.0
rl,dqn | LDPC-DiscreteMI-v0,384,28,31,2.7123109058337938,0.0
rl,dqn | LDPC-DiscreteMI-v0,384,28,32,3.474627586007141,0.0
rl,dqn | LDPC-DiscreteMI-v0,384,28,33,3.247631607646666,0.0
rl,dqn | LDPC-DiscreteMI-v0,384,28,34,3.273463668015157,0.0
rl,dqn | LDPC-DiscreteMI-v0,384,28,35,3.451907233481356,0.0
rl,dqn | LDPC-DiscreteMI-v0,384,28,36,3.405606111260804,0.0
rl,dqn | LDPC-DiscreteMI-v0,384,28,37,2.724438229561849,0.0
rl,dqn | LDPC-DiscreteMI-v0,384,28,38,3.451907233481356,0.0
rl,dqn | LDPC-DiscreteMI-v0,384,28,39,3.420547480030548,0.0
rl,dqn | LDPC-DiscreteMI-v0,384,28,40,3.100547795631275,0.0
rl,dqn | LDPC-DiscreteMI-v0,384,28,41,3.451907233481356,0.0
rl,dqn | LDPC-DiscreteMI-v0,384,29,0,4.422382544201729,0.0
rl,dqn | LDPC-DiscreteMI-v0,384,29,1,4.495454725657839,0.0
rl,dqn | LDPC-DiscreteMI-v0,384,29,2,4.188496883782267,0.0
rl,dqn | LDPC-DiscreteMI-v0,384,29,3,4.33732041807605,0.0
rl,dqn | LDPC-DiscreteMI-v0,384,29,4,4.484448396353051,0.0
rl,dqn | LDPC-DiscreteMI-v0,384,29,5,4.564420912067882,0.0
rl,dqn | LDPC-DiscreteMI-v0,384,29,6,4.810689074156299,0.0
rl,dqn | LDPC-DiscreteMI-v0,384,29,7,4.480438663490418,0.0
rl,dqn | LDPC-DiscreteMI-v0,384,29,8,4.256078479898369,0.0
rl,dqn | LDPC-DiscreteMI-v0,384,29,9,4.237996309493003,0.0
rl,dqn | LDPC-DiscreteMI-v0,384,29,10,4.439444854277895,0.0
rl,dqn | LDPC-DiscreteMI-v0,384,29,11,4.498064788514997,0.0
rl,dqn | LDPC-DiscreteMI-v0,384,29,12,4.332868510062275,0.0
rl,dqn | LDPC-DiscreteMI-v0,384,29,13,4.256536417921963,0.0
rl,dqn | LDPC-DiscreteMI-v0,384,29,14,4.34614957566409,0.0
rl,dqn | LDPC-DiscreteMI-v0,384,29,15,4.46147925891832,0.0
rl,dqn | LDPC-DiscreteMI-v0,384,29,16,4.457960200073542,0.0
rl,dqn | LDPC-DiscreteMI-v0,384,29,17,4.466473957251738,0.0
rl,dqn | LDPC-DiscreteMI-v0,384,29,18,4.465050199186734,0.0
rl,dqn | LDPC-DiscreteMI-v0,384,29,19,4.255153574979312,0.0
rl,dqn | LDPC-DiscreteMI-v0,384,29,20,3.2360000370193167,0.0
rl,dqn | LDPC-DiscreteMI-v0,384,29,21,3.2222749574829836,0.0
rl,dqn | LDPC-DiscreteMI-v0,384,29,22,2.76139881037142,0.0
rl,dqn | LDPC-DiscreteMI-v0,384,29,23,3.442610033609416,0.0
rl,dqn | LDPC-DiscreteMI-v0,384,29,24,3.2811779540646975,0.0
rl,dqn | LDPC-DiscreteMI-v0,384,29,25,3.2032894583700107,0.0
rl,dqn | LDPC-DiscreteMI-v0,384,29,26,3.453815854254601,0.0
rl,dqn | LDPC-DiscreteMI-v0,384,29,27,3.0453447750374796,0.0
rl,dqn | LDPC-DiscreteMI-v0,384,29,28,3.292616220827218,0.0
rl,dqn | LDPC-DiscreteMI-v0,384,29,29,2.9154131964206256,0.0
rl,dqn | LDPC-DiscreteMI-v0,384,29,30,3.7251216718933877,0.0
rl,dqn | LDPC-DiscreteMI-v0,384,29,31,2.7123109058337938,0.0
rl,dqn | LDPC-DiscreteMI-v0,384,29,32,3.474627586007141,0.0
rl,dqn | LDPC-DiscreteMI-v0,384,29,33,3.247631607646666,0.0
rl,dqn | LDPC-DiscreteMI-v0,384,29,34,3.273463668015157,0.0
rl,dqn | LDPC-DiscreteMI-v0,384,29,35,3.451907233481356,0.0
rl,dqn | LDPC-DiscreteMI-v0,384,29,36,3.405606111260804,0.0
rl,dqn | LDPC-DiscreteMI-v0,384,29,37,2.724438229561849,0.0
rl,dqn | LDPC-DiscreteMI-v0,384,29,38,3.451907233481356,0.0
rl,dqn | LDPC-DiscreteMI-v0,384,29,39,3.420547480030548,0.0
rl,dqn | LDPC-DiscreteMI-v0,384,29,40,3.100547795631275,0.0
rl,dqn | LDPC-DiscreteMI-v0,384,29,41,3.451907233481356,0.0
rl,dqn | LDPC-DiscreteMI-v0,384,30,0,4.422382544201729,0.0
rl,dqn | LDPC-DiscreteMI-v0,384,30,1,4.495454725657839,0.0
rl,dqn | LDPC-DiscreteMI-v0,384,30,2,4.188496883782267,0.0
rl,dqn | LDPC-DiscreteMI-v0,384,30,3,4.33732041807605,0.0
rl,dqn | LDPC-DiscreteMI-v0,384,30,4,4.484448396353051,0.0
rl,dqn | LDPC-DiscreteMI-v0,384,30,5,4.564420912067882,0.0
rl,dqn | LDPC-DiscreteMI-v0,384,30,6,4.810689074156299,0.0
rl,dqn | LDPC-DiscreteMI-v0,384,30,7,4.480438663490418,0.0
rl,dqn | LDPC-DiscreteMI-v0,384,30,8,4.256078479898369,0.0
rl,dqn | LDPC-DiscreteMI-v0,384,30,9,4.237996309493003,0.0
rl,dqn | LDPC-DiscreteMI-v0,384,30,10,4.439444854277895,0.0
rl,dqn | LDPC-DiscreteMI-v0,384,30,11,4.498064788514997,0.0
rl,dqn | LDPC-DiscreteMI-v0,384,30,12,4.332868510062275,0.0
rl,dqn | LDPC-DiscreteMI-v0,384,30,13,4.256536417921963,0.0
rl,dqn | LDPC-DiscreteMI-v0,384,30,14,4.34614957566409,0.0
rl,dqn | LDPC-DiscreteMI-v0,384,30,15,4.46147925891832,0.0
rl,dqn | LDPC-DiscreteMI-v0,384,30,16,4.457960200073542,0.0
rl,dqn | LDPC-DiscreteMI-v0,384,30,17,4.466473957251738,0.0
rl,dqn | LDPC-DiscreteMI-v0,384,30,18,4.465050199186734,0.0
rl,dqn | LDPC-DiscreteMI-v0,384,30,19,4.255153574979312,0.0
rl,dqn | LDPC-DiscreteMI-v0,384,30,20,3.2360000370193167,0.0
rl,dqn | LDPC-DiscreteMI-v0,384,30,21,3.2222749574829836,0.0
rl,dqn | LDPC-DiscreteMI-v0,384,30,22,2.76139881037142,0.0
rl,dqn | LDPC-DiscreteMI-v0,384,30,23,3.442610033609416,0.0
rl,dqn | LDPC-DiscreteMI-v0,384,30,24,3.2811779540646975,0.0
rl,dqn | LDPC-DiscreteMI-v0,384,30,25,3.2032894583700107,0.0
rl,dqn | LDPC-DiscreteMI-v0,384,30,26,3.453815854254601,0.0
rl,dqn | LDPC-DiscreteMI-v0,384,30,27,3.0453447750374796,0.0
rl,dqn | LDPC-DiscreteMI-v0,384,30,28,3.292616220827218,0.0
rl,dqn | LDPC-DiscreteMI-v0,384,30,29,2.9154131964206256,0.0
rl,dqn | LDPC-DiscreteMI-v0,384,30,30,3.7251216718933877,0.0
rl,dqn | LDPC-DiscreteMI-v0,384,30,31,2.7123109058337938,0.0
rl,dqn | LDPC-DiscreteMI-v0,384,30,32,3.474627586007141,0.0
rl,dqn | LDPC-DiscreteMI-v0,384,30,33,3.247631607646666,0.0
rl,dqn | LDPC-DiscreteMI-v0,384,30,34,3.273463668015157,0.0
rl,dqn | LDPC-DiscreteMI-v0,384,30,35,3.451907233481356,0.0
rl,dqn | LDPC-DiscreteMI-v0,384,30,36,3.405606111260804,0.0
rl,dqn | LDPC-DiscreteMI-v0,384,30,37,2.724438229561849,0.0
rl,dqn | LDPC-DiscreteMI-v0,384,30,38,3.451907233481356,0.0
rl,dqn | LDPC-DiscreteMI-v0,384,30,39,3.420547480030548,0.0
rl,dqn | LDPC-DiscreteMI-v0,384,30,40,3.100547795631275,0.0
rl,dqn | LDPC-DiscreteMI-v0,384,30,41,3.451907233481356,0.0
rl,dqn | LDPC-DiscreteMI-v0,384,31,0,4.422382544201729,0.0
rl,dqn | LDPC-DiscreteMI-v0,384,31,1,4.495454725657839,0.0
rl,dqn | LDPC-DiscreteMI-v0,384,31,2,4.188496883782267,0.0
rl,dqn | LDPC-DiscreteMI-v0,384,31,3,4.33732041807605,0.0
rl,dqn | LDPC-DiscreteMI-v0,384,31,4,4.484448396353051,0.0
rl,dqn | LDPC-DiscreteMI-v0,384,31,5,4.564420912067882,0.0
rl,dqn | LDPC-DiscreteMI-v0,384,31,6,4.810689074156299,0.0
rl,dqn | LDPC-DiscreteMI-v0,384,31,7,4.480438663490418,0.0
rl,dqn | LDPC-DiscreteMI-v0,384,31,8,4.256078479898369,0.0
rl,dqn | LDPC-DiscreteMI-v0,384,31,9,4.237996309493003,0.0
rl,dqn | LDPC-DiscreteMI-v0,384,31,10,4.439444854277895,0.0
rl,dqn | LDPC-DiscreteMI-v0,384,31,11,4.498064788514997,0.0
rl,dqn | LDPC-DiscreteMI-v0,384,31,12,4.332868510062275,0.0
rl,dqn | LDPC-DiscreteMI-v0,384,31,13,4.256536417921963,0.0
rl,dqn | LDPC-DiscreteMI-v0,384,31,14,4.34614957566409,0.0
rl,dqn | LDPC-DiscreteMI-v0,384,31,15,4.46147925891832,0.0
rl,dqn | LDPC-DiscreteMI-v0,384,31,16,4.457960200073542,0.0
rl,dqn | LDPC-DiscreteMI-v0,384,31,17,4.466473957251738,0.0
rl,dqn | LDPC-DiscreteMI-v0,384,31,18,4.465050199186734,0.0
rl,dqn | LDPC-DiscreteMI-v0,384,31,19,4.255153574979312,0.0
rl,dqn | LDPC-DiscreteMI-v0,384,31,20,3.2360000370193167,0.0
rl,dqn | LDPC-DiscreteMI-v0,384,31,21,3.2222749574829836,0.0
rl,dqn | LDPC-DiscreteMI-v0,384,31,22,2.76139881037142,0.0
rl,dqn | LDPC-DiscreteMI-v0,384,31,23,3.442610033609416,0.0
rl,dqn | LDPC-DiscreteMI-v0,384,31,24,3.2811779540646975,0.0
rl,dqn | LDPC-DiscreteMI-v0,384,31,25,3.2032894583700107,0.0
rl,dqn | LDPC-DiscreteMI-v0,384,31,26,3.453815854254601,0.0
rl,dqn | LDPC-DiscreteMI-v0,384,31,27,3.0453447750374796,0.0
rl,dqn | LDPC-DiscreteMI-v0,384,31,28,3.292616220827218,0.0
rl,dqn | LDPC-DiscreteMI-v0,384,31,29,2.9154131964206256,0.0
rl,dqn | LDPC-DiscreteMI-v0,384,31,30,3.7251216718933877,0.0
rl,dqn | LDPC-DiscreteMI-v0,384,31,31,2.7123109058337938,0.0
rl,dqn | LDPC-DiscreteMI-v0,384,31,32,3.474627586007141,0.0
rl,dqn | LDPC-DiscreteMI-v0,384,31,33,3.247631607646666,0.0
rl,dqn | LDPC-DiscreteMI-v0,384,31,34,3.273463668015157,0.0
rl,dqn | LDPC-DiscreteMI-v0,384,31,35,3.451907233481356,0.0
rl,dqn | LDPC-DiscreteMI-v0,384,31,36,3.405606111260804,0.0
rl,dqn | LDPC-DiscreteMI-v0,384,31,37,2.724438229561849,0.0
rl,dqn | LDPC-DiscreteMI-v0,384,31,38,3.451907233481356,0.0
rl,dqn | LDPC-DiscreteMI-v0,384,31,39,3.420547480030548,0.0
rl,dqn | LDPC-DiscreteMI-v0,384,31,40,3.100547795631275,0.0
rl,dqn | LDPC-DiscreteMI-v0,384,31,41,3.451907233481356,0.0
rl,dqn | LDPC-DiscreteMI-v0,384,32,0,4.422382544201729,0.0
rl,dqn | LDPC-DiscreteMI-v0,384,32,1,4.495454725657839,0.0
rl,dqn | LDPC-DiscreteMI-v0,384,32,2,4.188496883782267,0.0
rl,dqn | LDPC-DiscreteMI-v0,384,32,3,4.33732041807605,0.0
rl,dqn | LDPC-DiscreteMI-v0,384,32,4,4.484448396353051,0.0
rl,dqn | LDPC-DiscreteMI-v0,384,32,5,4.564420912067882,0.0
rl,dqn | LDPC-DiscreteMI-v0,384,32,6,4.810689074156299,0.0
rl,dqn | LDPC-DiscreteMI-v0,384,32,7,4.480438663490418,0.0
rl,dqn | LDPC-DiscreteMI-v0,384,32,8,4.256078479898369,0.0
rl,dqn | LDPC-DiscreteMI-v0,384,32,9,4.237996309493003,0.0
rl,dqn | LDPC-DiscreteMI-v0,384,32,10,4.439444854277895,0.0
rl,dqn | LDPC-DiscreteMI-v0,384,32,11,4.498064788514997,0.0
rl,dqn | LDPC-DiscreteMI-v0,384,32,12,4.332868510062275,0.0
rl,dqn | LDPC-DiscreteMI-v0,384,32,13,4.256536417921963,0.0
rl,dqn | LDPC-DiscreteMI-v0,384,32,14,4.34614957566409,0.0
rl,dqn | LDPC-DiscreteMI-v0,384,32,15,4.46147925891832,0.0
rl,dqn | LDPC-DiscreteMI-v0,384,32,16,4.457960200073542,0.0
rl,dqn | LDPC-DiscreteMI-v0,384,32,17,4.466473957251738,0.0
rl,dqn | LDPC-DiscreteMI-v0,384,32,18,4.465050199186734,0.0
rl,dqn | LDPC-DiscreteMI-v0,384,32,19,4.255153574979312,0.0
rl,dqn | LDPC-DiscreteMI-v0,384,32,20,3.2360000370193167,0.0
rl,dqn | LDPC-DiscreteMI-v0,384,32,21,3.2222749574829836,0.0
rl,dqn | LDPC-DiscreteMI-v0,384,32,22,2.76139881037142,0.0
rl,dqn | LDPC-DiscreteMI-v0,384,32,23,3.442610033609416,0.0
rl,dqn | LDPC-DiscreteMI-v0,384,32,24,3.2811779540646975,0.0
rl,dqn | LDPC-DiscreteMI-v0,384,32,25,3.2032894583700107,0.0
rl,dqn | LDPC-DiscreteMI-v0,384,32,26,3.453815854254601,0.0
rl,dqn | LDPC-DiscreteMI-v0,384,32,27,3.0453447750374796,0.0
rl,dqn | LDPC-DiscreteMI-v0,384,32,28,3.292616220827218,0.0
rl,dqn | LDPC-DiscreteMI-v0,384,32,29,2.9154131964206256,0.0
rl,dqn | LDPC-DiscreteMI-v0,384,32,30,3.7251216718933877,0.0
rl,dqn | LDPC-DiscreteMI-v0,384,32,31,2.7123109058337938,0.0
rl,dqn | LDPC-DiscreteMI-v0,384,32,32,3.474627586007141,0.0
rl,dqn | LDPC-DiscreteMI-v0,384,32,33,3.247631607646666,0.0
rl,dqn | LDPC-DiscreteMI-v0,384,32,34,3.273463668015157,0.0
rl,dqn | LDPC-DiscreteMI-v0,384,32,35,3.451907233481356,0.0
rl,dqn | LDPC-DiscreteMI-v0,384,32,36,3.405606111260804,0.0
rl,dqn | LDPC-DiscreteMI-v0,384,32,37,2.724438229561849,0.0
rl,dqn | LDPC-DiscreteMI-v0,384,32,38,3.451907233481356,0.0
rl,dqn | LDPC-DiscreteMI-v0,384,32,39,3.420547480030548,0.0
rl,dqn | LDPC-DiscreteMI-v0,384,32,40,3.100547795631275,0.0
rl,dqn | LDPC-DiscreteMI-v0,384,32,41,3.451907233481356,0.0
rl,dqn | LDPC-DiscreteMI-v0,384,33,0,4.422382544201729,0.0
rl,dqn | LDPC-DiscreteMI-v0,384,33,1,4.495454725657839,0.0
rl,dqn | LDPC-DiscreteMI-v0,384,33,2,4.188496883782267,0.0
rl,dqn | LDPC-DiscreteMI-v0,384,33,3,4.33732041807605,0.0
rl,dqn | LDPC-DiscreteMI-v0,384,33,4,4.484448396353051,0.0
rl,dqn | LDPC-DiscreteMI-v0,384,33,5,4.564420912067882,0.0
rl,dqn | LDPC-DiscreteMI-v0,384,33,6,4.810689074156299,0.0
rl,dqn | LDPC-DiscreteMI-v0,384,33,7,4.480438663490418,0.0
rl,dqn | LDPC-DiscreteMI-v0,384,33,8,4.256078479898369,0.0
rl,dqn | LDPC-DiscreteMI-v0,384,33,9,4.237996309493003,0.0
rl,dqn | LDPC-DiscreteMI-v0,384,33,10,4.439444854277895,0.0
rl,dqn | LDPC-DiscreteMI-v0,384,33,11,4.498064788514997,0.0
rl,dqn | LDPC-DiscreteMI-v0,384,33,12,4.332868510062275,0.0
rl,dqn | LDPC-DiscreteMI-v0,384,33,13,4.256536417921963,0.0
rl,dqn | LDPC-DiscreteMI-v0,384,33,14,4.34614957566409,0.0
rl,dqn | LDPC-DiscreteMI-v0,384,33,15,4.46147925891832,0.0
rl,dqn | LDPC-DiscreteMI-v0,384,33,16,4.457960200073542,0.0
rl,dqn | LDPC-DiscreteMI-v0,384,33,17,4.466473957251738,0.0
rl,dqn | LDPC-DiscreteMI-v0,384,33,18,4.465050199186734,0.0
rl,dqn | LDPC-DiscreteMI-v0,384,33,19,4.255153574979312,0.0
rl,dqn | LDPC-DiscreteMI-v0,384,33,20,3.2360000370193167,0.0
rl,dqn | LDPC-DiscreteMI-v0,384,33,21,3.2222749574829836,0.0
rl,dqn | LDPC-DiscreteMI-v0,384,33,22,2.76139881037142,0.0
rl,dqn | LDPC-DiscreteMI-v0,384,33,23,3.442610033609416,0.0
rl,dqn | LDPC-DiscreteMI-v0,384,33,24,3.2811779540646975,0.0
rl,dqn | LDPC-DiscreteMI-v0,384,33,25,3.2032894583700107,0.0
rl,dqn | LDPC-DiscreteMI-v0,384,33,26,3.453815854254601,0.0
rl,dqn | LDPC-DiscreteMI-v0,384,33,27,3.0453447750374796,0.0
rl,dqn | LDPC-DiscreteMI-v0,384,33,28,3.292616220827218,0.0
rl,dqn | LDPC-DiscreteMI-v0,384,33,29,2.9154131964206256,0.0
rl,dqn | LDPC-DiscreteMI-v0,384,33,30,3.7251216718933877,0.0
rl,dqn | LDPC-DiscreteMI-v0,384,33,31,2.7123109058337938,0.0
rl,dqn | LDPC-DiscreteMI-v0,384,33,32,3.474627586007141,0.0
rl,dqn | LDPC-DiscreteMI-v0,384,33,33,3.247631607646666,0.0
rl,dqn | LDPC-DiscreteMI-v0,384,33,34,3.273463668015157,0.0
rl,dqn | LDPC-DiscreteMI-v0,384,33,35,3.451907233481356,0.0
rl,dqn | LDPC-DiscreteMI-v0,384,33,36,3.405606111260804,0.0
rl,dqn | LDPC-DiscreteMI-v0,384,33,37,2.724438229561849,0.0
rl,dqn | LDPC-DiscreteMI-v0,384,33,38,3.451907233481356,0.0
rl,dqn | LDPC-DiscreteMI-v0,384,33,39,3.420547480030548,0.0
rl,dqn | LDPC-DiscreteMI-v0,384,33,40,3.100547795631275,0.0
rl,dqn | LDPC-DiscreteMI-v0,384,33,41,3.451907233481356,0.0
rl,dqn | LDPC-DiscreteMI-v0,384,34,0,4.422382544201729,0.0
rl,dqn | LDPC-DiscreteMI-v0,384,34,1,4.495454725657839,0.0
rl,dqn | LDPC-DiscreteMI-v0,384,34,2,4.188496883782267,0.0
rl,dqn | LDPC-DiscreteMI-v0,384,34,3,4.33732041807605,0.0
rl,dqn | LDPC-DiscreteMI-v0,384,34,4,4.484448396353051,0.0
rl,dqn | LDPC-DiscreteMI-v0,384,34,5,4.564420912067882,0.0
rl,dqn | LDPC-DiscreteMI-v0,384,34,6,4.810689074156299,0.0
rl,dqn | LDPC-DiscreteMI-v0,384,34,7,4.480438663490418,0.0
rl,dqn | LDPC-DiscreteMI-v0,384,34,8,4.256078479898369,0.0
rl,dqn | LDPC-DiscreteMI-v0,384,34,9,4.237996309493003,0.0
rl,dqn | LDPC-DiscreteMI-v0,384,34,10,4.439444854277895,0.0
rl,dqn | LDPC-DiscreteMI-v0,384,34,11,4.498064788514997,0.0
rl,dqn | LDPC-DiscreteMI-v0,384,34,12,4.332868510062275,0.0
rl,dqn | LDPC-DiscreteMI-v0,384,34,13,4.256536417921963,0.0
rl,dqn | LDPC-DiscreteMI-v0,384,34,14,4.34614957566409,0.0
rl,dqn | LDPC-DiscreteMI-v0,384,34,15,4.46147925891832,0.0
rl,dqn | LDPC-DiscreteMI-v0,384,34,16,4.457960200073542,0.0
rl,dqn | LDPC-DiscreteMI-v0,384,34,17,4.466473957251738,0.0
rl,dqn | LDPC-DiscreteMI-v0,384,34,18,4.465050199186734,0.0
rl,dqn | LDPC-DiscreteMI-v0,384,34,19,4.255153574979312,0.0
rl,dqn | LDPC-DiscreteMI-v0,384,34,20,3.2360000370193167,0.0
rl,dqn | LDPC-DiscreteMI-v0,384,34,21,3.2222749574829836,0.0
rl,dqn | LDPC-DiscreteMI-v0,384,34,22,2.76139881037142,0.0
rl,dqn | LDPC-DiscreteMI-v0,384,34,23,3.442610033609416,0.0
rl,dqn | LDPC-DiscreteMI-v0,384,34,24,3.2811779540646975,0.0
rl,dqn | LDPC-DiscreteMI-v0,384,34,25,3.2032894583700107,0.0
rl,dqn | LDPC-DiscreteMI-v0,384,34,26,3.453815854254601,0.0
rl,dqn | LDPC-DiscreteMI-v0,384,34,27,3.0453447750374796,0.0
rl,dqn | LDPC-DiscreteMI-v0,384,34,28,3.292616220827218,0.0
rl,dqn | LDPC-DiscreteMI-v0,384,34,29,2.9154131964206256,0.0
rl,dqn | LDPC-DiscreteMI-v0,384,34,30,3.7251216718933877,0.0
rl,dqn | LDPC-DiscreteMI-v0,384,34,31,2.7123109058337938,0.0
rl,dqn | LDPC-DiscreteMI-v0,384,34,32,3.474627586007141,0.0
rl,dqn | LDPC-DiscreteMI-v0,384,34,33,3.247631607646666,0.0
rl,dqn | LDPC-DiscreteMI-v0,384,34,34,3.273463668015157,0.0
rl,dqn | LDPC-DiscreteMI-v0,384,34,35,3.451907233481356,0.0
rl,dqn | LDPC-DiscreteMI-v0,384,34,36,3.405606111260804,0.0
rl,dqn | LDPC-DiscreteMI-v0,384,34,37,2.724438229561849,0.0
rl,dqn | LDPC-DiscreteMI-v0,384,34,38,3.451907233481356,0.0
rl,dqn | LDPC-DiscreteMI-v0,384,34,39,3.420547480030548,0.0
rl,dqn | LDPC-DiscreteMI-v0,384,34,40,3.100547795631275,0.0
rl,dqn | LDPC-DiscreteMI-v0,384,34,41,3.451907233481356,0.0
rl,dqn | LDPC-DiscreteMI-v0,384,35,0,4.422382544201729,0.0
rl,dqn | LDPC-DiscreteMI-v0,384,35,1,4.495454725657839,0.0
rl,dqn | LDPC-DiscreteMI-v0,384,35,2,4.188496883782267,0.0
rl,dqn | LDPC-DiscreteMI-v0,384,35,3,4.33732041807605,0.0
rl,dqn | LDPC-DiscreteMI-v0,384,35,4,4.484448396353051,0.0
rl,dqn | LDPC-DiscreteMI-v0,384,35,5,4.564420912067882,0.0
rl,dqn | LDPC-DiscreteMI-v0,384,35,6,4.810689074156299,0.0
rl,dqn | LDPC-DiscreteMI-v0,384,35,7,4.480438663490418,0.0
rl,dqn | LDPC-DiscreteMI-v0,384,35,8,4.256078479898369,0.0
rl,dqn | LDPC-DiscreteMI-v0,384,35,9,4.237996309493003,0.0
rl,dqn | LDPC-DiscreteMI-v0,384,35,10,4.439444854277895,0.0
rl,dqn | LDPC-DiscreteMI-v0,384,35,11,4.498064788514997,0.0
rl,dqn | LDPC-DiscreteMI-v0,384,35,12,4.332868510062275,0.0
rl,dqn | LDPC-DiscreteMI-v0,384,35,13,4.256536417921963,0.0
rl,dqn | LDPC-DiscreteMI-v0,384,35,14,4.34614957566409,0.0
rl,dqn | LDPC-DiscreteMI-v0,384,35,15,4.46147925891832,0.0
rl,dqn | LDPC-DiscreteMI-v0,384,35,16,4.457960200073542,0.0
rl,dqn | LDPC-DiscreteMI-v0,384,35,17,4.466473957251738,0.0
rl,dqn | LDPC-DiscreteMI-v0,384,35,18,4.465050199186734,0.0
rl,dqn | LDPC-DiscreteMI-v0,384,35,19,4.255153574979312,0.0
rl,dqn | LDPC-DiscreteMI-v0,384,35,20,3.2360000370193167,0.0
rl,dqn | LDPC-DiscreteMI-v0,384,35,21,3.2222749574829836,0.0
rl,dqn | LDPC-DiscreteMI-v0,384,35,22,2.76139881037142,0.0
rl,dqn | LDPC-DiscreteMI-v0,384,35,23,3.442610033609416,0.0
rl,dqn | LDPC-DiscreteMI-v0,384,35,24,3.2811779540646975,0.0
rl,dqn | LDPC-DiscreteMI-v0,384,35,25,3.2032894583700107,0.0
rl,dqn | LDPC-DiscreteMI-v0,384,35,26,3.453815854254601,0.0
rl,dqn | LDPC-DiscreteMI-v0,384,35,27,3.0453447750374796,0.0
rl,dqn | LDPC-DiscreteMI-v0,384,35,28,3.292616220827218,0.0
rl,dqn | LDPC-DiscreteMI-v0,384,35,29,2.9154131964206256,0.0
rl,dqn | LDPC-DiscreteMI-v0,384,35,30,3.7251216718933877,0.0
rl,dqn | LDPC-DiscreteMI-v0,384,35,31,2.7123109058337938,0.0
rl,dqn | LDPC-DiscreteMI-v0,384,35,32,3.474627586007141,0.0
rl,dqn | LDPC-DiscreteMI-v0,384,35,33,3.247631607646666,0.0
rl,dqn | LDPC-DiscreteMI-v0,384,35,34,3.273463668015157,0.0
rl,dqn | LDPC-DiscreteMI-v0,384,35,35,3.451907233481356,0.0
rl,dqn | LDPC-DiscreteMI-v0,384,35,36,3.405606111260804,0.0
rl,dqn | LDPC-DiscreteMI-v0,384,35,37,2.724438229561849,0.0
rl,dqn | LDPC-DiscreteMI-v0,384,35,38,3.451907233481356,0.0
rl,dqn | LDPC-DiscreteMI-v0,384,35,39,3.420547480030548,0.0
rl,dqn | LDPC-DiscreteMI-v0,384,35,40,3.100547795631275,0.0
rl,dqn | LDPC-DiscreteMI-v0,384,35,41,3.451907233481356,0.0
rl,dqn | LDPC-DiscreteMI-v0,384,36,0,4.422382544201729,0.0
rl,dqn | LDPC-DiscreteMI-v0,384,36,1,4.495454725657839,0.0
rl,dqn | LDPC-DiscreteMI-v0,384,36,2,4.188496883782267,0.0
rl,dqn | LDPC-DiscreteMI-v0,384,36,3,4.33732041807605,0.0
rl,dqn | LDPC-DiscreteMI-v0,384,36,4,4.484448396353051,0.0
rl,dqn | LDPC-DiscreteMI-v0,384,36,5,4.564420912067882,0.0
rl,dqn | LDPC-DiscreteMI-v0,384,36,6,4.810689074156299,0.0
rl,dqn | LDPC-DiscreteMI-v0,384,36,7,4.480438663490418,0.0
rl,dqn | LDPC-DiscreteMI-v0,384,36,8,4.256078479898369,0.0
rl,dqn | LDPC-DiscreteMI-v0,384,36,9,4.237996309493003,0.0
rl,dqn | LDPC-DiscreteMI-v0,384,36,10,4.439444854277895,0.0
rl,dqn | LDPC-DiscreteMI-v0,384,36,11,4.498064788514997,0.0
rl,dqn | LDPC-DiscreteMI-v0,384,36,12,4.332868510062275,0.0
rl,dqn | LDPC-DiscreteMI-v0,384,36,13,4.256536417921963,0.0
rl,dqn | LDPC-DiscreteMI-v0,384,36,14,4.34614957566409,0.0
rl,dqn | LDPC-DiscreteMI-v0,384,36,15,4.46147925891832,0.0
rl,dqn | LDPC-DiscreteMI-v0,384,36,16,4.457960200073542,0.0
rl,dqn | LDPC-DiscreteMI-v0,384,36,17,4.466473957251738,0.0
rl,dqn | LDPC-DiscreteMI-v0,384,36,18,4.465050199186734,0.0
rl,dqn | LDPC-DiscreteMI-v0,384,36,19,4.255153574979312,0.0
rl,dqn | LDPC-DiscreteMI-v0,384,36,20,3.2360000370193167,0.0
rl,dqn | LDPC-DiscreteMI-v0,384,36,21,3.2222749574829836,0.0
rl,dqn | LDPC-DiscreteMI-v0,384,36,22,2.76139881037142,0.0
rl,dqn | LDPC-DiscreteMI-v0,384,36,23,3.442610033609416,0.0
rl,dqn | LDPC-DiscreteMI-v0,384,36,24,3.2811779540646975,0.0
rl,dqn | LDPC-DiscreteMI-v0,384,36,25,3.2032894583700107,0.0
rl,dqn | LDPC-DiscreteMI-v0,384,36,26,3.453815854254601,0.0
rl,dqn | LDPC-DiscreteMI-v0,384,36,27,3.0453447750374796,0.0
rl,dqn | LDPC-DiscreteMI-v0,384,36,28,3.292616220827218,0.0
rl,dqn | LDPC-DiscreteMI-v0,384,36,29,2.9154131964206256,0.0
rl,dqn | LDPC-DiscreteMI-v0,384,36,30,3.7251216718933877,0.0
rl,dqn | LDPC-DiscreteMI-v0,384,36,31,2.7123109058337938,0.0
rl,dqn | LDPC-DiscreteMI-v0,384,36,32,3.474627586007141,0.0
rl,dqn | LDPC-DiscreteMI-v0,384,36,33,3.247631607646666,0.0
rl,dqn | LDPC-DiscreteMI-v0,384,36,34,3.273463668015157,0.0
rl,dqn | LDPC-DiscreteMI-v0,384,36,35,3.451907233481356,0.0
rl,dqn | LDPC-DiscreteMI-v0,384,36,36,3.405606111260804,0.0
rl,dqn | LDPC-DiscreteMI-v0,384,36,37,2.724438229561849,0.0
rl,dqn | LDPC-DiscreteMI-v0,384,36,38,3.451907233481356,0.0
rl,dqn | LDPC-DiscreteMI-v0,384,36,39,3.420547480030548,0.0
rl,dqn | LDPC-DiscreteMI-v0,384,36,40,3.100547795631275,0.0
rl,dqn | LDPC-DiscreteMI-v0,384,36,41,3.451907233481356,0.0
rl,dqn | LDPC-DiscreteMI-v0,384,37,0,4.422382544201729,0.0
rl,dqn | LDPC-DiscreteMI-v0,384,37,1,4.495454725657839,0.0
rl,dqn | LDPC-DiscreteMI-v0,384,37,2,4.188496883782267,0.0
rl,dqn | LDPC-DiscreteMI-v0,384,37,3,4.33732041807605,0.0
rl,dqn | LDPC-DiscreteMI-v0,384,37,4,4.484448396353051,0.0
rl,dqn | LDPC-DiscreteMI-v0,384,37,5,4.564420912067882,0.0
rl,dqn | LDPC-DiscreteMI-v0,384,37,6,4.810689074156299,0.0
rl,dqn | LDPC-DiscreteMI-v0,384,37,7,4.480438663490418,0.0
rl,dqn | LDPC-DiscreteMI-v0,384,37,8,4.256078479898369,0.0
rl,dqn | LDPC-DiscreteMI-v0,384,37,9,4.237996309493003,0.0
rl,dqn | LDPC-DiscreteMI-v0,384,37,10,4.439444854277895,0.0
rl,dqn | LDPC-DiscreteMI-v0,384,37,11,4.498064788514997,0.0
rl,dqn | LDPC-DiscreteMI-v0,384,37,12,4.332868510062275,0.0
rl,dqn | LDPC-DiscreteMI-v0,384,37,13,4.256536417921963,0.0
rl,dqn | LDPC-DiscreteMI-v0,384,37,14,4.34614957566409,0.0
rl,dqn | LDPC-DiscreteMI-v0,384,37,15,4.46147925891832,0.0
rl,dqn | LDPC-DiscreteMI-v0,384,37,16,4.457960200073542,0.0
rl,dqn | LDPC-DiscreteMI-v0,384,37,17,4.466473957251738,0.0
rl,dqn | LDPC-DiscreteMI-v0,384,37,18,4.465050199186734,0.0
rl,dqn | LDPC-DiscreteMI-v0,384,37,19,4.255153574979312,0.0
rl,dqn | LDPC-DiscreteMI-v0,384,37,20,3.2360000370193167,0.0
rl,dqn | LDPC-DiscreteMI-v0,384,37,21,3.2222749574829836,0.0
rl,dqn | LDPC-DiscreteMI-v0,384,37,22,2.76139881037142,0.0
rl,dqn | LDPC-DiscreteMI-v0,384,37,23,3.442610033609416,0.0
rl,dqn | LDPC-DiscreteMI-v0,384,37,24,3.2811779540646975,0.0
rl,dqn | LDPC-DiscreteMI-v0,384,37,25,3.2032894583700107,0.0
rl,dqn | LDPC-DiscreteMI-v0,384,37,26,3.453815854254601,0.0
rl,dqn | LDPC-DiscreteMI-v0,384,37,27,3.0453447750374796,0.0
rl,dqn | LDPC-DiscreteMI-v0,384,37,28,3.292616220827218,0.0
rl,dqn | LDPC-DiscreteMI-v0,384,37,29,2.9154131964206256,0.0
rl,dqn | LDPC-DiscreteMI-v0,384,37,30,3.7251216718933877,0.0
rl,dqn | LDPC-DiscreteMI-v0,384,37,31,2.7123109058337938,0.0
rl,dqn | LDPC-DiscreteMI-v0,384,37,32,3.474627586007141,0.0
rl,dqn | LDPC-DiscreteMI-v0,384,37,33,3.247631607646666,0.0
rl,dqn | LDPC-DiscreteMI-v0,384,37,34,3.273463668015157,0.0
rl,dqn | LDPC-DiscreteMI-v0,384,37,35,3.451907233481356,0.0
rl,dqn | LDPC-DiscreteMI-v0,384,37,36,3.405606111260804,0.0
rl,dqn | LDPC-DiscreteMI-v0,384,37,37,2.724438229561849,0.0
rl,dqn | LDPC-DiscreteMI-v0,384,37,38,3.451907233481356,0.0
rl,dqn | LDPC-DiscreteMI-v0,384,37,39,3.420547480030548,0.0
rl,dqn | LDPC-DiscreteMI-v0,384,37,40,3.100547795631275,0.0
rl,dqn | LDPC-DiscreteMI-v0,384,37,41,3.451907233481356,0.0
rl,dqn | LDPC-DiscreteMI-v0,384,38,0,4.422382544201729,0.0
rl,dqn | LDPC-DiscreteMI-v0,384,38,1,4.495454725657839,0.0
rl,dqn | LDPC-DiscreteMI-v0,384,38,2,4.188496883782267,0.0
rl,dqn | LDPC-DiscreteMI-v0,384,38,3,4.33732041807605,0.0
rl,dqn | LDPC-DiscreteMI-v0,384,38,4,4.484448396353051,0.0
rl,dqn | LDPC-DiscreteMI-v0,384,38,5,4.564420912067882,0.0
rl,dqn | LDPC-DiscreteMI-v0,384,38,6,4.810689074156299,0.0
rl,dqn | LDPC-DiscreteMI-v0,384,38,7,4.480438663490418,0.0
rl,dqn | LDPC-DiscreteMI-v0,384,38,8,4.256078479898369,0.0
rl,dqn | LDPC-DiscreteMI-v0,384,38,9,4.237996309493003,0.0
rl,dqn | LDPC-DiscreteMI-v0,384,38,10,4.439444854277895,0.0
rl,dqn | LDPC-DiscreteMI-v0,384,38,11,4.498064788514997,0.0
rl,dqn | LDPC-DiscreteMI-v0,384,38,12,4.332868510062275,0.0
rl,dqn | LDPC-DiscreteMI-v0,384,38,13,4.256536417921963,0.0
rl,dqn | LDPC-DiscreteMI-v0,384,38,14,4.34614957566409,0.0
rl,dqn | LDPC-DiscreteMI-v0,384,38,15,4.46147925891832,0.0
rl,dqn | LDPC-DiscreteMI-v0,384,38,16,4.457960200073542,0.0
rl,dqn | LDPC-DiscreteMI-v0,384,38,17,4.466473957251738,0.0
rl,dqn | LDPC-DiscreteMI-v0,384,38,18,4.465050199186734,0.0
rl,dqn | LDPC-DiscreteMI-v0,384,38,19,4.255153574979312,0.0
rl,dqn | LDPC-DiscreteMI-v0,384,38,20,3.2360000370193167,0.0
rl,dqn | LDPC-DiscreteMI-v0,384,38,21,3.2222749574829836,0.0
rl,dqn | LDPC-DiscreteMI-v0,384,38,22,2.76139881037142,0.0
rl,dqn | LDPC-DiscreteMI-v0,384,38,23,3.442610033609416,0.0
rl,dqn | LDPC-DiscreteMI-v0,384,38,24,3.2811779540646975,0.0
rl,dqn | LDPC-DiscreteMI-v0,384,38,25,3.2032894583700107,0.0
rl,dqn | LDPC-DiscreteMI-v0,384,38,26,3.453815854254601,0.0
rl,dqn | LDPC-DiscreteMI-v0,384,38,27,3.0453447750374796,0.0
rl,dqn | LDPC-DiscreteMI-v0,384,38,28,3.292616220827218,0.0
rl,dqn | LDPC-DiscreteMI-v0,384,38,29,2.9154131964206256,0.0
rl,dqn | LDPC-DiscreteMI-v0,384,38,30,3.7251216718933877,0.0
rl,dqn | LDPC-DiscreteMI-v0,384,38,31,2.7123109058337938,0.0
rl,dqn | LDPC-DiscreteMI-v0,384,38,32,3.474627586007141,0.0
rl,dqn | LDPC-DiscreteMI-v0,384,38,33,3.247631607646666,0.0
rl,dqn | LDPC-DiscreteMI-v0,384,38,34,3.273463668015157,0.0
rl,dqn | LDPC-DiscreteMI-v0,384,38,35,3.451907233481356,0.0
rl,dqn | LDPC-DiscreteMI-v0,384,38,36,3.405606111260804,0.0
rl,dqn | LDPC-DiscreteMI-v0,384,38,37,2.724438229561849,0.0
rl,dqn | LDPC-DiscreteMI-v0,384,38,38,3.451907233481356,0.0
rl,dqn | LDPC-DiscreteMI-v0,384,38,39,3.420547480030548,0.0
rl,dqn | LDPC-DiscreteMI-v0,384,38,40,3.100547795631275,0.0
rl,dqn | LDPC-DiscreteMI-v0,384,38,41,3.451907233481356,0.0
rl,dqn | LDPC-DiscreteMI-v0,384,39,0,4.422382544201729,0.0
rl,dqn | LDPC-DiscreteMI-v0,384,39,1,4.495454725657839,0.0
rl,dqn | LDPC-DiscreteMI-v0,384,39,2,4.188496883782267,0.0
rl,dqn | LDPC-DiscreteMI-v0,384,39,3,4.33732041807605,0.0
rl,dqn | LDPC-DiscreteMI-v0,384,39,4,4.484448396353051,0.0
rl,dqn | LDPC-DiscreteMI-v0,384,39,5,4.564420912067882,0.0
rl,dqn | LDPC-DiscreteMI-v0,384,39,6,4.810689074156299,0.0
rl,dqn | LDPC-DiscreteMI-v0,384,39,7,4.480438663490418,0.0
rl,dqn | LDPC-DiscreteMI-v0,384,39,8,4.256078479898369,0.0
rl,dqn | LDPC-DiscreteMI-v0,384,39,9,4.237996309493003,0.0
rl,dqn | LDPC-DiscreteMI-v0,384,39,10,4.439444854277895,0.0
rl,dqn | LDPC-DiscreteMI-v0,384,39,11,4.498064788514997,0.0
rl,dqn | LDPC-DiscreteMI-v0,384,39,12,4.332868510062275,0.0
rl,dqn | LDPC-DiscreteMI-v0,384,39,13,4.256536417921963,0.0
rl,dqn | LDPC-DiscreteMI-v0,384,39,14,4.34614957566409,0.0
rl,dqn | LDPC-DiscreteMI-v0,384,39,15,4.46147925891832,0.0
rl,dqn | LDPC-DiscreteMI-v0,384,39,16,4.457960200073542,0.0
rl,dqn | LDPC-DiscreteMI-v0,384,39,17,4.466473957251738,0.0
rl,dqn | LDPC-DiscreteMI-v0,384,39,18,4.465050199186734,0.0
rl,dqn | LDPC-DiscreteMI-v0,384,39,19,4.255153574979312,0.0
rl,dqn | LDPC-DiscreteMI-v0,384,39,20,3.2360000370193167,0.0
rl,dqn | LDPC-DiscreteMI-v0,384,39,21,3.2222749574829836,0.0
rl,dqn | LDPC-DiscreteMI-v0,384,39,22,2.76139881037142,0.0
rl,dqn | LDPC-DiscreteMI-v0,384,39,23,3.442610033609416,0.0
rl,dqn | LDPC-DiscreteMI-v0,384,39,24,3.2811779540646975,0.0
rl,dqn | LDPC-DiscreteMI-v0,384,39,25,3.2032894583700107,0.0
rl,dqn | LDPC-DiscreteMI-v0,384,39,26,3.453815854254601,0.0
rl,dqn | LDPC-DiscreteMI-v0,384,39,27,3.0453447750374796,0.0
rl,dqn | LDPC-DiscreteMI-v0,384,39,28,3.292616220827218,0.0
rl,dqn | LDPC-DiscreteMI-v0,384,39,29,2.9154131964206256,0.0
rl,dqn | LDPC-DiscreteMI-v0,384,39,30,3.7251216718933877,0.0
rl,dqn | LDPC-DiscreteMI-v0,384,39,31,2.7123109058337938,0.0
rl,dqn | LDPC-DiscreteMI-v0,384,39,32,3.474627586007141,0.0
rl,dqn | LDPC-DiscreteMI-v0,384,39,33,3.247631607646666,0.0
rl,dqn | LDPC-DiscreteMI-v0,384,39,34,3.273463668015157,0.0
rl,dqn | LDPC-DiscreteMI-v0,384,39,35,3.451907233481356,0.0
rl,dqn | LDPC-DiscreteMI-v0,384,39,36,3.405606111260804,0.0
rl,dqn | LDPC-DiscreteMI-v0,384,39,37,2.724438229561849,0.0
rl,dqn | LDPC-DiscreteMI-v0,384,39,38,3.451907233481356,0.0
rl,dqn | LDPC-DiscreteMI-v0,384,39,39,3.420547480030548,0.0
rl,dqn | LDPC-DiscreteMI-v0,384,39,40,3.100547795631275,0.0
rl,dqn | LDPC-DiscreteMI-v0,384,39,41,3.451907233481356,0.0
rl,dqn | LDPC-DiscreteMI-v0,384,40,0,4.422382544201729,0.0
rl,dqn | LDPC-DiscreteMI-v0,384,40,1,4.495454725657839,0.0
rl,dqn | LDPC-DiscreteMI-v0,384,40,2,4.188496883782267,0.0
rl,dqn | LDPC-DiscreteMI-v0,384,40,3,4.33732041807605,0.0
rl,dqn | LDPC-DiscreteMI-v0,384,40,4,4.484448396353051,0.0
rl,dqn | LDPC-DiscreteMI-v0,384,40,5,4.564420912067882,0.0
rl,dqn | LDPC-DiscreteMI-v0,384,40,6,4.810689074156299,0.0
rl,dqn | LDPC-DiscreteMI-v0,384,40,7,4.480438663490418,0.0
rl,dqn | LDPC-DiscreteMI-v0,384,40,8,4.256078479898369,0.0
rl,dqn | LDPC-DiscreteMI-v0,384,40,9,4.237996309493003,0.0
rl,dqn | LDPC-DiscreteMI-v0,384,40,10,4.439444854277895,0.0
rl,dqn | LDPC-DiscreteMI-v0,384,40,11,4.498064788514997,0.0
rl,dqn | LDPC-DiscreteMI-v0,384,40,12,4.332868510062275,0.0
rl,dqn | LDPC-DiscreteMI-v0,384,40,13,4.256536417921963,0.0
rl,dqn | LDPC-DiscreteMI-v0,384,40,14,4.34614957566409,0.0
rl,dqn | LDPC-DiscreteMI-v0,384,40,15,4.46147925891832,0.0
rl,dqn | LDPC-DiscreteMI-v0,384,40,16,4.457960200073542,0.0
rl,dqn | LDPC-DiscreteMI-v0,384,40,17,4.466473957251738,0.0
rl,dqn | LDPC-DiscreteMI-v0,384,40,18,4.465050199186734,0.0
rl,dqn | LDPC-DiscreteMI-v0,384,40,19,4.255153574979312,0.0
rl,dqn | LDPC-DiscreteMI-v0,384,40,20,3.2360000370193167,0.0
rl,dqn | LDPC-DiscreteMI-v0,384,40,21,3.2222749574829836,0.0
rl,dqn | LDPC-DiscreteMI-v0,384,40,22,2.76139881037142,0.0
rl,dqn | LDPC-DiscreteMI-v0,384,40,23,3.442610033609416,0.0
rl,dqn | LDPC-DiscreteMI-v0,384,40,24,3.2811779540646975,0.0
rl,dqn | LDPC-DiscreteMI-v0,384,40,25,3.2032894583700107,0.0
rl,dqn | LDPC-DiscreteMI-v0,384,40,26,3.453815854254601,0.0
rl,dqn | LDPC-DiscreteMI-v0,384,40,27,3.0453447750374796,0.0
rl,dqn | LDPC-DiscreteMI-v0,384,40,28,3.292616220827218,0.0
rl,dqn | LDPC-DiscreteMI-v0,384,40,29,2.9154131964206256,0.0
rl,dqn | LDPC-DiscreteMI-v0,384,40,30,3.7251216718933877,0.0
rl,dqn | LDPC-DiscreteMI-v0,384,40,31,2.7123109058337938,0.0
rl,dqn | LDPC-DiscreteMI-v0,384,40,32,3.474627586007141,0.0
rl,dqn | LDPC-DiscreteMI-v0,384,40,33,3.247631607646666,0.0
rl,dqn | LDPC-DiscreteMI-v0,384,40,34,3.273463668015157,0.0
rl,dqn | LDPC-DiscreteMI-v0,384,40,35,3.451907233481356,0.0
rl,dqn | LDPC-DiscreteMI-v0,384,40,36,3.405606111260804,0.0
rl,dqn | LDPC-DiscreteMI-v0,384,40,37,2.724438229561849,0.0
rl,dqn | LDPC-DiscreteMI-v0,384,40,38,3.451907233481356,0.0
rl,dqn | LDPC-DiscreteMI-v0,384,40,39,3.420547480030548,0.0
rl,dqn | LDPC-DiscreteMI-v0,384,40,40,3.100547795631275,0.0
rl,dqn | LDPC-DiscreteMI-v0,384,40,41,3.451907233481356,0.0
rl,dqn | LDPC-DiscreteMI-v0,384,41,0,4.422382544201729,0.0
rl,dqn | LDPC-DiscreteMI-v0,384,41,1,4.495454725657839,0.0
rl,dqn | LDPC-DiscreteMI-v0,384,41,2,4.188496883782267,0.0
rl,dqn | LDPC-DiscreteMI-v0,384,41,3,4.33732041807605,0.0
rl,dqn | LDPC-DiscreteMI-v0,384,41,4,4.484448396353051,0.0
rl,dqn | LDPC-DiscreteMI-v0,384,41,5,4.564420912067882,0.0
rl,dqn | LDPC-DiscreteMI-v0,384,41,6,4.810689074156299,0.0
rl,dqn | LDPC-DiscreteMI-v0,384,41,7,4.480438663490418,0.0
rl,dqn | LDPC-DiscreteMI-v0,384,41,8,4.256078479898369,0.0
rl,dqn | LDPC-DiscreteMI-v0,384,41,9,4.237996309493003,0.0
rl,dqn | LDPC-DiscreteMI-v0,384,41,10,4.439444854277895,0.0
rl,dqn | LDPC-DiscreteMI-v0,384,41,11,4.498064788514997,0.0
rl,dqn | LDPC-DiscreteMI-v0,384,41,12,4.332868510062275,0.0
rl,dqn | LDPC-DiscreteMI-v0,384,41,13,4.256536417921963,0.0
rl,dqn | LDPC-DiscreteMI-v0,384,41,14,4.34614957566409,0.0
rl,dqn | LDPC-DiscreteMI-v0,384,41,15,4.46147925891832,0.0
rl,dqn | LDPC-DiscreteMI-v0,384,41,16,4.457960200073542,0.0
rl,dqn | LDPC-DiscreteMI-v0,384,41,17,4.466473957251738,0.0
rl,dqn | LDPC-DiscreteMI-v0,384,41,18,4.465050199186734,0.0
rl,dqn | LDPC-DiscreteMI-v0,384,41,19,4.255153574979312,0.0
rl,dqn | LDPC-DiscreteMI-v0,384,41,20,3.2360000370193167,0.0
rl,dqn | LDPC-DiscreteMI-v0,384,41,21,3.2222749574829836,0.0
rl,dqn | LDPC-DiscreteMI-v0,384,41,22,2.76139881037142,0.0
rl,dqn | LDPC-DiscreteMI-v0,384,41,23,3.442610033609416,0.0
rl,dqn | LDPC-DiscreteMI-v0,384,41,24,3.2811779540646975,0.0
rl,dqn | LDPC-DiscreteMI-v0,384,41,25,3.2032894583700107,0.0
rl,dqn | LDPC-DiscreteMI-v0,384,41,26,3.453815854254601,0.0
rl,dqn | LDPC-DiscreteMI-v0,384,41,27,3.0453447750374796,0.0
rl,dqn | LDPC-DiscreteMI-v0,384,41,28,3.292616220827218,0.0
rl,dqn | LDPC-DiscreteMI-v0,384,41,29,2.9154131964206256,0.0
rl,dqn | LDPC-DiscreteMI-v0,384,41,30,3.7251216718933877,0.0
rl,dqn | LDPC-DiscreteMI-v0,384,41,31,2.7123109058337938,0.0
rl,dqn | LDPC-DiscreteMI-v0,384,41,32,3.474627586007141,0.0
rl,dqn | LDPC-DiscreteMI-v0,384,41,33,3.247631607646666,0.0
rl,dqn | LDPC-DiscreteMI-v0,384,41,34,3.273463668015157,0.0
rl,dqn | LDPC-DiscreteMI-v0,384,41,35,3.451907233481356,0.0
rl,dqn | LDPC-DiscreteMI-v0,384,41,36,3.405606111260804,0.0
rl,dqn | LDPC-DiscreteMI-v0,384,41,37,2.724438229561849,0.0
rl,dqn | LDPC-DiscreteMI-v0,384,41,38,3.451907233481356,0.0
rl,dqn | LDPC-DiscreteMI-v0,384,41,39,3.420547480030548,0.0
rl,dqn | LDPC-DiscreteMI-v0,384,41,40,3.100547795631275,0.0
rl,dqn | LDPC-DiscreteMI-v0,384,41,41,3.451907233481356,0.0
rl,dqn | LDPC-DiscreteMI-v0,384,42,0,4.422382544201729,0.0
rl,dqn | LDPC-DiscreteMI-v0,384,42,1,4.495454725657839,0.0
rl,dqn | LDPC-DiscreteMI-v0,384,42,2,4.188496883782267,0.0
rl,dqn | LDPC-DiscreteMI-v0,384,42,3,4.33732041807605,0.0
rl,dqn | LDPC-DiscreteMI-v0,384,42,4,4.484448396353051,0.0
rl,dqn | LDPC-DiscreteMI-v0,384,42,5,4.564420912067882,0.0
rl,dqn | LDPC-DiscreteMI-v0,384,42,6,4.810689074156299,0.0
rl,dqn | LDPC-DiscreteMI-v0,384,42,7,4.480438663490418,0.0
rl,dqn | LDPC-DiscreteMI-v0,384,42,8,4.256078479898369,0.0
rl,dqn | LDPC-DiscreteMI-v0,384,42,9,4.237996309493003,0.0
rl,dqn | LDPC-DiscreteMI-v0,384,42,10,4.439444854277895,0.0
rl,dqn | LDPC-DiscreteMI-v0,384,42,11,4.498064788514997,0.0
rl,dqn | LDPC-DiscreteMI-v0,384,42,12,4.332868510062275,0.0
rl,dqn | LDPC-DiscreteMI-v0,384,42,13,4.256536417921963,0.0
rl,dqn | LDPC-DiscreteMI-v0,384,42,14,4.34614957566409,0.0
rl,dqn | LDPC-DiscreteMI-v0,384,42,15,4.46147925891832,0.0
rl,dqn | LDPC-DiscreteMI-v0,384,42,16,4.457960200073542,0.0
rl,dqn | LDPC-DiscreteMI-v0,384,42,17,4.466473957251738,0.0
rl,dqn | LDPC-DiscreteMI-v0,384,42,18,4.465050199186734,0.0
rl,dqn | LDPC-DiscreteMI-v0,384,42,19,4.255153574979312,0.0
rl,dqn | LDPC-DiscreteMI-v0,384,42,20,3.2360000370193167,0.0
rl,dqn | LDPC-DiscreteMI-v0,384,42,21,3.2222749574829836,0.0
rl,dqn | LDPC-DiscreteMI-v0,384,42,22,2.76139881037142,0.0
rl,dqn | LDPC-DiscreteMI-v0,384,42,23,3.442610033609416,0.0
rl,dqn | LDPC-DiscreteMI-v0,384,42,24,3.2811779540646975,0.0
rl,dqn | LDPC-DiscreteMI-v0,384,42,25,3.2032894583700107,0.0
rl,dqn | LDPC-DiscreteMI-v0,384,42,26,3.453815854254601,0.0
rl,dqn | LDPC-DiscreteMI-v0,384,42,27,3.0453447750374796,0.0
rl,dqn | LDPC-DiscreteMI-v0,384,42,28,3.292616220827218,0.0
rl,dqn | LDPC-DiscreteMI-v0,384,42,29,2.9154131964206256,0.0
rl,dqn | LDPC-DiscreteMI-v0,384,42,30,3.7251216718933877,0.0
rl,dqn | LDPC-DiscreteMI-v0,384,42,31,2.7123109058337938,0.0
rl,dqn | LDPC-DiscreteMI-v0,384,42,32,3.474627586007141,0.0
rl,dqn | LDPC-DiscreteMI-v0,384,42,33,3.247631607646666,0.0
rl,dqn | LDPC-DiscreteMI-v0,384,42,34,3.273463668015157,0.0
rl,dqn | LDPC-DiscreteMI-v0,384,42,35,3.451907233481356,0.0
rl,dqn | LDPC-DiscreteMI-v0,384,42,36,3.405606111260804,0.0
rl,dqn | LDPC-DiscreteMI-v0,384,42,37,2.724438229561849,0.0
rl,dqn | LDPC-DiscreteMI-v0,384,42,38,3.451907233481356,0.0
rl,dqn | LDPC-DiscreteMI-v0,384,42,39,3.420547480030548,0.0
rl,dqn | LDPC-DiscreteMI-v0,384,42,40,3.100547795631275,0.0
rl,dqn | LDPC-DiscreteMI-v0,384,42,41,3.451907233481356,0.0
rl,dqn | LDPC-DiscreteMI-v0,384,43,0,4.422382544201729,0.0
rl,dqn | LDPC-DiscreteMI-v0,384,43,1,4.495454725657839,0.0
rl,dqn | LDPC-DiscreteMI-v0,384,43,2,4.188496883782267,0.0
rl,dqn | LDPC-DiscreteMI-v0,384,43,3,4.33732041807605,0.0
rl,dqn | LDPC-DiscreteMI-v0,384,43,4,4.484448396353051,0.0
rl,dqn | LDPC-DiscreteMI-v0,384,43,5,4.564420912067882,0.0
rl,dqn | LDPC-DiscreteMI-v0,384,43,6,4.810689074156299,0.0
rl,dqn | LDPC-DiscreteMI-v0,384,43,7,4.480438663490418,0.0
rl,dqn | LDPC-DiscreteMI-v0,384,43,8,4.256078479898369,0.0
rl,dqn | LDPC-DiscreteMI-v0,384,43,9,4.237996309493003,0.0
rl,dqn | LDPC-DiscreteMI-v0,384,43,10,4.439444854277895,0.0
rl,dqn | LDPC-DiscreteMI-v0,384,43,11,4.498064788514997,0.0
rl,dqn | LDPC-DiscreteMI-v0,384,43,12,4.332868510062275,0.0
rl,dqn | LDPC-DiscreteMI-v0,384,43,13,4.256536417921963,0.0
rl,dqn | LDPC-DiscreteMI-v0,384,43,14,4.34614957566409,0.0
rl,dqn | LDPC-DiscreteMI-v0,384,43,15,4.46147925891832,0.0
rl,dqn | LDPC-DiscreteMI-v0,384,43,16,4.457960200073542,0.0
rl,dqn | LDPC-DiscreteMI-v0,384,43,17,4.466473957251738,0.0
rl,dqn | LDPC-DiscreteMI-v0,384,43,18,4.465050199186734,0.0
rl,dqn | LDPC-DiscreteMI-v0,384,43,19,4.255153574979312,0.0
rl,dqn | LDPC-DiscreteMI-v0,384,43,20,3.2360000370193167,0.0
rl,dqn | LDPC-DiscreteMI-v0,384,43,21,3.2222749574829836,0.0
rl,dqn | LDPC-DiscreteMI-v0,384,43,22,2.76139881037142,0.0
rl,dqn | LDPC-DiscreteMI-v0,384,43,23,3.442610033609416,0.0
rl,dqn | LDPC-DiscreteMI-v0,384,43,24,3.2811779540646975,0.0
rl,dqn | LDPC-DiscreteMI-v0,384,43,25,3.2032894583700107,0.0
rl,dqn | LDPC-DiscreteMI-v0,384,43,26,3.453815854254601,0.0
rl,dqn | LDPC-DiscreteMI-v0,384,43,27,3.0453447750374796,0.0
rl,dqn | LDPC-DiscreteMI-v0,384,43,28,3.292616220827218,0.0
rl,dqn | LDPC-DiscreteMI-v0,384,43,29,2.9154131964206256,0.0
rl,dqn | LDPC-DiscreteMI-v0,384,43,30,3.7251216718933877,0.0
rl,dqn | LDPC-DiscreteMI-v0,384,43,31,2.7123109058337938,0.0
rl,dqn | LDPC-DiscreteMI-v0,384,43,32,3.474627586007141,0.0
rl,dqn | LDPC-DiscreteMI-v0,384,43,33,3.247631607646666,0.0
rl,dqn | LDPC-DiscreteMI-v0,384,43,34,3.273463668015157,0.0
rl,dqn | LDPC-DiscreteMI-v0,384,43,35,3.451907233481356,0.0
rl,dqn | LDPC-DiscreteMI-v0,384,43,36,3.405606111260804,0.0
rl,dqn | LDPC-DiscreteMI-v0,384,43,37,2.724438229561849,0.0
rl,dqn | LDPC-DiscreteMI-v0,384,43,38,3.451907233481356,0.0
rl,dqn | LDPC-DiscreteMI-v0,384,43,39,3.420547480030548,0.0
rl,dqn | LDPC-DiscreteMI-v0,384,43,40,3.100547795631275,0.0
rl,dqn | LDPC-DiscreteMI-v0,384,43,41,3.451907233481356,0.0
rl,dqn | LDPC-DiscreteMI-v0,384,44,0,4.422382544201729,0.0
rl,dqn | LDPC-DiscreteMI-v0,384,44,1,4.495454725657839,0.0
rl,dqn | LDPC-DiscreteMI-v0,384,44,2,4.188496883782267,0.0
rl,dqn | LDPC-DiscreteMI-v0,384,44,3,4.33732041807605,0.0
rl,dqn | LDPC-DiscreteMI-v0,384,44,4,4.484448396353051,0.0
rl,dqn | LDPC-DiscreteMI-v0,384,44,5,4.564420912067882,0.0
rl,dqn | LDPC-DiscreteMI-v0,384,44,6,4.810689074156299,0.0
rl,dqn | LDPC-DiscreteMI-v0,384,44,7,4.480438663490418,0.0
rl,dqn | LDPC-DiscreteMI-v0,384,44,8,4.256078479898369,0.0
rl,dqn | LDPC-DiscreteMI-v0,384,44,9,4.237996309493003,0.0
rl,dqn | LDPC-DiscreteMI-v0,384,44,10,4.439444854277895,0.0
rl,dqn | LDPC-DiscreteMI-v0,384,44,11,4.498064788514997,0.0
rl,dqn | LDPC-DiscreteMI-v0,384,44,12,4.332868510062275,0.0
rl,dqn | LDPC-DiscreteMI-v0,384,44,13,4.256536417921963,0.0
rl,dqn | LDPC-DiscreteMI-v0,384,44,14,4.34614957566409,0.0
rl,dqn | LDPC-DiscreteMI-v0,384,44,15,4.46147925891832,0.0
rl,dqn | LDPC-DiscreteMI-v0,384,44,16,4.457960200073542,0.0
rl,dqn | LDPC-DiscreteMI-v0,384,44,17,4.466473957251738,0.0
rl,dqn | LDPC-DiscreteMI-v0,384,44,18,4.465050199186734,0.0
rl,dqn | LDPC-DiscreteMI-v0,384,44,19,4.255153574979312,0.0
rl,dqn | LDPC-DiscreteMI-v0,384,44,20,3.2360000370193167,0.0
rl,dqn | LDPC-DiscreteMI-v0,384,44,21,3.2222749574829836,0.0
rl,dqn | LDPC-DiscreteMI-v0,384,44,22,2.76139881037142,0.0
rl,dqn | LDPC-DiscreteMI-v0,384,44,23,3.442610033609416,0.0
rl,dqn | LDPC-DiscreteMI-v0,384,44,24,3.2811779540646975,0.0
rl,dqn | LDPC-DiscreteMI-v0,384,44,25,3.2032894583700107,0.0
rl,dqn | LDPC-DiscreteMI-v0,384,44,26,3.453815854254601,0.0
rl,dqn | LDPC-DiscreteMI-v0,384,44,27,3.0453447750374796,0.0
rl,dqn | LDPC-DiscreteMI-v0,384,44,28,3.292616220827218,0.0
rl,dqn | LDPC-DiscreteMI-v0,384,44,29,2.9154131964206256,0.0
rl,dqn | LDPC-DiscreteMI-v0,384,44,30,3.7251216718933877,0.0
rl,dqn | LDPC-DiscreteMI-v0,384,44,31,2.7123109058337938,0.0
rl,dqn | LDPC-DiscreteMI-v0,384,44,32,3.474627586007141,0.0
rl,dqn | LDPC-DiscreteMI-v0,384,44,33,3.247631607646666,0.0
rl,dqn | LDPC-DiscreteMI-v0,384,44,34,3.273463668015157,0.0
rl,dqn | LDPC-DiscreteMI-v0,384,44,35,3.451907233481356,0.0
rl,dqn | LDPC-DiscreteMI-v0,384,44,36,3.405606111260804,0.0
rl,dqn | LDPC-DiscreteMI-v0,384,44,37,2.724438229561849,0.0
rl,dqn | LDPC-DiscreteMI-v0,384,44,38,3.451907233481356,0.0
rl,dqn | LDPC-DiscreteMI-v0,384,44,39,3.420547480030548,0.0
rl,dqn | LDPC-DiscreteMI-v0,384,44,40,3.100547795631275,0.0
rl,dqn | LDPC-DiscreteMI-v0,384,44,41,3.451907233481356,0.0
rl,dqn | LDPC-DiscreteMI-v0,384,45,0,4.422382544201729,0.0
rl,dqn | LDPC-DiscreteMI-v0,384,45,1,4.495454725657839,0.0
rl,dqn | LDPC-DiscreteMI-v0,384,45,2,4.188496883782267,0.0
rl,dqn | LDPC-DiscreteMI-v0,384,45,3,4.33732041807605,0.0
rl,dqn | LDPC-DiscreteMI-v0,384,45,4,4.484448396353051,0.0
rl,dqn | LDPC-DiscreteMI-v0,384,45,5,4.564420912067882,0.0
rl,dqn | LDPC-DiscreteMI-v0,384,45,6,4.810689074156299,0.0
rl,dqn | LDPC-DiscreteMI-v0,384,45,7,4.480438663490418,0.0
rl,dqn | LDPC-DiscreteMI-v0,384,45,8,4.256078479898369,0.0
rl,dqn | LDPC-DiscreteMI-v0,384,45,9,4.237996309493003,0.0
rl,dqn | LDPC-DiscreteMI-v0,384,45,10,4.439444854277895,0.0
rl,dqn | LDPC-DiscreteMI-v0,384,45,11,4.498064788514997,0.0
rl,dqn | LDPC-DiscreteMI-v0,384,45,12,4.332868510062275,0.0
rl,dqn | LDPC-DiscreteMI-v0,384,45,13,4.256536417921963,0.0
rl,dqn | LDPC-DiscreteMI-v0,384,45,14,4.34614957566409,0.0
rl,dqn | LDPC-DiscreteMI-v0,384,45,15,4.46147925891832,0.0
rl,dqn | LDPC-DiscreteMI-v0,384,45,16,4.457960200073542,0.0
rl,dqn | LDPC-DiscreteMI-v0,384,45,17,4.466473957251738,0.0
rl,dqn | LDPC-DiscreteMI-v0,384,45,18,4.465050199186734,0.0
rl,dqn | LDPC-DiscreteMI-v0,384,45,19,4.255153574979312,0.0
rl,dqn | LDPC-DiscreteMI-v0,384,45,20,3.2360000370193167,0.0
rl,dqn | LDPC-DiscreteMI-v0,384,45,21,3.2222749574829836,0.0
rl,dqn | LDPC-DiscreteMI-v0,384,45,22,2.76139881037142,0.0
rl,dqn | LDPC-DiscreteMI-v0,384,45,23,3.442610033609416,0.0
rl,dqn | LDPC-DiscreteMI-v0,384,45,24,3.2811779540646975,0.0
rl,dqn | LDPC-DiscreteMI-v0,384,45,25,3.2032894583700107,0.0
rl,dqn | LDPC-DiscreteMI-v0,384,45,26,3.453815854254601,0.0
rl,dqn | LDPC-DiscreteMI-v0,384,45,27,3.0453447750374796,0.0
rl,dqn | LDPC-DiscreteMI-v0,384,45,28,3.292616220827218,0.0
rl,dqn | LDPC-DiscreteMI-v0,384,45,29,2.9154131964206256,0.0
rl,dqn | LDPC-DiscreteMI-v0,384,45,30,3.7251216718933877,0.0
rl,dqn | LDPC-DiscreteMI-v0,384,45,31,2.7123109058337938,0.0
rl,dqn | LDPC-DiscreteMI-v0,384,45,32,3.474627586007141,0.0
rl,dqn | LDPC-DiscreteMI-v0,384,45,33,3.247631607646666,0.0
rl,dqn | LDPC-DiscreteMI-v0,384,45,34,3.273463668015157,0.0
rl,dqn | LDPC-DiscreteMI-v0,384,45,35,3.451907233481356,0.0
rl,dqn | LDPC-DiscreteMI-v0,384,45,36,3.405606111260804,0.0
rl,dqn | LDPC-DiscreteMI-v0,384,45,37,2.724438229561849,0.0
rl,dqn | LDPC-DiscreteMI-v0,384,45,38,3.451907233481356,0.0
rl,dqn | LDPC-DiscreteMI-v0,384,45,39,3.420547480030548,0.0
rl,dqn | LDPC-DiscreteMI-v0,384,45,40,3.100547795631275,0.0
rl,dqn | LDPC-DiscreteMI-v0,384,45,41,3.451907233481356,0.0
rl,dqn | LDPC-DiscreteMI-v0,384,46,0,4.422382544201729,0.0
rl,dqn | LDPC-DiscreteMI-v0,384,46,1,4.495454725657839,0.0
rl,dqn | LDPC-DiscreteMI-v0,384,46,2,4.188496883782267,0.0
rl,dqn | LDPC-DiscreteMI-v0,384,46,3,4.33732041807605,0.0
rl,dqn | LDPC-DiscreteMI-v0,384,46,4,4.484448396353051,0.0
rl,dqn | LDPC-DiscreteMI-v0,384,46,5,4.564420912067882,0.0
rl,dqn | LDPC-DiscreteMI-v0,384,46,6,4.810689074156299,0.0
rl,dqn | LDPC-DiscreteMI-v0,384,46,7,4.480438663490418,0.0
rl,dqn | LDPC-DiscreteMI-v0,384,46,8,4.256078479898369,0.0
rl,dqn | LDPC-DiscreteMI-v0,384,46,9,4.237996309493003,0.0
rl,dqn | LDPC-DiscreteMI-v0,384,46,10,4.439444854277895,0.0
rl,dqn | LDPC-DiscreteMI-v0,384,46,11,4.498064788514997,0.0
rl,dqn | LDPC-DiscreteMI-v0,384,46,12,4.332868510062275,0.0
rl,dqn | LDPC-DiscreteMI-v0,384,46,13,4.256536417921963,0.0
rl,dqn | LDPC-DiscreteMI-v0,384,46,14,4.34614957566409,0.0
rl,dqn | LDPC-DiscreteMI-v0,384,46,15,4.46147925891832,0.0
rl,dqn | LDPC-DiscreteMI-v0,384,46,16,4.457960200073542,0.0
rl,dqn | LDPC-DiscreteMI-v0,384,46,17,4.466473957251738,0.0
rl,dqn | LDPC-DiscreteMI-v0,384,46,18,4.465050199186734,0.0
rl,dqn | LDPC-DiscreteMI-v0,384,46,19,4.255153574979312,0.0
rl,dqn | LDPC-DiscreteMI-v0,384,46,20,3.2360000370193167,0.0
rl,dqn | LDPC-DiscreteMI-v0,384,46,21,3.2222749574829836,0.0
rl,dqn | LDPC-DiscreteMI-v0,384,46,22,2.76139881037142,0.0
rl,dqn | LDPC-DiscreteMI-v0,384,46,23,3.442610033609416,0.0
rl,dqn | LDPC-DiscreteMI-v0,384,46,24,3.2811779540646975,0.0
rl,dqn | LDPC-DiscreteMI-v0,384,46,25,3.2032894583700107,0.0
rl,dqn | LDPC-DiscreteMI-v0,384,46,26,3.453815854254601,0.0
rl,dqn | LDPC-DiscreteMI-v0,384,46,27,3.0453447750374796,0.0
rl,dqn | LDPC-DiscreteMI-v0,384,46,28,3.292616220827218,0.0
rl,dqn | LDPC-DiscreteMI-v0,384,46,29,2.9154131964206256,0.0
rl,dqn | LDPC-DiscreteMI-v0,384,46,30,3.7251216718933877,0.0
rl,dqn | LDPC-DiscreteMI-v0,384,46,31,2.7123109058337938,0.0
rl,dqn | LDPC-DiscreteMI-v0,384,46,32,3.474627586007141,0.0
rl,dqn | LDPC-DiscreteMI-v0,384,46,33,3.247631607646666,0.0
rl,dqn | LDPC-DiscreteMI-v0,384,46,34,3.273463668015157,0.0
rl,dqn | LDPC-DiscreteMI-v0,384,46,35,3.451907233481356,0.0
rl,dqn | LDPC-DiscreteMI-v0,384,46,36,3.405606111260804,0.0
rl,dqn | LDPC-DiscreteMI-v0,384,46,37,2.724438229561849,0.0
rl,dqn | LDPC-DiscreteMI-v0,384,46,38,3.451907233481356,0.0
rl,dqn | LDPC-DiscreteMI-v0,384,46,39,3.420547480030548,0.0
rl,dqn | LDPC-DiscreteMI-v0,384,46,40,3.100547795631275,0.0
rl,dqn | LDPC-DiscreteMI-v0,384,46,41,3.451907233481356,0.0
rl,dqn | LDPC-DiscreteMI-v0,384,47,0,4.422382544201729,0.0
rl,dqn | LDPC-DiscreteMI-v0,384,47,1,4.495454725657839,0.0
rl,dqn | LDPC-DiscreteMI-v0,384,47,2,4.188496883782267,0.0
rl,dqn | LDPC-DiscreteMI-v0,384,47,3,4.33732041807605,0.0
rl,dqn | LDPC-DiscreteMI-v0,384,47,4,4.484448396353051,0.0
rl,dqn | LDPC-DiscreteMI-v0,384,47,5,4.564420912067882,0.0
rl,dqn | LDPC-DiscreteMI-v0,384,47,6,4.810689074156299,0.0
rl,dqn | LDPC-DiscreteMI-v0,384,47,7,4.480438663490418,0.0
rl,dqn | LDPC-DiscreteMI-v0,384,47,8,4.256078479898369,0.0
rl,dqn | LDPC-DiscreteMI-v0,384,47,9,4.237996309493003,0.0
rl,dqn | LDPC-DiscreteMI-v0,384,47,10,4.439444854277895,0.0
rl,dqn | LDPC-DiscreteMI-v0,384,47,11,4.498064788514997,0.0
rl,dqn | LDPC-DiscreteMI-v0,384,47,12,4.332868510062275,0.0
rl,dqn | LDPC-DiscreteMI-v0,384,47,13,4.256536417921963,0.0
rl,dqn | LDPC-DiscreteMI-v0,384,47,14,4.34614957566409,0.0
rl,dqn | LDPC-DiscreteMI-v0,384,47,15,4.46147925891832,0.0
rl,dqn | LDPC-DiscreteMI-v0,384,47,16,4.457960200073542,0.0
rl,dqn | LDPC-DiscreteMI-v0,384,47,17,4.466473957251738,0.0
rl,dqn | LDPC-DiscreteMI-v0,384,47,18,4.465050199186734,0.0
rl,dqn | LDPC-DiscreteMI-v0,384,47,19,4.255153574979312,0.0
rl,dqn | LDPC-DiscreteMI-v0,384,47,20,3.2360000370193167,0.0
rl,dqn | LDPC-DiscreteMI-v0,384,47,21,3.2222749574829836,0.0
rl,dqn | LDPC-DiscreteMI-v0,384,47,22,2.76139881037142,0.0
rl,dqn | LDPC-DiscreteMI-v0,384,47,23,3.442610033609416,0.0
rl,dqn | LDPC-DiscreteMI-v0,384,47,24,3.2811779540646975,0.0
rl,dqn | LDPC-DiscreteMI-v0,384,47,25,3.2032894583700107,0.0
rl,dqn | LDPC-DiscreteMI-v0,384,47,26,3.453815854254601,0.0
rl,dqn | LDPC-DiscreteMI-v0,384,47,27,3.0453447750374796,0.0
rl,dqn | LDPC-DiscreteMI-v0,384,47,28,3.292616220827218,0.0
rl,dqn | LDPC-DiscreteMI-v0,384,47,29,2.9154131964206256,0.0
rl,dqn | LDPC-DiscreteMI-v0,384,47,30,3.7251216718933877,0.0
rl,dqn | LDPC-DiscreteMI-v0,384,47,31,2.7123109058337938,0.0
rl,dqn | LDPC-DiscreteMI-v0,384,47,32,3.474627586007141,0.0
rl,dqn | LDPC-DiscreteMI-v0,384,47,33,3.247631607646666,0.0
rl,dqn | LDPC-DiscreteMI-v0,384,47,34,3.273463668015157,0.0
rl,dqn | LDPC-DiscreteMI-v0,384,47,35,3.451907233481356,0.0
rl,dqn | LDPC-DiscreteMI-v0,384,47,36,3.405606111260804,0.0
rl,dqn | LDPC-DiscreteMI-v0,384,47,37,2.724438229561849,0.0
rl,dqn | LDPC-DiscreteMI-v0,384,47,38,3.451907233481356,0.0
rl,dqn | LDPC-DiscreteMI-v0,384,47,39,3.420547480030548,0.0
rl,dqn | LDPC-DiscreteMI-v0,384,47,40,3.100547795631275,0.0
rl,dqn | LDPC-DiscreteMI-v0,384,47,41,3.451907233481356,0.0
rl,dqn | LDPC-DiscreteMI-v0,384,48,0,4.422382544201729,0.0
rl,dqn | LDPC-DiscreteMI-v0,384,48,1,4.495454725657839,0.0
rl,dqn | LDPC-DiscreteMI-v0,384,48,2,4.188496883782267,0.0
rl,dqn | LDPC-DiscreteMI-v0,384,48,3,4.33732041807605,0.0
rl,dqn | LDPC-DiscreteMI-v0,384,48,4,4.484448396353051,0.0
rl,dqn | LDPC-DiscreteMI-v0,384,48,5,4.564420912067882,0.0
rl,dqn | LDPC-DiscreteMI-v0,384,48,6,4.810689074156299,0.0
rl,dqn | LDPC-DiscreteMI-v0,384,48,7,4.480438663490418,0.0
rl,dqn | LDPC-DiscreteMI-v0,384,48,8,4.256078479898369,0.0
rl,dqn | LDPC-DiscreteMI-v0,384,48,9,4.237996309493003,0.0
rl,dqn | LDPC-DiscreteMI-v0,384,48,10,4.439444854277895,0.0
rl,dqn | LDPC-DiscreteMI-v0,384,48,11,4.498064788514997,0.0
rl,dqn | LDPC-DiscreteMI-v0,384,48,12,4.332868510062275,0.0
rl,dqn | LDPC-DiscreteMI-v0,384,48,13,4.256536417921963,0.0
rl,dqn | LDPC-DiscreteMI-v0,384,48,14,4.34614957566409,0.0
rl,dqn | LDPC-DiscreteMI-v0,384,48,15,4.46147925891832,0.0
rl,dqn | LDPC-DiscreteMI-v0,384,48,16,4.457960200073542,0.0
rl,dqn | LDPC-DiscreteMI-v0,384,48,17,4.466473957251738,0.0
rl,dqn | LDPC-DiscreteMI-v0,384,48,18,4.465050199186734,0.0
rl,dqn | LDPC-DiscreteMI-v0,384,48,19,4.255153574979312,0.0
rl,dqn | LDPC-DiscreteMI-v0,384,48,20,3.2360000370193167,0.0
rl,dqn | LDPC-DiscreteMI-v0,384,48,21,3.2222749574829836,0.0
rl,dqn | LDPC-DiscreteMI-v0,384,48,22,2.76139881037142,0.0
rl,dqn | LDPC-DiscreteMI-v0,384,48,23,3.442610033609416,0.0
rl,dqn | LDPC-DiscreteMI-v0,384,48,24,3.2811779540646975,0.0
rl,dqn | LDPC-DiscreteMI-v0,384,48,25,3.2032894583700107,0.0
rl,dqn | LDPC-DiscreteMI-v0,384,48,26,3.453815854254601,0.0
rl,dqn | LDPC-DiscreteMI-v0,384,48,27,3.0453447750374796,0.0
rl,dqn | LDPC-DiscreteMI-v0,384,48,28,3.292616220827218,0.0
rl,dqn | LDPC-DiscreteMI-v0,384,48,29,2.9154131964206256,0.0
rl,dqn | LDPC-DiscreteMI-v0,384,48,30,3.7251216718933877,0.0
rl,dqn | LDPC-DiscreteMI-v0,384,48,31,2.7123109058337938,0.0
rl,dqn | LDPC-DiscreteMI-v0,384,48,32,3.474627586007141,0.0
rl,dqn | LDPC-DiscreteMI-v0,384,48,33,3.247631607646666,0.0
rl,dqn | LDPC-DiscreteMI-v0,384,48,34,3.273463668015157,0.0
rl,dqn | LDPC-DiscreteMI-v0,384,48,35,3.451907233481356,0.0
rl,dqn | LDPC-DiscreteMI-v0,384,48,36,3.405606111260804,0.0
rl,dqn | LDPC-DiscreteMI-v0,384,48,37,2.724438229561849,0.0
rl,dqn | LDPC-DiscreteMI-v0,384,48,38,3.451907233481356,0.0
rl,dqn | LDPC-DiscreteMI-v0,384,48,39,3.420547480030548,0.0
rl,dqn | LDPC-DiscreteMI-v0,384,48,40,3.100547795631275,0.0
rl,dqn | LDPC-DiscreteMI-v0,384,48,41,3.451907233481356,0.0
rl,dqn | LDPC-DiscreteMI-v0,384,49,0,4.422382544201729,0.0
rl,dqn | LDPC-DiscreteMI-v0,384,49,1,4.495454725657839,0.0
rl,dqn | LDPC-DiscreteMI-v0,384,49,2,4.188496883782267,0.0
rl,dqn | LDPC-DiscreteMI-v0,384,49,3,4.33732041807605,0.0
rl,dqn | LDPC-DiscreteMI-v0,384,49,4,4.484448396353051,0.0
rl,dqn | LDPC-DiscreteMI-v0,384,49,5,4.564420912067882,0.0
rl,dqn | LDPC-DiscreteMI-v0,384,49,6,4.810689074156299,0.0
rl,dqn | LDPC-DiscreteMI-v0,384,49,7,4.480438663490418,0.0
rl,dqn | LDPC-DiscreteMI-v0,384,49,8,4.256078479898369,0.0
rl,dqn | LDPC-DiscreteMI-v0,384,49,9,4.237996309493003,0.0
rl,dqn | LDPC-DiscreteMI-v0,384,49,10,4.439444854277895,0.0
rl,dqn | LDPC-DiscreteMI-v0,384,49,11,4.498064788514997,0.0
rl,dqn | LDPC-DiscreteMI-v0,384,49,12,4.332868510062275,0.0
rl,dqn | LDPC-DiscreteMI-v0,384,49,13,4.256536417921963,0.0
rl,dqn | LDPC-DiscreteMI-v0,384,49,14,4.34614957566409,0.0
rl,dqn | LDPC-DiscreteMI-v0,384,49,15,4.46147925891832,0.0
rl,dqn | LDPC-DiscreteMI-v0,384,49,16,4.457960200073542,0.0
rl,dqn | LDPC-DiscreteMI-v0,384,49,17,4.466473957251738,0.0
rl,dqn | LDPC-DiscreteMI-v0,384,49,18,4.465050199186734,0.0
rl,dqn | LDPC-DiscreteMI-v0,384,49,19,4.255153574979312,0.0
rl,dqn | LDPC-DiscreteMI-v0,384,49,20,3.2360000370193167,0.0
rl,dqn | LDPC-DiscreteMI-v0,384,49,21,3.2222749574829836,0.0
rl,dqn | LDPC-DiscreteMI-v0,384,49,22,2.76139881037142,0.0
rl,dqn | LDPC-DiscreteMI-v0,384,49,23,3.442610033609416,0.0
rl,dqn | LDPC-DiscreteMI-v0,384,49,24,3.2811779540646975,0.0
rl,dqn | LDPC-DiscreteMI-v0,384,49,25,3.2032894583700107,0.0
rl,dqn | LDPC-DiscreteMI-v0,384,49,26,3.453815854254601,0.0
rl,dqn | LDPC-DiscreteMI-v0,384,49,27,3.0453447750374796,0.0
rl,dqn | LDPC-DiscreteMI-v0,384,49,28,3.292616220827218,0.0
rl,dqn | LDPC-DiscreteMI-v0,384,49,29,2.9154131964206256,0.0
rl,dqn | LDPC-DiscreteMI-v0,384,49,30,3.7251216718933877,0.0
rl,dqn | LDPC-DiscreteMI-v0,384,49,31,2.7123109058337938,0.0
rl,dqn | LDPC-DiscreteMI-v0,384,49,32,3.474627586007141,0.0
rl,dqn | LDPC-DiscreteMI-v0,384,49,33,3.247631607646666,0.0
rl,dqn | LDPC-DiscreteMI-v0,384,49,34,3.273463668015157,0.0
rl,dqn | LDPC-DiscreteMI-v0,384,49,35,3.451907233481356,0.0
rl,dqn | LDPC-DiscreteMI-v0,384,49,36,3.405606111260804,0.0
rl,dqn | LDPC-DiscreteMI-v0,384,49,37,2.724438229561849,0.0
rl,dqn | LDPC-DiscreteMI-v0,384,49,38,3.451907233481356,0.0
rl,dqn | LDPC-DiscreteMI-v0,384,49,39,3.420547480030548,0.0
rl,dqn | LDPC-DiscreteMI-v0,384,49,40,3.100547795631275,0.0
rl,dqn | LDPC-DiscreteMI-v0,384,49,41,3.451907233481356,0.0
rl,dqn | LDPC-DiscreteMI-v0,384,50,0,4.422382544201729,0.0
rl,dqn | LDPC-DiscreteMI-v0,384,50,1,4.495454725657839,0.0
rl,dqn | LDPC-DiscreteMI-v0,384,50,2,4.188496883782267,0.0
rl,dqn | LDPC-DiscreteMI-v0,384,50,3,4.33732041807605,0.0
rl,dqn | LDPC-DiscreteMI-v0,384,50,4,4.484448396353051,0.0
rl,dqn | LDPC-DiscreteMI-v0,384,50,5,4.564420912067882,0.0
rl,dqn | LDPC-DiscreteMI-v0,384,50,6,4.810689074156299,0.0
rl,dqn | LDPC-DiscreteMI-v0,384,50,7,4.480438663490418,0.0
rl,dqn | LDPC-DiscreteMI-v0,384,50,8,4.256078479898369,0.0
rl,dqn | LDPC-DiscreteMI-v0,384,50,9,4.237996309493003,0.0
rl,dqn | LDPC-DiscreteMI-v0,384,50,10,4.439444854277895,0.0
rl,dqn | LDPC-DiscreteMI-v0,384,50,11,4.498064788514997,0.0
rl,dqn | LDPC-DiscreteMI-v0,384,50,12,4.332868510062275,0.0
rl,dqn | LDPC-DiscreteMI-v0,384,50,13,4.256536417921963,0.0
rl,dqn | LDPC-DiscreteMI-v0,384,50,14,4.34614957566409,0.0
rl,dqn | LDPC-DiscreteMI-v0,384,50,15,4.46147925891832,0.0
rl,dqn | LDPC-DiscreteMI-v0,384,50,16,4.457960200073542,0.0
rl,dqn | LDPC-DiscreteMI-v0,384,50,17,4.466473957251738,0.0
rl,dqn | LDPC-DiscreteMI-v0,384,50,18,4.465050199186734,0.0
rl,dqn | LDPC-DiscreteMI-v0,384,50,19,4.255153574979312,0.0
rl,dqn | LDPC-DiscreteMI-v0,384,50,20,3.2360000370193167,0.0
rl,dqn | LDPC-DiscreteMI-v0,384,50,21,3.2222749574829836,0.0
rl,dqn | LDPC-DiscreteMI-v0,384,50,22,2.76139881037142,0.0
rl,dqn | LDPC-DiscreteMI-v0,384,50,23,3.442610033609416,0.0
rl,dqn | LDPC-DiscreteMI-v0,384,50,24,3.2811779540646975,0.0
rl,dqn | LDPC-DiscreteMI-v0,384,50,25,3.2032894583700107,0.0
rl,dqn | LDPC-DiscreteMI-v0,384,50,26,3.453815854254601,0.0
rl,dqn | LDPC-DiscreteMI-v0,384,50,27,3.0453447750374796,0.0
rl,dqn | LDPC-DiscreteMI-v0,384,50,28,3.292616220827218,0.0
rl,dqn | LDPC-DiscreteMI-v0,384,50,29,2.9154131964206256,0.0
rl,dqn | LDPC-DiscreteMI-v0,384,50,30,3.7251216718933877,0.0
rl,dqn | LDPC-DiscreteMI-v0,384,50,31,2.7123109058337938,0.0
rl,dqn | LDPC-DiscreteMI-v0,384,50,32,3.474627586007141,0.0
rl,dqn | LDPC-DiscreteMI-v0,384,50,33,3.247631607646666,0.0
rl,dqn | LDPC-DiscreteMI-v0,384,50,34,3.273463668015157,0.0
rl,dqn | LDPC-DiscreteMI-v0,384,50,35,3.451907233481356,0.0
rl,dqn | LDPC-DiscreteMI-v0,384,50,36,3.405606111260804,0.0
rl,dqn | LDPC-DiscreteMI-v0,384,50,37,2.724438229561849,0.0
rl,dqn | LDPC-DiscreteMI-v0,384,50,38,3.451907233481356,0.0
rl,dqn | LDPC-DiscreteMI-v0,384,50,39,3.420547480030548,0.0
rl,dqn | LDPC-DiscreteMI-v0,384,50,40,3.100547795631275,0.0
rl,dqn | LDPC-DiscreteMI-v0,384,50,41,3.451907233481356,0.0
rl,dqn | LDPC-DiscreteMI-v0,384,51,0,4.422382544201729,0.0
rl,dqn | LDPC-DiscreteMI-v0,384,51,1,4.495454725657839,0.0
rl,dqn | LDPC-DiscreteMI-v0,384,51,2,4.188496883782267,0.0
rl,dqn | LDPC-DiscreteMI-v0,384,51,3,4.33732041807605,0.0
rl,dqn | LDPC-DiscreteMI-v0,384,51,4,4.484448396353051,0.0
rl,dqn | LDPC-DiscreteMI-v0,384,51,5,4.564420912067882,0.0
rl,dqn | LDPC-DiscreteMI-v0,384,51,6,4.810689074156299,0.0
rl,dqn | LDPC-DiscreteMI-v0,384,51,7,4.480438663490418,0.0
rl,dqn | LDPC-DiscreteMI-v0,384,51,8,4.256078479898369,0.0
rl,dqn | LDPC-DiscreteMI-v0,384,51,9,4.237996309493003,0.0
rl,dqn | LDPC-DiscreteMI-v0,384,51,10,4.439444854277895,0.0
rl,dqn | LDPC-DiscreteMI-v0,384,51,11,4.498064788514997,0.0
rl,dqn | LDPC-DiscreteMI-v0,384,51,12,4.332868510062275,0.0
rl,dqn | LDPC-DiscreteMI-v0,384,51,13,4.256536417921963,0.0
rl,dqn | LDPC-DiscreteMI-v0,384,51,14,4.34614957566409,0.0
rl,dqn | LDPC-DiscreteMI-v0,384,51,15,4.46147925891832,0.0
rl,dqn | LDPC-DiscreteMI-v0,384,51,16,4.457960200073542,0.0
rl,dqn | LDPC-DiscreteMI-v0,384,51,17,4.466473957251738,0.0
rl,dqn | LDPC-DiscreteMI-v0,384,51,18,4.465050199186734,0.0
rl,dqn | LDPC-DiscreteMI-v0,384,51,19,4.255153574979312,0.0
rl,dqn | LDPC-DiscreteMI-v0,384,51,20,3.2360000370193167,0.0
rl,dqn | LDPC-DiscreteMI-v0,384,51,21,3.2222749574829836,0.0
rl,dqn | LDPC-DiscreteMI-v0,384,51,22,2.76139881037142,0.0
rl,dqn | LDPC-DiscreteMI-v0,384,51,23,3.442610033609416,0.0
rl,dqn | LDPC-DiscreteMI-v0,384,51,24,3.2811779540646975,0.0
rl,dqn | LDPC-DiscreteMI-v0,384,51,25,3.2032894583700107,0.0
rl,dqn | LDPC-DiscreteMI-v0,384,51,26,3.453815854254601,0.0
rl,dqn | LDPC-DiscreteMI-v0,384,51,27,3.0453447750374796,0.0
rl,dqn | LDPC-DiscreteMI-v0,384,51,28,3.292616220827218,0.0
rl,dqn | LDPC-DiscreteMI-v0,384,51,29,2.9154131964206256,0.0
rl,dqn | LDPC-DiscreteMI-v0,384,51,30,3.7251216718933877,0.0
rl,dqn | LDPC-DiscreteMI-v0,384,51,31,2.7123109058337938,0.0
rl,dqn | LDPC-DiscreteMI-v0,384,51,32,3.474627586007141,0.0
rl,dqn | LDPC-DiscreteMI-v0,384,51,33,3.247631607646666,0.0
rl,dqn | LDPC-DiscreteMI-v0,384,51,34,3.273463668015157,0.0
rl,dqn | LDPC-DiscreteMI-v0,384,51,35,3.451907233481356,0.0
rl,dqn | LDPC-DiscreteMI-v0,384,51,36,3.405606111260804,0.0
rl,dqn | LDPC-DiscreteMI-v0,384,51,37,2.724438229561849,0.0
rl,dqn | LDPC-DiscreteMI-v0,384,51,38,3.451907233481356,0.0
rl,dqn | LDPC-DiscreteMI-v0,384,51,39,3.420547480030548,0.0
rl,dqn | LDPC-DiscreteMI-v0,384,51,40,3.100547795631275,0.0
rl,dqn | LDPC-DiscreteMI-v0,384,51,41,3.451907233481356,0.0
rl,dqn | LDPC-DiscreteMI-v0,384,52,0,4.422382544201729,0.0
rl,dqn | LDPC-DiscreteMI-v0,384,52,1,4.495454725657839,0.0
rl,dqn | LDPC-DiscreteMI-v0,384,52,2,4.188496883782267,0.0
rl,dqn | LDPC-DiscreteMI-v0,384,52,3,4.33732041807605,0.0
rl,dqn | LDPC-DiscreteMI-v0,384,52,4,4.484448396353051,0.0
rl,dqn | LDPC-DiscreteMI-v0,384,52,5,4.564420912067882,0.0
rl,dqn | LDPC-DiscreteMI-v0,384,52,6,4.810689074156299,0.0
rl,dqn | LDPC-DiscreteMI-v0,384,52,7,4.480438663490418,0.0
rl,dqn | LDPC-DiscreteMI-v0,384,52,8,4.256078479898369,0.0
rl,dqn | LDPC-DiscreteMI-v0,384,52,9,4.237996309493003,0.0
rl,dqn | LDPC-DiscreteMI-v0,384,52,10,4.439444854277895,0.0
rl,dqn | LDPC-DiscreteMI-v0,384,52,11,4.498064788514997,0.0
rl,dqn | LDPC-DiscreteMI-v0,384,52,12,4.332868510062275,0.0
rl,dqn | LDPC-DiscreteMI-v0,384,52,13,4.256536417921963,0.0
rl,dqn | LDPC-DiscreteMI-v0,384,52,14,4.34614957566409,0.0
rl,dqn | LDPC-DiscreteMI-v0,384,52,15,4.46147925891832,0.0
rl,dqn | LDPC-DiscreteMI-v0,384,52,16,4.457960200073542,0.0
rl,dqn | LDPC-DiscreteMI-v0,384,52,17,4.466473957251738,0.0
rl,dqn | LDPC-DiscreteMI-v0,384,52,18,4.465050199186734,0.0
rl,dqn | LDPC-DiscreteMI-v0,384,52,19,4.255153574979312,0.0
rl,dqn | LDPC-DiscreteMI-v0,384,52,20,3.2360000370193167,0.0
rl,dqn | LDPC-DiscreteMI-v0,384,52,21,3.2222749574829836,0.0
rl,dqn | LDPC-DiscreteMI-v0,384,52,22,2.76139881037142,0.0
rl,dqn | LDPC-DiscreteMI-v0,384,52,23,3.442610033609416,0.0
rl,dqn | LDPC-DiscreteMI-v0,384,52,24,3.2811779540646975,0.0
rl,dqn | LDPC-DiscreteMI-v0,384,52,25,3.2032894583700107,0.0
rl,dqn | LDPC-DiscreteMI-v0,384,52,26,3.453815854254601,0.0
rl,dqn | LDPC-DiscreteMI-v0,384,52,27,3.0453447750374796,0.0
rl,dqn | LDPC-DiscreteMI-v0,384,52,28,3.292616220827218,0.0
rl,dqn | LDPC-DiscreteMI-v0,384,52,29,2.9154131964206256,0.0
rl,dqn | LDPC-DiscreteMI-v0,384,52,30,3.7251216718933877,0.0
rl,dqn | LDPC-DiscreteMI-v0,384,52,31,2.7123109058337938,0.0
rl,dqn | LDPC-DiscreteMI-v0,384,52,32,3.474627586007141,0.0
rl,dqn | LDPC-DiscreteMI-v0,384,52,33,3.247631607646666,0.0
rl,dqn | LDPC-DiscreteMI-v0,384,52,34,3.273463668015157,0.0
rl,dqn | LDPC-DiscreteMI-v0,384,52,35,3.451907233481356,0.0
rl,dqn | LDPC-DiscreteMI-v0,384,52,36,3.405606111260804,0.0
rl,dqn | LDPC-DiscreteMI-v0,384,52,37,2.724438229561849,0.0
rl,dqn | LDPC-DiscreteMI-v0,384,52,38,3.451907233481356,0.0
rl,dqn | LDPC-DiscreteMI-v0,384,52,39,3.420547480030548,0.0
rl,dqn | LDPC-DiscreteMI-v0,384,52,40,3.100547795631275,0.0
rl,dqn | LDPC-DiscreteMI-v0,384,52,41,3.451907233481356,0.0
rl,dqn | LDPC-DiscreteMI-v0,384,53,0,4.422382544201729,0.0
rl,dqn | LDPC-DiscreteMI-v0,384,53,1,4.495454725657839,0.0
rl,dqn | LDPC-DiscreteMI-v0,384,53,2,4.188496883782267,0.0
rl,dqn | LDPC-DiscreteMI-v0,384,53,3,4.33732041807605,0.0
rl,dqn | LDPC-DiscreteMI-v0,384,53,4,4.484448396353051,0.0
rl,dqn | LDPC-DiscreteMI-v0,384,53,5,4.564420912067882,0.0
rl,dqn | LDPC-DiscreteMI-v0,384,53,6,4.810689074156299,0.0
rl,dqn | LDPC-DiscreteMI-v0,384,53,7,4.480438663490418,0.0
rl,dqn | LDPC-DiscreteMI-v0,384,53,8,4.256078479898369,0.0
rl,dqn | LDPC-DiscreteMI-v0,384,53,9,4.237996309493003,0.0
rl,dqn | LDPC-DiscreteMI-v0,384,53,10,4.439444854277895,0.0
rl,dqn | LDPC-DiscreteMI-v0,384,53,11,4.498064788514997,0.0
rl,dqn | LDPC-DiscreteMI-v0,384,53,12,4.332868510062275,0.0
rl,dqn | LDPC-DiscreteMI-v0,384,53,13,4.256536417921963,0.0
rl,dqn | LDPC-DiscreteMI-v0,384,53,14,4.34614957566409,0.0
rl,dqn | LDPC-DiscreteMI-v0,384,53,15,4.46147925891832,0.0
rl,dqn | LDPC-DiscreteMI-v0,384,53,16,4.457960200073542,0.0
rl,dqn | LDPC-DiscreteMI-v0,384,53,17,4.466473957251738,0.0
rl,dqn | LDPC-DiscreteMI-v0,384,53,18,4.465050199186734,0.0
rl,dqn | LDPC-DiscreteMI-v0,384,53,19,4.255153574979312,0.0
rl,dqn | LDPC-DiscreteMI-v0,384,53,20,3.2360000370193167,0.0
rl,dqn | LDPC-DiscreteMI-v0,384,53,21,3.2222749574829836,0.0
rl,dqn | LDPC-DiscreteMI-v0,384,53,22,2.76139881037142,0.0
rl,dqn | LDPC-DiscreteMI-v0,384,53,23,3.442610033609416,0.0
rl,dqn | LDPC-DiscreteMI-v0,384,53,24,3.2811779540646975,0.0
rl,dqn | LDPC-DiscreteMI-v0,384,53,25,3.2032894583700107,0.0
rl,dqn | LDPC-DiscreteMI-v0,384,53,26,3.453815854254601,0.0
rl,dqn | LDPC-DiscreteMI-v0,384,53,27,3.0453447750374796,0.0
rl,dqn | LDPC-DiscreteMI-v0,384,53,28,3.292616220827218,0.0
rl,dqn | LDPC-DiscreteMI-v0,384,53,29,2.9154131964206256,0.0
rl,dqn | LDPC-DiscreteMI-v0,384,53,30,3.7251216718933877,0.0
rl,dqn | LDPC-DiscreteMI-v0,384,53,31,2.7123109058337938,0.0
rl,dqn | LDPC-DiscreteMI-v0,384,53,32,3.474627586007141,0.0
rl,dqn | LDPC-DiscreteMI-v0,384,53,33,3.247631607646666,0.0
rl,dqn | LDPC-DiscreteMI-v0,384,53,34,3.273463668015157,0.0
rl,dqn | LDPC-DiscreteMI-v0,384,53,35,3.451907233481356,0.0
rl,dqn | LDPC-DiscreteMI-v0,384,53,36,3.405606111260804,0.0
rl,dqn | LDPC-DiscreteMI-v0,384,53,37,2.724438229561849,0.0
rl,dqn | LDPC-DiscreteMI-v0,384,53,38,3.451907233481356,0.0
rl,dqn | LDPC-DiscreteMI-v0,384,53,39,3.420547480030548,0.0
rl,dqn | LDPC-DiscreteMI-v0,384,53,40,3.100547795631275,0.0
rl,dqn | LDPC-DiscreteMI-v0,384,53,41,3.451907233481356,0.0
rl,dqn | LDPC-DiscreteMI-v0,384,54,0,4.422382544201729,0.0
rl,dqn | LDPC-DiscreteMI-v0,384,54,1,4.495454725657839,0.0
rl,dqn | LDPC-DiscreteMI-v0,384,54,2,4.188496883782267,0.0
rl,dqn | LDPC-DiscreteMI-v0,384,54,3,4.33732041807605,0.0
rl,dqn | LDPC-DiscreteMI-v0,384,54,4,4.484448396353051,0.0
rl,dqn | LDPC-DiscreteMI-v0,384,54,5,4.564420912067882,0.0
rl,dqn | LDPC-DiscreteMI-v0,384,54,6,4.810689074156299,0.0
rl,dqn | LDPC-DiscreteMI-v0,384,54,7,4.480438663490418,0.0
rl,dqn | LDPC-DiscreteMI-v0,384,54,8,4.256078479898369,0.0
rl,dqn | LDPC-DiscreteMI-v0,384,54,9,4.237996309493003,0.0
rl,dqn | LDPC-DiscreteMI-v0,384,54,10,4.439444854277895,0.0
rl,dqn | LDPC-DiscreteMI-v0,384,54,11,4.498064788514997,0.0
rl,dqn | LDPC-DiscreteMI-v0,384,54,12,4.332868510062275,0.0
rl,dqn | LDPC-DiscreteMI-v0,384,54,13,4.256536417921963,0.0
rl,dqn | LDPC-DiscreteMI-v0,384,54,14,4.34614957566409,0.0
rl,dqn | LDPC-DiscreteMI-v0,384,54,15,4.46147925891832,0.0
rl,dqn | LDPC-DiscreteMI-v0,384,54,16,4.457960200073542,0.0
rl,dqn | LDPC-DiscreteMI-v0,384,54,17,4.466473957251738,0.0
rl,dqn | LDPC-DiscreteMI-v0,384,54,18,4.465050199186734,0.0
rl,dqn | LDPC-DiscreteMI-v0,384,54,19,4.255153574979312,0.0
rl,dqn | LDPC-DiscreteMI-v0,384,54,20,3.2360000370193167,0.0
rl,dqn | LDPC-DiscreteMI-v0,384,54,21,3.2222749574829836,0.0
rl,dqn | LDPC-DiscreteMI-v0,384,54,22,2.76139881037142,0.0
rl,dqn | LDPC-DiscreteMI-v0,384,54,23,3.442610033609416,0.0
rl,dqn | LDPC-DiscreteMI-v0,384,54,24,3.2811779540646975,0.0
rl,dqn | LDPC-DiscreteMI-v0,384,54,25,3.2032894583700107,0.0
rl,dqn | LDPC-DiscreteMI-v0,384,54,26,3.453815854254601,0.0
rl,dqn | LDPC-DiscreteMI-v0,384,54,27,3.0453447750374796,0.0
rl,dqn | LDPC-DiscreteMI-v0,384,54,28,3.292616220827218,0.0
rl,dqn | LDPC-DiscreteMI-v0,384,54,29,2.9154131964206256,0.0
rl,dqn | LDPC-DiscreteMI-v0,384,54,30,3.7251216718933877,0.0
rl,dqn | LDPC-DiscreteMI-v0,384,54,31,2.7123109058337938,0.0
rl,dqn | LDPC-DiscreteMI-v0,384,54,32,3.474627586007141,0.0
rl,dqn | LDPC-DiscreteMI-v0,384,54,33,3.247631607646666,0.0
rl,dqn | LDPC-DiscreteMI-v0,384,54,34,3.273463668015157,0.0
rl,dqn | LDPC-DiscreteMI-v0,384,54,35,3.451907233481356,0.0
rl,dqn | LDPC-DiscreteMI-v0,384,54,36,3.405606111260804,0.0
rl,dqn | LDPC-DiscreteMI-v0,384,54,37,2.724438229561849,0.0
rl,dqn | LDPC-DiscreteMI-v0,384,54,38,3.451907233481356,0.0
rl,dqn | LDPC-DiscreteMI-v0,384,54,39,3.420547480030548,0.0
rl,dqn | LDPC-DiscreteMI-v0,384,54,40,3.100547795631275,0.0
rl,dqn | LDPC-DiscreteMI-v0,384,54,41,3.451907233481356,0.0
rl,dqn | LDPC-DiscreteMI-v0,384,55,0,4.422382544201729,0.0
rl,dqn | LDPC-DiscreteMI-v0,384,55,1,4.495454725657839,0.0
rl,dqn | LDPC-DiscreteMI-v0,384,55,2,4.188496883782267,0.0
rl,dqn | LDPC-DiscreteMI-v0,384,55,3,4.33732041807605,0.0
rl,dqn | LDPC-DiscreteMI-v0,384,55,4,4.484448396353051,0.0
rl,dqn | LDPC-DiscreteMI-v0,384,55,5,4.564420912067882,0.0
rl,dqn | LDPC-DiscreteMI-v0,384,55,6,4.810689074156299,0.0
rl,dqn | LDPC-DiscreteMI-v0,384,55,7,4.480438663490418,0.0
rl,dqn | LDPC-DiscreteMI-v0,384,55,8,4.256078479898369,0.0
rl,dqn | LDPC-DiscreteMI-v0,384,55,9,4.237996309493003,0.0
rl,dqn | LDPC-DiscreteMI-v0,384,55,10,4.439444854277895,0.0
rl,dqn | LDPC-DiscreteMI-v0,384,55,11,4.498064788514997,0.0
rl,dqn | LDPC-DiscreteMI-v0,384,55,12,4.332868510062275,0.0
rl,dqn | LDPC-DiscreteMI-v0,384,55,13,4.256536417921963,0.0
rl,dqn | LDPC-DiscreteMI-v0,384,55,14,4.34614957566409,0.0
rl,dqn | LDPC-DiscreteMI-v0,384,55,15,4.46147925891832,0.0
rl,dqn | LDPC-DiscreteMI-v0,384,55,16,4.457960200073542,0.0
rl,dqn | LDPC-DiscreteMI-v0,384,55,17,4.466473957251738,0.0
rl,dqn | LDPC-DiscreteMI-v0,384,55,18,4.465050199186734,0.0
rl,dqn | LDPC-DiscreteMI-v0,384,55,19,4.255153574979312,0.0
rl,dqn | LDPC-DiscreteMI-v0,384,55,20,3.2360000370193167,0.0
rl,dqn | LDPC-DiscreteMI-v0,384,55,21,3.2222749574829836,0.0
rl,dqn | LDPC-DiscreteMI-v0,384,55,22,2.76139881037142,0.0
rl,dqn | LDPC-DiscreteMI-v0,384,55,23,3.442610033609416,0.0
rl,dqn | LDPC-DiscreteMI-v0,384,55,24,3.2811779540646975,0.0
rl,dqn | LDPC-DiscreteMI-v0,384,55,25,3.2032894583700107,0.0
rl,dqn | LDPC-DiscreteMI-v0,384,55,26,3.453815854254601,0.0
rl,dqn | LDPC-DiscreteMI-v0,384,55,27,3.0453447750374796,0.0
rl,dqn | LDPC-DiscreteMI-v0,384,55,28,3.292616220827218,0.0
rl,dqn | LDPC-DiscreteMI-v0,384,55,29,2.9154131964206256,0.0
rl,dqn | LDPC-DiscreteMI-v0,384,55,30,3.7251216718933877,0.0
rl,dqn | LDPC-DiscreteMI-v0,384,55,31,2.7123109058337938,0.0
rl,dqn | LDPC-DiscreteMI-v0,384,55,32,3.474627586007141,0.0
rl,dqn | LDPC-DiscreteMI-v0,384,55,33,3.247631607646666,0.0
rl,dqn | LDPC-DiscreteMI-v0,384,55,34,3.273463668015157,0.0
rl,dqn | LDPC-DiscreteMI-v0,384,55,35,3.451907233481356,0.0
rl,dqn | LDPC-DiscreteMI-v0,384,55,36,3.405606111260804,0.0
rl,dqn | LDPC-DiscreteMI-v0,384,55,37,2.724438229561849,0.0
rl,dqn | LDPC-DiscreteMI-v0,384,55,38,3.451907233481356,0.0
rl,dqn | LDPC-DiscreteMI-v0,384,55,39,3.420547480030548,0.0
rl,dqn | LDPC-DiscreteMI-v0,384,55,40,3.100547795631275,0.0
rl,dqn | LDPC-DiscreteMI-v0,384,55,41,3.451907233481356,0.0
rl,dqn | LDPC-DiscreteMI-v0,384,56,0,4.422382544201729,0.0
rl,dqn | LDPC-DiscreteMI-v0,384,56,1,4.495454725657839,0.0
rl,dqn | LDPC-DiscreteMI-v0,384,56,2,4.188496883782267,0.0
rl,dqn | LDPC-DiscreteMI-v0,384,56,3,4.33732041807605,0.0
rl,dqn | LDPC-DiscreteMI-v0,384,56,4,4.484448396353051,0.0
rl,dqn | LDPC-DiscreteMI-v0,384,56,5,4.564420912067882,0.0
rl,dqn | LDPC-DiscreteMI-v0,384,56,6,4.810689074156299,0.0
rl,dqn | LDPC-DiscreteMI-v0,384,56,7,4.480438663490418,0.0
rl,dqn | LDPC-DiscreteMI-v0,384,56,8,4.256078479898369,0.0
rl,dqn | LDPC-DiscreteMI-v0,384,56,9,4.237996309493003,0.0
rl,dqn | LDPC-DiscreteMI-v0,384,56,10,4.439444854277895,0.0
rl,dqn | LDPC-DiscreteMI-v0,384,56,11,4.498064788514997,0.0
rl,dqn | LDPC-DiscreteMI-v0,384,56,12,4.332868510062275,0.0
rl,dqn | LDPC-DiscreteMI-v0,384,56,13,4.256536417921963,0.0
rl,dqn | LDPC-DiscreteMI-v0,384,56,14,4.34614957566409,0.0
rl,dqn | LDPC-DiscreteMI-v0,384,56,15,4.46147925891832,0.0
rl,dqn | LDPC-DiscreteMI-v0,384,56,16,4.457960200073542,0.0
rl,dqn | LDPC-DiscreteMI-v0,384,56,17,4.466473957251738,0.0
rl,dqn | LDPC-DiscreteMI-v0,384,56,18,4.465050199186734,0.0
rl,dqn | LDPC-DiscreteMI-v0,384,56,19,4.255153574979312,0.0
rl,dqn | LDPC-DiscreteMI-v0,384,56,20,3.2360000370193167,0.0
rl,dqn | LDPC-DiscreteMI-v0,384,56,21,3.2222749574829836,0.0
rl,dqn | LDPC-DiscreteMI-v0,384,56,22,2.76139881037142,0.0
rl,dqn | LDPC-DiscreteMI-v0,384,56,23,3.442610033609416,0.0
rl,dqn | LDPC-DiscreteMI-v0,384,56,24,3.2811779540646975,0.0
rl,dqn | LDPC-DiscreteMI-v0,384,56,25,3.2032894583700107,0.0
rl,dqn | LDPC-DiscreteMI-v0,384,56,26,3.453815854254601,0.0
rl,dqn | LDPC-DiscreteMI-v0,384,56,27,3.0453447750374796,0.0
rl,dqn | LDPC-DiscreteMI-v0,384,56,28,3.292616220827218,0.0
rl,dqn | LDPC-DiscreteMI-v0,384,56,29,2.9154131964206256,0.0
rl,dqn | LDPC-DiscreteMI-v0,384,56,30,3.7251216718933877,0.0
rl,dqn | LDPC-DiscreteMI-v0,384,56,31,2.7123109058337938,0.0
rl,dqn | LDPC-DiscreteMI-v0,384,56,32,3.474627586007141,0.0
rl,dqn | LDPC-DiscreteMI-v0,384,56,33,3.247631607646666,0.0
rl,dqn | LDPC-DiscreteMI-v0,384,56,34,3.273463668015157,0.0
rl,dqn | LDPC-DiscreteMI-v0,384,56,35,3.451907233481356,0.0
rl,dqn | LDPC-DiscreteMI-v0,384,56,36,3.405606111260804,0.0
rl,dqn | LDPC-DiscreteMI-v0,384,56,37,2.724438229561849,0.0
rl,dqn | LDPC-DiscreteMI-v0,384,56,38,3.451907233481356,0.0
rl,dqn | LDPC-DiscreteMI-v0,384,56,39,3.420547480030548,0.0
rl,dqn | LDPC-DiscreteMI-v0,384,56,40,3.100547795631275,0.0
rl,dqn | LDPC-DiscreteMI-v0,384,56,41,3.451907233481356,0.0
rl,dqn | LDPC-DiscreteMI-v0,384,57,0,4.422382544201729,0.0
rl,dqn | LDPC-DiscreteMI-v0,384,57,1,4.495454725657839,0.0
rl,dqn | LDPC-DiscreteMI-v0,384,57,2,4.188496883782267,0.0
rl,dqn | LDPC-DiscreteMI-v0,384,57,3,4.33732041807605,0.0
rl,dqn | LDPC-DiscreteMI-v0,384,57,4,4.484448396353051,0.0
rl,dqn | LDPC-DiscreteMI-v0,384,57,5,4.564420912067882,0.0
rl,dqn | LDPC-DiscreteMI-v0,384,57,6,4.810689074156299,0.0
rl,dqn | LDPC-DiscreteMI-v0,384,57,7,4.480438663490418,0.0
rl,dqn | LDPC-DiscreteMI-v0,384,57,8,4.256078479898369,0.0
rl,dqn | LDPC-DiscreteMI-v0,384,57,9,4.237996309493003,0.0
rl,dqn | LDPC-DiscreteMI-v0,384,57,10,4.439444854277895,0.0
rl,dqn | LDPC-DiscreteMI-v0,384,57,11,4.498064788514997,0.0
rl,dqn | LDPC-DiscreteMI-v0,384,57,12,4.332868510062275,0.0
rl,dqn | LDPC-DiscreteMI-v0,384,57,13,4.256536417921963,0.0
rl,dqn | LDPC-DiscreteMI-v0,384,57,14,4.34614957566409,0.0
rl,dqn | LDPC-DiscreteMI-v0,384,57,15,4.46147925891832,0.0
rl,dqn | LDPC-DiscreteMI-v0,384,57,16,4.457960200073542,0.0
rl,dqn | LDPC-DiscreteMI-v0,384,57,17,4.466473957251738,0.0
rl,dqn | LDPC-DiscreteMI-v0,384,57,18,4.465050199186734,0.0
rl,dqn | LDPC-DiscreteMI-v0,384,57,19,4.255153574979312,0.0
rl,dqn | LDPC-DiscreteMI-v0,384,57,20,3.2360000370193167,0.0
rl,dqn | LDPC-DiscreteMI-v0,384,57,21,3.2222749574829836,0.0
rl,dqn | LDPC-DiscreteMI-v0,384,57,22,2.76139881037142,0.0
rl,dqn | LDPC-DiscreteMI-v0,384,57,23,3.442610033609416,0.0
rl,dqn | LDPC-DiscreteMI-v0,384,57,24,3.2811779540646975,0.0
rl,dqn | LDPC-DiscreteMI-v0,384,57,25,3.2032894583700107,0.0
rl,dqn | LDPC-DiscreteMI-v0,384,57,26,3.453815854254601,0.0
rl,dqn | LDPC-DiscreteMI-v0,384,57,27,3.0453447750374796,0.0
rl,dqn | LDPC-DiscreteMI-v0,384,57,28,3.292616220827218,0.0
rl,dqn | LDPC-DiscreteMI-v0,384,57,29,2.9154131964206256,0.0
rl,dqn | LDPC-DiscreteMI-v0,384,57,30,3.7251216718933877,0.0
rl,dqn | LDPC-DiscreteMI-v0,384,57,31,2.7123109058337938,0.0
rl,dqn | LDPC-DiscreteMI-v0,384,57,32,3.474627586007141,0.0
rl,dqn | LDPC-DiscreteMI-v0,384,57,33,3.247631607646666,0.0
rl,dqn | LDPC-DiscreteMI-v0,384,57,34,3.273463668015157,0.0
rl,dqn | LDPC-DiscreteMI-v0,384,57,35,3.451907233481356,0.0
rl,dqn | LDPC-DiscreteMI-v0,384,57,36,3.405606111260804,0.0
rl,dqn | LDPC-DiscreteMI-v0,384,57,37,2.724438229561849,0.0
rl,dqn | LDPC-DiscreteMI-v0,384,57,38,3.451907233481356,0.0
rl,dqn | LDPC-DiscreteMI-v0,384,57,39,3.420547480030548,0.0
rl,dqn | LDPC-DiscreteMI-v0,384,57,40,3.100547795631275,0.0
rl,dqn | LDPC-DiscreteMI-v0,384,57,41,3.451907233481356,0.0
rl,dqn | LDPC-DiscreteMI-v0,384,58,0,4.422382544201729,0.0
rl,dqn | LDPC-DiscreteMI-v0,384,58,1,4.495454725657839,0.0
rl,dqn | LDPC-DiscreteMI-v0,384,58,2,4.188496883782267,0.0
rl,dqn | LDPC-DiscreteMI-v0,384,58,3,4.33732041807605,0.0
rl,dqn | LDPC-DiscreteMI-v0,384,58,4,4.484448396353051,0.0
rl,dqn | LDPC-DiscreteMI-v0,384,58,5,4.564420912067882,0.0
rl,dqn | LDPC-DiscreteMI-v0,384,58,6,4.810689074156299,0.0
rl,dqn | LDPC-DiscreteMI-v0,384,58,7,4.480438663490418,0.0
rl,dqn | LDPC-DiscreteMI-v0,384,58,8,4.256078479898369,0.0
rl,dqn | LDPC-DiscreteMI-v0,384,58,9,4.237996309493003,0.0
rl,dqn | LDPC-DiscreteMI-v0,384,58,10,4.439444854277895,0.0
rl,dqn | LDPC-DiscreteMI-v0,384,58,11,4.498064788514997,0.0
rl,dqn | LDPC-DiscreteMI-v0,384,58,12,4.332868510062275,0.0
rl,dqn | LDPC-DiscreteMI-v0,384,58,13,4.256536417921963,0.0
rl,dqn | LDPC-DiscreteMI-v0,384,58,14,4.34614957566409,0.0
rl,dqn | LDPC-DiscreteMI-v0,384,58,15,4.46147925891832,0.0
rl,dqn | LDPC-DiscreteMI-v0,384,58,16,4.457960200073542,0.0
rl,dqn | LDPC-DiscreteMI-v0,384,58,17,4.466473957251738,0.0
rl,dqn | LDPC-DiscreteMI-v0,384,58,18,4.465050199186734,0.0
rl,dqn | LDPC-DiscreteMI-v0,384,58,19,4.255153574979312,0.0
rl,dqn | LDPC-DiscreteMI-v0,384,58,20,3.2360000370193167,0.0
rl,dqn | LDPC-DiscreteMI-v0,384,58,21,3.2222749574829836,0.0
rl,dqn | LDPC-DiscreteMI-v0,384,58,22,2.76139881037142,0.0
rl,dqn | LDPC-DiscreteMI-v0,384,58,23,3.442610033609416,0.0
rl,dqn | LDPC-DiscreteMI-v0,384,58,24,3.2811779540646975,0.0
rl,dqn | LDPC-DiscreteMI-v0,384,58,25,3.2032894583700107,0.0
rl,dqn | LDPC-DiscreteMI-v0,384,58,26,3.453815854254601,0.0
rl,dqn | LDPC-DiscreteMI-v0,384,58,27,3.0453447750374796,0.0
rl,dqn | LDPC-DiscreteMI-v0,384,58,28,3.292616220827218,0.0
rl,dqn | LDPC-DiscreteMI-v0,384,58,29,2.9154131964206256,0.0
rl,dqn | LDPC-DiscreteMI-v0,384,58,30,3.7251216718933877,0.0
rl,dqn | LDPC-DiscreteMI-v0,384,58,31,2.7123109058337938,0.0
rl,dqn | LDPC-DiscreteMI-v0,384,58,32,3.474627586007141,0.0
rl,dqn | LDPC-DiscreteMI-v0,384,58,33,3.247631607646666,0.0
rl,dqn | LDPC-DiscreteMI-v0,384,58,34,3.273463668015157,0.0
rl,dqn | LDPC-DiscreteMI-v0,384,58,35,3.451907233481356,0.0
rl,dqn | LDPC-DiscreteMI-v0,384,58,36,3.405606111260804,0.0
rl,dqn | LDPC-DiscreteMI-v0,384,58,37,2.724438229561849,0.0
rl,dqn | LDPC-DiscreteMI-v0,384,58,38,3.451907233481356,0.0
rl,dqn | LDPC-DiscreteMI-v0,384,58,39,3.420547480030548,0.0
rl,dqn | LDPC-DiscreteMI-v0,384,58,40,3.100547795631275,0.0
rl,dqn | LDPC-DiscreteMI-v0,384,58,41,3.451907233481356,0.0
rl,dqn | LDPC-DiscreteMI-v0,384,59,0,4.422382544201729,0.0
rl,dqn | LDPC-DiscreteMI-v0,384,59,1,4.495454725657839,0.0
rl,dqn | LDPC-DiscreteMI-v0,384,59,2,4.188496883782267,0.0
rl,dqn | LDPC-DiscreteMI-v0,384,59,3,4.33732041807605,0.0
rl,dqn | LDPC-DiscreteMI-v0,384,59,4,4.484448396353051,0.0
rl,dqn | LDPC-DiscreteMI-v0,384,59,5,4.564420912067882,0.0
rl,dqn | LDPC-DiscreteMI-v0,384,59,6,4.810689074156299,0.0
rl,dqn | LDPC-DiscreteMI-v0,384,59,7,4.480438663490418,0.0
rl,dqn | LDPC-DiscreteMI-v0,384,59,8,4.256078479898369,0.0
rl,dqn | LDPC-DiscreteMI-v0,384,59,9,4.237996309493003,0.0
rl,dqn | LDPC-DiscreteMI-v0,384,59,10,4.439444854277895,0.0
rl,dqn | LDPC-DiscreteMI-v0,384,59,11,4.498064788514997,0.0
rl,dqn | LDPC-DiscreteMI-v0,384,59,12,4.332868510062275,0.0
rl,dqn | LDPC-DiscreteMI-v0,384,59,13,4.256536417921963,0.0
rl,dqn | LDPC-DiscreteMI-v0,384,59,14,4.34614957566409,0.0
rl,dqn | LDPC-DiscreteMI-v0,384,59,15,4.46147925891832,0.0
rl,dqn | LDPC-DiscreteMI-v0,384,59,16,4.457960200073542,0.0
rl,dqn | LDPC-DiscreteMI-v0,384,59,17,4.466473957251738,0.0
rl,dqn | LDPC-DiscreteMI-v0,384,59,18,4.465050199186734,0.0
rl,dqn | LDPC-DiscreteMI-v0,384,59,19,4.255153574979312,0.0
rl,dqn | LDPC-DiscreteMI-v0,384,59,20,3.2360000370193167,0.0
rl,dqn | LDPC-DiscreteMI-v0,384,59,21,3.2222749574829836,0.0
rl,dqn | LDPC-DiscreteMI-v0,384,59,22,2.76139881037142,0.0
rl,dqn | LDPC-DiscreteMI-v0,384,59,23,3.442610033609416,0.0
rl,dqn | LDPC-DiscreteMI-v0,384,59,24,3.2811779540646975,0.0
rl,dqn | LDPC-DiscreteMI-v0,384,59,25,3.2032894583700107,0.0
rl,dqn | LDPC-DiscreteMI-v0,384,59,26,3.453815854254601,0.0
rl,dqn | LDPC-DiscreteMI-v0,384,59,27,3.0453447750374796,0.0
rl,dqn | LDPC-DiscreteMI-v0,384,59,28,3.292616220827218,0.0
rl,dqn | LDPC-DiscreteMI-v0,384,59,29,2.9154131964206256,0.0
rl,dqn | LDPC-DiscreteMI-v0,384,59,30,3.7251216718933877,0.0
rl,dqn | LDPC-DiscreteMI-v0,384,59,31,2.7123109058337938,0.0
rl,dqn | LDPC-DiscreteMI-v0,384,59,32,3.474627586007141,0.0
rl,dqn | LDPC-DiscreteMI-v0,384,59,33,3.247631607646666,0.0
rl,dqn | LDPC-DiscreteMI-v0,384,59,34,3.273463668015157,0.0
rl,dqn | LDPC-DiscreteMI-v0,384,59,35,3.451907233481356,0.0
rl,dqn | LDPC-DiscreteMI-v0,384,59,36,3.405606111260804,0.0
rl,dqn | LDPC-DiscreteMI-v0,384,59,37,2.724438229561849,0.0
rl,dqn | LDPC-DiscreteMI-v0,384,59,38,3.451907233481356,0.0
rl,dqn | LDPC-DiscreteMI-v0,384,59,39,3.420547480030548,0.0
rl,dqn | LDPC-DiscreteMI-v0,384,59,40,3.100547795631275,0.0
rl,dqn | LDPC-DiscreteMI-v0,384,59,41,3.451907233481356,0.0
rl,dqn | LDPC-DiscreteMI-v0,384,60,0,4.422382544201729,0.0
rl,dqn | LDPC-DiscreteMI-v0,384,60,1,4.495454725657839,0.0
rl,dqn | LDPC-DiscreteMI-v0,384,60,2,4.188496883782267,0.0
rl,dqn | LDPC-DiscreteMI-v0,384,60,3,4.33732041807605,0.0
rl,dqn | LDPC-DiscreteMI-v0,384,60,4,4.484448396353051,0.0
rl,dqn | LDPC-DiscreteMI-v0,384,60,5,4.564420912067882,0.0
rl,dqn | LDPC-DiscreteMI-v0,384,60,6,4.810689074156299,0.0
rl,dqn | LDPC-DiscreteMI-v0,384,60,7,4.480438663490418,0.0
rl,dqn | LDPC-DiscreteMI-v0,384,60,8,4.256078479898369,0.0
rl,dqn | LDPC-DiscreteMI-v0,384,60,9,4.237996309493003,0.0
rl,dqn | LDPC-DiscreteMI-v0,384,60,10,4.439444854277895,0.0
rl,dqn | LDPC-DiscreteMI-v0,384,60,11,4.498064788514997,0.0
rl,dqn | LDPC-DiscreteMI-v0,384,60,12,4.332868510062275,0.0
rl,dqn | LDPC-DiscreteMI-v0,384,60,13,4.256536417921963,0.0
rl,dqn | LDPC-DiscreteMI-v0,384,60,14,4.34614957566409,0.0
rl,dqn | LDPC-DiscreteMI-v0,384,60,15,4.46147925891832,0.0
rl,dqn | LDPC-DiscreteMI-v0,384,60,16,4.457960200073542,0.0
rl,dqn | LDPC-DiscreteMI-v0,384,60,17,4.466473957251738,0.0
rl,dqn | LDPC-DiscreteMI-v0,384,60,18,4.465050199186734,0.0
rl,dqn | LDPC-DiscreteMI-v0,384,60,19,4.255153574979312,0.0
rl,dqn | LDPC-DiscreteMI-v0,384,60,20,3.2360000370193167,0.0
rl,dqn | LDPC-DiscreteMI-v0,384,60,21,3.2222749574829836,0.0
rl,dqn | LDPC-DiscreteMI-v0,384,60,22,2.76139881037142,0.0
rl,dqn | LDPC-DiscreteMI-v0,384,60,23,3.442610033609416,0.0
rl,dqn | LDPC-DiscreteMI-v0,384,60,24,3.2811779540646975,0.0
rl,dqn | LDPC-DiscreteMI-v0,384,60,25,3.2032894583700107,0.0
rl,dqn | LDPC-DiscreteMI-v0,384,60,26,3.453815854254601,0.0
rl,dqn | LDPC-DiscreteMI-v0,384,60,27,3.0453447750374796,0.0
rl,dqn | LDPC-DiscreteMI-v0,384,60,28,3.292616220827218,0.0
rl,dqn | LDPC-DiscreteMI-v0,384,60,29,2.9154131964206256,0.0
rl,dqn | LDPC-DiscreteMI-v0,384,60,30,3.7251216718933877,0.0
rl,dqn | LDPC-DiscreteMI-v0,384,60,31,2.7123109058337938,0.0
rl,dqn | LDPC-DiscreteMI-v0,384,60,32,3.474627586007141,0.0
rl,dqn | LDPC-DiscreteMI-v0,384,60,33,3.247631607646666,0.0
rl,dqn | LDPC-DiscreteMI-v0,384,60,34,3.273463668015157,0.0
rl,dqn | LDPC-DiscreteMI-v0,384,60,35,3.451907233481356,0.0
rl,dqn | LDPC-DiscreteMI-v0,384,60,36,3.405606111260804,0.0
rl,dqn | LDPC-DiscreteMI-v0,384,60,37,2.724438229561849,0.0
rl,dqn | LDPC-DiscreteMI-v0,384,60,38,3.451907233481356,0.0
rl,dqn | LDPC-DiscreteMI-v0,384,60,39,3.420547480030548,0.0
rl,dqn | LDPC-DiscreteMI-v0,384,60,40,3.100547795631275,0.0
rl,dqn | LDPC-DiscreteMI-v0,384,60,41,3.451907233481356,0.0
rl,dqn | LDPC-DiscreteMI-v0,384,61,0,4.422382544201729,0.0
rl,dqn | LDPC-DiscreteMI-v0,384,61,1,4.495454725657839,0.0
rl,dqn | LDPC-DiscreteMI-v0,384,61,2,4.188496883782267,0.0
rl,dqn | LDPC-DiscreteMI-v0,384,61,3,4.33732041807605,0.0
rl,dqn | LDPC-DiscreteMI-v0,384,61,4,4.484448396353051,0.0
rl,dqn | LDPC-DiscreteMI-v0,384,61,5,4.564420912067882,0.0
rl,dqn | LDPC-DiscreteMI-v0,384,61,6,4.810689074156299,0.0
rl,dqn | LDPC-DiscreteMI-v0,384,61,7,4.480438663490418,0.0
rl,dqn | LDPC-DiscreteMI-v0,384,61,8,4.256078479898369,0.0
rl,dqn | LDPC-DiscreteMI-v0,384,61,9,4.237996309493003,0.0
rl,dqn | LDPC-DiscreteMI-v0,384,61,10,4.439444854277895,0.0
rl,dqn | LDPC-DiscreteMI-v0,384,61,11,4.498064788514997,0.0
rl,dqn | LDPC-DiscreteMI-v0,384,61,12,4.332868510062275,0.0
rl,dqn | LDPC-DiscreteMI-v0,384,61,13,4.256536417921963,0.0
rl,dqn | LDPC-DiscreteMI-v0,384,61,14,4.34614957566409,0.0
rl,dqn | LDPC-DiscreteMI-v0,384,61,15,4.46147925891832,0.0
rl,dqn | LDPC-DiscreteMI-v0,384,61,16,4.457960200073542,0.0
rl,dqn | LDPC-DiscreteMI-v0,384,61,17,4.466473957251738,0.0
rl,dqn | LDPC-DiscreteMI-v0,384,61,18,4.465050199186734,0.0
rl,dqn | LDPC-DiscreteMI-v0,384,61,19,4.255153574979312,0.0
rl,dqn | LDPC-DiscreteMI-v0,384,61,20,3.2360000370193167,0.0
rl,dqn | LDPC-DiscreteMI-v0,384,61,21,3.2222749574829836,0.0
rl,dqn | LDPC-DiscreteMI-v0,384,61,22,2.76139881037142,0.0
rl,dqn | LDPC-DiscreteMI-v0,384,61,23,3.442610033609416,0.0
rl,dqn | LDPC-DiscreteMI-v0,384,61,24,3.2811779540646975,0.0
rl,dqn | LDPC-DiscreteMI-v0,384,61,25,3.2032894583700107,0.0
rl,dqn | LDPC-DiscreteMI-v0,384,61,26,3.453815854254601,0.0
rl,dqn | LDPC-DiscreteMI-v0,384,61,27,3.0453447750374796,0.0
rl,dqn | LDPC-DiscreteMI-v0,384,61,28,3.292616220827218,0.0
rl,dqn | LDPC-DiscreteMI-v0,384,61,29,2.9154131964206256,0.0
rl,dqn | LDPC-DiscreteMI-v0,384,61,30,3.7251216718933877,0.0
rl,dqn | LDPC-DiscreteMI-v0,384,61,31,2.7123109058337938,0.0
rl,dqn | LDPC-DiscreteMI-v0,384,61,32,3.474627586007141,0.0
rl,dqn | LDPC-DiscreteMI-v0,384,61,33,3.247631607646666,0.0
rl,dqn | LDPC-DiscreteMI-v0,384,61,34,3.273463668015157,0.0
rl,dqn | LDPC-DiscreteMI-v0,384,61,35,3.451907233481356,0.0
rl,dqn | LDPC-DiscreteMI-v0,384,61,36,3.405606111260804,0.0
rl,dqn | LDPC-DiscreteMI-v0,384,61,37,2.724438229561849,0.0
rl,dqn | LDPC-DiscreteMI-v0,384,61,38,3.451907233481356,0.0
rl,dqn | LDPC-DiscreteMI-v0,384,61,39,3.420547480030548,0.0
rl,dqn | LDPC-DiscreteMI-v0,384,61,40,3.100547795631275,0.0
rl,dqn | LDPC-DiscreteMI-v0,384,61,41,3.451907233481356,0.0
rl,dqn | LDPC-DiscreteMI-v0,384,62,0,4.422382544201729,0.0
rl,dqn | LDPC-DiscreteMI-v0,384,62,1,4.495454725657839,0.0
rl,dqn | LDPC-DiscreteMI-v0,384,62,2,4.188496883782267,0.0
rl,dqn | LDPC-DiscreteMI-v0,384,62,3,4.33732041807605,0.0
rl,dqn | LDPC-DiscreteMI-v0,384,62,4,4.484448396353051,0.0
rl,dqn | LDPC-DiscreteMI-v0,384,62,5,4.564420912067882,0.0
rl,dqn | LDPC-DiscreteMI-v0,384,62,6,4.810689074156299,0.0
rl,dqn | LDPC-DiscreteMI-v0,384,62,7,4.480438663490418,0.0
rl,dqn | LDPC-DiscreteMI-v0,384,62,8,4.256078479898369,0.0
rl,dqn | LDPC-DiscreteMI-v0,384,62,9,4.237996309493003,0.0
rl,dqn | LDPC-DiscreteMI-v0,384,62,10,4.439444854277895,0.0
rl,dqn | LDPC-DiscreteMI-v0,384,62,11,4.498064788514997,0.0
rl,dqn | LDPC-DiscreteMI-v0,384,62,12,4.332868510062275,0.0
rl,dqn | LDPC-DiscreteMI-v0,384,62,13,4.256536417921963,0.0
rl,dqn | LDPC-DiscreteMI-v0,384,62,14,4.34614957566409,0.0
rl,dqn | LDPC-DiscreteMI-v0,384,62,15,4.46147925891832,0.0
rl,dqn | LDPC-DiscreteMI-v0,384,62,16,4.457960200073542,0.0
rl,dqn | LDPC-DiscreteMI-v0,384,62,17,4.466473957251738,0.0
rl,dqn | LDPC-DiscreteMI-v0,384,62,18,4.465050199186734,0.0
rl,dqn | LDPC-DiscreteMI-v0,384,62,19,4.255153574979312,0.0
rl,dqn | LDPC-DiscreteMI-v0,384,62,20,3.2360000370193167,0.0
rl,dqn | LDPC-DiscreteMI-v0,384,62,21,3.2222749574829836,0.0
rl,dqn | LDPC-DiscreteMI-v0,384,62,22,2.76139881037142,0.0
rl,dqn | LDPC-DiscreteMI-v0,384,62,23,3.442610033609416,0.0
rl,dqn | LDPC-DiscreteMI-v0,384,62,24,3.2811779540646975,0.0
rl,dqn | LDPC-DiscreteMI-v0,384,62,25,3.2032894583700107,0.0
rl,dqn | LDPC-DiscreteMI-v0,384,62,26,3.453815854254601,0.0
rl,dqn | LDPC-DiscreteMI-v0,384,62,27,3.0453447750374796,0.0
rl,dqn | LDPC-DiscreteMI-v0,384,62,28,3.292616220827218,0.0
rl,dqn | LDPC-DiscreteMI-v0,384,62,29,2.9154131964206256,0.0
rl,dqn | LDPC-DiscreteMI-v0,384,62,30,3.7251216718933877,0.0
rl,dqn | LDPC-DiscreteMI-v0,384,62,31,2.7123109058337938,0.0
rl,dqn | LDPC-DiscreteMI-v0,384,62,32,3.474627586007141,0.0
rl,dqn | LDPC-DiscreteMI-v0,384,62,33,3.247631607646666,0.0
rl,dqn | LDPC-DiscreteMI-v0,384,62,34,3.273463668015157,0.0
rl,dqn | LDPC-DiscreteMI-v0,384,62,35,3.451907233481356,0.0
rl,dqn | LDPC-DiscreteMI-v0,384,62,36,3.405606111260804,0.0
rl,dqn | LDPC-DiscreteMI-v0,384,62,37,2.724438229561849,0.0
rl,dqn | LDPC-DiscreteMI-v0,384,62,38,3.451907233481356,0.0
rl,dqn | LDPC-DiscreteMI-v0,384,62,39,3.420547480030548,0.0
rl,dqn | LDPC-DiscreteMI-v0,384,62,40,3.100547795631275,0.0
rl,dqn | LDPC-DiscreteMI-v0,384,62,41,3.451907233481356,0.0
rl,dqn | LDPC-DiscreteMI-v0,384,63,0,4.422382544201729,0.0
rl,dqn | LDPC-DiscreteMI-v0,384,63,1,4.495454725657839,0.0
rl,dqn | LDPC-DiscreteMI-v0,384,63,2,4.188496883782267,0.0
rl,dqn | LDPC-DiscreteMI-v0,384,63,3,4.33732041807605,0.0
rl,dqn | LDPC-DiscreteMI-v0,384,63,4,4.484448396353051,0.0
rl,dqn | LDPC-DiscreteMI-v0,384,63,5,4.564420912067882,0.0
rl,dqn | LDPC-DiscreteMI-v0,384,63,6,4.810689074156299,0.0
rl,dqn | LDPC-DiscreteMI-v0,384,63,7,4.480438663490418,0.0
rl,dqn | LDPC-DiscreteMI-v0,384,63,8,4.256078479898369,0.0
rl,dqn | LDPC-DiscreteMI-v0,384,63,9,4.237996309493003,0.0
rl,dqn | LDPC-DiscreteMI-v0,384,63,10,4.439444854277895,0.0
rl,dqn | LDPC-DiscreteMI-v0,384,63,11,4.498064788514997,0.0
rl,dqn | LDPC-DiscreteMI-v0,384,63,12,4.332868510062275,0.0
rl,dqn | LDPC-DiscreteMI-v0,384,63,13,4.256536417921963,0.0
rl,dqn | LDPC-DiscreteMI-v0,384,63,14,4.34614957566409,0.0
rl,dqn | LDPC-DiscreteMI-v0,384,63,15,4.46147925891832,0.0
rl,dqn | LDPC-DiscreteMI-v0,384,63,16,4.457960200073542,0.0
rl,dqn | LDPC-DiscreteMI-v0,384,63,17,4.466473957251738,0.0
rl,dqn | LDPC-DiscreteMI-v0,384,63,18,4.465050199186734,0.0
rl,dqn | LDPC-DiscreteMI-v0,384,63,19,4.255153574979312,0.0
rl,dqn | LDPC-DiscreteMI-v0,384,63,20,3.2360000370193167,0.0
rl,dqn | LDPC-DiscreteMI-v0,384,63,21,3.2222749574829836,0.0
rl,dqn | LDPC-DiscreteMI-v0,384,63,22,2.76139881037142,0.0
rl,dqn | LDPC-DiscreteMI-v0,384,63,23,3.442610033609416,0.0
rl,dqn | LDPC-DiscreteMI-v0,384,63,24,3.2811779540646975,0.0
rl,dqn | LDPC-DiscreteMI-v0,384,63,25,3.2032894583700107,0.0
rl,dqn | LDPC-DiscreteMI-v0,384,63,26,3.453815854254601,0.0
rl,dqn | LDPC-DiscreteMI-v0,384,63,27,3.0453447750374796,0.0
rl,dqn | LDPC-DiscreteMI-v0,384,63,28,3.292616220827218,0.0
rl,dqn | LDPC-DiscreteMI-v0,384,63,29,2.9154131964206256,0.0
rl,dqn | LDPC-DiscreteMI-v0,384,63,30,3.7251216718933877,0.0
rl,dqn | LDPC-DiscreteMI-v0,384,63,31,2.7123109058337938,0.0
rl,dqn | LDPC-DiscreteMI-v0,384,63,32,3.474627586007141,0.0
rl,dqn | LDPC-DiscreteMI-v0,384,63,33,3.247631607646666,0.0
rl,dqn | LDPC-DiscreteMI-v0,384,63,34,3.273463668015157,0.0
rl,dqn | LDPC-DiscreteMI-v0,384,63,35,3.451907233481356,0.0
rl,dqn | LDPC-DiscreteMI-v0,384,63,36,3.405606111260804,0.0
rl,dqn | LDPC-DiscreteMI-v0,384,63,37,2.724438229561849,0.0
rl,dqn | LDPC-DiscreteMI-v0,384,63,38,3.451907233481356,0.0
rl,dqn | LDPC-DiscreteMI-v0,384,63,39,3.420547480030548,0.0
rl,dqn | LDPC-DiscreteMI-v0,384,63,40,3.100547795631275,0.0
rl,dqn | LDPC-DiscreteMI-v0,384,63,41,3.451907233481356,0.0
rl,dqn | LDPC-DiscreteMI-v0,384,64,0,4.422382544201729,0.0
rl,dqn | LDPC-DiscreteMI-v0,384,64,1,4.495454725657839,0.0
rl,dqn | LDPC-DiscreteMI-v0,384,64,2,4.188496883782267,0.0
rl,dqn | LDPC-DiscreteMI-v0,384,64,3,4.33732041807605,0.0
rl,dqn | LDPC-DiscreteMI-v0,384,64,4,4.484448396353051,0.0
rl,dqn | LDPC-DiscreteMI-v0,384,64,5,4.564420912067882,0.0
rl,dqn | LDPC-DiscreteMI-v0,384,64,6,4.810689074156299,0.0
rl,dqn | LDPC-DiscreteMI-v0,384,64,7,4.480438663490418,0.0
rl,dqn | LDPC-DiscreteMI-v0,384,64,8,4.256078479898369,0.0
rl,dqn | LDPC-DiscreteMI-v0,384,64,9,4.237996309493003,0.0
rl,dqn | LDPC-DiscreteMI-v0,384,64,10,4.439444854277895,0.0
rl,dqn | LDPC-DiscreteMI-v0,384,64,11,4.498064788514997,0.0
rl,dqn | LDPC-DiscreteMI-v0,384,64,12,4.332868510062275,0.0
rl,dqn | LDPC-DiscreteMI-v0,384,64,13,4.256536417921963,0.0
rl,dqn | LDPC-DiscreteMI-v0,384,64,14,4.34614957566409,0.0
rl,dqn | LDPC-DiscreteMI-v0,384,64,15,4.46147925891832,0.0
rl,dqn | LDPC-DiscreteMI-v0,384,64,16,4.457960200073542,0.0
rl,dqn | LDPC-DiscreteMI-v0,384,64,17,4.466473957251738,0.0
rl,dqn | LDPC-DiscreteMI-v0,384,64,18,4.465050199186734,0.0
rl,dqn | LDPC-DiscreteMI-v0,384,64,19,4.255153574979312,0.0
rl,dqn | LDPC-DiscreteMI-v0,384,64,20,3.2360000370193167,0.0
rl,dqn | LDPC-DiscreteMI-v0,384,64,21,3.2222749574829836,0.0
rl,dqn | LDPC-DiscreteMI-v0,384,64,22,2.76139881037142,0.0
rl,dqn | LDPC-DiscreteMI-v0,384,64,23,3.442610033609416,0.0
rl,dqn | LDPC-DiscreteMI-v0,384,64,24,3.2811779540646975,0.0
rl,dqn | LDPC-DiscreteMI-v0,384,64,25,3.2032894583700107,0.0
rl,dqn | LDPC-DiscreteMI-v0,384,64,26,3.453815854254601,0.0
rl,dqn | LDPC-DiscreteMI-v0,384,64,27,3.0453447750374796,0.0
rl,dqn | LDPC-DiscreteMI-v0,384,64,28,3.292616220827218,0.0
rl,dqn | LDPC-DiscreteMI-v0,384,64,29,2.9154131964206256,0.0
rl,dqn | LDPC-DiscreteMI-v0,384,64,30,3.7251216718933877,0.0
rl,dqn | LDPC-DiscreteMI-v0,384,64,31,2.7123109058337938,0.0
rl,dqn | LDPC-DiscreteMI-v0,384,64,32,3.474627586007141,0.0
rl,dqn | LDPC-DiscreteMI-v0,384,64,33,3.247631607646666,0.0
rl,dqn | LDPC-DiscreteMI-v0,384,64,34,3.273463668015157,0.0
rl,dqn | LDPC-DiscreteMI-v0,384,64,35,3.451907233481356,0.0
rl,dqn | LDPC-DiscreteMI-v0,384,64,36,3.405606111260804,0.0
rl,dqn | LDPC-DiscreteMI-v0,384,64,37,2.724438229561849,0.0
rl,dqn | LDPC-DiscreteMI-v0,384,64,38,3.451907233481356,0.0
rl,dqn | LDPC-DiscreteMI-v0,384,64,39,3.420547480030548,0.0
rl,dqn | LDPC-DiscreteMI-v0,384,64,40,3.100547795631275,0.0
rl,dqn | LDPC-DiscreteMI-v0,384,64,41,3.451907233481356,0.0
rl,dqn | LDPC-DiscreteMI-v0,384,65,0,4.422382544201729,0.0
rl,dqn | LDPC-DiscreteMI-v0,384,65,1,4.495454725657839,0.0
rl,dqn | LDPC-DiscreteMI-v0,384,65,2,4.188496883782267,0.0
rl,dqn | LDPC-DiscreteMI-v0,384,65,3,4.33732041807605,0.0
rl,dqn | LDPC-DiscreteMI-v0,384,65,4,4.484448396353051,0.0
rl,dqn | LDPC-DiscreteMI-v0,384,65,5,4.564420912067882,0.0
rl,dqn | LDPC-DiscreteMI-v0,384,65,6,4.810689074156299,0.0
rl,dqn | LDPC-DiscreteMI-v0,384,65,7,4.480438663490418,0.0
rl,dqn | LDPC-DiscreteMI-v0,384,65,8,4.256078479898369,0.0
rl,dqn | LDPC-DiscreteMI-v0,384,65,9,4.237996309493003,0.0
rl,dqn | LDPC-DiscreteMI-v0,384,65,10,4.439444854277895,0.0
rl,dqn | LDPC-DiscreteMI-v0,384,65,11,4.498064788514997,0.0
rl,dqn | LDPC-DiscreteMI-v0,384,65,12,4.332868510062275,0.0
rl,dqn | LDPC-DiscreteMI-v0,384,65,13,4.256536417921963,0.0
rl,dqn | LDPC-DiscreteMI-v0,384,65,14,4.34614957566409,0.0
rl,dqn | LDPC-DiscreteMI-v0,384,65,15,4.46147925891832,0.0
rl,dqn | LDPC-DiscreteMI-v0,384,65,16,4.457960200073542,0.0
rl,dqn | LDPC-DiscreteMI-v0,384,65,17,4.466473957251738,0.0
rl,dqn | LDPC-DiscreteMI-v0,384,65,18,4.465050199186734,0.0
rl,dqn | LDPC-DiscreteMI-v0,384,65,19,4.255153574979312,0.0
rl,dqn | LDPC-DiscreteMI-v0,384,65,20,3.2360000370193167,0.0
rl,dqn | LDPC-DiscreteMI-v0,384,65,21,3.2222749574829836,0.0
rl,dqn | LDPC-DiscreteMI-v0,384,65,22,2.76139881037142,0.0
rl,dqn | LDPC-DiscreteMI-v0,384,65,23,3.442610033609416,0.0
rl,dqn | LDPC-DiscreteMI-v0,384,65,24,3.2811779540646975,0.0
rl,dqn | LDPC-DiscreteMI-v0,384,65,25,3.2032894583700107,0.0
rl,dqn | LDPC-DiscreteMI-v0,384,65,26,3.453815854254601,0.0
rl,dqn | LDPC-DiscreteMI-v0,384,65,27,3.0453447750374796,0.0
rl,dqn | LDPC-DiscreteMI-v0,384,65,28,3.292616220827218,0.0
rl,dqn | LDPC-DiscreteMI-v0,384,65,29,2.9154131964206256,0.0
rl,dqn | LDPC-DiscreteMI-v0,384,65,30,3.7251216718933877,0.0
rl,dqn | LDPC-DiscreteMI-v0,384,65,31,2.7123109058337938,0.0
rl,dqn | LDPC-DiscreteMI-v0,384,65,32,3.474627586007141,0.0
rl,dqn | LDPC-DiscreteMI-v0,384,65,33,3.247631607646666,0.0
rl,dqn | LDPC-DiscreteMI-v0,384,65,34,3.273463668015157,0.0
rl,dqn | LDPC-DiscreteMI-v0,384,65,35,3.451907233481356,0.0
rl,dqn | LDPC-DiscreteMI-v0,384,65,36,3.405606111260804,0.0
rl,dqn | LDPC-DiscreteMI-v0,384,65,37,2.724438229561849,0.0
rl,dqn | LDPC-DiscreteMI-v0,384,65,38,3.451907233481356,0.0
rl,dqn | LDPC-DiscreteMI-v0,384,65,39,3.420547480030548,0.0
rl,dqn | LDPC-DiscreteMI-v0,384,65,40,3.100547795631275,0.0
rl,dqn | LDPC-DiscreteMI-v0,384,65,41,3.451907233481356,0.0
rl,dqn | LDPC-DiscreteMI-v0,384,66,0,4.422382544201729,0.0
rl,dqn | LDPC-DiscreteMI-v0,384,66,1,4.495454725657839,0.0
rl,dqn | LDPC-DiscreteMI-v0,384,66,2,4.188496883782267,0.0
rl,dqn | LDPC-DiscreteMI-v0,384,66,3,4.33732041807605,0.0
rl,dqn | LDPC-DiscreteMI-v0,384,66,4,4.484448396353051,0.0
rl,dqn | LDPC-DiscreteMI-v0,384,66,5,4.564420912067882,0.0
rl,dqn | LDPC-DiscreteMI-v0,384,66,6,4.810689074156299,0.0
rl,dqn | LDPC-DiscreteMI-v0,384,66,7,4.480438663490418,0.0
rl,dqn | LDPC-DiscreteMI-v0,384,66,8,4.256078479898369,0.0
rl,dqn | LDPC-DiscreteMI-v0,384,66,9,4.237996309493003,0.0
rl,dqn | LDPC-DiscreteMI-v0,384,66,10,4.439444854277895,0.0
rl,dqn | LDPC-DiscreteMI-v0,384,66,11,4.498064788514997,0.0
rl,dqn | LDPC-DiscreteMI-v0,384,66,12,4.332868510062275,0.0
rl,dqn | LDPC-DiscreteMI-v0,384,66,13,4.256536417921963,0.0
rl,dqn | LDPC-DiscreteMI-v0,384,66,14,4.34614957566409,0.0
rl,dqn | LDPC-DiscreteMI-v0,384,66,15,4.46147925891832,0.0
rl,dqn | LDPC-DiscreteMI-v0,384,66,16,4.457960200073542,0.0
rl,dqn | LDPC-DiscreteMI-v0,384,66,17,4.466473957251738,0.0
rl,dqn | LDPC-DiscreteMI-v0,384,66,18,4.465050199186734,0.0
rl,dqn | LDPC-DiscreteMI-v0,384,66,19,4.255153574979312,0.0
rl,dqn | LDPC-DiscreteMI-v0,384,66,20,3.2360000370193167,0.0
rl,dqn | LDPC-DiscreteMI-v0,384,66,21,3.2222749574829836,0.0
rl,dqn | LDPC-DiscreteMI-v0,384,66,22,2.76139881037142,0.0
rl,dqn | LDPC-DiscreteMI-v0,384,66,23,3.442610033609416,0.0
rl,dqn | LDPC-DiscreteMI-v0,384,66,24,3.2811779540646975,0.0
rl,dqn | LDPC-DiscreteMI-v0,384,66,25,3.2032894583700107,0.0
rl,dqn | LDPC-DiscreteMI-v0,384,66,26,3.453815854254601,0.0
rl,dqn | LDPC-DiscreteMI-v0,384,66,27,3.0453447750374796,0.0
rl,dqn | LDPC-DiscreteMI-v0,384,66,28,3.292616220827218,0.0
rl,dqn | LDPC-DiscreteMI-v0,384,66,29,2.9154131964206256,0.0
rl,dqn | LDPC-DiscreteMI-v0,384,66,30,3.7251216718933877,0.0
rl,dqn | LDPC-DiscreteMI-v0,384,66,31,2.7123109058337938,0.0
rl,dqn | LDPC-DiscreteMI-v0,384,66,32,3.474627586007141,0.0
rl,dqn | LDPC-DiscreteMI-v0,384,66,33,3.247631607646666,0.0
rl,dqn | LDPC-DiscreteMI-v0,384,66,34,3.273463668015157,0.0
rl,dqn | LDPC-DiscreteMI-v0,384,66,35,3.451907233481356,0.0
rl,dqn | LDPC-DiscreteMI-v0,384,66,36,3.405606111260804,0.0
rl,dqn | LDPC-DiscreteMI-v0,384,66,37,2.724438229561849,0.0
rl,dqn | LDPC-DiscreteMI-v0,384,66,38,3.451907233481356,0.0
rl,dqn | LDPC-DiscreteMI-v0,384,66,39,3.420547480030548,0.0
rl,dqn | LDPC-DiscreteMI-v0,384,66,40,3.100547795631275,0.0
rl,dqn | LDPC-DiscreteMI-v0,384,66,41,3.451907233481356,0.0
rl,dqn | LDPC-DiscreteMI-v0,384,67,0,4.422382544201729,0.0
rl,dqn | LDPC-DiscreteMI-v0,384,67,1,4.495454725657839,0.0
rl,dqn | LDPC-DiscreteMI-v0,384,67,2,4.188496883782267,0.0
rl,dqn | LDPC-DiscreteMI-v0,384,67,3,4.33732041807605,0.0
rl,dqn | LDPC-DiscreteMI-v0,384,67,4,4.484448396353051,0.0
rl,dqn | LDPC-DiscreteMI-v0,384,67,5,4.564420912067882,0.0
rl,dqn | LDPC-DiscreteMI-v0,384,67,6,4.810689074156299,0.0
rl,dqn | LDPC-DiscreteMI-v0,384,67,7,4.480438663490418,0.0
rl,dqn | LDPC-DiscreteMI-v0,384,67,8,4.256078479898369,0.0
rl,dqn | LDPC-DiscreteMI-v0,384,67,9,4.237996309493003,0.0
rl,dqn | LDPC-DiscreteMI-v0,384,67,10,4.439444854277895,0.0
rl,dqn | LDPC-DiscreteMI-v0,384,67,11,4.498064788514997,0.0
rl,dqn | LDPC-DiscreteMI-v0,384,67,12,4.332868510062275,0.0
rl,dqn | LDPC-DiscreteMI-v0,384,67,13,4.256536417921963,0.0
rl,dqn | LDPC-DiscreteMI-v0,384,67,14,4.34614957566409,0.0
rl,dqn | LDPC-DiscreteMI-v0,384,67,15,4.46147925891832,0.0
rl,dqn | LDPC-DiscreteMI-v0,384,67,16,4.457960200073542,0.0
rl,dqn | LDPC-DiscreteMI-v0,384,67,17,4.466473957251738,0.0
rl,dqn | LDPC-DiscreteMI-v0,384,67,18,4.465050199186734,0.0
rl,dqn | LDPC-DiscreteMI-v0,384,67,19,4.255153574979312,0.0
rl,dqn | LDPC-DiscreteMI-v0,384,67,20,3.2360000370193167,0.0
rl,dqn | LDPC-DiscreteMI-v0,384,67,21,3.2222749574829836,0.0
rl,dqn | LDPC-DiscreteMI-v0,384,67,22,2.76139881037142,0.0
rl,dqn | LDPC-DiscreteMI-v0,384,67,23,3.442610033609416,0.0
rl,dqn | LDPC-DiscreteMI-v0,384,67,24,3.2811779540646975,0.0
rl,dqn | LDPC-DiscreteMI-v0,384,67,25,3.2032894583700107,0.0
rl,dqn | LDPC-DiscreteMI-v0,384,67,26,3.453815854254601,0.0
rl,dqn | LDPC-DiscreteMI-v0,384,67,27,3.0453447750374796,0.0
rl,dqn | LDPC-DiscreteMI-v0,384,67,28,3.292616220827218,0.0
rl,dqn | LDPC-DiscreteMI-v0,384,67,29,2.9154131964206256,0.0
rl,dqn | LDPC-DiscreteMI-v0,384,67,30,3.7251216718933877,0.0
rl,dqn | LDPC-DiscreteMI-v0,384,67,31,2.7123109058337938,0.0
rl,dqn | LDPC-DiscreteMI-v0,384,67,32,3.474627586007141,0.0
rl,dqn | LDPC-DiscreteMI-v0,384,67,33,3.247631607646666,0.0
rl,dqn | LDPC-DiscreteMI-v0,384,67,34,3.273463668015157,0.0
rl,dqn | LDPC-DiscreteMI-v0,384,67,35,3.451907233481356,0.0
rl,dqn | LDPC-DiscreteMI-v0,384,67,36,3.405606111260804,0.0
rl,dqn | LDPC-DiscreteMI-v0,384,67,37,2.724438229561849,0.0
rl,dqn | LDPC-DiscreteMI-v0,384,67,38,3.451907233481356,0.0
rl,dqn | LDPC-DiscreteMI-v0,384,67,39,3.420547480030548,0.0
rl,dqn | LDPC-DiscreteMI-v0,384,67,40,3.100547795631275,0.0
rl,dqn | LDPC-DiscreteMI-v0,384,67,41,3.451907233481356,0.0
rl,dqn | LDPC-DiscreteMI-v0,384,68,0,4.422382544201729,0.0
rl,dqn | LDPC-DiscreteMI-v0,384,68,1,4.495454725657839,0.0
rl,dqn | LDPC-DiscreteMI-v0,384,68,2,4.188496883782267,0.0
rl,dqn | LDPC-DiscreteMI-v0,384,68,3,4.33732041807605,0.0
rl,dqn | LDPC-DiscreteMI-v0,384,68,4,4.484448396353051,0.0
rl,dqn | LDPC-DiscreteMI-v0,384,68,5,4.564420912067882,0.0
rl,dqn | LDPC-DiscreteMI-v0,384,68,6,4.810689074156299,0.0
rl,dqn | LDPC-DiscreteMI-v0,384,68,7,4.480438663490418,0.0
rl,dqn | LDPC-DiscreteMI-v0,384,68,8,4.256078479898369,0.0
rl,dqn | LDPC-DiscreteMI-v0,384,68,9,4.237996309493003,0.0
rl,dqn | LDPC-DiscreteMI-v0,384,68,10,4.439444854277895,0.0
rl,dqn | LDPC-DiscreteMI-v0,384,68,11,4.498064788514997,0.0
rl,dqn | LDPC-DiscreteMI-v0,384,68,12,4.332868510062275,0.0
rl,dqn | LDPC-DiscreteMI-v0,384,68,13,4.256536417921963,0.0
rl,dqn | LDPC-DiscreteMI-v0,384,68,14,4.34614957566409,0.0
rl,dqn | LDPC-DiscreteMI-v0,384,68,15,4.46147925891832,0.0
rl,dqn | LDPC-DiscreteMI-v0,384,68,16,4.457960200073542,0.0
rl,dqn | LDPC-DiscreteMI-v0,384,68,17,4.466473957251738,0.0
rl,dqn | LDPC-DiscreteMI-v0,384,68,18,4.465050199186734,0.0
rl,dqn | LDPC-DiscreteMI-v0,384,68,19,4.255153574979312,0.0
rl,dqn | LDPC-DiscreteMI-v0,384,68,20,3.2360000370193167,0.0
rl,dqn | LDPC-DiscreteMI-v0,384,68,21,3.2222749574829836,0.0
rl,dqn | LDPC-DiscreteMI-v0,384,68,22,2.76139881037142,0.0
rl,dqn | LDPC-DiscreteMI-v0,384,68,23,3.442610033609416,0.0
rl,dqn | LDPC-DiscreteMI-v0,384,68,24,3.2811779540646975,0.0
rl,dqn | LDPC-DiscreteMI-v0,384,68,25,3.2032894583700107,0.0
rl,dqn | LDPC-DiscreteMI-v0,384,68,26,3.453815854254601,0.0
rl,dqn | LDPC-DiscreteMI-v0,384,68,27,3.0453447750374796,0.0
rl,dqn | LDPC-DiscreteMI-v0,384,68,28,3.292616220827218,0.0
rl,dqn | LDPC-DiscreteMI-v0,384,68,29,2.9154131964206256,0.0
rl,dqn | LDPC-DiscreteMI-v0,384,68,30,3.7251216718933877,0.0
rl,dqn | LDPC-DiscreteMI-v0,384,68,31,2.7123109058337938,0.0
rl,dqn | LDPC-DiscreteMI-v0,384,68,32,3.474627586007141,0.0
rl,dqn | LDPC-DiscreteMI-v0,384,68,33,3.247631607646666,0.0
rl,dqn | LDPC-DiscreteMI-v0,384,68,34,3.273463668015157,0.0
rl,dqn | LDPC-DiscreteMI-v0,384,68,35,3.451907233481356,0.0
rl,dqn | LDPC-DiscreteMI-v0,384,68,36,3.405606111260804,0.0
rl,dqn | LDPC-DiscreteMI-v0,384,68,37,2.724438229561849,0.0
rl,dqn | LDPC-DiscreteMI-v0,384,68,38,3.451907233481356,0.0
rl,dqn | LDPC-DiscreteMI-v0,384,68,39,3.420547480030548,0.0
rl,dqn | LDPC-DiscreteMI-v0,384,68,40,3.100547795631275,0.0
rl,dqn | LDPC-DiscreteMI-v0,384,68,41,3.451907233481356,0.0
rl,dqn | LDPC-DiscreteMI-v0,384,69,0,4.422382544201729,0.0
rl,dqn | LDPC-DiscreteMI-v0,384,69,1,4.495454725657839,0.0
rl,dqn | LDPC-DiscreteMI-v0,384,69,2,4.188496883782267,0.0
rl,dqn | LDPC-DiscreteMI-v0,384,69,3,4.33732041807605,0.0
rl,dqn | LDPC-DiscreteMI-v0,384,69,4,4.484448396353051,0.0
rl,dqn | LDPC-DiscreteMI-v0,384,69,5,4.564420912067882,0.0
rl,dqn | LDPC-DiscreteMI-v0,384,69,6,4.810689074156299,0.0
rl,dqn | LDPC-DiscreteMI-v0,384,69,7,4.480438663490418,0.0
rl,dqn | LDPC-DiscreteMI-v0,384,69,8,4.256078479898369,0.0
rl,dqn | LDPC-DiscreteMI-v0,384,69,9,4.237996309493003,0.0
rl,dqn | LDPC-DiscreteMI-v0,384,69,10,4.439444854277895,0.0
rl,dqn | LDPC-DiscreteMI-v0,384,69,11,4.498064788514997,0.0
rl,dqn | LDPC-DiscreteMI-v0,384,69,12,4.332868510062275,0.0
rl,dqn | LDPC-DiscreteMI-v0,384,69,13,4.256536417921963,0.0
rl,dqn | LDPC-DiscreteMI-v0,384,69,14,4.34614957566409,0.0
rl,dqn | LDPC-DiscreteMI-v0,384,69,15,4.46147925891832,0.0
rl,dqn | LDPC-DiscreteMI-v0,384,69,16,4.457960200073542,0.0
rl,dqn | LDPC-DiscreteMI-v0,384,69,17,4.466473957251738,0.0
rl,dqn | LDPC-DiscreteMI-v0,384,69,18,4.465050199186734,0.0
rl,dqn | LDPC-DiscreteMI-v0,384,69,19,4.255153574979312,0.0
rl,dqn | LDPC-DiscreteMI-v0,384,69,20,3.2360000370193167,0.0
rl,dqn | LDPC-DiscreteMI-v0,384,69,21,3.2222749574829836,0.0
rl,dqn | LDPC-DiscreteMI-v0,384,69,22,2.76139881037142,0.0
rl,dqn | LDPC-DiscreteMI-v0,384,69,23,3.442610033609416,0.0
rl,dqn | LDPC-DiscreteMI-v0,384,69,24,3.2811779540646975,0.0
rl,dqn | LDPC-DiscreteMI-v0,384,69,25,3.2032894583700107,0.0
rl,dqn | LDPC-DiscreteMI-v0,384,69,26,3.453815854254601,0.0
rl,dqn | LDPC-DiscreteMI-v0,384,69,27,3.0453447750374796,0.0
rl,dqn | LDPC-DiscreteMI-v0,384,69,28,3.292616220827218,0.0
rl,dqn | LDPC-DiscreteMI-v0,384,69,29,2.9154131964206256,0.0
rl,dqn | LDPC-DiscreteMI-v0,384,69,30,3.7251216718933877,0.0
rl,dqn | LDPC-DiscreteMI-v0,384,69,31,2.7123109058337938,0.0
rl,dqn | LDPC-DiscreteMI-v0,384,69,32,3.474627586007141,0.0
rl,dqn | LDPC-DiscreteMI-v0,384,69,33,3.247631607646666,0.0
rl,dqn | LDPC-DiscreteMI-v0,384,69,34,3.273463668015157,0.0
rl,dqn | LDPC-DiscreteMI-v0,384,69,35,3.451907233481356,0.0
rl,dqn | LDPC-DiscreteMI-v0,384,69,36,3.405606111260804,0.0
rl,dqn | LDPC-DiscreteMI-v0,384,69,37,2.724438229561849,0.0
rl,dqn | LDPC-DiscreteMI-v0,384,69,38,3.451907233481356,0.0
rl,dqn | LDPC-DiscreteMI-v0,384,69,39,3.420547480030548,0.0
rl,dqn | LDPC-DiscreteMI-v0,384,69,40,3.100547795631275,0.0
rl,dqn | LDPC-DiscreteMI-v0,384,69,41,3.451907233481356,0.0
rl,dqn | LDPC-DiscreteMI-v0,384,70,0,4.422382544201729,0.0
rl,dqn | LDPC-DiscreteMI-v0,384,70,1,4.495454725657839,0.0
rl,dqn | LDPC-DiscreteMI-v0,384,70,2,4.188496883782267,0.0
rl,dqn | LDPC-DiscreteMI-v0,384,70,3,4.33732041807605,0.0
rl,dqn | LDPC-DiscreteMI-v0,384,70,4,4.484448396353051,0.0
rl,dqn | LDPC-DiscreteMI-v0,384,70,5,4.564420912067882,0.0
rl,dqn | LDPC-DiscreteMI-v0,384,70,6,4.810689074156299,0.0
rl,dqn | LDPC-DiscreteMI-v0,384,70,7,4.480438663490418,0.0
rl,dqn | LDPC-DiscreteMI-v0,384,70,8,4.256078479898369,0.0
rl,dqn | LDPC-DiscreteMI-v0,384,70,9,4.237996309493003,0.0
rl,dqn | LDPC-DiscreteMI-v0,384,70,10,4.439444854277895,0.0
rl,dqn | LDPC-DiscreteMI-v0,384,70,11,4.498064788514997,0.0
rl,dqn | LDPC-DiscreteMI-v0,384,70,12,4.332868510062275,0.0
rl,dqn | LDPC-DiscreteMI-v0,384,70,13,4.256536417921963,0.0
rl,dqn | LDPC-DiscreteMI-v0,384,70,14,4.34614957566409,0.0
rl,dqn | LDPC-DiscreteMI-v0,384,70,15,4.46147925891832,0.0
rl,dqn | LDPC-DiscreteMI-v0,384,70,16,4.457960200073542,0.0
rl,dqn | LDPC-DiscreteMI-v0,384,70,17,4.466473957251738,0.0
rl,dqn | LDPC-DiscreteMI-v0,384,70,18,4.465050199186734,0.0
rl,dqn | LDPC-DiscreteMI-v0,384,70,19,4.255153574979312,0.0
rl,dqn | LDPC-DiscreteMI-v0,384,70,20,3.2360000370193167,0.0
rl,dqn | LDPC-DiscreteMI-v0,384,70,21,3.2222749574829836,0.0
rl,dqn | LDPC-DiscreteMI-v0,384,70,22,2.76139881037142,0.0
rl,dqn | LDPC-DiscreteMI-v0,384,70,23,3.442610033609416,0.0
rl,dqn | LDPC-DiscreteMI-v0,384,70,24,3.2811779540646975,0.0
rl,dqn | LDPC-DiscreteMI-v0,384,70,25,3.2032894583700107,0.0
rl,dqn | LDPC-DiscreteMI-v0,384,70,26,3.453815854254601,0.0
rl,dqn | LDPC-DiscreteMI-v0,384,70,27,3.0453447750374796,0.0
rl,dqn | LDPC-DiscreteMI-v0,384,70,28,3.292616220827218,0.0
rl,dqn | LDPC-DiscreteMI-v0,384,70,29,2.9154131964206256,0.0
rl,dqn | LDPC-DiscreteMI-v0,384,70,30,3.7251216718933877,0.0
rl,dqn | LDPC-DiscreteMI-v0,384,70,31,2.7123109058337938,0.0
rl,dqn | LDPC-DiscreteMI-v0,384,70,32,3.474627586007141,0.0
rl,dqn | LDPC-DiscreteMI-v0,384,70,33,3.247631607646666,0.0
rl,dqn | LDPC-DiscreteMI-v0,384,70,34,3.273463668015157,0.0
rl,dqn | LDPC-DiscreteMI-v0,384,70,35,3.451907233481356,0.0
rl,dqn | LDPC-DiscreteMI-v0,384,70,36,3.405606111260804,0.0
rl,dqn | LDPC-DiscreteMI-v0,384,70,37,2.724438229561849,0.0
rl,dqn | LDPC-DiscreteMI-v0,384,70,38,3.451907233481356,0.0
rl,dqn | LDPC-DiscreteMI-v0,384,70,39,3.420547480030548,0.0
rl,dqn | LDPC-DiscreteMI-v0,384,70,40,3.100547795631275,0.0
rl,dqn | LDPC-DiscreteMI-v0,384,70,41,3.451907233481356,0.0
rl,dqn | LDPC-DiscreteMI-v0,384,71,0,4.422382544201729,0.0
rl,dqn | LDPC-DiscreteMI-v0,384,71,1,4.495454725657839,0.0
rl,dqn | LDPC-DiscreteMI-v0,384,71,2,4.188496883782267,0.0
rl,dqn | LDPC-DiscreteMI-v0,384,71,3,4.33732041807605,0.0
rl,dqn | LDPC-DiscreteMI-v0,384,71,4,4.484448396353051,0.0
rl,dqn | LDPC-DiscreteMI-v0,384,71,5,4.564420912067882,0.0
rl,dqn | LDPC-DiscreteMI-v0,384,71,6,4.810689074156299,0.0
rl,dqn | LDPC-DiscreteMI-v0,384,71,7,4.480438663490418,0.0
rl,dqn | LDPC-DiscreteMI-v0,384,71,8,4.256078479898369,0.0
rl,dqn | LDPC-DiscreteMI-v0,384,71,9,4.237996309493003,0.0
rl,dqn | LDPC-DiscreteMI-v0,384,71,10,4.439444854277895,0.0
rl,dqn | LDPC-DiscreteMI-v0,384,71,11,4.498064788514997,0.0
rl,dqn | LDPC-DiscreteMI-v0,384,71,12,4.332868510062275,0.0
rl,dqn | LDPC-DiscreteMI-v0,384,71,13,4.256536417921963,0.0
rl,dqn | LDPC-DiscreteMI-v0,384,71,14,4.34614957566409,0.0
rl,dqn | LDPC-DiscreteMI-v0,384,71,15,4.46147925891832,0.0
rl,dqn | LDPC-DiscreteMI-v0,384,71,16,4.457960200073542,0.0
rl,dqn | LDPC-DiscreteMI-v0,384,71,17,4.466473957251738,0.0
rl,dqn | LDPC-DiscreteMI-v0,384,71,18,4.465050199186734,0.0
rl,dqn | LDPC-DiscreteMI-v0,384,71,19,4.255153574979312,0.0
rl,dqn | LDPC-DiscreteMI-v0,384,71,20,3.2360000370193167,0.0
rl,dqn | LDPC-DiscreteMI-v0,384,71,21,3.2222749574829836,0.0
rl,dqn | LDPC-DiscreteMI-v0,384,71,22,2.76139881037142,0.0
rl,dqn | LDPC-DiscreteMI-v0,384,71,23,3.442610033609416,0.0
rl,dqn | LDPC-DiscreteMI-v0,384,71,24,3.2811779540646975,0.0
rl,dqn | LDPC-DiscreteMI-v0,384,71,25,3.2032894583700107,0.0
rl,dqn | LDPC-DiscreteMI-v0,384,71,26,3.453815854254601,0.0
rl,dqn | LDPC-DiscreteMI-v0,384,71,27,3.0453447750374796,0.0
rl,dqn | LDPC-DiscreteMI-v0,384,71,28,3.292616220827218,0.0
rl,dqn | LDPC-DiscreteMI-v0,384,71,29,2.9154131964206256,0.0
rl,dqn | LDPC-DiscreteMI-v0,384,71,30,3.7251216718933877,0.0
rl,dqn | LDPC-DiscreteMI-v0,384,71,31,2.7123109058337938,0.0
rl,dqn | LDPC-DiscreteMI-v0,384,71,32,3.474627586007141,0.0
rl,dqn | LDPC-DiscreteMI-v0,384,71,33,3.247631607646666,0.0
rl,dqn | LDPC-DiscreteMI-v0,384,71,34,3.273463668015157,0.0
rl,dqn | LDPC-DiscreteMI-v0,384,71,35,3.451907233481356,0.0
rl,dqn | LDPC-DiscreteMI-v0,384,71,36,3.405606111260804,0.0
rl,dqn | LDPC-DiscreteMI-v0,384,71,37,2.724438229561849,0.0
rl,dqn | LDPC-DiscreteMI-v0,384,71,38,3.451907233481356,0.0
rl,dqn | LDPC-DiscreteMI-v0,384,71,39,3.420547480030548,0.0
rl,dqn | LDPC-DiscreteMI-v0,384,71,40,3.100547795631275,0.0
rl,dqn | LDPC-DiscreteMI-v0,384,71,41,3.451907233481356,0.0
rl,dqn | LDPC-DiscreteMI-v0,384,72,0,4.422382544201729,0.0
rl,dqn | LDPC-DiscreteMI-v0,384,72,1,4.495454725657839,0.0
rl,dqn | LDPC-DiscreteMI-v0,384,72,2,4.188496883782267,0.0
rl,dqn | LDPC-DiscreteMI-v0,384,72,3,4.33732041807605,0.0
rl,dqn | LDPC-DiscreteMI-v0,384,72,4,4.484448396353051,0.0
rl,dqn | LDPC-DiscreteMI-v0,384,72,5,4.564420912067882,0.0
rl,dqn | LDPC-DiscreteMI-v0,384,72,6,4.810689074156299,0.0
rl,dqn | LDPC-DiscreteMI-v0,384,72,7,4.480438663490418,0.0
rl,dqn | LDPC-DiscreteMI-v0,384,72,8,4.256078479898369,0.0
rl,dqn | LDPC-DiscreteMI-v0,384,72,9,4.237996309493003,0.0
rl,dqn | LDPC-DiscreteMI-v0,384,72,10,4.439444854277895,0.0
rl,dqn | LDPC-DiscreteMI-v0,384,72,11,4.498064788514997,0.0
rl,dqn | LDPC-DiscreteMI-v0,384,72,12,4.332868510062275,0.0
rl,dqn | LDPC-DiscreteMI-v0,384,72,13,4.256536417921963,0.0
rl,dqn | LDPC-DiscreteMI-v0,384,72,14,4.34614957566409,0.0
rl,dqn | LDPC-DiscreteMI-v0,384,72,15,4.46147925891832,0.0
rl,dqn | LDPC-DiscreteMI-v0,384,72,16,4.457960200073542,0.0
rl,dqn | LDPC-DiscreteMI-v0,384,72,17,4.466473957251738,0.0
rl,dqn | LDPC-DiscreteMI-v0,384,72,18,4.465050199186734,0.0
rl,dqn | LDPC-DiscreteMI-v0,384,72,19,4.255153574979312,0.0
rl,dqn | LDPC-DiscreteMI-v0,384,72,20,3.2360000370193167,0.0
rl,dqn | LDPC-DiscreteMI-v0,384,72,21,3.2222749574829836,0.0
rl,dqn | LDPC-DiscreteMI-v0,384,72,22,2.76139881037142,0.0
rl,dqn | LDPC-DiscreteMI-v0,384,72,23,3.442610033609416,0.0
rl,dqn | LDPC-DiscreteMI-v0,384,72,24,3.2811779540646975,0.0
rl,dqn | LDPC-DiscreteMI-v0,384,72,25,3.2032894583700107,0.0
rl,dqn | LDPC-DiscreteMI-v0,384,72,26,3.453815854254601,0.0
rl,dqn | LDPC-DiscreteMI-v0,384,72,27,3.0453447750374796,0.0
rl,dqn | LDPC-DiscreteMI-v0,384,72,28,3.292616220827218,0.0
rl,dqn | LDPC-DiscreteMI-v0,384,72,29,2.9154131964206256,0.0
rl,dqn | LDPC-DiscreteMI-v0,384,72,30,3.7251216718933877,0.0
rl,dqn | LDPC-DiscreteMI-v0,384,72,31,2.7123109058337938,0.0
rl,dqn | LDPC-DiscreteMI-v0,384,72,32,3.474627586007141,0.0
rl,dqn | LDPC-DiscreteMI-v0,384,72,33,3.247631607646666,0.0
rl,dqn | LDPC-DiscreteMI-v0,384,72,34,3.273463668015157,0.0
rl,dqn | LDPC-DiscreteMI-v0,384,72,35,3.451907233481356,0.0
rl,dqn | LDPC-DiscreteMI-v0,384,72,36,3.405606111260804,0.0
rl,dqn | LDPC-DiscreteMI-v0,384,72,37,2.724438229561849,0.0
rl,dqn | LDPC-DiscreteMI-v0,384,72,38,3.451907233481356,0.0
rl,dqn | LDPC-DiscreteMI-v0,384,72,39,3.420547480030548,0.0
rl,dqn | LDPC-DiscreteMI-v0,384,72,40,3.100547795631275,0.0
rl,dqn | LDPC-DiscreteMI-v0,384,72,41,3.451907233481356,0.0
rl,dqn | LDPC-DiscreteMI-v0,384,73,0,4.422382544201729,0.0
rl,dqn | LDPC-DiscreteMI-v0,384,73,1,4.495454725657839,0.0
rl,dqn | LDPC-DiscreteMI-v0,384,73,2,4.188496883782267,0.0
rl,dqn | LDPC-DiscreteMI-v0,384,73,3,4.33732041807605,0.0
rl,dqn | LDPC-DiscreteMI-v0,384,73,4,4.484448396353051,0.0
rl,dqn | LDPC-DiscreteMI-v0,384,73,5,4.564420912067882,0.0
rl,dqn | LDPC-DiscreteMI-v0,384,73,6,4.810689074156299,0.0
rl,dqn | LDPC-DiscreteMI-v0,384,73,7,4.480438663490418,0.0
rl,dqn | LDPC-DiscreteMI-v0,384,73,8,4.256078479898369,0.0
rl,dqn | LDPC-DiscreteMI-v0,384,73,9,4.237996309493003,0.0
rl,dqn | LDPC-DiscreteMI-v0,384,73,10,4.439444854277895,0.0
rl,dqn | LDPC-DiscreteMI-v0,384,73,11,4.498064788514997,0.0
rl,dqn | LDPC-DiscreteMI-v0,384,73,12,4.332868510062275,0.0
rl,dqn | LDPC-DiscreteMI-v0,384,73,13,4.256536417921963,0.0
rl,dqn | LDPC-DiscreteMI-v0,384,73,14,4.34614957566409,0.0
rl,dqn | LDPC-DiscreteMI-v0,384,73,15,4.46147925891832,0.0
rl,dqn | LDPC-DiscreteMI-v0,384,73,16,4.457960200073542,0.0
rl,dqn | LDPC-DiscreteMI-v0,384,73,17,4.466473957251738,0.0
rl,dqn | LDPC-DiscreteMI-v0,384,73,18,4.465050199186734,0.0
rl,dqn | LDPC-DiscreteMI-v0,384,73,19,4.255153574979312,0.0
rl,dqn | LDPC-DiscreteMI-v0,384,73,20,3.2360000370193167,0.0
rl,dqn | LDPC-DiscreteMI-v0,384,73,21,3.2222749574829836,0.0
rl,dqn | LDPC-DiscreteMI-v0,384,73,22,2.76139881037142,0.0
rl,dqn | LDPC-DiscreteMI-v0,384,73,23,3.442610033609416,0.0
rl,dqn | LDPC-DiscreteMI-v0,384,73,24,3.2811779540646975,0.0
rl,dqn | LDPC-DiscreteMI-v0,384,73,25,3.2032894583700107,0.0
rl,dqn | LDPC-DiscreteMI-v0,384,73,26,3.453815854254601,0.0
rl,dqn | LDPC-DiscreteMI-v0,384,73,27,3.0453447750374796,0.0
rl,dqn | LDPC-DiscreteMI-v0,384,73,28,3.292616220827218,0.0
rl,dqn | LDPC-DiscreteMI-v0,384,73,29,2.9154131964206256,0.0
rl,dqn | LDPC-DiscreteMI-v0,384,73,30,3.7251216718933877,0.0
rl,dqn | LDPC-DiscreteMI-v0,384,73,31,2.7123109058337938,0.0
rl,dqn | LDPC-DiscreteMI-v0,384,73,32,3.474627586007141,0.0
rl,dqn | LDPC-DiscreteMI-v0,384,73,33,3.247631607646666,0.0
rl,dqn | LDPC-DiscreteMI-v0,384,73,34,3.273463668015157,0.0
rl,dqn | LDPC-DiscreteMI-v0,384,73,35,3.451907233481356,0.0
rl,dqn | LDPC-DiscreteMI-v0,384,73,36,3.405606111260804,0.0
rl,dqn | LDPC-DiscreteMI-v0,384,73,37,2.724438229561849,0.0
rl,dqn | LDPC-DiscreteMI-v0,384,73,38,3.451907233481356,0.0
rl,dqn | LDPC-DiscreteMI-v0,384,73,39,3.420547480030548,0.0
rl,dqn | LDPC-DiscreteMI-v0,384,73,40,3.100547795631275,0.0
rl,dqn | LDPC-DiscreteMI-v0,384,73,41,3.451907233481356,0.0
rl,dqn | LDPC-DiscreteMI-v0,384,74,0,4.422382544201729,0.0
rl,dqn | LDPC-DiscreteMI-v0,384,74,1,4.495454725657839,0.0
rl,dqn | LDPC-DiscreteMI-v0,384,74,2,4.188496883782267,0.0
rl,dqn | LDPC-DiscreteMI-v0,384,74,3,4.33732041807605,0.0
rl,dqn | LDPC-DiscreteMI-v0,384,74,4,4.484448396353051,0.0
rl,dqn | LDPC-DiscreteMI-v0,384,74,5,4.564420912067882,0.0
rl,dqn | LDPC-DiscreteMI-v0,384,74,6,4.810689074156299,0.0
rl,dqn | LDPC-DiscreteMI-v0,384,74,7,4.480438663490418,0.0
rl,dqn | LDPC-DiscreteMI-v0,384,74,8,4.256078479898369,0.0
rl,dqn | LDPC-DiscreteMI-v0,384,74,9,4.237996309493003,0.0
rl,dqn | LDPC-DiscreteMI-v0,384,74,10,4.439444854277895,0.0
rl,dqn | LDPC-DiscreteMI-v0,384,74,11,4.498064788514997,0.0
rl,dqn | LDPC-DiscreteMI-v0,384,74,12,4.332868510062275,0.0
rl,dqn | LDPC-DiscreteMI-v0,384,74,13,4.256536417921963,0.0
rl,dqn | LDPC-DiscreteMI-v0,384,74,14,4.34614957566409,0.0
rl,dqn | LDPC-DiscreteMI-v0,384,74,15,4.46147925891832,0.0
rl,dqn | LDPC-DiscreteMI-v0,384,74,16,4.457960200073542,0.0
rl,dqn | LDPC-DiscreteMI-v0,384,74,17,4.466473957251738,0.0
rl,dqn | LDPC-DiscreteMI-v0,384,74,18,4.465050199186734,0.0
rl,dqn | LDPC-DiscreteMI-v0,384,74,19,4.255153574979312,0.0
rl,dqn | LDPC-DiscreteMI-v0,384,74,20,3.2360000370193167,0.0
rl,dqn | LDPC-DiscreteMI-v0,384,74,21,3.2222749574829836,0.0
rl,dqn | LDPC-DiscreteMI-v0,384,74,22,2.76139881037142,0.0
rl,dqn | LDPC-DiscreteMI-v0,384,74,23,3.442610033609416,0.0
rl,dqn | LDPC-DiscreteMI-v0,384,74,24,3.2811779540646975,0.0
rl,dqn | LDPC-DiscreteMI-v0,384,74,25,3.2032894583700107,0.0
rl,dqn | LDPC-DiscreteMI-v0,384,74,26,3.453815854254601,0.0
rl,dqn | LDPC-DiscreteMI-v0,384,74,27,3.0453447750374796,0.0
rl,dqn | LDPC-DiscreteMI-v0,384,74,28,3.292616220827218,0.0
rl,dqn | LDPC-DiscreteMI-v0,384,74,29,2.9154131964206256,0.0
rl,dqn | LDPC-DiscreteMI-v0,384,74,30,3.7251216718933877,0.0
rl,dqn | LDPC-DiscreteMI-v0,384,74,31,2.7123109058337938,0.0
rl,dqn | LDPC-DiscreteMI-v0,384,74,32,3.474627586007141,0.0
rl,dqn | LDPC-DiscreteMI-v0,384,74,33,3.247631607646666,0.0
rl,dqn | LDPC-DiscreteMI-v0,384,74,34,3.273463668015157,0.0
rl,dqn | LDPC-DiscreteMI-v0,384,74,35,3.451907233481356,0.0
rl,dqn | LDPC-DiscreteMI-v0,384,74,36,3.405606111260804,0.0
rl,dqn | LDPC-DiscreteMI-v0,384,74,37,2.724438229561849,0.0
rl,dqn | LDPC-DiscreteMI-v0,384,74,38,3.451907233481356,0.0
rl,dqn | LDPC-DiscreteMI-v0,384,74,39,3.420547480030548,0.0
rl,dqn | LDPC-DiscreteMI-v0,384,74,40,3.100547795631275,0.0
rl,dqn | LDPC-DiscreteMI-v0,384,74,41,3.451907233481356,0.0
rl,dqn | LDPC-DiscreteMI-v0,384,75,0,4.422382544201729,0.0
rl,dqn | LDPC-DiscreteMI-v0,384,75,1,4.495454725657839,0.0
rl,dqn | LDPC-DiscreteMI-v0,384,75,2,4.188496883782267,0.0
rl,dqn | LDPC-DiscreteMI-v0,384,75,3,4.33732041807605,0.0
rl,dqn | LDPC-DiscreteMI-v0,384,75,4,4.484448396353051,0.0
rl,dqn | LDPC-DiscreteMI-v0,384,75,5,4.564420912067882,0.0
rl,dqn | LDPC-DiscreteMI-v0,384,75,6,4.810689074156299,0.0
rl,dqn | LDPC-DiscreteMI-v0,384,75,7,4.480438663490418,0.0
rl,dqn | LDPC-DiscreteMI-v0,384,75,8,4.256078479898369,0.0
rl,dqn | LDPC-DiscreteMI-v0,384,75,9,4.237996309493003,0.0
rl,dqn | LDPC-DiscreteMI-v0,384,75,10,4.439444854277895,0.0
rl,dqn | LDPC-DiscreteMI-v0,384,75,11,4.498064788514997,0.0
rl,dqn | LDPC-DiscreteMI-v0,384,75,12,4.332868510062275,0.0
rl,dqn | LDPC-DiscreteMI-v0,384,75,13,4.256536417921963,0.0
rl,dqn | LDPC-DiscreteMI-v0,384,75,14,4.34614957566409,0.0
rl,dqn | LDPC-DiscreteMI-v0,384,75,15,4.46147925891832,0.0
rl,dqn | LDPC-DiscreteMI-v0,384,75,16,4.457960200073542,0.0
rl,dqn | LDPC-DiscreteMI-v0,384,75,17,4.466473957251738,0.0
rl,dqn | LDPC-DiscreteMI-v0,384,75,18,4.465050199186734,0.0
rl,dqn | LDPC-DiscreteMI-v0,384,75,19,4.255153574979312,0.0
rl,dqn | LDPC-DiscreteMI-v0,384,75,20,3.2360000370193167,0.0
rl,dqn | LDPC-DiscreteMI-v0,384,75,21,3.2222749574829836,0.0
rl,dqn | LDPC-DiscreteMI-v0,384,75,22,2.76139881037142,0.0
rl,dqn | LDPC-DiscreteMI-v0,384,75,23,3.442610033609416,0.0
rl,dqn | LDPC-DiscreteMI-v0,384,75,24,3.2811779540646975,0.0
rl,dqn | LDPC-DiscreteMI-v0,384,75,25,3.2032894583700107,0.0
rl,dqn | LDPC-DiscreteMI-v0,384,75,26,3.453815854254601,0.0
rl,dqn | LDPC-DiscreteMI-v0,384,75,27,3.0453447750374796,0.0
rl,dqn | LDPC-DiscreteMI-v0,384,75,28,3.292616220827218,0.0
rl,dqn | LDPC-DiscreteMI-v0,384,75,29,2.9154131964206256,0.0
rl,dqn | LDPC-DiscreteMI-v0,384,75,30,3.7251216718933877,0.0
rl,dqn | LDPC-DiscreteMI-v0,384,75,31,2.7123109058337938,0.0
rl,dqn | LDPC-DiscreteMI-v0,384,75,32,3.474627586007141,0.0
rl,dqn | LDPC-DiscreteMI-v0,384,75,33,3.247631607646666,0.0
rl,dqn | LDPC-DiscreteMI-v0,384,75,34,3.273463668015157,0.0
rl,dqn | LDPC-DiscreteMI-v0,384,75,35,3.451907233481356,0.0
rl,dqn | LDPC-DiscreteMI-v0,384,75,36,3.405606111260804,0.0
rl,dqn | LDPC-DiscreteMI-v0,384,75,37,2.724438229561849,0.0
rl,dqn | LDPC-DiscreteMI-v0,384,75,38,3.451907233481356,0.0
rl,dqn | LDPC-DiscreteMI-v0,384,75,39,3.420547480030548,0.0
rl,dqn | LDPC-DiscreteMI-v0,384,75,40,3.100547795631275,0.0
rl,dqn | LDPC-DiscreteMI-v0,384,75,41,3.451907233481356,0.0
rl,dqn | LDPC-DiscreteMI-v0,384,76,0,4.422382544201729,0.0
rl,dqn | LDPC-DiscreteMI-v0,384,76,1,4.495454725657839,0.0
rl,dqn | LDPC-DiscreteMI-v0,384,76,2,4.188496883782267,0.0
rl,dqn | LDPC-DiscreteMI-v0,384,76,3,4.33732041807605,0.0
rl,dqn | LDPC-DiscreteMI-v0,384,76,4,4.484448396353051,0.0
rl,dqn | LDPC-DiscreteMI-v0,384,76,5,4.564420912067882,0.0
rl,dqn | LDPC-DiscreteMI-v0,384,76,6,4.810689074156299,0.0
rl,dqn | LDPC-DiscreteMI-v0,384,76,7,4.480438663490418,0.0
rl,dqn | LDPC-DiscreteMI-v0,384,76,8,4.256078479898369,0.0
rl,dqn | LDPC-DiscreteMI-v0,384,76,9,4.237996309493003,0.0
rl,dqn | LDPC-DiscreteMI-v0,384,76,10,4.439444854277895,0.0
rl,dqn | LDPC-DiscreteMI-v0,384,76,11,4.498064788514997,0.0
rl,dqn | LDPC-DiscreteMI-v0,384,76,12,4.332868510062275,0.0
rl,dqn | LDPC-DiscreteMI-v0,384,76,13,4.256536417921963,0.0
rl,dqn | LDPC-DiscreteMI-v0,384,76,14,4.34614957566409,0.0
rl,dqn | LDPC-DiscreteMI-v0,384,76,15,4.46147925891832,0.0
rl,dqn | LDPC-DiscreteMI-v0,384,76,16,4.457960200073542,0.0
rl,dqn | LDPC-DiscreteMI-v0,384,76,17,4.466473957251738,0.0
rl,dqn | LDPC-DiscreteMI-v0,384,76,18,4.465050199186734,0.0
rl,dqn | LDPC-DiscreteMI-v0,384,76,19,4.255153574979312,0.0
rl,dqn | LDPC-DiscreteMI-v0,384,76,20,3.2360000370193167,0.0
rl,dqn | LDPC-DiscreteMI-v0,384,76,21,3.2222749574829836,0.0
rl,dqn | LDPC-DiscreteMI-v0,384,76,22,2.76139881037142,0.0
rl,dqn | LDPC-DiscreteMI-v0,384,76,23,3.442610033609416,0.0
rl,dqn | LDPC-DiscreteMI-v0,384,76,24,3.2811779540646975,0.0
rl,dqn | LDPC-DiscreteMI-v0,384,76,25,3.2032894583700107,0.0
rl,dqn | LDPC-DiscreteMI-v0,384,76,26,3.453815854254601,0.0
rl,dqn | LDPC-DiscreteMI-v0,384,76,27,3.0453447750374796,0.0
rl,dqn | LDPC-DiscreteMI-v0,384,76,28,3.292616220827218,0.0
rl,dqn | LDPC-DiscreteMI-v0,384,76,29,2.9154131964206256,0.0
rl,dqn | LDPC-DiscreteMI-v0,384,76,30,3.7251216718933877,0.0
rl,dqn | LDPC-DiscreteMI-v0,384,76,31,2.7123109058337938,0.0
rl,dqn | LDPC-DiscreteMI-v0,384,76,32,3.474627586007141,0.0
rl,dqn | LDPC-DiscreteMI-v0,384,76,33,3.247631607646666,0.0
rl,dqn | LDPC-DiscreteMI-v0,384,76,34,3.273463668015157,0.0
rl,dqn | LDPC-DiscreteMI-v0,384,76,35,3.451907233481356,0.0
rl,dqn | LDPC-DiscreteMI-v0,384,76,36,3.405606111260804,0.0
rl,dqn | LDPC-DiscreteMI-v0,384,76,37,2.724438229561849,0.0
rl,dqn | LDPC-DiscreteMI-v0,384,76,38,3.451907233481356,0.0
rl,dqn | LDPC-DiscreteMI-v0,384,76,39,3.420547480030548,0.0
rl,dqn | LDPC-DiscreteMI-v0,384,76,40,3.100547795631275,0.0
rl,dqn | LDPC-DiscreteMI-v0,384,76,41,3.451907233481356,0.0
rl,dqn | LDPC-DiscreteMI-v0,384,77,0,4.422382544201729,0.0
rl,dqn | LDPC-DiscreteMI-v0,384,77,1,4.495454725657839,0.0
rl,dqn | LDPC-DiscreteMI-v0,384,77,2,4.188496883782267,0.0
rl,dqn | LDPC-DiscreteMI-v0,384,77,3,4.33732041807605,0.0
rl,dqn | LDPC-DiscreteMI-v0,384,77,4,4.484448396353051,0.0
rl,dqn | LDPC-DiscreteMI-v0,384,77,5,4.564420912067882,0.0
rl,dqn | LDPC-DiscreteMI-v0,384,77,6,4.810689074156299,0.0
rl,dqn | LDPC-DiscreteMI-v0,384,77,7,4.480438663490418,0.0
rl,dqn | LDPC-DiscreteMI-v0,384,77,8,4.256078479898369,0.0
rl,dqn | LDPC-DiscreteMI-v0,384,77,9,4.237996309493003,0.0
rl,dqn | LDPC-DiscreteMI-v0,384,77,10,4.439444854277895,0.0
rl,dqn | LDPC-DiscreteMI-v0,384,77,11,4.498064788514997,0.0
rl,dqn | LDPC-DiscreteMI-v0,384,77,12,4.332868510062275,0.0
rl,dqn | LDPC-DiscreteMI-v0,384,77,13,4.256536417921963,0.0
rl,dqn | LDPC-DiscreteMI-v0,384,77,14,4.34614957566409,0.0
rl,dqn | LDPC-DiscreteMI-v0,384,77,15,4.46147925891832,0.0
rl,dqn | LDPC-DiscreteMI-v0,384,77,16,4.457960200073542,0.0
rl,dqn | LDPC-DiscreteMI-v0,384,77,17,4.466473957251738,0.0
rl,dqn | LDPC-DiscreteMI-v0,384,77,18,4.465050199186734,0.0
rl,dqn | LDPC-DiscreteMI-v0,384,77,19,4.255153574979312,0.0
rl,dqn | LDPC-DiscreteMI-v0,384,77,20,3.2360000370193167,0.0
rl,dqn | LDPC-DiscreteMI-v0,384,77,21,3.2222749574829836,0.0
rl,dqn | LDPC-DiscreteMI-v0,384,77,22,2.76139881037142,0.0
rl,dqn | LDPC-DiscreteMI-v0,384,77,23,3.442610033609416,0.0
rl,dqn | LDPC-DiscreteMI-v0,384,77,24,3.2811779540646975,0.0
rl,dqn | LDPC-DiscreteMI-v0,384,77,25,3.2032894583700107,0.0
rl,dqn | LDPC-DiscreteMI-v0,384,77,26,3.453815854254601,0.0
rl,dqn | LDPC-DiscreteMI-v0,384,77,27,3.0453447750374796,0.0
rl,dqn | LDPC-DiscreteMI-v0,384,77,28,3.292616220827218,0.0
rl,dqn | LDPC-DiscreteMI-v0,384,77,29,2.9154131964206256,0.0
rl,dqn | LDPC-DiscreteMI-v0,384,77,30,3.7251216718933877,0.0
rl,dqn | LDPC-DiscreteMI-v0,384,77,31,2.7123109058337938,0.0
rl,dqn | LDPC-DiscreteMI-v0,384,77,32,3.474627586007141,0.0
rl,dqn | LDPC-DiscreteMI-v0,384,77,33,3.247631607646666,0.0
rl,dqn | LDPC-DiscreteMI-v0,384,77,34,3.273463668015157,0.0
rl,dqn | LDPC-DiscreteMI-v0,384,77,35,3.451907233481356,0.0
rl,dqn | LDPC-DiscreteMI-v0,384,77,36,3.405606111260804,0.0
rl,dqn | LDPC-DiscreteMI-v0,384,77,37,2.724438229561849,0.0
rl,dqn | LDPC-DiscreteMI-v0,384,77,38,3.451907233481356,0.0
rl,dqn | LDPC-DiscreteMI-v0,384,77,39,3.420547480030548,0.0
rl,dqn | LDPC-DiscreteMI-v0,384,77,40,3.100547795631275,0.0
rl,dqn | LDPC-DiscreteMI-v0,384,77,41,3.451907233481356,0.0
rl,dqn | LDPC-DiscreteMI-v0,384,78,0,4.422382544201729,0.0
rl,dqn | LDPC-DiscreteMI-v0,384,78,1,4.495454725657839,0.0
rl,dqn | LDPC-DiscreteMI-v0,384,78,2,4.188496883782267,0.0
rl,dqn | LDPC-DiscreteMI-v0,384,78,3,4.33732041807605,0.0
rl,dqn | LDPC-DiscreteMI-v0,384,78,4,4.484448396353051,0.0
rl,dqn | LDPC-DiscreteMI-v0,384,78,5,4.564420912067882,0.0
rl,dqn | LDPC-DiscreteMI-v0,384,78,6,4.810689074156299,0.0
rl,dqn | LDPC-DiscreteMI-v0,384,78,7,4.480438663490418,0.0
rl,dqn | LDPC-DiscreteMI-v0,384,78,8,4.256078479898369,0.0
rl,dqn | LDPC-DiscreteMI-v0,384,78,9,4.237996309493003,0.0
rl,dqn | LDPC-DiscreteMI-v0,384,78,10,4.439444854277895,0.0
rl,dqn | LDPC-DiscreteMI-v0,384,78,11,4.498064788514997,0.0
rl,dqn | LDPC-DiscreteMI-v0,384,78,12,4.332868510062275,0.0
rl,dqn | LDPC-DiscreteMI-v0,384,78,13,4.256536417921963,0.0
rl,dqn | LDPC-DiscreteMI-v0,384,78,14,4.34614957566409,0.0
rl,dqn | LDPC-DiscreteMI-v0,384,78,15,4.46147925891832,0.0
rl,dqn | LDPC-DiscreteMI-v0,384,78,16,4.457960200073542,0.0
rl,dqn | LDPC-DiscreteMI-v0,384,78,17,4.466473957251738,0.0
rl,dqn | LDPC-DiscreteMI-v0,384,78,18,4.465050199186734,0.0
rl,dqn | LDPC-DiscreteMI-v0,384,78,19,4.255153574979312,0.0
rl,dqn | LDPC-DiscreteMI-v0,384,78,20,3.2360000370193167,0.0
rl,dqn | LDPC-DiscreteMI-v0,384,78,21,3.2222749574829836,0.0
rl,dqn | LDPC-DiscreteMI-v0,384,78,22,2.76139881037142,0.0
rl,dqn | LDPC-DiscreteMI-v0,384,78,23,3.442610033609416,0.0
rl,dqn | LDPC-DiscreteMI-v0,384,78,24,3.2811779540646975,0.0
rl,dqn | LDPC-DiscreteMI-v0,384,78,25,3.2032894583700107,0.0
rl,dqn | LDPC-DiscreteMI-v0,384,78,26,3.453815854254601,0.0
rl,dqn | LDPC-DiscreteMI-v0,384,78,27,3.0453447750374796,0.0
rl,dqn | LDPC-DiscreteMI-v0,384,78,28,3.292616220827218,0.0
rl,dqn | LDPC-DiscreteMI-v0,384,78,29,2.9154131964206256,0.0
rl,dqn | LDPC-DiscreteMI-v0,384,78,30,3.7251216718933877,0.0
rl,dqn | LDPC-DiscreteMI-v0,384,78,31,2.7123109058337938,0.0
rl,dqn | LDPC-DiscreteMI-v0,384,78,32,3.474627586007141,0.0
rl,dqn | LDPC-DiscreteMI-v0,384,78,33,3.247631607646666,0.0
rl,dqn | LDPC-DiscreteMI-v0,384,78,34,3.273463668015157,0.0
rl,dqn | LDPC-DiscreteMI-v0,384,78,35,3.451907233481356,0.0
rl,dqn | LDPC-DiscreteMI-v0,384,78,36,3.405606111260804,0.0
rl,dqn | LDPC-DiscreteMI-v0,384,78,37,2.724438229561849,0.0
rl,dqn | LDPC-DiscreteMI-v0,384,78,38,3.451907233481356,0.0
rl,dqn | LDPC-DiscreteMI-v0,384,78,39,3.420547480030548,0.0
rl,dqn | LDPC-DiscreteMI-v0,384,78,40,3.100547795631275,0.0
rl,dqn | LDPC-DiscreteMI-v0,384,78,41,3.451907233481356,0.0
rl,dqn | LDPC-DiscreteMI-v0,384,79,0,4.422382544201729,0.0
rl,dqn | LDPC-DiscreteMI-v0,384,79,1,4.495454725657839,0.0
rl,dqn | LDPC-DiscreteMI-v0,384,79,2,4.188496883782267,0.0
rl,dqn | LDPC-DiscreteMI-v0,384,79,3,4.33732041807605,0.0
rl,dqn | LDPC-DiscreteMI-v0,384,79,4,4.484448396353051,0.0
rl,dqn | LDPC-DiscreteMI-v0,384,79,5,4.564420912067882,0.0
rl,dqn | LDPC-DiscreteMI-v0,384,79,6,4.810689074156299,0.0
rl,dqn | LDPC-DiscreteMI-v0,384,79,7,4.480438663490418,0.0
rl,dqn | LDPC-DiscreteMI-v0,384,79,8,4.256078479898369,0.0
rl,dqn | LDPC-DiscreteMI-v0,384,79,9,4.237996309493003,0.0
rl,dqn | LDPC-DiscreteMI-v0,384,79,10,4.439444854277895,0.0
rl,dqn | LDPC-DiscreteMI-v0,384,79,11,4.498064788514997,0.0
rl,dqn | LDPC-DiscreteMI-v0,384,79,12,4.332868510062275,0.0
rl,dqn | LDPC-DiscreteMI-v0,384,79,13,4.256536417921963,0.0
rl,dqn | LDPC-DiscreteMI-v0,384,79,14,4.34614957566409,0.0
rl,dqn | LDPC-DiscreteMI-v0,384,79,15,4.46147925891832,0.0
rl,dqn | LDPC-DiscreteMI-v0,384,79,16,4.457960200073542,0.0
rl,dqn | LDPC-DiscreteMI-v0,384,79,17,4.466473957251738,0.0
rl,dqn | LDPC-DiscreteMI-v0,384,79,18,4.465050199186734,0.0
rl,dqn | LDPC-DiscreteMI-v0,384,79,19,4.255153574979312,0.0
rl,dqn | LDPC-DiscreteMI-v0,384,79,20,3.2360000370193167,0.0
rl,dqn | LDPC-DiscreteMI-v0,384,79,21,3.2222749574829836,0.0
rl,dqn | LDPC-DiscreteMI-v0,384,79,22,2.76139881037142,0.0
rl,dqn | LDPC-DiscreteMI-v0,384,79,23,3.442610033609416,0.0
rl,dqn | LDPC-DiscreteMI-v0,384,79,24,3.2811779540646975,0.0
rl,dqn | LDPC-DiscreteMI-v0,384,79,25,3.2032894583700107,0.0
rl,dqn | LDPC-DiscreteMI-v0,384,79,26,3.453815854254601,0.0
rl,dqn | LDPC-DiscreteMI-v0,384,79,27,3.0453447750374796,0.0
rl,dqn | LDPC-DiscreteMI-v0,384,79,28,3.292616220827218,0.0
rl,dqn | LDPC-DiscreteMI-v0,384,79,29,2.9154131964206256,0.0
rl,dqn | LDPC-DiscreteMI-v0,384,79,30,3.7251216718933877,0.0
rl,dqn | LDPC-DiscreteMI-v0,384,79,31,2.7123109058337938,0.0
rl,dqn | LDPC-DiscreteMI-v0,384,79,32,3.474627586007141,0.0
rl,dqn | LDPC-DiscreteMI-v0,384,79,33,3.247631607646666,0.0
rl,dqn | LDPC-DiscreteMI-v0,384,79,34,3.273463668015157,0.0
rl,dqn | LDPC-DiscreteMI-v0,384,79,35,3.451907233481356,0.0
rl,dqn | LDPC-DiscreteMI-v0,384,79,36,3.405606111260804,0.0
rl,dqn | LDPC-DiscreteMI-v0,384,79,37,2.724438229561849,0.0
rl,dqn | LDPC-DiscreteMI-v0,384,79,38,3.451907233481356,0.0
rl,dqn | LDPC-DiscreteMI-v0,384,79,39,3.420547480030548,0.0
rl,dqn | LDPC-DiscreteMI-v0,384,79,40,3.100547795631275,0.0
rl,dqn | LDPC-DiscreteMI-v0,384,79,41,3.451907233481356,0.0
rl,dqn | LDPC-DiscreteMI-v0,384,80,0,4.422382544201729,0.0
rl,dqn | LDPC-DiscreteMI-v0,384,80,1,4.495454725657839,0.0
rl,dqn | LDPC-DiscreteMI-v0,384,80,2,4.188496883782267,0.0
rl,dqn | LDPC-DiscreteMI-v0,384,80,3,4.33732041807605,0.0
rl,dqn | LDPC-DiscreteMI-v0,384,80,4,4.484448396353051,0.0
rl,dqn | LDPC-DiscreteMI-v0,384,80,5,4.564420912067882,0.0
rl,dqn | LDPC-DiscreteMI-v0,384,80,6,4.810689074156299,0.0
rl,dqn | LDPC-DiscreteMI-v0,384,80,7,4.480438663490418,0.0
rl,dqn | LDPC-DiscreteMI-v0,384,80,8,4.256078479898369,0.0
rl,dqn | LDPC-DiscreteMI-v0,384,80,9,4.237996309493003,0.0
rl,dqn | LDPC-DiscreteMI-v0,384,80,10,4.439444854277895,0.0
rl,dqn | LDPC-DiscreteMI-v0,384,80,11,4.498064788514997,0.0
rl,dqn | LDPC-DiscreteMI-v0,384,80,12,4.332868510062275,0.0
rl,dqn | LDPC-DiscreteMI-v0,384,80,13,4.256536417921963,0.0
rl,dqn | LDPC-DiscreteMI-v0,384,80,14,4.34614957566409,0.0
rl,dqn | LDPC-DiscreteMI-v0,384,80,15,4.46147925891832,0.0
rl,dqn | LDPC-DiscreteMI-v0,384,80,16,4.457960200073542,0.0
rl,dqn | LDPC-DiscreteMI-v0,384,80,17,4.466473957251738,0.0
rl,dqn | LDPC-DiscreteMI-v0,384,80,18,4.465050199186734,0.0
rl,dqn | LDPC-DiscreteMI-v0,384,80,19,4.255153574979312,0.0
rl,dqn | LDPC-DiscreteMI-v0,384,80,20,3.2360000370193167,0.0
rl,dqn | LDPC-DiscreteMI-v0,384,80,21,3.2222749574829836,0.0
rl,dqn | LDPC-DiscreteMI-v0,384,80,22,2.76139881037142,0.0
rl,dqn | LDPC-DiscreteMI-v0,384,80,23,3.442610033609416,0.0
rl,dqn | LDPC-DiscreteMI-v0,384,80,24,3.2811779540646975,0.0
rl,dqn | LDPC-DiscreteMI-v0,384,80,25,3.2032894583700107,0.0
rl,dqn | LDPC-DiscreteMI-v0,384,80,26,3.453815854254601,0.0
rl,dqn | LDPC-DiscreteMI-v0,384,80,27,3.0453447750374796,0.0
rl,dqn | LDPC-DiscreteMI-v0,384,80,28,3.292616220827218,0.0
rl,dqn | LDPC-DiscreteMI-v0,384,80,29,2.9154131964206256,0.0
rl,dqn | LDPC-DiscreteMI-v0,384,80,30,3.7251216718933877,0.0
rl,dqn | LDPC-DiscreteMI-v0,384,80,31,2.7123109058337938,0.0
rl,dqn | LDPC-DiscreteMI-v0,384,80,32,3.474627586007141,0.0
rl,dqn | LDPC-DiscreteMI-v0,384,80,33,3.247631607646666,0.0
rl,dqn | LDPC-DiscreteMI-v0,384,80,34,3.273463668015157,0.0
rl,dqn | LDPC-DiscreteMI-v0,384,80,35,3.451907233481356,0.0
rl,dqn | LDPC-DiscreteMI-v0,384,80,36,3.405606111260804,0.0
rl,dqn | LDPC-DiscreteMI-v0,384,80,37,2.724438229561849,0.0
rl,dqn | LDPC-DiscreteMI-v0,384,80,38,3.451907233481356,0.0
rl,dqn | LDPC-DiscreteMI-v0,384,80,39,3.420547480030548,0.0
rl,dqn | LDPC-DiscreteMI-v0,384,80,40,3.100547795631275,0.0
rl,dqn | LDPC-DiscreteMI-v0,384,80,41,3.451907233481356,0.0
rl,dqn | LDPC-DiscreteMI-v0,384,81,0,4.422382544201729,0.0
rl,dqn | LDPC-DiscreteMI-v0,384,81,1,4.495454725657839,0.0
rl,dqn | LDPC-DiscreteMI-v0,384,81,2,4.188496883782267,0.0
rl,dqn | LDPC-DiscreteMI-v0,384,81,3,4.33732041807605,0.0
rl,dqn | LDPC-DiscreteMI-v0,384,81,4,4.484448396353051,0.0
rl,dqn | LDPC-DiscreteMI-v0,384,81,5,4.564420912067882,0.0
rl,dqn | LDPC-DiscreteMI-v0,384,81,6,4.810689074156299,0.0
rl,dqn | LDPC-DiscreteMI-v0,384,81,7,4.480438663490418,0.0
rl,dqn | LDPC-DiscreteMI-v0,384,81,8,4.256078479898369,0.0
rl,dqn | LDPC-DiscreteMI-v0,384,81,9,4.237996309493003,0.0
rl,dqn | LDPC-DiscreteMI-v0,384,81,10,4.439444854277895,0.0
rl,dqn | LDPC-DiscreteMI-v0,384,81,11,4.498064788514997,0.0
rl,dqn | LDPC-DiscreteMI-v0,384,81,12,4.332868510062275,0.0
rl,dqn | LDPC-DiscreteMI-v0,384,81,13,4.256536417921963,0.0
rl,dqn | LDPC-DiscreteMI-v0,384,81,14,4.34614957566409,0.0
rl,dqn | LDPC-DiscreteMI-v0,384,81,15,4.46147925891832,0.0
rl,dqn | LDPC-DiscreteMI-v0,384,81,16,4.457960200073542,0.0
rl,dqn | LDPC-DiscreteMI-v0,384,81,17,4.466473957251738,0.0
rl,dqn | LDPC-DiscreteMI-v0,384,81,18,4.465050199186734,0.0
rl,dqn | LDPC-DiscreteMI-v0,384,81,19,4.255153574979312,0.0
rl,dqn | LDPC-DiscreteMI-v0,384,81,20,3.2360000370193167,0.0
rl,dqn | LDPC-DiscreteMI-v0,384,81,21,3.2222749574829836,0.0
rl,dqn | LDPC-DiscreteMI-v0,384,81,22,2.76139881037142,0.0
rl,dqn | LDPC-DiscreteMI-v0,384,81,23,3.442610033609416,0.0
rl,dqn | LDPC-DiscreteMI-v0,384,81,24,3.2811779540646975,0.0
rl,dqn | LDPC-DiscreteMI-v0,384,81,25,3.2032894583700107,0.0
rl,dqn | LDPC-DiscreteMI-v0,384,81,26,3.453815854254601,0.0
rl,dqn | LDPC-DiscreteMI-v0,384,81,27,3.0453447750374796,0.0
rl,dqn | LDPC-DiscreteMI-v0,384,81,28,3.292616220827218,0.0
rl,dqn | LDPC-DiscreteMI-v0,384,81,29,2.9154131964206256,0.0
rl,dqn | LDPC-DiscreteMI-v0,384,81,30,3.7251216718933877,0.0
rl,dqn | LDPC-DiscreteMI-v0,384,81,31,2.7123109058337938,0.0
rl,dqn | LDPC-DiscreteMI-v0,384,81,32,3.474627586007141,0.0
rl,dqn | LDPC-DiscreteMI-v0,384,81,33,3.247631607646666,0.0
rl,dqn | LDPC-DiscreteMI-v0,384,81,34,3.273463668015157,0.0
rl,dqn | LDPC-DiscreteMI-v0,384,81,35,3.451907233481356,0.0
rl,dqn | LDPC-DiscreteMI-v0,384,81,36,3.405606111260804,0.0
rl,dqn | LDPC-DiscreteMI-v0,384,81,37,2.724438229561849,0.0
rl,dqn | LDPC-DiscreteMI-v0,384,81,38,3.451907233481356,0.0
rl,dqn | LDPC-DiscreteMI-v0,384,81,39,3.420547480030548,0.0
rl,dqn | LDPC-DiscreteMI-v0,384,81,40,3.100547795631275,0.0
rl,dqn | LDPC-DiscreteMI-v0,384,81,41,3.451907233481356,0.0
rl,dqn | LDPC-DiscreteMI-v0,384,82,0,4.422382544201729,0.0
rl,dqn | LDPC-DiscreteMI-v0,384,82,1,4.495454725657839,0.0
rl,dqn | LDPC-DiscreteMI-v0,384,82,2,4.188496883782267,0.0
rl,dqn | LDPC-DiscreteMI-v0,384,82,3,4.33732041807605,0.0
rl,dqn | LDPC-DiscreteMI-v0,384,82,4,4.484448396353051,0.0
rl,dqn | LDPC-DiscreteMI-v0,384,82,5,4.564420912067882,0.0
rl,dqn | LDPC-DiscreteMI-v0,384,82,6,4.810689074156299,0.0
rl,dqn | LDPC-DiscreteMI-v0,384,82,7,4.480438663490418,0.0
rl,dqn | LDPC-DiscreteMI-v0,384,82,8,4.256078479898369,0.0
rl,dqn | LDPC-DiscreteMI-v0,384,82,9,4.237996309493003,0.0
rl,dqn | LDPC-DiscreteMI-v0,384,82,10,4.439444854277895,0.0
rl,dqn | LDPC-DiscreteMI-v0,384,82,11,4.498064788514997,0.0
rl,dqn | LDPC-DiscreteMI-v0,384,82,12,4.332868510062275,0.0
rl,dqn | LDPC-DiscreteMI-v0,384,82,13,4.256536417921963,0.0
rl,dqn | LDPC-DiscreteMI-v0,384,82,14,4.34614957566409,0.0
rl,dqn | LDPC-DiscreteMI-v0,384,82,15,4.46147925891832,0.0
rl,dqn | LDPC-DiscreteMI-v0,384,82,16,4.457960200073542,0.0
rl,dqn | LDPC-DiscreteMI-v0,384,82,17,4.466473957251738,0.0
rl,dqn | LDPC-DiscreteMI-v0,384,82,18,4.465050199186734,0.0
rl,dqn | LDPC-DiscreteMI-v0,384,82,19,4.255153574979312,0.0
rl,dqn | LDPC-DiscreteMI-v0,384,82,20,3.2360000370193167,0.0
rl,dqn | LDPC-DiscreteMI-v0,384,82,21,3.2222749574829836,0.0
rl,dqn | LDPC-DiscreteMI-v0,384,82,22,2.76139881037142,0.0
rl,dqn | LDPC-DiscreteMI-v0,384,82,23,3.442610033609416,0.0
rl,dqn | LDPC-DiscreteMI-v0,384,82,24,3.2811779540646975,0.0
rl,dqn | LDPC-DiscreteMI-v0,384,82,25,3.2032894583700107,0.0
rl,dqn | LDPC-DiscreteMI-v0,384,82,26,3.453815854254601,0.0
rl,dqn | LDPC-DiscreteMI-v0,384,82,27,3.0453447750374796,0.0
rl,dqn | LDPC-DiscreteMI-v0,384,82,28,3.292616220827218,0.0
rl,dqn | LDPC-DiscreteMI-v0,384,82,29,2.9154131964206256,0.0
rl,dqn | LDPC-DiscreteMI-v0,384,82,30,3.7251216718933877,0.0
rl,dqn | LDPC-DiscreteMI-v0,384,82,31,2.7123109058337938,0.0
rl,dqn | LDPC-DiscreteMI-v0,384,82,32,3.474627586007141,0.0
rl,dqn | LDPC-DiscreteMI-v0,384,82,33,3.247631607646666,0.0
rl,dqn | LDPC-DiscreteMI-v0,384,82,34,3.273463668015157,0.0
rl,dqn | LDPC-DiscreteMI-v0,384,82,35,3.451907233481356,0.0
rl,dqn | LDPC-DiscreteMI-v0,384,82,36,3.405606111260804,0.0
rl,dqn | LDPC-DiscreteMI-v0,384,82,37,2.724438229561849,0.0
rl,dqn | LDPC-DiscreteMI-v0,384,82,38,3.451907233481356,0.0
rl,dqn | LDPC-DiscreteMI-v0,384,82,39,3.420547480030548,0.0
rl,dqn | LDPC-DiscreteMI-v0,384,82,40,3.100547795631275,0.0
rl,dqn | LDPC-DiscreteMI-v0,384,82,41,3.451907233481356,0.0
rl,dqn | LDPC-DiscreteMI-v0,384,83,0,4.422382544201729,0.0
rl,dqn | LDPC-DiscreteMI-v0,384,83,1,4.495454725657839,0.0
rl,dqn | LDPC-DiscreteMI-v0,384,83,2,4.188496883782267,0.0
rl,dqn | LDPC-DiscreteMI-v0,384,83,3,4.33732041807605,0.0
rl,dqn | LDPC-DiscreteMI-v0,384,83,4,4.484448396353051,0.0
rl,dqn | LDPC-DiscreteMI-v0,384,83,5,4.564420912067882,0.0
rl,dqn | LDPC-DiscreteMI-v0,384,83,6,4.810689074156299,0.0
rl,dqn | LDPC-DiscreteMI-v0,384,83,7,4.480438663490418,0.0
rl,dqn | LDPC-DiscreteMI-v0,384,83,8,4.256078479898369,0.0
rl,dqn | LDPC-DiscreteMI-v0,384,83,9,4.237996309493003,0.0
rl,dqn | LDPC-DiscreteMI-v0,384,83,10,4.439444854277895,0.0
rl,dqn | LDPC-DiscreteMI-v0,384,83,11,4.498064788514997,0.0
rl,dqn | LDPC-DiscreteMI-v0,384,83,12,4.332868510062275,0.0
rl,dqn | LDPC-DiscreteMI-v0,384,83,13,4.256536417921963,0.0
rl,dqn | LDPC-DiscreteMI-v0,384,83,14,4.34614957566409,0.0
rl,dqn | LDPC-DiscreteMI-v0,384,83,15,4.46147925891832,0.0
rl,dqn | LDPC-DiscreteMI-v0,384,83,16,4.457960200073542,0.0
rl,dqn | LDPC-DiscreteMI-v0,384,83,17,4.466473957251738,0.0
rl,dqn | LDPC-DiscreteMI-v0,384,83,18,4.465050199186734,0.0
rl,dqn | LDPC-DiscreteMI-v0,384,83,19,4.255153574979312,0.0
rl,dqn | LDPC-DiscreteMI-v0,384,83,20,3.2360000370193167,0.0
rl,dqn | LDPC-DiscreteMI-v0,384,83,21,3.2222749574829836,0.0
rl,dqn | LDPC-DiscreteMI-v0,384,83,22,2.76139881037142,0.0
rl,dqn | LDPC-DiscreteMI-v0,384,83,23,3.442610033609416,0.0
rl,dqn | LDPC-DiscreteMI-v0,384,83,24,3.2811779540646975,0.0
rl,dqn | LDPC-DiscreteMI-v0,384,83,25,3.2032894583700107,0.0
rl,dqn | LDPC-DiscreteMI-v0,384,83,26,3.453815854254601,0.0
rl,dqn | LDPC-DiscreteMI-v0,384,83,27,3.0453447750374796,0.0
rl,dqn | LDPC-DiscreteMI-v0,384,83,28,3.292616220827218,0.0
rl,dqn | LDPC-DiscreteMI-v0,384,83,29,2.9154131964206256,0.0
rl,dqn | LDPC-DiscreteMI-v0,384,83,30,3.7251216718933877,0.0
rl,dqn | LDPC-DiscreteMI-v0,384,83,31,2.7123109058337938,0.0
rl,dqn | LDPC-DiscreteMI-v0,384,83,32,3.474627586007141,0.0
rl,dqn | LDPC-DiscreteMI-v0,384,83,33,3.247631607646666,0.0
rl,dqn | LDPC-DiscreteMI-v0,384,83,34,3.273463668015157,0.0
rl,dqn | LDPC-DiscreteMI-v0,384,83,35,3.451907233481356,0.0
rl,dqn | LDPC-DiscreteMI-v0,384,83,36,3.405606111260804,0.0
rl,dqn | LDPC-DiscreteMI-v0,384,83,37,2.724438229561849,0.0
rl,dqn | LDPC-DiscreteMI-v0,384,83,38,3.451907233481356,0.0
rl,dqn | LDPC-DiscreteMI-v0,384,83,39,3.420547480030548,0.0
rl,dqn | LDPC-DiscreteMI-v0,384,83,40,3.100547795631275,0.0
rl,dqn | LDPC-DiscreteMI-v0,384,83,41,3.451907233481356,0.0
rl,dqn | LDPC-DiscreteMI-v0,384,84,0,4.422382544201729,0.0
rl,dqn | LDPC-DiscreteMI-v0,384,84,1,4.495454725657839,0.0
rl,dqn | LDPC-DiscreteMI-v0,384,84,2,4.188496883782267,0.0
rl,dqn | LDPC-DiscreteMI-v0,384,84,3,4.33732041807605,0.0
rl,dqn | LDPC-DiscreteMI-v0,384,84,4,4.484448396353051,0.0
rl,dqn | LDPC-DiscreteMI-v0,384,84,5,4.564420912067882,0.0
rl,dqn | LDPC-DiscreteMI-v0,384,84,6,4.810689074156299,0.0
rl,dqn | LDPC-DiscreteMI-v0,384,84,7,4.480438663490418,0.0
rl,dqn | LDPC-DiscreteMI-v0,384,84,8,4.256078479898369,0.0
rl,dqn | LDPC-DiscreteMI-v0,384,84,9,4.237996309493003,0.0
rl,dqn | LDPC-DiscreteMI-v0,384,84,10,4.439444854277895,0.0
rl,dqn | LDPC-DiscreteMI-v0,384,84,11,4.498064788514997,0.0
rl,dqn | LDPC-DiscreteMI-v0,384,84,12,4.332868510062275,0.0
rl,dqn | LDPC-DiscreteMI-v0,384,84,13,4.256536417921963,0.0
rl,dqn | LDPC-DiscreteMI-v0,384,84,14,4.34614957566409,0.0
rl,dqn | LDPC-DiscreteMI-v0,384,84,15,4.46147925891832,0.0
rl,dqn | LDPC-DiscreteMI-v0,384,84,16,4.457960200073542,0.0
rl,dqn | LDPC-DiscreteMI-v0,384,84,17,4.466473957251738,0.0
rl,dqn | LDPC-DiscreteMI-v0,384,84,18,4.465050199186734,0.0
rl,dqn | LDPC-DiscreteMI-v0,384,84,19,4.255153574979312,0.0
rl,dqn | LDPC-DiscreteMI-v0,384,84,20,3.2360000370193167,0.0
rl,dqn | LDPC-DiscreteMI-v0,384,84,21,3.2222749574829836,0.0
rl,dqn | LDPC-DiscreteMI-v0,384,84,22,2.76139881037142,0.0
rl,dqn | LDPC-DiscreteMI-v0,384,84,23,3.442610033609416,0.0
rl,dqn | LDPC-DiscreteMI-v0,384,84,24,3.2811779540646975,0.0
rl,dqn | LDPC-DiscreteMI-v0,384,84,25,3.2032894583700107,0.0
rl,dqn | LDPC-DiscreteMI-v0,384,84,26,3.453815854254601,0.0
rl,dqn | LDPC-DiscreteMI-v0,384,84,27,3.0453447750374796,0.0
rl,dqn | LDPC-DiscreteMI-v0,384,84,28,3.292616220827218,0.0
rl,dqn | LDPC-DiscreteMI-v0,384,84,29,2.9154131964206256,0.0
rl,dqn | LDPC-DiscreteMI-v0,384,84,30,3.7251216718933877,0.0
rl,dqn | LDPC-DiscreteMI-v0,384,84,31,2.7123109058337938,0.0
rl,dqn | LDPC-DiscreteMI-v0,384,84,32,3.474627586007141,0.0
rl,dqn | LDPC-DiscreteMI-v0,384,84,33,3.247631607646666,0.0
rl,dqn | LDPC-DiscreteMI-v0,384,84,34,3.273463668015157,0.0
rl,dqn | LDPC-DiscreteMI-v0,384,84,35,3.451907233481356,0.0
rl,dqn | LDPC-DiscreteMI-v0,384,84,36,3.405606111260804,0.0
rl,dqn | LDPC-DiscreteMI-v0,384,84,37,2.724438229561849,0.0
rl,dqn | LDPC-DiscreteMI-v0,384,84,38,3.451907233481356,0.0
rl,dqn | LDPC-DiscreteMI-v0,384,84,39,3.420547480030548,0.0
rl,dqn | LDPC-DiscreteMI-v0,384,84,40,3.100547795631275,0.0
rl,dqn | LDPC-DiscreteMI-v0,384,84,41,3.451907233481356,0.0
rl,dqn | LDPC-DiscreteMI-v0,384,85,0,4.422382544201729,0.0
rl,dqn | LDPC-DiscreteMI-v0,384,85,1,4.495454725657839,0.0
rl,dqn | LDPC-DiscreteMI-v0,384,85,2,4.188496883782267,0.0
rl,dqn | LDPC-DiscreteMI-v0,384,85,3,4.33732041807605,0.0
rl,dqn | LDPC-DiscreteMI-v0,384,85,4,4.484448396353051,0.0
rl,dqn | LDPC-DiscreteMI-v0,384,85,5,4.564420912067882,0.0
rl,dqn | LDPC-DiscreteMI-v0,384,85,6,4.810689074156299,0.0
rl,dqn | LDPC-DiscreteMI-v0,384,85,7,4.480438663490418,0.0
rl,dqn | LDPC-DiscreteMI-v0,384,85,8,4.256078479898369,0.0
rl,dqn | LDPC-DiscreteMI-v0,384,85,9,4.237996309493003,0.0
rl,dqn | LDPC-DiscreteMI-v0,384,85,10,4.439444854277895,0.0
rl,dqn | LDPC-DiscreteMI-v0,384,85,11,4.498064788514997,0.0
rl,dqn | LDPC-DiscreteMI-v0,384,85,12,4.332868510062275,0.0
rl,dqn | LDPC-DiscreteMI-v0,384,85,13,4.256536417921963,0.0
rl,dqn | LDPC-DiscreteMI-v0,384,85,14,4.34614957566409,0.0
rl,dqn | LDPC-DiscreteMI-v0,384,85,15,4.46147925891832,0.0
rl,dqn | LDPC-DiscreteMI-v0,384,85,16,4.457960200073542,0.0
rl,dqn | LDPC-DiscreteMI-v0,384,85,17,4.466473957251738,0.0
rl,dqn | LDPC-DiscreteMI-v0,384,85,18,4.465050199186734,0.0
rl,dqn | LDPC-DiscreteMI-v0,384,85,19,4.255153574979312,0.0
rl,dqn | LDPC-DiscreteMI-v0,384,85,20,3.2360000370193167,0.0
rl,dqn | LDPC-DiscreteMI-v0,384,85,21,3.2222749574829836,0.0
rl,dqn | LDPC-DiscreteMI-v0,384,85,22,2.76139881037142,0.0
rl,dqn | LDPC-DiscreteMI-v0,384,85,23,3.442610033609416,0.0
rl,dqn | LDPC-DiscreteMI-v0,384,85,24,3.2811779540646975,0.0
rl,dqn | LDPC-DiscreteMI-v0,384,85,25,3.2032894583700107,0.0
rl,dqn | LDPC-DiscreteMI-v0,384,85,26,3.453815854254601,0.0
rl,dqn | LDPC-DiscreteMI-v0,384,85,27,3.0453447750374796,0.0
rl,dqn | LDPC-DiscreteMI-v0,384,85,28,3.292616220827218,0.0
rl,dqn | LDPC-DiscreteMI-v0,384,85,29,2.9154131964206256,0.0
rl,dqn | LDPC-DiscreteMI-v0,384,85,30,3.7251216718933877,0.0
rl,dqn | LDPC-DiscreteMI-v0,384,85,31,2.7123109058337938,0.0
rl,dqn | LDPC-DiscreteMI-v0,384,85,32,3.474627586007141,0.0
rl,dqn | LDPC-DiscreteMI-v0,384,85,33,3.247631607646666,0.0
rl,dqn | LDPC-DiscreteMI-v0,384,85,34,3.273463668015157,0.0
rl,dqn | LDPC-DiscreteMI-v0,384,85,35,3.451907233481356,0.0
rl,dqn | LDPC-DiscreteMI-v0,384,85,36,3.405606111260804,0.0
rl,dqn | LDPC-DiscreteMI-v0,384,85,37,2.724438229561849,0.0
rl,dqn | LDPC-DiscreteMI-v0,384,85,38,3.451907233481356,0.0
rl,dqn | LDPC-DiscreteMI-v0,384,85,39,3.420547480030548,0.0
rl,dqn | LDPC-DiscreteMI-v0,384,85,40,3.100547795631275,0.0
rl,dqn | LDPC-DiscreteMI-v0,384,85,41,3.451907233481356,0.0
rl,dqn | LDPC-DiscreteMI-v0,384,86,0,4.422382544201729,0.0
rl,dqn | LDPC-DiscreteMI-v0,384,86,1,4.495454725657839,0.0
rl,dqn | LDPC-DiscreteMI-v0,384,86,2,4.188496883782267,0.0
rl,dqn | LDPC-DiscreteMI-v0,384,86,3,4.33732041807605,0.0
rl,dqn | LDPC-DiscreteMI-v0,384,86,4,4.484448396353051,0.0
rl,dqn | LDPC-DiscreteMI-v0,384,86,5,4.564420912067882,0.0
rl,dqn | LDPC-DiscreteMI-v0,384,86,6,4.810689074156299,0.0
rl,dqn | LDPC-DiscreteMI-v0,384,86,7,4.480438663490418,0.0
rl,dqn | LDPC-DiscreteMI-v0,384,86,8,4.256078479898369,0.0
rl,dqn | LDPC-DiscreteMI-v0,384,86,9,4.237996309493003,0.0
rl,dqn | LDPC-DiscreteMI-v0,384,86,10,4.439444854277895,0.0
rl,dqn | LDPC-DiscreteMI-v0,384,86,11,4.498064788514997,0.0
rl,dqn | LDPC-DiscreteMI-v0,384,86,12,4.332868510062275,0.0
rl,dqn | LDPC-DiscreteMI-v0,384,86,13,4.256536417921963,0.0
rl,dqn | LDPC-DiscreteMI-v0,384,86,14,4.34614957566409,0.0
rl,dqn | LDPC-DiscreteMI-v0,384,86,15,4.46147925891832,0.0
rl,dqn | LDPC-DiscreteMI-v0,384,86,16,4.457960200073542,0.0
rl,dqn | LDPC-DiscreteMI-v0,384,86,17,4.466473957251738,0.0
rl,dqn | LDPC-DiscreteMI-v0,384,86,18,4.465050199186734,0.0
rl,dqn | LDPC-DiscreteMI-v0,384,86,19,4.255153574979312,0.0
rl,dqn | LDPC-DiscreteMI-v0,384,86,20,3.2360000370193167,0.0
rl,dqn | LDPC-DiscreteMI-v0,384,86,21,3.2222749574829836,0.0
rl,dqn | LDPC-DiscreteMI-v0,384,86,22,2.76139881037142,0.0
rl,dqn | LDPC-DiscreteMI-v0,384,86,23,3.442610033609416,0.0
rl,dqn | LDPC-DiscreteMI-v0,384,86,24,3.2811779540646975,0.0
rl,dqn | LDPC-DiscreteMI-v0,384,86,25,3.2032894583700107,0.0
rl,dqn | LDPC-DiscreteMI-v0,384,86,26,3.453815854254601,0.0
rl,dqn | LDPC-DiscreteMI-v0,384,86,27,3.0453447750374796,0.0
rl,dqn | LDPC-DiscreteMI-v0,384,86,28,3.292616220827218,0.0
rl,dqn | LDPC-DiscreteMI-v0,384,86,29,2.9154131964206256,0.0
rl,dqn | LDPC-DiscreteMI-v0,384,86,30,3.7251216718933877,0.0
rl,dqn | LDPC-DiscreteMI-v0,384,86,31,2.7123109058337938,0.0
rl,dqn | LDPC-DiscreteMI-v0,384,86,32,3.474627586007141,0.0
rl,dqn | LDPC-DiscreteMI-v0,384,86,33,3.247631607646666,0.0
rl,dqn | LDPC-DiscreteMI-v0,384,86,34,3.273463668015157,0.0
rl,dqn | LDPC-DiscreteMI-v0,384,86,35,3.451907233481356,0.0
rl,dqn | LDPC-DiscreteMI-v0,384,86,36,3.405606111260804,0.0
rl,dqn | LDPC-DiscreteMI-v0,384,86,37,2.724438229561849,0.0
rl,dqn | LDPC-DiscreteMI-v0,384,86,38,3.451907233481356,0.0
rl,dqn | LDPC-DiscreteMI-v0,384,86,39,3.420547480030548,0.0
rl,dqn | LDPC-DiscreteMI-v0,384,86,40,3.100547795631275,0.0
rl,dqn | LDPC-DiscreteMI-v0,384,86,41,3.451907233481356,0.0
rl,dqn | LDPC-DiscreteMI-v0,384,87,0,4.422382544201729,0.0
rl,dqn | LDPC-DiscreteMI-v0,384,87,1,4.495454725657839,0.0
rl,dqn | LDPC-DiscreteMI-v0,384,87,2,4.188496883782267,0.0
rl,dqn | LDPC-DiscreteMI-v0,384,87,3,4.33732041807605,0.0
rl,dqn | LDPC-DiscreteMI-v0,384,87,4,4.484448396353051,0.0
rl,dqn | LDPC-DiscreteMI-v0,384,87,5,4.564420912067882,0.0
rl,dqn | LDPC-DiscreteMI-v0,384,87,6,4.810689074156299,0.0
rl,dqn | LDPC-DiscreteMI-v0,384,87,7,4.480438663490418,0.0
rl,dqn | LDPC-DiscreteMI-v0,384,87,8,4.256078479898369,0.0
rl,dqn | LDPC-DiscreteMI-v0,384,87,9,4.237996309493003,0.0
rl,dqn | LDPC-DiscreteMI-v0,384,87,10,4.439444854277895,0.0
rl,dqn | LDPC-DiscreteMI-v0,384,87,11,4.498064788514997,0.0
rl,dqn | LDPC-DiscreteMI-v0,384,87,12,4.332868510062275,0.0
rl,dqn | LDPC-DiscreteMI-v0,384,87,13,4.256536417921963,0.0
rl,dqn | LDPC-DiscreteMI-v0,384,87,14,4.34614957566409,0.0
rl,dqn | LDPC-DiscreteMI-v0,384,87,15,4.46147925891832,0.0
rl,dqn | LDPC-DiscreteMI-v0,384,87,16,4.457960200073542,0.0
rl,dqn | LDPC-DiscreteMI-v0,384,87,17,4.466473957251738,0.0
rl,dqn | LDPC-DiscreteMI-v0,384,87,18,4.465050199186734,0.0
rl,dqn | LDPC-DiscreteMI-v0,384,87,19,4.255153574979312,0.0
rl,dqn | LDPC-DiscreteMI-v0,384,87,20,3.2360000370193167,0.0
rl,dqn | LDPC-DiscreteMI-v0,384,87,21,3.2222749574829836,0.0
rl,dqn | LDPC-DiscreteMI-v0,384,87,22,2.76139881037142,0.0
rl,dqn | LDPC-DiscreteMI-v0,384,87,23,3.442610033609416,0.0
rl,dqn | LDPC-DiscreteMI-v0,384,87,24,3.2811779540646975,0.0
rl,dqn | LDPC-DiscreteMI-v0,384,87,25,3.2032894583700107,0.0
rl,dqn | LDPC-DiscreteMI-v0,384,87,26,3.453815854254601,0.0
rl,dqn | LDPC-DiscreteMI-v0,384,87,27,3.0453447750374796,0.0
rl,dqn | LDPC-DiscreteMI-v0,384,87,28,3.292616220827218,0.0
rl,dqn | LDPC-DiscreteMI-v0,384,87,29,2.9154131964206256,0.0
rl,dqn | LDPC-DiscreteMI-v0,384,87,30,3.7251216718933877,0.0
rl,dqn | LDPC-DiscreteMI-v0,384,87,31,2.7123109058337938,0.0
rl,dqn | LDPC-DiscreteMI-v0,384,87,32,3.474627586007141,0.0
rl,dqn | LDPC-DiscreteMI-v0,384,87,33,3.247631607646666,0.0
rl,dqn | LDPC-DiscreteMI-v0,384,87,34,3.273463668015157,0.0
rl,dqn | LDPC-DiscreteMI-v0,384,87,35,3.451907233481356,0.0
rl,dqn | LDPC-DiscreteMI-v0,384,87,36,3.405606111260804,0.0
rl,dqn | LDPC-DiscreteMI-v0,384,87,37,2.724438229561849,0.0
rl,dqn | LDPC-DiscreteMI-v0,384,87,38,3.451907233481356,0.0
rl,dqn | LDPC-DiscreteMI-v0,384,87,39,3.420547480030548,0.0
rl,dqn | LDPC-DiscreteMI-v0,384,87,40,3.100547795631275,0.0
rl,dqn | LDPC-DiscreteMI-v0,384,87,41,3.451907233481356,0.0
rl,dqn | LDPC-DiscreteMI-v0,384,88,0,4.422382544201729,0.0
rl,dqn | LDPC-DiscreteMI-v0,384,88,1,4.495454725657839,0.0
rl,dqn | LDPC-DiscreteMI-v0,384,88,2,4.188496883782267,0.0
rl,dqn | LDPC-DiscreteMI-v0,384,88,3,4.33732041807605,0.0
rl,dqn | LDPC-DiscreteMI-v0,384,88,4,4.484448396353051,0.0
rl,dqn | LDPC-DiscreteMI-v0,384,88,5,4.564420912067882,0.0
rl,dqn | LDPC-DiscreteMI-v0,384,88,6,4.810689074156299,0.0
rl,dqn | LDPC-DiscreteMI-v0,384,88,7,4.480438663490418,0.0
rl,dqn | LDPC-DiscreteMI-v0,384,88,8,4.256078479898369,0.0
rl,dqn | LDPC-DiscreteMI-v0,384,88,9,4.237996309493003,0.0
rl,dqn | LDPC-DiscreteMI-v0,384,88,10,4.439444854277895,0.0
rl,dqn | LDPC-DiscreteMI-v0,384,88,11,4.498064788514997,0.0
rl,dqn | LDPC-DiscreteMI-v0,384,88,12,4.332868510062275,0.0
rl,dqn | LDPC-DiscreteMI-v0,384,88,13,4.256536417921963,0.0
rl,dqn | LDPC-DiscreteMI-v0,384,88,14,4.34614957566409,0.0
rl,dqn | LDPC-DiscreteMI-v0,384,88,15,4.46147925891832,0.0
rl,dqn | LDPC-DiscreteMI-v0,384,88,16,4.457960200073542,0.0
rl,dqn | LDPC-DiscreteMI-v0,384,88,17,4.466473957251738,0.0
rl,dqn | LDPC-DiscreteMI-v0,384,88,18,4.465050199186734,0.0
rl,dqn | LDPC-DiscreteMI-v0,384,88,19,4.255153574979312,0.0
rl,dqn | LDPC-DiscreteMI-v0,384,88,20,3.2360000370193167,0.0
rl,dqn | LDPC-DiscreteMI-v0,384,88,21,3.2222749574829836,0.0
rl,dqn | LDPC-DiscreteMI-v0,384,88,22,2.76139881037142,0.0
rl,dqn | LDPC-DiscreteMI-v0,384,88,23,3.442610033609416,0.0
rl,dqn | LDPC-DiscreteMI-v0,384,88,24,3.2811779540646975,0.0
rl,dqn | LDPC-DiscreteMI-v0,384,88,25,3.2032894583700107,0.0
rl,dqn | LDPC-DiscreteMI-v0,384,88,26,3.453815854254601,0.0
rl,dqn | LDPC-DiscreteMI-v0,384,88,27,3.0453447750374796,0.0
rl,dqn | LDPC-DiscreteMI-v0,384,88,28,3.292616220827218,0.0
rl,dqn | LDPC-DiscreteMI-v0,384,88,29,2.9154131964206256,0.0
rl,dqn | LDPC-DiscreteMI-v0,384,88,30,3.7251216718933877,0.0
rl,dqn | LDPC-DiscreteMI-v0,384,88,31,2.7123109058337938,0.0
rl,dqn | LDPC-DiscreteMI-v0,384,88,32,3.474627586007141,0.0
rl,dqn | LDPC-DiscreteMI-v0,384,88,33,3.247631607646666,0.0
rl,dqn | LDPC-DiscreteMI-v0,384,88,34,3.273463668015157,0.0
rl,dqn | LDPC-DiscreteMI-v0,384,88,35,3.451907233481356,0.0
rl,dqn | LDPC-DiscreteMI-v0,384,88,36,3.405606111260804,0.0
rl,dqn | LDPC-DiscreteMI-v0,384,88,37,2.724438229561849,0.0
rl,dqn | LDPC-DiscreteMI-v0,384,88,38,3.451907233481356,0.0
rl,dqn | LDPC-DiscreteMI-v0,384,88,39,3.420547480030548,0.0
rl,dqn | LDPC-DiscreteMI-v0,384,88,40,3.100547795631275,0.0
rl,dqn | LDPC-DiscreteMI-v0,384,88,41,3.451907233481356,0.0
rl,dqn | LDPC-DiscreteMI-v0,384,89,0,4.422382544201729,0.0
rl,dqn | LDPC-DiscreteMI-v0,384,89,1,4.495454725657839,0.0
rl,dqn | LDPC-DiscreteMI-v0,384,89,2,4.188496883782267,0.0
rl,dqn | LDPC-DiscreteMI-v0,384,89,3,4.33732041807605,0.0
rl,dqn | LDPC-DiscreteMI-v0,384,89,4,4.484448396353051,0.0
rl,dqn | LDPC-DiscreteMI-v0,384,89,5,4.564420912067882,0.0
rl,dqn | LDPC-DiscreteMI-v0,384,89,6,4.810689074156299,0.0
rl,dqn | LDPC-DiscreteMI-v0,384,89,7,4.480438663490418,0.0
rl,dqn | LDPC-DiscreteMI-v0,384,89,8,4.256078479898369,0.0
rl,dqn | LDPC-DiscreteMI-v0,384,89,9,4.237996309493003,0.0
rl,dqn | LDPC-DiscreteMI-v0,384,89,10,4.439444854277895,0.0
rl,dqn | LDPC-DiscreteMI-v0,384,89,11,4.498064788514997,0.0
rl,dqn | LDPC-DiscreteMI-v0,384,89,12,4.332868510062275,0.0
rl,dqn | LDPC-DiscreteMI-v0,384,89,13,4.256536417921963,0.0
rl,dqn | LDPC-DiscreteMI-v0,384,89,14,4.34614957566409,0.0
rl,dqn | LDPC-DiscreteMI-v0,384,89,15,4.46147925891832,0.0
rl,dqn | LDPC-DiscreteMI-v0,384,89,16,4.457960200073542,0.0
rl,dqn | LDPC-DiscreteMI-v0,384,89,17,4.466473957251738,0.0
rl,dqn | LDPC-DiscreteMI-v0,384,89,18,4.465050199186734,0.0
rl,dqn | LDPC-DiscreteMI-v0,384,89,19,4.255153574979312,0.0
rl,dqn | LDPC-DiscreteMI-v0,384,89,20,3.2360000370193167,0.0
rl,dqn | LDPC-DiscreteMI-v0,384,89,21,3.2222749574829836,0.0
rl,dqn | LDPC-DiscreteMI-v0,384,89,22,2.76139881037142,0.0
rl,dqn | LDPC-DiscreteMI-v0,384,89,23,3.442610033609416,0.0
rl,dqn | LDPC-DiscreteMI-v0,384,89,24,3.2811779540646975,0.0
rl,dqn | LDPC-DiscreteMI-v0,384,89,25,3.2032894583700107,0.0
rl,dqn | LDPC-DiscreteMI-v0,384,89,26,3.453815854254601,0.0
rl,dqn | LDPC-DiscreteMI-v0,384,89,27,3.0453447750374796,0.0
rl,dqn | LDPC-DiscreteMI-v0,384,89,28,3.292616220827218,0.0
rl,dqn | LDPC-DiscreteMI-v0,384,89,29,2.9154131964206256,0.0
rl,dqn | LDPC-DiscreteMI-v0,384,89,30,3.7251216718933877,0.0
rl,dqn | LDPC-DiscreteMI-v0,384,89,31,2.7123109058337938,0.0
rl,dqn | LDPC-DiscreteMI-v0,384,89,32,3.474627586007141,0.0
rl,dqn | LDPC-DiscreteMI-v0,384,89,33,3.247631607646666,0.0
rl,dqn | LDPC-DiscreteMI-v0,384,89,34,3.273463668015157,0.0
rl,dqn | LDPC-DiscreteMI-v0,384,89,35,3.451907233481356,0.0
rl,dqn | LDPC-DiscreteMI-v0,384,89,36,3.405606111260804,0.0
rl,dqn | LDPC-DiscreteMI-v0,384,89,37,2.724438229561849,0.0
rl,dqn | LDPC-DiscreteMI-v0,384,89,38,3.451907233481356,0.0
rl,dqn | LDPC-DiscreteMI-v0,384,89,39,3.420547480030548,0.0
rl,dqn | LDPC-DiscreteMI-v0,384,89,40,3.100547795631275,0.0
rl,dqn | LDPC-DiscreteMI-v0,384,89,41,3.451907233481356,0.0
rl,dqn | LDPC-DiscreteMI-v0,384,90,0,4.422382544201729,0.0
rl,dqn | LDPC-DiscreteMI-v0,384,90,1,4.495454725657839,0.0
rl,dqn | LDPC-DiscreteMI-v0,384,90,2,4.188496883782267,0.0
rl,dqn | LDPC-DiscreteMI-v0,384,90,3,4.33732041807605,0.0
rl,dqn | LDPC-DiscreteMI-v0,384,90,4,4.484448396353051,0.0
rl,dqn | LDPC-DiscreteMI-v0,384,90,5,4.564420912067882,0.0
rl,dqn | LDPC-DiscreteMI-v0,384,90,6,4.810689074156299,0.0
rl,dqn | LDPC-DiscreteMI-v0,384,90,7,4.480438663490418,0.0
rl,dqn | LDPC-DiscreteMI-v0,384,90,8,4.256078479898369,0.0
rl,dqn | LDPC-DiscreteMI-v0,384,90,9,4.237996309493003,0.0
rl,dqn | LDPC-DiscreteMI-v0,384,90,10,4.439444854277895,0.0
rl,dqn | LDPC-DiscreteMI-v0,384,90,11,4.498064788514997,0.0
rl,dqn | LDPC-DiscreteMI-v0,384,90,12,4.332868510062275,0.0
rl,dqn | LDPC-DiscreteMI-v0,384,90,13,4.256536417921963,0.0
rl,dqn | LDPC-DiscreteMI-v0,384,90,14,4.34614957566409,0.0
rl,dqn | LDPC-DiscreteMI-v0,384,90,15,4.46147925891832,0.0
rl,dqn | LDPC-DiscreteMI-v0,384,90,16,4.457960200073542,0.0
rl,dqn | LDPC-DiscreteMI-v0,384,90,17,4.466473957251738,0.0
rl,dqn | LDPC-DiscreteMI-v0,384,90,18,4.465050199186734,0.0
rl,dqn | LDPC-DiscreteMI-v0,384,90,19,4.255153574979312,0.0
rl,dqn | LDPC-DiscreteMI-v0,384,90,20,3.2360000370193167,0.0
rl,dqn | LDPC-DiscreteMI-v0,384,90,21,3.2222749574829836,0.0
rl,dqn | LDPC-DiscreteMI-v0,384,90,22,2.76139881037142,0.0
rl,dqn | LDPC-DiscreteMI-v0,384,90,23,3.442610033609416,0.0
rl,dqn | LDPC-DiscreteMI-v0,384,90,24,3.2811779540646975,0.0
rl,dqn | LDPC-DiscreteMI-v0,384,90,25,3.2032894583700107,0.0
rl,dqn | LDPC-DiscreteMI-v0,384,90,26,3.453815854254601,0.0
rl,dqn | LDPC-DiscreteMI-v0,384,90,27,3.0453447750374796,0.0
rl,dqn | LDPC-DiscreteMI-v0,384,90,28,3.292616220827218,0.0
rl,dqn | LDPC-DiscreteMI-v0,384,90,29,2.9154131964206256,0.0
rl,dqn | LDPC-DiscreteMI-v0,384,90,30,3.7251216718933877,0.0
rl,dqn | LDPC-DiscreteMI-v0,384,90,31,2.7123109058337938,0.0
rl,dqn | LDPC-DiscreteMI-v0,384,90,32,3.474627586007141,0.0
rl,dqn | LDPC-DiscreteMI-v0,384,90,33,3.247631607646666,0.0
rl,dqn | LDPC-DiscreteMI-v0,384,90,34,3.273463668015157,0.0
rl,dqn | LDPC-DiscreteMI-v0,384,90,35,3.451907233481356,0.0
rl,dqn | LDPC-DiscreteMI-v0,384,90,36,3.405606111260804,0.0
rl,dqn | LDPC-DiscreteMI-v0,384,90,37,2.724438229561849,0.0
rl,dqn | LDPC-DiscreteMI-v0,384,90,38,3.451907233481356,0.0
rl,dqn | LDPC-DiscreteMI-v0,384,90,39,3.420547480030548,0.0
rl,dqn | LDPC-DiscreteMI-v0,384,90,40,3.100547795631275,0.0
rl,dqn | LDPC-DiscreteMI-v0,384,90,41,3.451907233481356,0.0
rl,dqn | LDPC-DiscreteMI-v0,384,91,0,4.422382544201729,0.0
rl,dqn | LDPC-DiscreteMI-v0,384,91,1,4.495454725657839,0.0
rl,dqn | LDPC-DiscreteMI-v0,384,91,2,4.188496883782267,0.0
rl,dqn | LDPC-DiscreteMI-v0,384,91,3,4.33732041807605,0.0
rl,dqn | LDPC-DiscreteMI-v0,384,91,4,4.484448396353051,0.0
rl,dqn | LDPC-DiscreteMI-v0,384,91,5,4.564420912067882,0.0
rl,dqn | LDPC-DiscreteMI-v0,384,91,6,4.810689074156299,0.0
rl,dqn | LDPC-DiscreteMI-v0,384,91,7,4.480438663490418,0.0
rl,dqn | LDPC-DiscreteMI-v0,384,91,8,4.256078479898369,0.0
rl,dqn | LDPC-DiscreteMI-v0,384,91,9,4.237996309493003,0.0
rl,dqn | LDPC-DiscreteMI-v0,384,91,10,4.439444854277895,0.0
rl,dqn | LDPC-DiscreteMI-v0,384,91,11,4.498064788514997,0.0
rl,dqn | LDPC-DiscreteMI-v0,384,91,12,4.332868510062275,0.0
rl,dqn | LDPC-DiscreteMI-v0,384,91,13,4.256536417921963,0.0
rl,dqn | LDPC-DiscreteMI-v0,384,91,14,4.34614957566409,0.0
rl,dqn | LDPC-DiscreteMI-v0,384,91,15,4.46147925891832,0.0
rl,dqn | LDPC-DiscreteMI-v0,384,91,16,4.457960200073542,0.0
rl,dqn | LDPC-DiscreteMI-v0,384,91,17,4.466473957251738,0.0
rl,dqn | LDPC-DiscreteMI-v0,384,91,18,4.465050199186734,0.0
rl,dqn | LDPC-DiscreteMI-v0,384,91,19,4.255153574979312,0.0
rl,dqn | LDPC-DiscreteMI-v0,384,91,20,3.2360000370193167,0.0
rl,dqn | LDPC-DiscreteMI-v0,384,91,21,3.2222749574829836,0.0
rl,dqn | LDPC-DiscreteMI-v0,384,91,22,2.76139881037142,0.0
rl,dqn | LDPC-DiscreteMI-v0,384,91,23,3.442610033609416,0.0
rl,dqn | LDPC-DiscreteMI-v0,384,91,24,3.2811779540646975,0.0
rl,dqn | LDPC-DiscreteMI-v0,384,91,25,3.2032894583700107,0.0
rl,dqn | LDPC-DiscreteMI-v0,384,91,26,3.453815854254601,0.0
rl,dqn | LDPC-DiscreteMI-v0,384,91,27,3.0453447750374796,0.0
rl,dqn | LDPC-DiscreteMI-v0,384,91,28,3.292616220827218,0.0
rl,dqn | LDPC-DiscreteMI-v0,384,91,29,2.9154131964206256,0.0
rl,dqn | LDPC-DiscreteMI-v0,384,91,30,3.7251216718933877,0.0
rl,dqn | LDPC-DiscreteMI-v0,384,91,31,2.7123109058337938,0.0
rl,dqn | LDPC-DiscreteMI-v0,384,91,32,3.474627586007141,0.0
rl,dqn | LDPC-DiscreteMI-v0,384,91,33,3.247631607646666,0.0
rl,dqn | LDPC-DiscreteMI-v0,384,91,34,3.273463668015157,0.0
rl,dqn | LDPC-DiscreteMI-v0,384,91,35,3.451907233481356,0.0
rl,dqn | LDPC-DiscreteMI-v0,384,91,36,3.405606111260804,0.0
rl,dqn | LDPC-DiscreteMI-v0,384,91,37,2.724438229561849,0.0
rl,dqn | LDPC-DiscreteMI-v0,384,91,38,3.451907233481356,0.0
rl,dqn | LDPC-DiscreteMI-v0,384,91,39,3.420547480030548,0.0
rl,dqn | LDPC-DiscreteMI-v0,384,91,40,3.100547795631275,0.0
rl,dqn | LDPC-DiscreteMI-v0,384,91,41,3.451907233481356,0.0
rl,dqn | LDPC-DiscreteMI-v0,384,92,0,4.422382544201729,0.0
rl,dqn | LDPC-DiscreteMI-v0,384,92,1,4.495454725657839,0.0
rl,dqn | LDPC-DiscreteMI-v0,384,92,2,4.188496883782267,0.0
rl,dqn | LDPC-DiscreteMI-v0,384,92,3,4.33732041807605,0.0
rl,dqn | LDPC-DiscreteMI-v0,384,92,4,4.484448396353051,0.0
rl,dqn | LDPC-DiscreteMI-v0,384,92,5,4.564420912067882,0.0
rl,dqn | LDPC-DiscreteMI-v0,384,92,6,4.810689074156299,0.0
rl,dqn | LDPC-DiscreteMI-v0,384,92,7,4.480438663490418,0.0
rl,dqn | LDPC-DiscreteMI-v0,384,92,8,4.256078479898369,0.0
rl,dqn | LDPC-DiscreteMI-v0,384,92,9,4.237996309493003,0.0
rl,dqn | LDPC-DiscreteMI-v0,384,92,10,4.439444854277895,0.0
rl,dqn | LDPC-DiscreteMI-v0,384,92,11,4.498064788514997,0.0
rl,dqn | LDPC-DiscreteMI-v0,384,92,12,4.332868510062275,0.0
rl,dqn | LDPC-DiscreteMI-v0,384,92,13,4.256536417921963,0.0
rl,dqn | LDPC-DiscreteMI-v0,384,92,14,4.34614957566409,0.0
rl,dqn | LDPC-DiscreteMI-v0,384,92,15,4.46147925891832,0.0
rl,dqn | LDPC-DiscreteMI-v0,384,92,16,4.457960200073542,0.0
rl,dqn | LDPC-DiscreteMI-v0,384,92,17,4.466473957251738,0.0
rl,dqn | LDPC-DiscreteMI-v0,384,92,18,4.465050199186734,0.0
rl,dqn | LDPC-DiscreteMI-v0,384,92,19,4.255153574979312,0.0
rl,dqn | LDPC-DiscreteMI-v0,384,92,20,3.2360000370193167,0.0
rl,dqn | LDPC-DiscreteMI-v0,384,92,21,3.2222749574829836,0.0
rl,dqn | LDPC-DiscreteMI-v0,384,92,22,2.76139881037142,0.0
rl,dqn | LDPC-DiscreteMI-v0,384,92,23,3.442610033609416,0.0
rl,dqn | LDPC-DiscreteMI-v0,384,92,24,3.2811779540646975,0.0
rl,dqn | LDPC-DiscreteMI-v0,384,92,25,3.2032894583700107,0.0
rl,dqn | LDPC-DiscreteMI-v0,384,92,26,3.453815854254601,0.0
rl,dqn | LDPC-DiscreteMI-v0,384,92,27,3.0453447750374796,0.0
rl,dqn | LDPC-DiscreteMI-v0,384,92,28,3.292616220827218,0.0
rl,dqn | LDPC-DiscreteMI-v0,384,92,29,2.9154131964206256,0.0
rl,dqn | LDPC-DiscreteMI-v0,384,92,30,3.7251216718933877,0.0
rl,dqn | LDPC-DiscreteMI-v0,384,92,31,2.7123109058337938,0.0
rl,dqn | LDPC-DiscreteMI-v0,384,92,32,3.474627586007141,0.0
rl,dqn | LDPC-DiscreteMI-v0,384,92,33,3.247631607646666,0.0
rl,dqn | LDPC-DiscreteMI-v0,384,92,34,3.273463668015157,0.0
rl,dqn | LDPC-DiscreteMI-v0,384,92,35,3.451907233481356,0.0
rl,dqn | LDPC-DiscreteMI-v0,384,92,36,3.405606111260804,0.0
rl,dqn | LDPC-DiscreteMI-v0,384,92,37,2.724438229561849,0.0
rl,dqn | LDPC-DiscreteMI-v0,384,92,38,3.451907233481356,0.0
rl,dqn | LDPC-DiscreteMI-v0,384,92,39,3.420547480030548,0.0
rl,dqn | LDPC-DiscreteMI-v0,384,92,40,3.100547795631275,0.0
rl,dqn | LDPC-DiscreteMI-v0,384,92,41,3.451907233481356,0.0
rl,dqn | LDPC-DiscreteMI-v0,384,93,0,4.422382544201729,0.0
rl,dqn | LDPC-DiscreteMI-v0,384,93,1,4.495454725657839,0.0
rl,dqn | LDPC-DiscreteMI-v0,384,93,2,4.188496883782267,0.0
rl,dqn | LDPC-DiscreteMI-v0,384,93,3,4.33732041807605,0.0
rl,dqn | LDPC-DiscreteMI-v0,384,93,4,4.484448396353051,0.0
rl,dqn | LDPC-DiscreteMI-v0,384,93,5,4.564420912067882,0.0
rl,dqn | LDPC-DiscreteMI-v0,384,93,6,4.810689074156299,0.0
rl,dqn | LDPC-DiscreteMI-v0,384,93,7,4.480438663490418,0.0
rl,dqn | LDPC-DiscreteMI-v0,384,93,8,4.256078479898369,0.0
rl,dqn | LDPC-DiscreteMI-v0,384,93,9,4.237996309493003,0.0
rl,dqn | LDPC-DiscreteMI-v0,384,93,10,4.439444854277895,0.0
rl,dqn | LDPC-DiscreteMI-v0,384,93,11,4.498064788514997,0.0
rl,dqn | LDPC-DiscreteMI-v0,384,93,12,4.332868510062275,0.0
rl,dqn | LDPC-DiscreteMI-v0,384,93,13,4.256536417921963,0.0
rl,dqn | LDPC-DiscreteMI-v0,384,93,14,4.34614957566409,0.0
rl,dqn | LDPC-DiscreteMI-v0,384,93,15,4.46147925891832,0.0
rl,dqn | LDPC-DiscreteMI-v0,384,93,16,4.457960200073542,0.0
rl,dqn | LDPC-DiscreteMI-v0,384,93,17,4.466473957251738,0.0
rl,dqn | LDPC-DiscreteMI-v0,384,93,18,4.465050199186734,0.0
rl,dqn | LDPC-DiscreteMI-v0,384,93,19,4.255153574979312,0.0
rl,dqn | LDPC-DiscreteMI-v0,384,93,20,3.2360000370193167,0.0
rl,dqn | LDPC-DiscreteMI-v0,384,93,21,3.2222749574829836,0.0
rl,dqn | LDPC-DiscreteMI-v0,384,93,22,2.76139881037142,0.0
rl,dqn | LDPC-DiscreteMI-v0,384,93,23,3.442610033609416,0.0
rl,dqn | LDPC-DiscreteMI-v0,384,93,24,3.2811779540646975,0.0
rl,dqn | LDPC-DiscreteMI-v0,384,93,25,3.2032894583700107,0.0
rl,dqn | LDPC-DiscreteMI-v0,384,93,26,3.453815854254601,0.0
rl,dqn | LDPC-DiscreteMI-v0,384,93,27,3.0453447750374796,0.0
rl,dqn | LDPC-DiscreteMI-v0,384,93,28,3.292616220827218,0.0
rl,dqn | LDPC-DiscreteMI-v0,384,93,29,2.9154131964206256,0.0
rl,dqn | LDPC-DiscreteMI-v0,384,93,30,3.7251216718933877,0.0
rl,dqn | LDPC-DiscreteMI-v0,384,93,31,2.7123109058337938,0.0
rl,dqn | LDPC-DiscreteMI-v0,384,93,32,3.474627586007141,0.0
rl,dqn | LDPC-DiscreteMI-v0,384,93,33,3.247631607646666,0.0
rl,dqn | LDPC-DiscreteMI-v0,384,93,34,3.273463668015157,0.0
rl,dqn | LDPC-DiscreteMI-v0,384,93,35,3.451907233481356,0.0
rl,dqn | LDPC-DiscreteMI-v0,384,93,36,3.405606111260804,0.0
rl,dqn | LDPC-DiscreteMI-v0,384,93,37,2.724438229561849,0.0
rl,dqn | LDPC-DiscreteMI-v0,384,93,38,3.451907233481356,0.0
rl,dqn | LDPC-DiscreteMI-v0,384,93,39,3.420547480030548,0.0
rl,dqn | LDPC-DiscreteMI-v0,384,93,40,3.100547795631275,0.0
rl,dqn | LDPC-DiscreteMI-v0,384,93,41,3.451907233481356,0.0
rl,dqn | LDPC-DiscreteMI-v0,384,94,0,4.422382544201729,0.0
rl,dqn | LDPC-DiscreteMI-v0,384,94,1,4.495454725657839,0.0
rl,dqn | LDPC-DiscreteMI-v0,384,94,2,4.188496883782267,0.0
rl,dqn | LDPC-DiscreteMI-v0,384,94,3,4.33732041807605,0.0
rl,dqn | LDPC-DiscreteMI-v0,384,94,4,4.484448396353051,0.0
rl,dqn | LDPC-DiscreteMI-v0,384,94,5,4.564420912067882,0.0
rl,dqn | LDPC-DiscreteMI-v0,384,94,6,4.810689074156299,0.0
rl,dqn | LDPC-DiscreteMI-v0,384,94,7,4.480438663490418,0.0
rl,dqn | LDPC-DiscreteMI-v0,384,94,8,4.256078479898369,0.0
rl,dqn | LDPC-DiscreteMI-v0,384,94,9,4.237996309493003,0.0
rl,dqn | LDPC-DiscreteMI-v0,384,94,10,4.439444854277895,0.0
rl,dqn | LDPC-DiscreteMI-v0,384,94,11,4.498064788514997,0.0
rl,dqn | LDPC-DiscreteMI-v0,384,94,12,4.332868510062275,0.0
rl,dqn | LDPC-DiscreteMI-v0,384,94,13,4.256536417921963,0.0
rl,dqn | LDPC-DiscreteMI-v0,384,94,14,4.34614957566409,0.0
rl,dqn | LDPC-DiscreteMI-v0,384,94,15,4.46147925891832,0.0
rl,dqn | LDPC-DiscreteMI-v0,384,94,16,4.457960200073542,0.0
rl,dqn | LDPC-DiscreteMI-v0,384,94,17,4.466473957251738,0.0
rl,dqn | LDPC-DiscreteMI-v0,384,94,18,4.465050199186734,0.0
rl,dqn | LDPC-DiscreteMI-v0,384,94,19,4.255153574979312,0.0
rl,dqn | LDPC-DiscreteMI-v0,384,94,20,3.2360000370193167,0.0
rl,dqn | LDPC-DiscreteMI-v0,384,94,21,3.2222749574829836,0.0
rl,dqn | LDPC-DiscreteMI-v0,384,94,22,2.76139881037142,0.0
rl,dqn | LDPC-DiscreteMI-v0,384,94,23,3.442610033609416,0.0
rl,dqn | LDPC-DiscreteMI-v0,384,94,24,3.2811779540646975,0.0
rl,dqn | LDPC-DiscreteMI-v0,384,94,25,3.2032894583700107,0.0
rl,dqn | LDPC-DiscreteMI-v0,384,94,26,3.453815854254601,0.0
rl,dqn | LDPC-DiscreteMI-v0,384,94,27,3.0453447750374796,0.0
rl,dqn | LDPC-DiscreteMI-v0,384,94,28,3.292616220827218,0.0
rl,dqn | LDPC-DiscreteMI-v0,384,94,29,2.9154131964206256,0.0
rl,dqn | LDPC-DiscreteMI-v0,384,94,30,3.7251216718933877,0.0
rl,dqn | LDPC-DiscreteMI-v0,384,94,31,2.7123109058337938,0.0
rl,dqn | LDPC-DiscreteMI-v0,384,94,32,3.474627586007141,0.0
rl,dqn | LDPC-DiscreteMI-v0,384,94,33,3.247631607646666,0.0
rl,dqn | LDPC-DiscreteMI-v0,384,94,34,3.273463668015157,0.0
rl,dqn | LDPC-DiscreteMI-v0,384,94,35,3.451907233481356,0.0
rl,dqn | LDPC-DiscreteMI-v0,384,94,36,3.405606111260804,0.0
rl,dqn | LDPC-DiscreteMI-v0,384,94,37,2.724438229561849,0.0
rl,dqn | LDPC-DiscreteMI-v0,384,94,38,3.451907233481356,0.0
rl,dqn | LDPC-DiscreteMI-v0,384,94,39,3.420547480030548,0.0
rl,dqn | LDPC-DiscreteMI-v0,384,94,40,3.100547795631275,0.0
rl,dqn | LDPC-DiscreteMI-v0,384,94,41,3.451907233481356,0.0
rl,dqn | LDPC-DiscreteMI-v0,384,95,0,4.422382544201729,0.0
rl,dqn | LDPC-DiscreteMI-v0,384,95,1,4.495454725657839,0.0
rl,dqn | LDPC-DiscreteMI-v0,384,95,2,4.188496883782267,0.0
rl,dqn | LDPC-DiscreteMI-v0,384,95,3,4.33732041807605,0.0
rl,dqn | LDPC-DiscreteMI-v0,384,95,4,4.484448396353051,0.0
rl,dqn | LDPC-DiscreteMI-v0,384,95,5,4.564420912067882,0.0
rl,dqn | LDPC-DiscreteMI-v0,384,95,6,4.810689074156299,0.0
rl,dqn | LDPC-DiscreteMI-v0,384,95,7,4.480438663490418,0.0
rl,dqn | LDPC-DiscreteMI-v0,384,95,8,4.256078479898369,0.0
rl,dqn | LDPC-DiscreteMI-v0,384,95,9,4.237996309493003,0.0
rl,dqn | LDPC-DiscreteMI-v0,384,95,10,4.439444854277895,0.0
rl,dqn | LDPC-DiscreteMI-v0,384,95,11,4.498064788514997,0.0
rl,dqn | LDPC-DiscreteMI-v0,384,95,12,4.332868510062275,0.0
rl,dqn | LDPC-DiscreteMI-v0,384,95,13,4.256536417921963,0.0
rl,dqn | LDPC-DiscreteMI-v0,384,95,14,4.34614957566409,0.0
rl,dqn | LDPC-DiscreteMI-v0,384,95,15,4.46147925891832,0.0
rl,dqn | LDPC-DiscreteMI-v0,384,95,16,4.457960200073542,0.0
rl,dqn | LDPC-DiscreteMI-v0,384,95,17,4.466473957251738,0.0
rl,dqn | LDPC-DiscreteMI-v0,384,95,18,4.465050199186734,0.0
rl,dqn | LDPC-DiscreteMI-v0,384,95,19,4.255153574979312,0.0
rl,dqn | LDPC-DiscreteMI-v0,384,95,20,3.2360000370193167,0.0
rl,dqn | LDPC-DiscreteMI-v0,384,95,21,3.2222749574829836,0.0
rl,dqn | LDPC-DiscreteMI-v0,384,95,22,2.76139881037142,0.0
rl,dqn | LDPC-DiscreteMI-v0,384,95,23,3.442610033609416,0.0
rl,dqn | LDPC-DiscreteMI-v0,384,95,24,3.2811779540646975,0.0
rl,dqn | LDPC-DiscreteMI-v0,384,95,25,3.2032894583700107,0.0
rl,dqn | LDPC-DiscreteMI-v0,384,95,26,3.453815854254601,0.0
rl,dqn | LDPC-DiscreteMI-v0,384,95,27,3.0453447750374796,0.0
rl,dqn | LDPC-DiscreteMI-v0,384,95,28,3.292616220827218,0.0
rl,dqn | LDPC-DiscreteMI-v0,384,95,29,2.9154131964206256,0.0
rl,dqn | LDPC-DiscreteMI-v0,384,95,30,3.7251216718933877,0.0
rl,dqn | LDPC-DiscreteMI-v0,384,95,31,2.7123109058337938,0.0
rl,dqn | LDPC-DiscreteMI-v0,384,95,32,3.474627586007141,0.0
rl,dqn | LDPC-DiscreteMI-v0,384,95,33,3.247631607646666,0.0
rl,dqn | LDPC-DiscreteMI-v0,384,95,34,3.273463668015157,0.0
rl,dqn | LDPC-DiscreteMI-v0,384,95,35,3.451907233481356,0.0
rl,dqn | LDPC-DiscreteMI-v0,384,95,36,3.405606111260804,0.0
rl,dqn | LDPC-DiscreteMI-v0,384,95,37,2.724438229561849,0.0
rl,dqn | LDPC-DiscreteMI-v0,384,95,38,3.451907233481356,0.0
rl,dqn | LDPC-DiscreteMI-v0,384,95,39,3.420547480030548,0.0
rl,dqn | LDPC-DiscreteMI-v0,384,95,40,3.100547795631275,0.0
rl,dqn | LDPC-DiscreteMI-v0,384,95,41,3.451907233481356,0.0
rl,dqn | LDPC-DiscreteMI-v0,384,96,0,4.422382544201729,0.0
rl,dqn | LDPC-DiscreteMI-v0,384,96,1,4.495454725657839,0.0
rl,dqn | LDPC-DiscreteMI-v0,384,96,2,4.188496883782267,0.0
rl,dqn | LDPC-DiscreteMI-v0,384,96,3,4.33732041807605,0.0
rl,dqn | LDPC-DiscreteMI-v0,384,96,4,4.484448396353051,0.0
rl,dqn | LDPC-DiscreteMI-v0,384,96,5,4.564420912067882,0.0
rl,dqn | LDPC-DiscreteMI-v0,384,96,6,4.810689074156299,0.0
rl,dqn | LDPC-DiscreteMI-v0,384,96,7,4.480438663490418,0.0
rl,dqn | LDPC-DiscreteMI-v0,384,96,8,4.256078479898369,0.0
rl,dqn | LDPC-DiscreteMI-v0,384,96,9,4.237996309493003,0.0
rl,dqn | LDPC-DiscreteMI-v0,384,96,10,4.439444854277895,0.0
rl,dqn | LDPC-DiscreteMI-v0,384,96,11,4.498064788514997,0.0
rl,dqn | LDPC-DiscreteMI-v0,384,96,12,4.332868510062275,0.0
rl,dqn | LDPC-DiscreteMI-v0,384,96,13,4.256536417921963,0.0
rl,dqn | LDPC-DiscreteMI-v0,384,96,14,4.34614957566409,0.0
rl,dqn | LDPC-DiscreteMI-v0,384,96,15,4.46147925891832,0.0
rl,dqn | LDPC-DiscreteMI-v0,384,96,16,4.457960200073542,0.0
rl,dqn | LDPC-DiscreteMI-v0,384,96,17,4.466473957251738,0.0
rl,dqn | LDPC-DiscreteMI-v0,384,96,18,4.465050199186734,0.0
rl,dqn | LDPC-DiscreteMI-v0,384,96,19,4.255153574979312,0.0
rl,dqn | LDPC-DiscreteMI-v0,384,96,20,3.2360000370193167,0.0
rl,dqn | LDPC-DiscreteMI-v0,384,96,21,3.2222749574829836,0.0
rl,dqn | LDPC-DiscreteMI-v0,384,96,22,2.76139881037142,0.0
rl,dqn | LDPC-DiscreteMI-v0,384,96,23,3.442610033609416,0.0
rl,dqn | LDPC-DiscreteMI-v0,384,96,24,3.2811779540646975,0.0
rl,dqn | LDPC-DiscreteMI-v0,384,96,25,3.2032894583700107,0.0
rl,dqn | LDPC-DiscreteMI-v0,384,96,26,3.453815854254601,0.0
rl,dqn | LDPC-DiscreteMI-v0,384,96,27,3.0453447750374796,0.0
rl,dqn | LDPC-DiscreteMI-v0,384,96,28,3.292616220827218,0.0
rl,dqn | LDPC-DiscreteMI-v0,384,96,29,2.9154131964206256,0.0
rl,dqn | LDPC-DiscreteMI-v0,384,96,30,3.7251216718933877,0.0
rl,dqn | LDPC-DiscreteMI-v0,384,96,31,2.7123109058337938,0.0
rl,dqn | LDPC-DiscreteMI-v0,384,96,32,3.474627586007141,0.0
rl,dqn | LDPC-DiscreteMI-v0,384,96,33,3.247631607646666,0.0
rl,dqn | LDPC-DiscreteMI-v0,384,96,34,3.273463668015157,0.0
rl,dqn | LDPC-DiscreteMI-v0,384,96,35,3.451907233481356,0.0
rl,dqn | LDPC-DiscreteMI-v0,384,96,36,3.405606111260804,0.0
rl,dqn | LDPC-DiscreteMI-v0,384,96,37,2.724438229561849,0.0
rl,dqn | LDPC-DiscreteMI-v0,384,96,38,3.451907233481356,0.0
rl,dqn | LDPC-DiscreteMI-v0,384,96,39,3.420547480030548,0.0
rl,dqn | LDPC-DiscreteMI-v0,384,96,40,3.100547795631275,0.0
rl,dqn | LDPC-DiscreteMI-v0,384,96,41,3.451907233481356,0.0
rl,dqn | LDPC-DiscreteMI-v0,384,97,0,4.422382544201729,0.0
rl,dqn | LDPC-DiscreteMI-v0,384,97,1,4.495454725657839,0.0
rl,dqn | LDPC-DiscreteMI-v0,384,97,2,4.188496883782267,0.0
rl,dqn | LDPC-DiscreteMI-v0,384,97,3,4.33732041807605,0.0
rl,dqn | LDPC-DiscreteMI-v0,384,97,4,4.484448396353051,0.0
rl,dqn | LDPC-DiscreteMI-v0,384,97,5,4.564420912067882,0.0
rl,dqn | LDPC-DiscreteMI-v0,384,97,6,4.810689074156299,0.0
rl,dqn | LDPC-DiscreteMI-v0,384,97,7,4.480438663490418,0.0
rl,dqn | LDPC-DiscreteMI-v0,384,97,8,4.256078479898369,0.0
rl,dqn | LDPC-DiscreteMI-v0,384,97,9,4.237996309493003,0.0
rl,dqn | LDPC-DiscreteMI-v0,384,97,10,4.439444854277895,0.0
rl,dqn | LDPC-DiscreteMI-v0,384,97,11,4.498064788514997,0.0
rl,dqn | LDPC-DiscreteMI-v0,384,97,12,4.332868510062275,0.0
rl,dqn | LDPC-DiscreteMI-v0,384,97,13,4.256536417921963,0.0
rl,dqn | LDPC-DiscreteMI-v0,384,97,14,4.34614957566409,0.0
rl,dqn | LDPC-DiscreteMI-v0,384,97,15,4.46147925891832,0.0
rl,dqn | LDPC-DiscreteMI-v0,384,97,16,4.457960200073542,0.0
rl,dqn | LDPC-DiscreteMI-v0,384,97,17,4.466473957251738,0.0
rl,dqn | LDPC-DiscreteMI-v0,384,97,18,4.465050199186734,0.0
rl,dqn | LDPC-DiscreteMI-v0,384,97,19,4.255153574979312,0.0
rl,dqn | LDPC-DiscreteMI-v0,384,97,20,3.2360000370193167,0.0
rl,dqn | LDPC-DiscreteMI-v0,384,97,21,3.2222749574829836,0.0
rl,dqn | LDPC-DiscreteMI-v0,384,97,22,2.76139881037142,0.0
rl,dqn | LDPC-DiscreteMI-v0,384,97,23,3.442610033609416,0.0
rl,dqn | LDPC-DiscreteMI-v0,384,97,24,3.2811779540646975,0.0
rl,dqn | LDPC-DiscreteMI-v0,384,97,25,3.2032894583700107,0.0
rl,dqn | LDPC-DiscreteMI-v0,384,97,26,3.453815854254601,0.0
rl,dqn | LDPC-DiscreteMI-v0,384,97,27,3.0453447750374796,0.0
rl,dqn | LDPC-DiscreteMI-v0,384,97,28,3.292616220827218,0.0
rl,dqn | LDPC-DiscreteMI-v0,384,97,29,2.9154131964206256,0.0
rl,dqn | LDPC-DiscreteMI-v0,384,97,30,3.7251216718933877,0.0
rl,dqn | LDPC-DiscreteMI-v0,384,97,31,2.7123109058337938,0.0
rl,dqn | LDPC-DiscreteMI-v0,384,97,32,3.474627586007141,0.0
rl,dqn | LDPC-DiscreteMI-v0,384,97,33,3.247631607646666,0.0
rl,dqn | LDPC-DiscreteMI-v0,384,97,34,3.273463668015157,0.0
rl,dqn | LDPC-DiscreteMI-v0,384,97,35,3.451907233481356,0.0
rl,dqn | LDPC-DiscreteMI-v0,384,97,36,3.405606111260804,0.0
rl,dqn | LDPC-DiscreteMI-v0,384,97,37,2.724438229561849,0.0
rl,dqn | LDPC-DiscreteMI-v0,384,97,38,3.451907233481356,0.0
rl,dqn | LDPC-DiscreteMI-v0,384,97,39,3.420547480030548,0.0
rl,dqn | LDPC-DiscreteMI-v0,384,97,40,3.100547795631275,0.0
rl,dqn | LDPC-DiscreteMI-v0,384,97,41,3.451907233481356,0.0
rl,dqn | LDPC-DiscreteMI-v0,384,98,0,4.422382544201729,0.0
rl,dqn | LDPC-DiscreteMI-v0,384,98,1,4.495454725657839,0.0
rl,dqn | LDPC-DiscreteMI-v0,384,98,2,4.188496883782267,0.0
rl,dqn | LDPC-DiscreteMI-v0,384,98,3,4.33732041807605,0.0
rl,dqn | LDPC-DiscreteMI-v0,384,98,4,4.484448396353051,0.0
rl,dqn | LDPC-DiscreteMI-v0,384,98,5,4.564420912067882,0.0
rl,dqn | LDPC-DiscreteMI-v0,384,98,6,4.810689074156299,0.0
rl,dqn | LDPC-DiscreteMI-v0,384,98,7,4.480438663490418,0.0
rl,dqn | LDPC-DiscreteMI-v0,384,98,8,4.256078479898369,0.0
rl,dqn | LDPC-DiscreteMI-v0,384,98,9,4.237996309493003,0.0
rl,dqn | LDPC-DiscreteMI-v0,384,98,10,4.439444854277895,0.0
rl,dqn | LDPC-DiscreteMI-v0,384,98,11,4.498064788514997,0.0
rl,dqn | LDPC-DiscreteMI-v0,384,98,12,4.332868510062275,0.0
rl,dqn | LDPC-DiscreteMI-v0,384,98,13,4.256536417921963,0.0
rl,dqn | LDPC-DiscreteMI-v0,384,98,14,4.34614957566409,0.0
rl,dqn | LDPC-DiscreteMI-v0,384,98,15,4.46147925891832,0.0
rl,dqn | LDPC-DiscreteMI-v0,384,98,16,4.457960200073542,0.0
rl,dqn | LDPC-DiscreteMI-v0,384,98,17,4.466473957251738,0.0
rl,dqn | LDPC-DiscreteMI-v0,384,98,18,4.465050199186734,0.0
rl,dqn | LDPC-DiscreteMI-v0,384,98,19,4.255153574979312,0.0
rl,dqn | LDPC-DiscreteMI-v0,384,98,20,3.2360000370193167,0.0
rl,dqn | LDPC-DiscreteMI-v0,384,98,21,3.2222749574829836,0.0
rl,dqn | LDPC-DiscreteMI-v0,384,98,22,2.76139881037142,0.0
rl,dqn | LDPC-DiscreteMI-v0,384,98,23,3.442610033609416,0.0
rl,dqn | LDPC-DiscreteMI-v0,384,98,24,3.2811779540646975,0.0
rl,dqn | LDPC-DiscreteMI-v0,384,98,25,3.2032894583700107,0.0
rl,dqn | LDPC-DiscreteMI-v0,384,98,26,3.453815854254601,0.0
rl,dqn | LDPC-DiscreteMI-v0,384,98,27,3.0453447750374796,0.0
rl,dqn | LDPC-DiscreteMI-v0,384,98,28,3.292616220827218,0.0
rl,dqn | LDPC-DiscreteMI-v0,384,98,29,2.9154131964206256,0.0
rl,dqn | LDPC-DiscreteMI-v0,384,98,30,3.7251216718933877,0.0
rl,dqn | LDPC-DiscreteMI-v0,384,98,31,2.7123109058337938,0.0
rl,dqn | LDPC-DiscreteMI-v0,384,98,32,3.474627586007141,0.0
rl,dqn | LDPC-DiscreteMI-v0,384,98,33,3.247631607646666,0.0
rl,dqn | LDPC-DiscreteMI-v0,384,98,34,3.273463668015157,0.0
rl,dqn | LDPC-DiscreteMI-v0,384,98,35,3.451907233481356,0.0
rl,dqn | LDPC-DiscreteMI-v0,384,98,36,3.405606111260804,0.0
rl,dqn | LDPC-DiscreteMI-v0,384,98,37,2.724438229561849,0.0
rl,dqn | LDPC-DiscreteMI-v0,384,98,38,3.451907233481356,0.0
rl,dqn | LDPC-DiscreteMI-v0,384,98,39,3.420547480030548,0.0
rl,dqn | LDPC-DiscreteMI-v0,384,98,40,3.100547795631275,0.0
rl,dqn | LDPC-DiscreteMI-v0,384,98,41,3.451907233481356,0.0
rl,dqn | LDPC-DiscreteMI-v0,384,99,0,4.422382544201729,0.0
rl,dqn | LDPC-DiscreteMI-v0,384,99,1,4.495454725657839,0.0
rl,dqn | LDPC-DiscreteMI-v0,384,99,2,4.188496883782267,0.0
rl,dqn | LDPC-DiscreteMI-v0,384,99,3,4.33732041807605,0.0
rl,dqn | LDPC-DiscreteMI-v0,384,99,4,4.484448396353051,0.0
rl,dqn | LDPC-DiscreteMI-v0,384,99,5,4.564420912067882,0.0
rl,dqn | LDPC-DiscreteMI-v0,384,99,6,4.810689074156299,0.0
rl,dqn | LDPC-DiscreteMI-v0,384,99,7,4.480438663490418,0.0
rl,dqn | LDPC-DiscreteMI-v0,384,99,8,4.256078479898369,0.0
rl,dqn | LDPC-DiscreteMI-v0,384,99,9,4.237996309493003,0.0
rl,dqn | LDPC-DiscreteMI-v0,384,99,10,4.439444854277895,0.0
rl,dqn | LDPC-DiscreteMI-v0,384,99,11,4.498064788514997,0.0
rl,dqn | LDPC-DiscreteMI-v0,384,99,12,4.332868510062275,0.0
rl,dqn | LDPC-DiscreteMI-v0,384,99,13,4.256536417921963,0.0
rl,dqn | LDPC-DiscreteMI-v0,384,99,14,4.34614957566409,0.0
rl,dqn | LDPC-DiscreteMI-v0,384,99,15,4.46147925891832,0.0
rl,dqn | LDPC-DiscreteMI-v0,384,99,16,4.457960200073542,0.0
rl,dqn | LDPC-DiscreteMI-v0,384,99,17,4.466473957251738,0.0
rl,dqn | LDPC-DiscreteMI-v0,384,99,18,4.465050199186734,0.0
rl,dqn | LDPC-DiscreteMI-v0,384,99,19,4.255153574979312,0.0
rl,dqn | LDPC-DiscreteMI-v0,384,99,20,3.2360000370193167,0.0
rl,dqn | LDPC-DiscreteMI-v0,384,99,21,3.2222749574829836,0.0
rl,dqn | LDPC-DiscreteMI-v0,384,99,22,2.76139881037142,0.0
rl,dqn | LDPC-DiscreteMI-v0,384,99,23,3.442610033609416,0.0
rl,dqn | LDPC-DiscreteMI-v0,384,99,24,3.2811779540646975,0.0
rl,dqn | LDPC-DiscreteMI-v0,384,99,25,3.2032894583700107,0.0
rl,dqn | LDPC-DiscreteMI-v0,384,99,26,3.453815854254601,0.0
rl,dqn | LDPC-DiscreteMI-v0,384,99,27,3.0453447750374796,0.0
rl,dqn | LDPC-DiscreteMI-v0,384,99,28,3.292616220827218,0.0
rl,dqn | LDPC-DiscreteMI-v0,384,99,29,2.9154131964206256,0.0
rl,dqn | LDPC-DiscreteMI-v0,384,99,30,3.7251216718933877,0.0
rl,dqn | LDPC-DiscreteMI-v0,384,99,31,2.7123109058337938,0.0
rl,dqn | LDPC-DiscreteMI-v0,384,99,32,3.474627586007141,0.0
rl,dqn | LDPC-DiscreteMI-v0,384,99,33,3.247631607646666,0.0
rl,dqn | LDPC-DiscreteMI-v0,384,99,34,3.273463668015157,0.0
rl,dqn | LDPC-DiscreteMI-v0,384,99,35,3.451907233481356,0.0
rl,dqn | LDPC-DiscreteMI-v0,384,99,36,3.405606111260804,0.0
rl,dqn | LDPC-DiscreteMI-v0,384,99,37,2.724438229561849,0.0
rl,dqn | LDPC-DiscreteMI-v0,384,99,38,3.451907233481356,0.0
rl,dqn | LDPC-DiscreteMI-v0,384,99,39,3.420547480030548,0.0
rl,dqn | LDPC-DiscreteMI-v0,384,99,40,3.100547795631275,0.0
rl,dqn | LDPC-DiscreteMI-v0,384,99,41,3.451907233481356,0.0
rl,dqn | LDPC-DiscreteMI-v0,384,100,0,4.422382544201729,0.0
rl,dqn | LDPC-DiscreteMI-v0,384,100,1,4.495454725657839,0.0
rl,dqn | LDPC-DiscreteMI-v0,384,100,2,4.188496883782267,0.0
rl,dqn | LDPC-DiscreteMI-v0,384,100,3,4.33732041807605,0.0
rl,dqn | LDPC-DiscreteMI-v0,384,100,4,4.484448396353051,0.0
rl,dqn | LDPC-DiscreteMI-v0,384,100,5,4.564420912067882,0.0
rl,dqn | LDPC-DiscreteMI-v0,384,100,6,4.810689074156299,0.0
rl,dqn | LDPC-DiscreteMI-v0,384,100,7,4.480438663490418,0.0
rl,dqn | LDPC-DiscreteMI-v0,384,100,8,4.256078479898369,0.0
rl,dqn | LDPC-DiscreteMI-v0,384,100,9,4.237996309493003,0.0
rl,dqn | LDPC-DiscreteMI-v0,384,100,10,4.439444854277895,0.0
rl,dqn | LDPC-DiscreteMI-v0,384,100,11,4.498064788514997,0.0
rl,dqn | LDPC-DiscreteMI-v0,384,100,12,4.332868510062275,0.0
rl,dqn | LDPC-DiscreteMI-v0,384,100,13,4.256536417921963,0.0
rl,dqn | LDPC-DiscreteMI-v0,384,100,14,4.34614957566409,0.0
rl,dqn | LDPC-DiscreteMI-v0,384,100,15,4.46147925891832,0.0
rl,dqn | LDPC-DiscreteMI-v0,384,100,16,4.457960200073542,0.0
rl,dqn | LDPC-DiscreteMI-v0,384,100,17,4.466473957251738,0.0
rl,dqn | LDPC-DiscreteMI-v0,384,100,18,4.465050199186734,0.0
rl,dqn | LDPC-DiscreteMI-v0,384,100,19,4.255153574979312,0.0
rl,dqn | LDPC-DiscreteMI-v0,384,100,20,3.2360000370193167,0.0
rl,dqn | LDPC-DiscreteMI-v0,384,100,21,3.2222749574829836,0.0
rl,dqn | LDPC-DiscreteMI-v0,384,100,22,2.76139881037142,0.0
rl,dqn | LDPC-DiscreteMI-v0,384,100,23,3.442610033609416,0.0
rl,dqn | LDPC-DiscreteMI-v0,384,100,24,3.2811779540646975,0.0
rl,dqn | LDPC-DiscreteMI-v0,384,100,25,3.2032894583700107,0.0
rl,dqn | LDPC-DiscreteMI-v0,384,100,26,3.453815854254601,0.0
rl,dqn | LDPC-DiscreteMI-v0,384,100,27,3.0453447750374796,0.0
rl,dqn | LDPC-DiscreteMI-v0,384,100,28,3.292616220827218,0.0
rl,dqn | LDPC-DiscreteMI-v0,384,100,29,2.9154131964206256,0.0
rl,dqn | LDPC-DiscreteMI-v0,384,100,30,3.7251216718933877,0.0
rl,dqn | LDPC-DiscreteMI-v0,384,100,31,2.7123109058337938,0.0
rl,dqn | LDPC-DiscreteMI-v0,384,100,32,3.474627586007141,0.0
rl,dqn | LDPC-DiscreteMI-v0,384,100,33,3.247631607646666,0.0
rl,dqn | LDPC-DiscreteMI-v0,384,100,34,3.273463668015157,0.0
rl,dqn | LDPC-DiscreteMI-v0,384,100,35,3.451907233481356,0.0
rl,dqn | LDPC-DiscreteMI-v0,384,100,36,3.405606111260804,0.0
rl,dqn | LDPC-DiscreteMI-v0,384,100,37,2.724438229561849,0.0
rl,dqn | LDPC-DiscreteMI-v0,384,100,38,3.451907233481356,0.0
rl,dqn | LDPC-DiscreteMI-v0,384,100,39,3.420547480030548,0.0
rl,dqn | LDPC-DiscreteMI-v0,384,100,40,3.100547795631275,0.0
rl,dqn | LDPC-DiscreteMI-v0,384,100,41,3.451907233481356,0.0
rl,dqn | LDPC-DiscreteMI-v0,384,101,0,4.422382544201729,0.0
rl,dqn | LDPC-DiscreteMI-v0,384,101,1,4.495454725657839,0.0
rl,dqn | LDPC-DiscreteMI-v0,384,101,2,4.188496883782267,0.0
rl,dqn | LDPC-DiscreteMI-v0,384,101,3,4.33732041807605,0.0
rl,dqn | LDPC-DiscreteMI-v0,384,101,4,4.484448396353051,0.0
rl,dqn | LDPC-DiscreteMI-v0,384,101,5,4.564420912067882,0.0
rl,dqn | LDPC-DiscreteMI-v0,384,101,6,4.810689074156299,0.0
rl,dqn | LDPC-DiscreteMI-v0,384,101,7,4.480438663490418,0.0
rl,dqn | LDPC-DiscreteMI-v0,384,101,8,4.256078479898369,0.0
rl,dqn | LDPC-DiscreteMI-v0,384,101,9,4.237996309493003,0.0
rl,dqn | LDPC-DiscreteMI-v0,384,101,10,4.439444854277895,0.0
rl,dqn | LDPC-DiscreteMI-v0,384,101,11,4.498064788514997,0.0
rl,dqn | LDPC-DiscreteMI-v0,384,101,12,4.332868510062275,0.0
rl,dqn | LDPC-DiscreteMI-v0,384,101,13,4.256536417921963,0.0
rl,dqn | LDPC-DiscreteMI-v0,384,101,14,4.34614957566409,0.0
rl,dqn | LDPC-DiscreteMI-v0,384,101,15,4.46147925891832,0.0
rl,dqn | LDPC-DiscreteMI-v0,384,101,16,4.457960200073542,0.0
rl,dqn | LDPC-DiscreteMI-v0,384,101,17,4.466473957251738,0.0
rl,dqn | LDPC-DiscreteMI-v0,384,101,18,4.465050199186734,0.0
rl,dqn | LDPC-DiscreteMI-v0,384,101,19,4.255153574979312,0.0
rl,dqn | LDPC-DiscreteMI-v0,384,101,20,3.2360000370193167,0.0
rl,dqn | LDPC-DiscreteMI-v0,384,101,21,3.2222749574829836,0.0
rl,dqn | LDPC-DiscreteMI-v0,384,101,22,2.76139881037142,0.0
rl,dqn | LDPC-DiscreteMI-v0,384,101,23,3.442610033609416,0.0
rl,dqn | LDPC-DiscreteMI-v0,384,101,24,3.2811779540646975,0.0
rl,dqn | LDPC-DiscreteMI-v0,384,101,25,3.2032894583700107,0.0
rl,dqn | LDPC-DiscreteMI-v0,384,101,26,3.453815854254601,0.0
rl,dqn | LDPC-DiscreteMI-v0,384,101,27,3.0453447750374796,0.0
rl,dqn | LDPC-DiscreteMI-v0,384,101,28,3.292616220827218,0.0
rl,dqn | LDPC-DiscreteMI-v0,384,101,29,2.9154131964206256,0.0
rl,dqn | LDPC-DiscreteMI-v0,384,101,30,3.7251216718933877,0.0
rl,dqn | LDPC-DiscreteMI-v0,384,101,31,2.7123109058337938,0.0
rl,dqn | LDPC-DiscreteMI-v0,384,101,32,3.474627586007141,0.0
rl,dqn | LDPC-DiscreteMI-v0,384,101,33,3.247631607646666,0.0
rl,dqn | LDPC-DiscreteMI-v0,384,101,34,3.273463668015157,0.0
rl,dqn | LDPC-DiscreteMI-v0,384,101,35,3.451907233481356,0.0
rl,dqn | LDPC-DiscreteMI-v0,384,101,36,3.405606111260804,0.0
rl,dqn | LDPC-DiscreteMI-v0,384,101,37,2.724438229561849,0.0
rl,dqn | LDPC-DiscreteMI-v0,384,101,38,3.451907233481356,0.0
rl,dqn | LDPC-DiscreteMI-v0,384,101,39,3.420547480030548,0.0
rl,dqn | LDPC-DiscreteMI-v0,384,101,40,3.100547795631275,0.0
rl,dqn | LDPC-DiscreteMI-v0,384,101,41,3.451907233481356,0.0
rl,dqn | LDPC-DiscreteMI-v0,384,102,0,4.422382544201729,0.0
rl,dqn | LDPC-DiscreteMI-v0,384,102,1,4.495454725657839,0.0
rl,dqn | LDPC-DiscreteMI-v0,384,102,2,4.188496883782267,0.0
rl,dqn | LDPC-DiscreteMI-v0,384,102,3,4.33732041807605,0.0
rl,dqn | LDPC-DiscreteMI-v0,384,102,4,4.484448396353051,0.0
rl,dqn | LDPC-DiscreteMI-v0,384,102,5,4.564420912067882,0.0
rl,dqn | LDPC-DiscreteMI-v0,384,102,6,4.810689074156299,0.0
rl,dqn | LDPC-DiscreteMI-v0,384,102,7,4.480438663490418,0.0
rl,dqn | LDPC-DiscreteMI-v0,384,102,8,4.256078479898369,0.0
rl,dqn | LDPC-DiscreteMI-v0,384,102,9,4.237996309493003,0.0
rl,dqn | LDPC-DiscreteMI-v0,384,102,10,4.439444854277895,0.0
rl,dqn | LDPC-DiscreteMI-v0,384,102,11,4.498064788514997,0.0
rl,dqn | LDPC-DiscreteMI-v0,384,102,12,4.332868510062275,0.0
rl,dqn | LDPC-DiscreteMI-v0,384,102,13,4.256536417921963,0.0
rl,dqn | LDPC-DiscreteMI-v0,384,102,14,4.34614957566409,0.0
rl,dqn | LDPC-DiscreteMI-v0,384,102,15,4.46147925891832,0.0
rl,dqn | LDPC-DiscreteMI-v0,384,102,16,4.457960200073542,0.0
rl,dqn | LDPC-DiscreteMI-v0,384,102,17,4.466473957251738,0.0
rl,dqn | LDPC-DiscreteMI-v0,384,102,18,4.465050199186734,0.0
rl,dqn | LDPC-DiscreteMI-v0,384,102,19,4.255153574979312,0.0
rl,dqn | LDPC-DiscreteMI-v0,384,102,20,3.2360000370193167,0.0
rl,dqn | LDPC-DiscreteMI-v0,384,102,21,3.2222749574829836,0.0
rl,dqn | LDPC-DiscreteMI-v0,384,102,22,2.76139881037142,0.0
rl,dqn | LDPC-DiscreteMI-v0,384,102,23,3.442610033609416,0.0
rl,dqn | LDPC-DiscreteMI-v0,384,102,24,3.2811779540646975,0.0
rl,dqn | LDPC-DiscreteMI-v0,384,102,25,3.2032894583700107,0.0
rl,dqn | LDPC-DiscreteMI-v0,384,102,26,3.453815854254601,0.0
rl,dqn | LDPC-DiscreteMI-v0,384,102,27,3.0453447750374796,0.0
rl,dqn | LDPC-DiscreteMI-v0,384,102,28,3.292616220827218,0.0
rl,dqn | LDPC-DiscreteMI-v0,384,102,29,2.9154131964206256,0.0
rl,dqn | LDPC-DiscreteMI-v0,384,102,30,3.7251216718933877,0.0
rl,dqn | LDPC-DiscreteMI-v0,384,102,31,2.7123109058337938,0.0
rl,dqn | LDPC-DiscreteMI-v0,384,102,32,3.474627586007141,0.0
rl,dqn | LDPC-DiscreteMI-v0,384,102,33,3.247631607646666,0.0
rl,dqn | LDPC-DiscreteMI-v0,384,102,34,3.273463668015157,0.0
rl,dqn | LDPC-DiscreteMI-v0,384,102,35,3.451907233481356,0.0
rl,dqn | LDPC-DiscreteMI-v0,384,102,36,3.405606111260804,0.0
rl,dqn | LDPC-DiscreteMI-v0,384,102,37,2.724438229561849,0.0
rl,dqn | LDPC-DiscreteMI-v0,384,102,38,3.451907233481356,0.0
rl,dqn | LDPC-DiscreteMI-v0,384,102,39,3.420547480030548,0.0
rl,dqn | LDPC-DiscreteMI-v0,384,102,40,3.100547795631275,0.0
rl,dqn | LDPC-DiscreteMI-v0,384,102,41,3.451907233481356,0.0
rl,dqn | LDPC-DiscreteMI-v0,384,103,0,4.422382544201729,0.0
rl,dqn | LDPC-DiscreteMI-v0,384,103,1,4.495454725657839,0.0
rl,dqn | LDPC-DiscreteMI-v0,384,103,2,4.188496883782267,0.0
rl,dqn | LDPC-DiscreteMI-v0,384,103,3,4.33732041807605,0.0
rl,dqn | LDPC-DiscreteMI-v0,384,103,4,4.484448396353051,0.0
rl,dqn | LDPC-DiscreteMI-v0,384,103,5,4.564420912067882,0.0
rl,dqn | LDPC-DiscreteMI-v0,384,103,6,4.810689074156299,0.0
rl,dqn | LDPC-DiscreteMI-v0,384,103,7,4.480438663490418,0.0
rl,dqn | LDPC-DiscreteMI-v0,384,103,8,4.256078479898369,0.0
rl,dqn | LDPC-DiscreteMI-v0,384,103,9,4.237996309493003,0.0
rl,dqn | LDPC-DiscreteMI-v0,384,103,10,4.439444854277895,0.0
rl,dqn | LDPC-DiscreteMI-v0,384,103,11,4.498064788514997,0.0
rl,dqn | LDPC-DiscreteMI-v0,384,103,12,4.332868510062275,0.0
rl,dqn | LDPC-DiscreteMI-v0,384,103,13,4.256536417921963,0.0
rl,dqn | LDPC-DiscreteMI-v0,384,103,14,4.34614957566409,0.0
rl,dqn | LDPC-DiscreteMI-v0,384,103,15,4.46147925891832,0.0
rl,dqn | LDPC-DiscreteMI-v0,384,103,16,4.457960200073542,0.0
rl,dqn | LDPC-DiscreteMI-v0,384,103,17,4.466473957251738,0.0
rl,dqn | LDPC-DiscreteMI-v0,384,103,18,4.465050199186734,0.0
rl,dqn | LDPC-DiscreteMI-v0,384,103,19,4.255153574979312,0.0
rl,dqn | LDPC-DiscreteMI-v0,384,103,20,3.2360000370193167,0.0
rl,dqn | LDPC-DiscreteMI-v0,384,103,21,3.2222749574829836,0.0
rl,dqn | LDPC-DiscreteMI-v0,384,103,22,2.76139881037142,0.0
rl,dqn | LDPC-DiscreteMI-v0,384,103,23,3.442610033609416,0.0
rl,dqn | LDPC-DiscreteMI-v0,384,103,24,3.2811779540646975,0.0
rl,dqn | LDPC-DiscreteMI-v0,384,103,25,3.2032894583700107,0.0
rl,dqn | LDPC-DiscreteMI-v0,384,103,26,3.453815854254601,0.0
rl,dqn | LDPC-DiscreteMI-v0,384,103,27,3.0453447750374796,0.0
rl,dqn | LDPC-DiscreteMI-v0,384,103,28,3.292616220827218,0.0
rl,dqn | LDPC-DiscreteMI-v0,384,103,29,2.9154131964206256,0.0
rl,dqn | LDPC-DiscreteMI-v0,384,103,30,3.7251216718933877,0.0
rl,dqn | LDPC-DiscreteMI-v0,384,103,31,2.7123109058337938,0.0
rl,dqn | LDPC-DiscreteMI-v0,384,103,32,3.474627586007141,0.0
rl,dqn | LDPC-DiscreteMI-v0,384,103,33,3.247631607646666,0.0
rl,dqn | LDPC-DiscreteMI-v0,384,103,34,3.273463668015157,0.0
rl,dqn | LDPC-DiscreteMI-v0,384,103,35,3.451907233481356,0.0
rl,dqn | LDPC-DiscreteMI-v0,384,103,36,3.405606111260804,0.0
rl,dqn | LDPC-DiscreteMI-v0,384,103,37,2.724438229561849,0.0
rl,dqn | LDPC-DiscreteMI-v0,384,103,38,3.451907233481356,0.0
rl,dqn | LDPC-DiscreteMI-v0,384,103,39,3.420547480030548,0.0
rl,dqn | LDPC-DiscreteMI-v0,384,103,40,3.100547795631275,0.0
rl,dqn | LDPC-DiscreteMI-v0,384,103,41,3.451907233481356,0.0
rl,dqn | LDPC-DiscreteMI-v0,384,104,0,4.422382544201729,0.0
rl,dqn | LDPC-DiscreteMI-v0,384,104,1,4.495454725657839,0.0
rl,dqn | LDPC-DiscreteMI-v0,384,104,2,4.188496883782267,0.0
rl,dqn | LDPC-DiscreteMI-v0,384,104,3,4.33732041807605,0.0
rl,dqn | LDPC-DiscreteMI-v0,384,104,4,4.484448396353051,0.0
rl,dqn | LDPC-DiscreteMI-v0,384,104,5,4.564420912067882,0.0
rl,dqn | LDPC-DiscreteMI-v0,384,104,6,4.810689074156299,0.0
rl,dqn | LDPC-DiscreteMI-v0,384,104,7,4.480438663490418,0.0
rl,dqn | LDPC-DiscreteMI-v0,384,104,8,4.256078479898369,0.0
rl,dqn | LDPC-DiscreteMI-v0,384,104,9,4.237996309493003,0.0
rl,dqn | LDPC-DiscreteMI-v0,384,104,10,4.439444854277895,0.0
rl,dqn | LDPC-DiscreteMI-v0,384,104,11,4.498064788514997,0.0
rl,dqn | LDPC-DiscreteMI-v0,384,104,12,4.332868510062275,0.0
rl,dqn | LDPC-DiscreteMI-v0,384,104,13,4.256536417921963,0.0
rl,dqn | LDPC-DiscreteMI-v0,384,104,14,4.34614957566409,0.0
rl,dqn | LDPC-DiscreteMI-v0,384,104,15,4.46147925891832,0.0
rl,dqn | LDPC-DiscreteMI-v0,384,104,16,4.457960200073542,0.0
rl,dqn | LDPC-DiscreteMI-v0,384,104,17,4.466473957251738,0.0
rl,dqn | LDPC-DiscreteMI-v0,384,104,18,4.465050199186734,0.0
rl,dqn | LDPC-DiscreteMI-v0,384,104,19,4.255153574979312,0.0
rl,dqn | LDPC-DiscreteMI-v0,384,104,20,3.2360000370193167,0.0
rl,dqn | LDPC-DiscreteMI-v0,384,104,21,3.2222749574829836,0.0
rl,dqn | LDPC-DiscreteMI-v0,384,104,22,2.76139881037142,0.0
rl,dqn | LDPC-DiscreteMI-v0,384,104,23,3.442610033609416,0.0
rl,dqn | LDPC-DiscreteMI-v0,384,104,24,3.2811779540646975,0.0
rl,dqn | LDPC-DiscreteMI-v0,384,104,25,3.2032894583700107,0.0
rl,dqn | LDPC-DiscreteMI-v0,384,104,26,3.453815854254601,0.0
rl,dqn | LDPC-DiscreteMI-v0,384,104,27,3.0453447750374796,0.0
rl,dqn | LDPC-DiscreteMI-v0,384,104,28,3.292616220827218,0.0
rl,dqn | LDPC-DiscreteMI-v0,384,104,29,2.9154131964206256,0.0
rl,dqn | LDPC-DiscreteMI-v0,384,104,30,3.7251216718933877,0.0
rl,dqn | LDPC-DiscreteMI-v0,384,104,31,2.7123109058337938,0.0
rl,dqn | LDPC-DiscreteMI-v0,384,104,32,3.474627586007141,0.0
rl,dqn | LDPC-DiscreteMI-v0,384,104,33,3.247631607646666,0.0
rl,dqn | LDPC-DiscreteMI-v0,384,104,34,3.273463668015157,0.0
rl,dqn | LDPC-DiscreteMI-v0,384,104,35,3.451907233481356,0.0
rl,dqn | LDPC-DiscreteMI-v0,384,104,36,3.405606111260804,0.0
rl,dqn | LDPC-DiscreteMI-v0,384,104,37,2.724438229561849,0.0
rl,dqn | LDPC-DiscreteMI-v0,384,104,38,3.451907233481356,0.0
rl,dqn | LDPC-DiscreteMI-v0,384,104,39,3.420547480030548,0.0
rl,dqn | LDPC-DiscreteMI-v0,384,104,40,3.100547795631275,0.0
rl,dqn | LDPC-DiscreteMI-v0,384,104,41,3.451907233481356,0.0
rl,dqn | LDPC-DiscreteMI-v0,384,105,0,4.422382544201729,0.0
rl,dqn | LDPC-DiscreteMI-v0,384,105,1,4.495454725657839,0.0
rl,dqn | LDPC-DiscreteMI-v0,384,105,2,4.188496883782267,0.0
rl,dqn | LDPC-DiscreteMI-v0,384,105,3,4.33732041807605,0.0
rl,dqn | LDPC-DiscreteMI-v0,384,105,4,4.484448396353051,0.0
rl,dqn | LDPC-DiscreteMI-v0,384,105,5,4.564420912067882,0.0
rl,dqn | LDPC-DiscreteMI-v0,384,105,6,4.810689074156299,0.0
rl,dqn | LDPC-DiscreteMI-v0,384,105,7,4.480438663490418,0.0
rl,dqn | LDPC-DiscreteMI-v0,384,105,8,4.256078479898369,0.0
rl,dqn | LDPC-DiscreteMI-v0,384,105,9,4.237996309493003,0.0
rl,dqn | LDPC-DiscreteMI-v0,384,105,10,4.439444854277895,0.0
rl,dqn | LDPC-DiscreteMI-v0,384,105,11,4.498064788514997,0.0
rl,dqn | LDPC-DiscreteMI-v0,384,105,12,4.332868510062275,0.0
rl,dqn | LDPC-DiscreteMI-v0,384,105,13,4.256536417921963,0.0
rl,dqn | LDPC-DiscreteMI-v0,384,105,14,4.34614957566409,0.0
rl,dqn | LDPC-DiscreteMI-v0,384,105,15,4.46147925891832,0.0
rl,dqn | LDPC-DiscreteMI-v0,384,105,16,4.457960200073542,0.0
rl,dqn | LDPC-DiscreteMI-v0,384,105,17,4.466473957251738,0.0
rl,dqn | LDPC-DiscreteMI-v0,384,105,18,4.465050199186734,0.0
rl,dqn | LDPC-DiscreteMI-v0,384,105,19,4.255153574979312,0.0
rl,dqn | LDPC-DiscreteMI-v0,384,105,20,3.2360000370193167,0.0
rl,dqn | LDPC-DiscreteMI-v0,384,105,21,3.2222749574829836,0.0
rl,dqn | LDPC-DiscreteMI-v0,384,105,22,2.76139881037142,0.0
rl,dqn | LDPC-DiscreteMI-v0,384,105,23,3.442610033609416,0.0
rl,dqn | LDPC-DiscreteMI-v0,384,105,24,3.2811779540646975,0.0
rl,dqn | LDPC-DiscreteMI-v0,384,105,25,3.2032894583700107,0.0
rl,dqn | LDPC-DiscreteMI-v0,384,105,26,3.453815854254601,0.0
rl,dqn | LDPC-DiscreteMI-v0,384,105,27,3.0453447750374796,0.0
rl,dqn | LDPC-DiscreteMI-v0,384,105,28,3.292616220827218,0.0
rl,dqn | LDPC-DiscreteMI-v0,384,105,29,2.9154131964206256,0.0
rl,dqn | LDPC-DiscreteMI-v0,384,105,30,3.7251216718933877,0.0
rl,dqn | LDPC-DiscreteMI-v0,384,105,31,2.7123109058337938,0.0
rl,dqn | LDPC-DiscreteMI-v0,384,105,32,3.474627586007141,0.0
rl,dqn | LDPC-DiscreteMI-v0,384,105,33,3.247631607646666,0.0
rl,dqn | LDPC-DiscreteMI-v0,384,105,34,3.273463668015157,0.0
rl,dqn | LDPC-DiscreteMI-v0,384,105,35,3.451907233481356,0.0
rl,dqn | LDPC-DiscreteMI-v0,384,105,36,3.405606111260804,0.0
rl,dqn | LDPC-DiscreteMI-v0,384,105,37,2.724438229561849,0.0
rl,dqn | LDPC-DiscreteMI-v0,384,105,38,3.451907233481356,0.0
rl,dqn | LDPC-DiscreteMI-v0,384,105,39,3.420547480030548,0.0
rl,dqn | LDPC-DiscreteMI-v0,384,105,40,3.100547795631275,0.0
rl,dqn | LDPC-DiscreteMI-v0,384,105,41,3.451907233481356,0.0
rl,dqn | LDPC-DiscreteMI-v0,384,106,0,4.422382544201729,0.0
rl,dqn | LDPC-DiscreteMI-v0,384,106,1,4.495454725657839,0.0
rl,dqn | LDPC-DiscreteMI-v0,384,106,2,4.188496883782267,0.0
rl,dqn | LDPC-DiscreteMI-v0,384,106,3,4.33732041807605,0.0
rl,dqn | LDPC-DiscreteMI-v0,384,106,4,4.484448396353051,0.0
rl,dqn | LDPC-DiscreteMI-v0,384,106,5,4.564420912067882,0.0
rl,dqn | LDPC-DiscreteMI-v0,384,106,6,4.810689074156299,0.0
rl,dqn | LDPC-DiscreteMI-v0,384,106,7,4.480438663490418,0.0
rl,dqn | LDPC-DiscreteMI-v0,384,106,8,4.256078479898369,0.0
rl,dqn | LDPC-DiscreteMI-v0,384,106,9,4.237996309493003,0.0
rl,dqn | LDPC-DiscreteMI-v0,384,106,10,4.439444854277895,0.0
rl,dqn | LDPC-DiscreteMI-v0,384,106,11,4.498064788514997,0.0
rl,dqn | LDPC-DiscreteMI-v0,384,106,12,4.332868510062275,0.0
rl,dqn | LDPC-DiscreteMI-v0,384,106,13,4.256536417921963,0.0
rl,dqn | LDPC-DiscreteMI-v0,384,106,14,4.34614957566409,0.0
rl,dqn | LDPC-DiscreteMI-v0,384,106,15,4.46147925891832,0.0
rl,dqn | LDPC-DiscreteMI-v0,384,106,16,4.457960200073542,0.0
rl,dqn | LDPC-DiscreteMI-v0,384,106,17,4.466473957251738,0.0
rl,dqn | LDPC-DiscreteMI-v0,384,106,18,4.465050199186734,0.0
rl,dqn | LDPC-DiscreteMI-v0,384,106,19,4.255153574979312,0.0
rl,dqn | LDPC-DiscreteMI-v0,384,106,20,3.2360000370193167,0.0
rl,dqn | LDPC-DiscreteMI-v0,384,106,21,3.2222749574829836,0.0
rl,dqn | LDPC-DiscreteMI-v0,384,106,22,2.76139881037142,0.0
rl,dqn | LDPC-DiscreteMI-v0,384,106,23,3.442610033609416,0.0
rl,dqn | LDPC-DiscreteMI-v0,384,106,24,3.2811779540646975,0.0
rl,dqn | LDPC-DiscreteMI-v0,384,106,25,3.2032894583700107,0.0
rl,dqn | LDPC-DiscreteMI-v0,384,106,26,3.453815854254601,0.0
rl,dqn | LDPC-DiscreteMI-v0,384,106,27,3.0453447750374796,0.0
rl,dqn | LDPC-DiscreteMI-v0,384,106,28,3.292616220827218,0.0
rl,dqn | LDPC-DiscreteMI-v0,384,106,29,2.9154131964206256,0.0
rl,dqn | LDPC-DiscreteMI-v0,384,106,30,3.7251216718933877,0.0
rl,dqn | LDPC-DiscreteMI-v0,384,106,31,2.7123109058337938,0.0
rl,dqn | LDPC-DiscreteMI-v0,384,106,32,3.474627586007141,0.0
rl,dqn | LDPC-DiscreteMI-v0,384,106,33,3.247631607646666,0.0
rl,dqn | LDPC-DiscreteMI-v0,384,106,34,3.273463668015157,0.0
rl,dqn | LDPC-DiscreteMI-v0,384,106,35,3.451907233481356,0.0
rl,dqn | LDPC-DiscreteMI-v0,384,106,36,3.405606111260804,0.0
rl,dqn | LDPC-DiscreteMI-v0,384,106,37,2.724438229561849,0.0
rl,dqn | LDPC-DiscreteMI-v0,384,106,38,3.451907233481356,0.0
rl,dqn | LDPC-DiscreteMI-v0,384,106,39,3.420547480030548,0.0
rl,dqn | LDPC-DiscreteMI-v0,384,106,40,3.100547795631275,0.0
rl,dqn | LDPC-DiscreteMI-v0,384,106,41,3.451907233481356,0.0
rl,dqn | LDPC-DiscreteMI-v0,384,107,0,4.422382544201729,0.0
rl,dqn | LDPC-DiscreteMI-v0,384,107,1,4.495454725657839,0.0
rl,dqn | LDPC-DiscreteMI-v0,384,107,2,4.188496883782267,0.0
rl,dqn | LDPC-DiscreteMI-v0,384,107,3,4.33732041807605,0.0
rl,dqn | LDPC-DiscreteMI-v0,384,107,4,4.484448396353051,0.0
rl,dqn | LDPC-DiscreteMI-v0,384,107,5,4.564420912067882,0.0
rl,dqn | LDPC-DiscreteMI-v0,384,107,6,4.810689074156299,0.0
rl,dqn | LDPC-DiscreteMI-v0,384,107,7,4.480438663490418,0.0
rl,dqn | LDPC-DiscreteMI-v0,384,107,8,4.256078479898369,0.0
rl,dqn | LDPC-DiscreteMI-v0,384,107,9,4.237996309493003,0.0
rl,dqn | LDPC-DiscreteMI-v0,384,107,10,4.439444854277895,0.0
rl,dqn | LDPC-DiscreteMI-v0,384,107,11,4.498064788514997,0.0
rl,dqn | LDPC-DiscreteMI-v0,384,107,12,4.332868510062275,0.0
rl,dqn | LDPC-DiscreteMI-v0,384,107,13,4.256536417921963,0.0
rl,dqn | LDPC-DiscreteMI-v0,384,107,14,4.34614957566409,0.0
rl,dqn | LDPC-DiscreteMI-v0,384,107,15,4.46147925891832,0.0
rl,dqn | LDPC-DiscreteMI-v0,384,107,16,4.457960200073542,0.0
rl,dqn | LDPC-DiscreteMI-v0,384,107,17,4.466473957251738,0.0
rl,dqn | LDPC-DiscreteMI-v0,384,107,18,4.465050199186734,0.0
rl,dqn | LDPC-DiscreteMI-v0,384,107,19,4.255153574979312,0.0
rl,dqn | LDPC-DiscreteMI-v0,384,107,20,3.2360000370193167,0.0
rl,dqn | LDPC-DiscreteMI-v0,384,107,21,3.2222749574829836,0.0
rl,dqn | LDPC-DiscreteMI-v0,384,107,22,2.76139881037142,0.0
rl,dqn | LDPC-DiscreteMI-v0,384,107,23,3.442610033609416,0.0
rl,dqn | LDPC-DiscreteMI-v0,384,107,24,3.2811779540646975,0.0
rl,dqn | LDPC-DiscreteMI-v0,384,107,25,3.2032894583700107,0.0
rl,dqn | LDPC-DiscreteMI-v0,384,107,26,3.453815854254601,0.0
rl,dqn | LDPC-DiscreteMI-v0,384,107,27,3.0453447750374796,0.0
rl,dqn | LDPC-DiscreteMI-v0,384,107,28,3.292616220827218,0.0
rl,dqn | LDPC-DiscreteMI-v0,384,107,29,2.9154131964206256,0.0
rl,dqn | LDPC-DiscreteMI-v0,384,107,30,3.7251216718933877,0.0
rl,dqn | LDPC-DiscreteMI-v0,384,107,31,2.7123109058337938,0.0
rl,dqn | LDPC-DiscreteMI-v0,384,107,32,3.474627586007141,0.0
rl,dqn | LDPC-DiscreteMI-v0,384,107,33,3.247631607646666,0.0
rl,dqn | LDPC-DiscreteMI-v0,384,107,34,3.273463668015157,0.0
rl,dqn | LDPC-DiscreteMI-v0,384,107,35,3.451907233481356,0.0
rl,dqn | LDPC-DiscreteMI-v0,384,107,36,3.405606111260804,0.0
rl,dqn | LDPC-DiscreteMI-v0,384,107,37,2.724438229561849,0.0
rl,dqn | LDPC-DiscreteMI-v0,384,107,38,3.451907233481356,0.0
rl,dqn | LDPC-DiscreteMI-v0,384,107,39,3.420547480030548,0.0
rl,dqn | LDPC-DiscreteMI-v0,384,107,40,3.100547795631275,0.0
rl,dqn | LDPC-DiscreteMI-v0,384,107,41,3.451907233481356,0.0
rl,dqn | LDPC-DiscreteMI-v0,384,108,0,4.422382544201729,0.0
rl,dqn | LDPC-DiscreteMI-v0,384,108,1,4.495454725657839,0.0
rl,dqn | LDPC-DiscreteMI-v0,384,108,2,4.188496883782267,0.0
rl,dqn | LDPC-DiscreteMI-v0,384,108,3,4.33732041807605,0.0
rl,dqn | LDPC-DiscreteMI-v0,384,108,4,4.484448396353051,0.0
rl,dqn | LDPC-DiscreteMI-v0,384,108,5,4.564420912067882,0.0
rl,dqn | LDPC-DiscreteMI-v0,384,108,6,4.810689074156299,0.0
rl,dqn | LDPC-DiscreteMI-v0,384,108,7,4.480438663490418,0.0
rl,dqn | LDPC-DiscreteMI-v0,384,108,8,4.256078479898369,0.0
rl,dqn | LDPC-DiscreteMI-v0,384,108,9,4.237996309493003,0.0
rl,dqn | LDPC-DiscreteMI-v0,384,108,10,4.439444854277895,0.0
rl,dqn | LDPC-DiscreteMI-v0,384,108,11,4.498064788514997,0.0
rl,dqn | LDPC-DiscreteMI-v0,384,108,12,4.332868510062275,0.0
rl,dqn | LDPC-DiscreteMI-v0,384,108,13,4.256536417921963,0.0
rl,dqn | LDPC-DiscreteMI-v0,384,108,14,4.34614957566409,0.0
rl,dqn | LDPC-DiscreteMI-v0,384,108,15,4.46147925891832,0.0
rl,dqn | LDPC-DiscreteMI-v0,384,108,16,4.457960200073542,0.0
rl,dqn | LDPC-DiscreteMI-v0,384,108,17,4.466473957251738,0.0
rl,dqn | LDPC-DiscreteMI-v0,384,108,18,4.465050199186734,0.0
rl,dqn | LDPC-DiscreteMI-v0,384,108,19,4.255153574979312,0.0
rl,dqn | LDPC-DiscreteMI-v0,384,108,20,3.2360000370193167,0.0
rl,dqn | LDPC-DiscreteMI-v0,384,108,21,3.2222749574829836,0.0
rl,dqn | LDPC-DiscreteMI-v0,384,108,22,2.76139881037142,0.0
rl,dqn | LDPC-DiscreteMI-v0,384,108,23,3.442610033609416,0.0
rl,dqn | LDPC-DiscreteMI-v0,384,108,24,3.2811779540646975,0.0
rl,dqn | LDPC-DiscreteMI-v0,384,108,25,3.2032894583700107,0.0
rl,dqn | LDPC-DiscreteMI-v0,384,108,26,3.453815854254601,0.0
rl,dqn | LDPC-DiscreteMI-v0,384,108,27,3.0453447750374796,0.0
rl,dqn | LDPC-DiscreteMI-v0,384,108,28,3.292616220827218,0.0
rl,dqn | LDPC-DiscreteMI-v0,384,108,29,2.9154131964206256,0.0
rl,dqn | LDPC-DiscreteMI-v0,384,108,30,3.7251216718933877,0.0
rl,dqn | LDPC-DiscreteMI-v0,384,108,31,2.7123109058337938,0.0
rl,dqn | LDPC-DiscreteMI-v0,384,108,32,3.474627586007141,0.0
rl,dqn | LDPC-DiscreteMI-v0,384,108,33,3.247631607646666,0.0
rl,dqn | LDPC-DiscreteMI-v0,384,108,34,3.273463668015157,0.0
rl,dqn | LDPC-DiscreteMI-v0,384,108,35,3.451907233481356,0.0
rl,dqn | LDPC-DiscreteMI-v0,384,108,36,3.405606111260804,0.0
rl,dqn | LDPC-DiscreteMI-v0,384,108,37,2.724438229561849,0.0
rl,dqn | LDPC-DiscreteMI-v0,384,108,38,3.451907233481356,0.0
rl,dqn | LDPC-DiscreteMI-v0,384,108,39,3.420547480030548,0.0
rl,dqn | LDPC-DiscreteMI-v0,384,108,40,3.100547795631275,0.0
rl,dqn | LDPC-DiscreteMI-v0,384,108,41,3.451907233481356,0.0
rl,dqn | LDPC-DiscreteMI-v0,384,109,0,4.422382544201729,0.0
rl,dqn | LDPC-DiscreteMI-v0,384,109,1,4.495454725657839,0.0
rl,dqn | LDPC-DiscreteMI-v0,384,109,2,4.188496883782267,0.0
rl,dqn | LDPC-DiscreteMI-v0,384,109,3,4.33732041807605,0.0
rl,dqn | LDPC-DiscreteMI-v0,384,109,4,4.484448396353051,0.0
rl,dqn | LDPC-DiscreteMI-v0,384,109,5,4.564420912067882,0.0
rl,dqn | LDPC-DiscreteMI-v0,384,109,6,4.810689074156299,0.0
rl,dqn | LDPC-DiscreteMI-v0,384,109,7,4.480438663490418,0.0
rl,dqn | LDPC-DiscreteMI-v0,384,109,8,4.256078479898369,0.0
rl,dqn | LDPC-DiscreteMI-v0,384,109,9,4.237996309493003,0.0
rl,dqn | LDPC-DiscreteMI-v0,384,109,10,4.439444854277895,0.0
rl,dqn | LDPC-DiscreteMI-v0,384,109,11,4.498064788514997,0.0
rl,dqn | LDPC-DiscreteMI-v0,384,109,12,4.332868510062275,0.0
rl,dqn | LDPC-DiscreteMI-v0,384,109,13,4.256536417921963,0.0
rl,dqn | LDPC-DiscreteMI-v0,384,109,14,4.34614957566409,0.0
rl,dqn | LDPC-DiscreteMI-v0,384,109,15,4.46147925891832,0.0
rl,dqn | LDPC-DiscreteMI-v0,384,109,16,4.457960200073542,0.0
rl,dqn | LDPC-DiscreteMI-v0,384,109,17,4.466473957251738,0.0
rl,dqn | LDPC-DiscreteMI-v0,384,109,18,4.465050199186734,0.0
rl,dqn | LDPC-DiscreteMI-v0,384,109,19,4.255153574979312,0.0
rl,dqn | LDPC-DiscreteMI-v0,384,109,20,3.2360000370193167,0.0
rl,dqn | LDPC-DiscreteMI-v0,384,109,21,3.2222749574829836,0.0
rl,dqn | LDPC-DiscreteMI-v0,384,109,22,2.76139881037142,0.0
rl,dqn | LDPC-DiscreteMI-v0,384,109,23,3.442610033609416,0.0
rl,dqn | LDPC-DiscreteMI-v0,384,109,24,3.2811779540646975,0.0
rl,dqn | LDPC-DiscreteMI-v0,384,109,25,3.2032894583700107,0.0
rl,dqn | LDPC-DiscreteMI-v0,384,109,26,3.453815854254601,0.0
rl,dqn | LDPC-DiscreteMI-v0,384,109,27,3.0453447750374796,0.0
rl,dqn | LDPC-DiscreteMI-v0,384,109,28,3.292616220827218,0.0
rl,dqn | LDPC-DiscreteMI-v0,384,109,29,2.9154131964206256,0.0
rl,dqn | LDPC-DiscreteMI-v0,384,109,30,3.7251216718933877,0.0
rl,dqn | LDPC-DiscreteMI-v0,384,109,31,2.7123109058337938,0.0
rl,dqn | LDPC-DiscreteMI-v0,384,109,32,3.474627586007141,0.0
rl,dqn | LDPC-DiscreteMI-v0,384,109,33,3.247631607646666,0.0
rl,dqn | LDPC-DiscreteMI-v0,384,109,34,3.273463668015157,0.0
rl,dqn | LDPC-DiscreteMI-v0,384,109,35,3.451907233481356,0.0
rl,dqn | LDPC-DiscreteMI-v0,384,109,36,3.405606111260804,0.0
rl,dqn | LDPC-DiscreteMI-v0,384,109,37,2.724438229561849,0.0
rl,dqn | LDPC-DiscreteMI-v0,384,109,38,3.451907233481356,0.0
rl,dqn | LDPC-DiscreteMI-v0,384,109,39,3.420547480030548,0.0
rl,dqn | LDPC-DiscreteMI-v0,384,109,40,3.100547795631275,0.0
rl,dqn | LDPC-DiscreteMI-v0,384,109,41,3.451907233481356,0.0
rl,dqn | LDPC-DiscreteMI-v0,384,110,0,4.422382544201729,0.0
rl,dqn | LDPC-DiscreteMI-v0,384,110,1,4.495454725657839,0.0
rl,dqn | LDPC-DiscreteMI-v0,384,110,2,4.188496883782267,0.0
rl,dqn | LDPC-DiscreteMI-v0,384,110,3,4.33732041807605,0.0
rl,dqn | LDPC-DiscreteMI-v0,384,110,4,4.484448396353051,0.0
rl,dqn | LDPC-DiscreteMI-v0,384,110,5,4.564420912067882,0.0
rl,dqn | LDPC-DiscreteMI-v0,384,110,6,4.810689074156299,0.0
rl,dqn | LDPC-DiscreteMI-v0,384,110,7,4.480438663490418,0.0
rl,dqn | LDPC-DiscreteMI-v0,384,110,8,4.256078479898369,0.0
rl,dqn | LDPC-DiscreteMI-v0,384,110,9,4.237996309493003,0.0
rl,dqn | LDPC-DiscreteMI-v0,384,110,10,4.439444854277895,0.0
rl,dqn | LDPC-DiscreteMI-v0,384,110,11,4.498064788514997,0.0
rl,dqn | LDPC-DiscreteMI-v0,384,110,12,4.332868510062275,0.0
rl,dqn | LDPC-DiscreteMI-v0,384,110,13,4.256536417921963,0.0
rl,dqn | LDPC-DiscreteMI-v0,384,110,14,4.34614957566409,0.0
rl,dqn | LDPC-DiscreteMI-v0,384,110,15,4.46147925891832,0.0
rl,dqn | LDPC-DiscreteMI-v0,384,110,16,4.457960200073542,0.0
rl,dqn | LDPC-DiscreteMI-v0,384,110,17,4.466473957251738,0.0
rl,dqn | LDPC-DiscreteMI-v0,384,110,18,4.465050199186734,0.0
rl,dqn | LDPC-DiscreteMI-v0,384,110,19,4.255153574979312,0.0
rl,dqn | LDPC-DiscreteMI-v0,384,110,20,3.2360000370193167,0.0
rl,dqn | LDPC-DiscreteMI-v0,384,110,21,3.2222749574829836,0.0
rl,dqn | LDPC-DiscreteMI-v0,384,110,22,2.76139881037142,0.0
rl,dqn | LDPC-DiscreteMI-v0,384,110,23,3.442610033609416,0.0
rl,dqn | LDPC-DiscreteMI-v0,384,110,24,3.2811779540646975,0.0
rl,dqn | LDPC-DiscreteMI-v0,384,110,25,3.2032894583700107,0.0
rl,dqn | LDPC-DiscreteMI-v0,384,110,26,3.453815854254601,0.0
rl,dqn | LDPC-DiscreteMI-v0,384,110,27,3.0453447750374796,0.0
rl,dqn | LDPC-DiscreteMI-v0,384,110,28,3.292616220827218,0.0
rl,dqn | LDPC-DiscreteMI-v0,384,110,29,2.9154131964206256,0.0
rl,dqn | LDPC-DiscreteMI-v0,384,110,30,3.7251216718933877,0.0
rl,dqn | LDPC-DiscreteMI-v0,384,110,31,2.7123109058337938,0.0
rl,dqn | LDPC-DiscreteMI-v0,384,110,32,3.474627586007141,0.0
rl,dqn | LDPC-DiscreteMI-v0,384,110,33,3.247631607646666,0.0
rl,dqn | LDPC-DiscreteMI-v0,384,110,34,3.273463668015157,0.0
rl,dqn | LDPC-DiscreteMI-v0,384,110,35,3.451907233481356,0.0
rl,dqn | LDPC-DiscreteMI-v0,384,110,36,3.405606111260804,0.0
rl,dqn | LDPC-DiscreteMI-v0,384,110,37,2.724438229561849,0.0
rl,dqn | LDPC-DiscreteMI-v0,384,110,38,3.451907233481356,0.0
rl,dqn | LDPC-DiscreteMI-v0,384,110,39,3.420547480030548,0.0
rl,dqn | LDPC-DiscreteMI-v0,384,110,40,3.100547795631275,0.0
rl,dqn | LDPC-DiscreteMI-v0,384,110,41,3.451907233481356,0.0
rl,dqn | LDPC-DiscreteMI-v0,384,111,0,4.422382544201729,0.0
rl,dqn | LDPC-DiscreteMI-v0,384,111,1,4.495454725657839,0.0
rl,dqn | LDPC-DiscreteMI-v0,384,111,2,4.188496883782267,0.0
rl,dqn | LDPC-DiscreteMI-v0,384,111,3,4.33732041807605,0.0
rl,dqn | LDPC-DiscreteMI-v0,384,111,4,4.484448396353051,0.0
rl,dqn | LDPC-DiscreteMI-v0,384,111,5,4.564420912067882,0.0
rl,dqn | LDPC-DiscreteMI-v0,384,111,6,4.810689074156299,0.0
rl,dqn | LDPC-DiscreteMI-v0,384,111,7,4.480438663490418,0.0
rl,dqn | LDPC-DiscreteMI-v0,384,111,8,4.256078479898369,0.0
rl,dqn | LDPC-DiscreteMI-v0,384,111,9,4.237996309493003,0.0
rl,dqn | LDPC-DiscreteMI-v0,384,111,10,4.439444854277895,0.0
rl,dqn | LDPC-DiscreteMI-v0,384,111,11,4.498064788514997,0.0
rl,dqn | LDPC-DiscreteMI-v0,384,111,12,4.332868510062275,0.0
rl,dqn | LDPC-DiscreteMI-v0,384,111,13,4.256536417921963,0.0
rl,dqn | LDPC-DiscreteMI-v0,384,111,14,4.34614957566409,0.0
rl,dqn | LDPC-DiscreteMI-v0,384,111,15,4.46147925891832,0.0
rl,dqn | LDPC-DiscreteMI-v0,384,111,16,4.457960200073542,0.0
rl,dqn | LDPC-DiscreteMI-v0,384,111,17,4.466473957251738,0.0
rl,dqn | LDPC-DiscreteMI-v0,384,111,18,4.465050199186734,0.0
rl,dqn | LDPC-DiscreteMI-v0,384,111,19,4.255153574979312,0.0
rl,dqn | LDPC-DiscreteMI-v0,384,111,20,3.2360000370193167,0.0
rl,dqn | LDPC-DiscreteMI-v0,384,111,21,3.2222749574829836,0.0
rl,dqn | LDPC-DiscreteMI-v0,384,111,22,2.76139881037142,0.0
rl,dqn | LDPC-DiscreteMI-v0,384,111,23,3.442610033609416,0.0
rl,dqn | LDPC-DiscreteMI-v0,384,111,24,3.2811779540646975,0.0
rl,dqn | LDPC-DiscreteMI-v0,384,111,25,3.2032894583700107,0.0
rl,dqn | LDPC-DiscreteMI-v0,384,111,26,3.453815854254601,0.0
rl,dqn | LDPC-DiscreteMI-v0,384,111,27,3.0453447750374796,0.0
rl,dqn | LDPC-DiscreteMI-v0,384,111,28,3.292616220827218,0.0
rl,dqn | LDPC-DiscreteMI-v0,384,111,29,2.9154131964206256,0.0
rl,dqn | LDPC-DiscreteMI-v0,384,111,30,3.7251216718933877,0.0
rl,dqn | LDPC-DiscreteMI-v0,384,111,31,2.7123109058337938,0.0
rl,dqn | LDPC-DiscreteMI-v0,384,111,32,3.474627586007141,0.0
rl,dqn | LDPC-DiscreteMI-v0,384,111,33,3.247631607646666,0.0
rl,dqn | LDPC-DiscreteMI-v0,384,111,34,3.273463668015157,0.0
rl,dqn | LDPC-DiscreteMI-v0,384,111,35,3.451907233481356,0.0
rl,dqn | LDPC-DiscreteMI-v0,384,111,36,3.405606111260804,0.0
rl,dqn | LDPC-DiscreteMI-v0,384,111,37,2.724438229561849,0.0
rl,dqn | LDPC-DiscreteMI-v0,384,111,38,3.451907233481356,0.0
rl,dqn | LDPC-DiscreteMI-v0,384,111,39,3.420547480030548,0.0
rl,dqn | LDPC-DiscreteMI-v0,384,111,40,3.100547795631275,0.0
rl,dqn | LDPC-DiscreteMI-v0,384,111,41,3.451907233481356,0.0
rl,dqn | LDPC-DiscreteMI-v0,384,112,0,4.422382544201729,0.0
rl,dqn | LDPC-DiscreteMI-v0,384,112,1,4.495454725657839,0.0
rl,dqn | LDPC-DiscreteMI-v0,384,112,2,4.188496883782267,0.0
rl,dqn | LDPC-DiscreteMI-v0,384,112,3,4.33732041807605,0.0
rl,dqn | LDPC-DiscreteMI-v0,384,112,4,4.484448396353051,0.0
rl,dqn | LDPC-DiscreteMI-v0,384,112,5,4.564420912067882,0.0
rl,dqn | LDPC-DiscreteMI-v0,384,112,6,4.810689074156299,0.0
rl,dqn | LDPC-DiscreteMI-v0,384,112,7,4.480438663490418,0.0
rl,dqn | LDPC-DiscreteMI-v0,384,112,8,4.256078479898369,0.0
rl,dqn | LDPC-DiscreteMI-v0,384,112,9,4.237996309493003,0.0
rl,dqn | LDPC-DiscreteMI-v0,384,112,10,4.439444854277895,0.0
rl,dqn | LDPC-DiscreteMI-v0,384,112,11,4.498064788514997,0.0
rl,dqn | LDPC-DiscreteMI-v0,384,112,12,4.332868510062275,0.0
rl,dqn | LDPC-DiscreteMI-v0,384,112,13,4.256536417921963,0.0
rl,dqn | LDPC-DiscreteMI-v0,384,112,14,4.34614957566409,0.0
rl,dqn | LDPC-DiscreteMI-v0,384,112,15,4.46147925891832,0.0
rl,dqn | LDPC-DiscreteMI-v0,384,112,16,4.457960200073542,0.0
rl,dqn | LDPC-DiscreteMI-v0,384,112,17,4.466473957251738,0.0
rl,dqn | LDPC-DiscreteMI-v0,384,112,18,4.465050199186734,0.0
rl,dqn | LDPC-DiscreteMI-v0,384,112,19,4.255153574979312,0.0
rl,dqn | LDPC-DiscreteMI-v0,384,112,20,3.2360000370193167,0.0
rl,dqn | LDPC-DiscreteMI-v0,384,112,21,3.2222749574829836,0.0
rl,dqn | LDPC-DiscreteMI-v0,384,112,22,2.76139881037142,0.0
rl,dqn | LDPC-DiscreteMI-v0,384,112,23,3.442610033609416,0.0
rl,dqn | LDPC-DiscreteMI-v0,384,112,24,3.2811779540646975,0.0
rl,dqn | LDPC-DiscreteMI-v0,384,112,25,3.2032894583700107,0.0
rl,dqn | LDPC-DiscreteMI-v0,384,112,26,3.453815854254601,0.0
rl,dqn | LDPC-DiscreteMI-v0,384,112,27,3.0453447750374796,0.0
rl,dqn | LDPC-DiscreteMI-v0,384,112,28,3.292616220827218,0.0
rl,dqn | LDPC-DiscreteMI-v0,384,112,29,2.9154131964206256,0.0
rl,dqn | LDPC-DiscreteMI-v0,384,112,30,3.7251216718933877,0.0
rl,dqn | LDPC-DiscreteMI-v0,384,112,31,2.7123109058337938,0.0
rl,dqn | LDPC-DiscreteMI-v0,384,112,32,3.474627586007141,0.0
rl,dqn | LDPC-DiscreteMI-v0,384,112,33,3.247631607646666,0.0
rl,dqn | LDPC-DiscreteMI-v0,384,112,34,3.273463668015157,0.0
rl,dqn | LDPC-DiscreteMI-v0,384,112,35,3.451907233481356,0.0
rl,dqn | LDPC-DiscreteMI-v0,384,112,36,3.405606111260804,0.0
rl,dqn | LDPC-DiscreteMI-v0,384,112,37,2.724438229561849,0.0
rl,dqn | LDPC-DiscreteMI-v0,384,112,38,3.451907233481356,0.0
rl,dqn | LDPC-DiscreteMI-v0,384,112,39,3.420547480030548,0.0
rl,dqn | LDPC-DiscreteMI-v0,384,112,40,3.100547795631275,0.0
rl,dqn | LDPC-DiscreteMI-v0,384,112,41,3.451907233481356,0.0
rl,dqn | LDPC-DiscreteMI-v0,384,113,0,4.422382544201729,0.0
rl,dqn | LDPC-DiscreteMI-v0,384,113,1,4.495454725657839,0.0
rl,dqn | LDPC-DiscreteMI-v0,384,113,2,4.188496883782267,0.0
rl,dqn | LDPC-DiscreteMI-v0,384,113,3,4.33732041807605,0.0
rl,dqn | LDPC-DiscreteMI-v0,384,113,4,4.484448396353051,0.0
rl,dqn | LDPC-DiscreteMI-v0,384,113,5,4.564420912067882,0.0
rl,dqn | LDPC-DiscreteMI-v0,384,113,6,4.810689074156299,0.0
rl,dqn | LDPC-DiscreteMI-v0,384,113,7,4.480438663490418,0.0
rl,dqn | LDPC-DiscreteMI-v0,384,113,8,4.256078479898369,0.0
rl,dqn | LDPC-DiscreteMI-v0,384,113,9,4.237996309493003,0.0
rl,dqn | LDPC-DiscreteMI-v0,384,113,10,4.439444854277895,0.0
rl,dqn | LDPC-DiscreteMI-v0,384,113,11,4.498064788514997,0.0
rl,dqn | LDPC-DiscreteMI-v0,384,113,12,4.332868510062275,0.0
rl,dqn | LDPC-DiscreteMI-v0,384,113,13,4.256536417921963,0.0
rl,dqn | LDPC-DiscreteMI-v0,384,113,14,4.34614957566409,0.0
rl,dqn | LDPC-DiscreteMI-v0,384,113,15,4.46147925891832,0.0
rl,dqn | LDPC-DiscreteMI-v0,384,113,16,4.457960200073542,0.0
rl,dqn | LDPC-DiscreteMI-v0,384,113,17,4.466473957251738,0.0
rl,dqn | LDPC-DiscreteMI-v0,384,113,18,4.465050199186734,0.0
rl,dqn | LDPC-DiscreteMI-v0,384,113,19,4.255153574979312,0.0
rl,dqn | LDPC-DiscreteMI-v0,384,113,20,3.2360000370193167,0.0
rl,dqn | LDPC-DiscreteMI-v0,384,113,21,3.2222749574829836,0.0
rl,dqn | LDPC-DiscreteMI-v0,384,113,22,2.76139881037142,0.0
rl,dqn | LDPC-DiscreteMI-v0,384,113,23,3.442610033609416,0.0
rl,dqn | LDPC-DiscreteMI-v0,384,113,24,3.2811779540646975,0.0
rl,dqn | LDPC-DiscreteMI-v0,384,113,25,3.2032894583700107,0.0
rl,dqn | LDPC-DiscreteMI-v0,384,113,26,3.453815854254601,0.0
rl,dqn | LDPC-DiscreteMI-v0,384,113,27,3.0453447750374796,0.0
rl,dqn | LDPC-DiscreteMI-v0,384,113,28,3.292616220827218,0.0
rl,dqn | LDPC-DiscreteMI-v0,384,113,29,2.9154131964206256,0.0
rl,dqn | LDPC-DiscreteMI-v0,384,113,30,3.7251216718933877,0.0
rl,dqn | LDPC-DiscreteMI-v0,384,113,31,2.7123109058337938,0.0
rl,dqn | LDPC-DiscreteMI-v0,384,113,32,3.474627586007141,0.0
rl,dqn | LDPC-DiscreteMI-v0,384,113,33,3.247631607646666,0.0
rl,dqn | LDPC-DiscreteMI-v0,384,113,34,3.273463668015157,0.0
rl,dqn | LDPC-DiscreteMI-v0,384,113,35,3.451907233481356,0.0
rl,dqn | LDPC-DiscreteMI-v0,384,113,36,3.405606111260804,0.0
rl,dqn | LDPC-DiscreteMI-v0,384,113,37,2.724438229561849,0.0
rl,dqn | LDPC-DiscreteMI-v0,384,113,38,3.451907233481356,0.0
rl,dqn | LDPC-DiscreteMI-v0,384,113,39,3.420547480030548,0.0
rl,dqn | LDPC-DiscreteMI-v0,384,113,40,3.100547795631275,0.0
rl,dqn | LDPC-DiscreteMI-v0,384,113,41,3.451907233481356,0.0
rl,dqn | LDPC-DiscreteMI-v0,384,114,0,4.422382544201729,0.0
rl,dqn | LDPC-DiscreteMI-v0,384,114,1,4.495454725657839,0.0
rl,dqn | LDPC-DiscreteMI-v0,384,114,2,4.188496883782267,0.0
rl,dqn | LDPC-DiscreteMI-v0,384,114,3,4.33732041807605,0.0
rl,dqn | LDPC-DiscreteMI-v0,384,114,4,4.484448396353051,0.0
rl,dqn | LDPC-DiscreteMI-v0,384,114,5,4.564420912067882,0.0
rl,dqn | LDPC-DiscreteMI-v0,384,114,6,4.810689074156299,0.0
rl,dqn | LDPC-DiscreteMI-v0,384,114,7,4.480438663490418,0.0
rl,dqn | LDPC-DiscreteMI-v0,384,114,8,4.256078479898369,0.0
rl,dqn | LDPC-DiscreteMI-v0,384,114,9,4.237996309493003,0.0
rl,dqn | LDPC-DiscreteMI-v0,384,114,10,4.439444854277895,0.0
rl,dqn | LDPC-DiscreteMI-v0,384,114,11,4.498064788514997,0.0
rl,dqn | LDPC-DiscreteMI-v0,384,114,12,4.332868510062275,0.0
rl,dqn | LDPC-DiscreteMI-v0,384,114,13,4.256536417921963,0.0
rl,dqn | LDPC-DiscreteMI-v0,384,114,14,4.34614957566409,0.0
rl,dqn | LDPC-DiscreteMI-v0,384,114,15,4.46147925891832,0.0
rl,dqn | LDPC-DiscreteMI-v0,384,114,16,4.457960200073542,0.0
rl,dqn | LDPC-DiscreteMI-v0,384,114,17,4.466473957251738,0.0
rl,dqn | LDPC-DiscreteMI-v0,384,114,18,4.465050199186734,0.0
rl,dqn | LDPC-DiscreteMI-v0,384,114,19,4.255153574979312,0.0
rl,dqn | LDPC-DiscreteMI-v0,384,114,20,3.2360000370193167,0.0
rl,dqn | LDPC-DiscreteMI-v0,384,114,21,3.2222749574829836,0.0
rl,dqn | LDPC-DiscreteMI-v0,384,114,22,2.76139881037142,0.0
rl,dqn | LDPC-DiscreteMI-v0,384,114,23,3.442610033609416,0.0
rl,dqn | LDPC-DiscreteMI-v0,384,114,24,3.2811779540646975,0.0
rl,dqn | LDPC-DiscreteMI-v0,384,114,25,3.2032894583700107,0.0
rl,dqn | LDPC-DiscreteMI-v0,384,114,26,3.453815854254601,0.0
rl,dqn | LDPC-DiscreteMI-v0,384,114,27,3.0453447750374796,0.0
rl,dqn | LDPC-DiscreteMI-v0,384,114,28,3.292616220827218,0.0
rl,dqn | LDPC-DiscreteMI-v0,384,114,29,2.9154131964206256,0.0
rl,dqn | LDPC-DiscreteMI-v0,384,114,30,3.7251216718933877,0.0
rl,dqn | LDPC-DiscreteMI-v0,384,114,31,2.7123109058337938,0.0
rl,dqn | LDPC-DiscreteMI-v0,384,114,32,3.474627586007141,0.0
rl,dqn | LDPC-DiscreteMI-v0,384,114,33,3.247631607646666,0.0
rl,dqn | LDPC-DiscreteMI-v0,384,114,34,3.273463668015157,0.0
rl,dqn | LDPC-DiscreteMI-v0,384,114,35,3.451907233481356,0.0
rl,dqn | LDPC-DiscreteMI-v0,384,114,36,3.405606111260804,0.0
rl,dqn | LDPC-DiscreteMI-v0,384,114,37,2.724438229561849,0.0
rl,dqn | LDPC-DiscreteMI-v0,384,114,38,3.451907233481356,0.0
rl,dqn | LDPC-DiscreteMI-v0,384,114,39,3.420547480030548,0.0
rl,dqn | LDPC-DiscreteMI-v0,384,114,40,3.100547795631275,0.0
rl,dqn | LDPC-DiscreteMI-v0,384,114,41,3.451907233481356,0.0
rl,dqn | LDPC-DiscreteMI-v0,384,115,0,4.422382544201729,0.0
rl,dqn | LDPC-DiscreteMI-v0,384,115,1,4.495454725657839,0.0
rl,dqn | LDPC-DiscreteMI-v0,384,115,2,4.188496883782267,0.0
rl,dqn | LDPC-DiscreteMI-v0,384,115,3,4.33732041807605,0.0
rl,dqn | LDPC-DiscreteMI-v0,384,115,4,4.484448396353051,0.0
rl,dqn | LDPC-DiscreteMI-v0,384,115,5,4.564420912067882,0.0
rl,dqn | LDPC-DiscreteMI-v0,384,115,6,4.810689074156299,0.0
rl,dqn | LDPC-DiscreteMI-v0,384,115,7,4.480438663490418,0.0
rl,dqn | LDPC-DiscreteMI-v0,384,115,8,4.256078479898369,0.0
rl,dqn | LDPC-DiscreteMI-v0,384,115,9,4.237996309493003,0.0
rl,dqn | LDPC-DiscreteMI-v0,384,115,10,4.439444854277895,0.0
rl,dqn | LDPC-DiscreteMI-v0,384,115,11,4.498064788514997,0.0
rl,dqn | LDPC-DiscreteMI-v0,384,115,12,4.332868510062275,0.0
rl,dqn | LDPC-DiscreteMI-v0,384,115,13,4.256536417921963,0.0
rl,dqn | LDPC-DiscreteMI-v0,384,115,14,4.34614957566409,0.0
rl,dqn | LDPC-DiscreteMI-v0,384,115,15,4.46147925891832,0.0
rl,dqn | LDPC-DiscreteMI-v0,384,115,16,4.457960200073542,0.0
rl,dqn | LDPC-DiscreteMI-v0,384,115,17,4.466473957251738,0.0
rl,dqn | LDPC-DiscreteMI-v0,384,115,18,4.465050199186734,0.0
rl,dqn | LDPC-DiscreteMI-v0,384,115,19,4.255153574979312,0.0
rl,dqn | LDPC-DiscreteMI-v0,384,115,20,3.2360000370193167,0.0
rl,dqn | LDPC-DiscreteMI-v0,384,115,21,3.2222749574829836,0.0
rl,dqn | LDPC-DiscreteMI-v0,384,115,22,2.76139881037142,0.0
rl,dqn | LDPC-DiscreteMI-v0,384,115,23,3.442610033609416,0.0
rl,dqn | LDPC-DiscreteMI-v0,384,115,24,3.2811779540646975,0.0
rl,dqn | LDPC-DiscreteMI-v0,384,115,25,3.2032894583700107,0.0
rl,dqn | LDPC-DiscreteMI-v0,384,115,26,3.453815854254601,0.0
rl,dqn | LDPC-DiscreteMI-v0,384,115,27,3.0453447750374796,0.0
rl,dqn | LDPC-DiscreteMI-v0,384,115,28,3.292616220827218,0.0
rl,dqn | LDPC-DiscreteMI-v0,384,115,29,2.9154131964206256,0.0
rl,dqn | LDPC-DiscreteMI-v0,384,115,30,3.7251216718933877,0.0
rl,dqn | LDPC-DiscreteMI-v0,384,115,31,2.7123109058337938,0.0
rl,dqn | LDPC-DiscreteMI-v0,384,115,32,3.474627586007141,0.0
rl,dqn | LDPC-DiscreteMI-v0,384,115,33,3.247631607646666,0.0
rl,dqn | LDPC-DiscreteMI-v0,384,115,34,3.273463668015157,0.0
rl,dqn | LDPC-DiscreteMI-v0,384,115,35,3.451907233481356,0.0
rl,dqn | LDPC-DiscreteMI-v0,384,115,36,3.405606111260804,0.0
rl,dqn | LDPC-DiscreteMI-v0,384,115,37,2.724438229561849,0.0
rl,dqn | LDPC-DiscreteMI-v0,384,115,38,3.451907233481356,0.0
rl,dqn | LDPC-DiscreteMI-v0,384,115,39,3.420547480030548,0.0
rl,dqn | LDPC-DiscreteMI-v0,384,115,40,3.100547795631275,0.0
rl,dqn | LDPC-DiscreteMI-v0,384,115,41,3.451907233481356,0.0
rl,dqn | LDPC-DiscreteMI-v0,384,116,0,4.422382544201729,0.0
rl,dqn | LDPC-DiscreteMI-v0,384,116,1,4.495454725657839,0.0
rl,dqn | LDPC-DiscreteMI-v0,384,116,2,4.188496883782267,0.0
rl,dqn | LDPC-DiscreteMI-v0,384,116,3,4.33732041807605,0.0
rl,dqn | LDPC-DiscreteMI-v0,384,116,4,4.484448396353051,0.0
rl,dqn | LDPC-DiscreteMI-v0,384,116,5,4.564420912067882,0.0
rl,dqn | LDPC-DiscreteMI-v0,384,116,6,4.810689074156299,0.0
rl,dqn | LDPC-DiscreteMI-v0,384,116,7,4.480438663490418,0.0
rl,dqn | LDPC-DiscreteMI-v0,384,116,8,4.256078479898369,0.0
rl,dqn | LDPC-DiscreteMI-v0,384,116,9,4.237996309493003,0.0
rl,dqn | LDPC-DiscreteMI-v0,384,116,10,4.439444854277895,0.0
rl,dqn | LDPC-DiscreteMI-v0,384,116,11,4.498064788514997,0.0
rl,dqn | LDPC-DiscreteMI-v0,384,116,12,4.332868510062275,0.0
rl,dqn | LDPC-DiscreteMI-v0,384,116,13,4.256536417921963,0.0
rl,dqn | LDPC-DiscreteMI-v0,384,116,14,4.34614957566409,0.0
rl,dqn | LDPC-DiscreteMI-v0,384,116,15,4.46147925891832,0.0
rl,dqn | LDPC-DiscreteMI-v0,384,116,16,4.457960200073542,0.0
rl,dqn | LDPC-DiscreteMI-v0,384,116,17,4.466473957251738,0.0
rl,dqn | LDPC-DiscreteMI-v0,384,116,18,4.465050199186734,0.0
rl,dqn | LDPC-DiscreteMI-v0,384,116,19,4.255153574979312,0.0
rl,dqn | LDPC-DiscreteMI-v0,384,116,20,3.2360000370193167,0.0
rl,dqn | LDPC-DiscreteMI-v0,384,116,21,3.2222749574829836,0.0
rl,dqn | LDPC-DiscreteMI-v0,384,116,22,2.76139881037142,0.0
rl,dqn | LDPC-DiscreteMI-v0,384,116,23,3.442610033609416,0.0
rl,dqn | LDPC-DiscreteMI-v0,384,116,24,3.2811779540646975,0.0
rl,dqn | LDPC-DiscreteMI-v0,384,116,25,3.2032894583700107,0.0
rl,dqn | LDPC-DiscreteMI-v0,384,116,26,3.453815854254601,0.0
rl,dqn | LDPC-DiscreteMI-v0,384,116,27,3.0453447750374796,0.0
rl,dqn | LDPC-DiscreteMI-v0,384,116,28,3.292616220827218,0.0
rl,dqn | LDPC-DiscreteMI-v0,384,116,29,2.9154131964206256,0.0
rl,dqn | LDPC-DiscreteMI-v0,384,116,30,3.7251216718933877,0.0
rl,dqn | LDPC-DiscreteMI-v0,384,116,31,2.7123109058337938,0.0
rl,dqn | LDPC-DiscreteMI-v0,384,116,32,3.474627586007141,0.0
rl,dqn | LDPC-DiscreteMI-v0,384,116,33,3.247631607646666,0.0
rl,dqn | LDPC-DiscreteMI-v0,384,116,34,3.273463668015157,0.0
rl,dqn | LDPC-DiscreteMI-v0,384,116,35,3.451907233481356,0.0
rl,dqn | LDPC-DiscreteMI-v0,384,116,36,3.405606111260804,0.0
rl,dqn | LDPC-DiscreteMI-v0,384,116,37,2.724438229561849,0.0
rl,dqn | LDPC-DiscreteMI-v0,384,116,38,3.451907233481356,0.0
rl,dqn | LDPC-DiscreteMI-v0,384,116,39,3.420547480030548,0.0
rl,dqn | LDPC-DiscreteMI-v0,384,116,40,3.100547795631275,0.0
rl,dqn | LDPC-DiscreteMI-v0,384,116,41,3.451907233481356,0.0
rl,dqn | LDPC-DiscreteMI-v0,384,117,0,4.422382544201729,0.0
rl,dqn | LDPC-DiscreteMI-v0,384,117,1,4.495454725657839,0.0
rl,dqn | LDPC-DiscreteMI-v0,384,117,2,4.188496883782267,0.0
rl,dqn | LDPC-DiscreteMI-v0,384,117,3,4.33732041807605,0.0
rl,dqn | LDPC-DiscreteMI-v0,384,117,4,4.484448396353051,0.0
rl,dqn | LDPC-DiscreteMI-v0,384,117,5,4.564420912067882,0.0
rl,dqn | LDPC-DiscreteMI-v0,384,117,6,4.810689074156299,0.0
rl,dqn | LDPC-DiscreteMI-v0,384,117,7,4.480438663490418,0.0
rl,dqn | LDPC-DiscreteMI-v0,384,117,8,4.256078479898369,0.0
rl,dqn | LDPC-DiscreteMI-v0,384,117,9,4.237996309493003,0.0
rl,dqn | LDPC-DiscreteMI-v0,384,117,10,4.439444854277895,0.0
rl,dqn | LDPC-DiscreteMI-v0,384,117,11,4.498064788514997,0.0
rl,dqn | LDPC-DiscreteMI-v0,384,117,12,4.332868510062275,0.0
rl,dqn | LDPC-DiscreteMI-v0,384,117,13,4.256536417921963,0.0
rl,dqn | LDPC-DiscreteMI-v0,384,117,14,4.34614957566409,0.0
rl,dqn | LDPC-DiscreteMI-v0,384,117,15,4.46147925891832,0.0
rl,dqn | LDPC-DiscreteMI-v0,384,117,16,4.457960200073542,0.0
rl,dqn | LDPC-DiscreteMI-v0,384,117,17,4.466473957251738,0.0
rl,dqn | LDPC-DiscreteMI-v0,384,117,18,4.465050199186734,0.0
rl,dqn | LDPC-DiscreteMI-v0,384,117,19,4.255153574979312,0.0
rl,dqn | LDPC-DiscreteMI-v0,384,117,20,3.2360000370193167,0.0
rl,dqn | LDPC-DiscreteMI-v0,384,117,21,3.2222749574829836,0.0
rl,dqn | LDPC-DiscreteMI-v0,384,117,22,2.76139881037142,0.0
rl,dqn | LDPC-DiscreteMI-v0,384,117,23,3.442610033609416,0.0
rl,dqn | LDPC-DiscreteMI-v0,384,117,24,3.2811779540646975,0.0
rl,dqn | LDPC-DiscreteMI-v0,384,117,25,3.2032894583700107,0.0
rl,dqn | LDPC-DiscreteMI-v0,384,117,26,3.453815854254601,0.0
rl,dqn | LDPC-DiscreteMI-v0,384,117,27,3.0453447750374796,0.0
rl,dqn | LDPC-DiscreteMI-v0,384,117,28,3.292616220827218,0.0
rl,dqn | LDPC-DiscreteMI-v0,384,117,29,2.9154131964206256,0.0
rl,dqn | LDPC-DiscreteMI-v0,384,117,30,3.7251216718933877,0.0
rl,dqn | LDPC-DiscreteMI-v0,384,117,31,2.7123109058337938,0.0
rl,dqn | LDPC-DiscreteMI-v0,384,117,32,3.474627586007141,0.0
rl,dqn | LDPC-DiscreteMI-v0,384,117,33,3.247631607646666,0.0
rl,dqn | LDPC-DiscreteMI-v0,384,117,34,3.273463668015157,0.0
rl,dqn | LDPC-DiscreteMI-v0,384,117,35,3.451907233481356,0.0
rl,dqn | LDPC-DiscreteMI-v0,384,117,36,3.405606111260804,0.0
rl,dqn | LDPC-DiscreteMI-v0,384,117,37,2.724438229561849,0.0
rl,dqn | LDPC-DiscreteMI-v0,384,117,38,3.451907233481356,0.0
rl,dqn | LDPC-DiscreteMI-v0,384,117,39,3.420547480030548,0.0
rl,dqn | LDPC-DiscreteMI-v0,384,117,40,3.100547795631275,0.0
rl,dqn | LDPC-DiscreteMI-v0,384,117,41,3.451907233481356,0.0
rl,dqn | LDPC-DiscreteMI-v0,384,118,0,4.422382544201729,0.0
rl,dqn | LDPC-DiscreteMI-v0,384,118,1,4.495454725657839,0.0
rl,dqn | LDPC-DiscreteMI-v0,384,118,2,4.188496883782267,0.0
rl,dqn | LDPC-DiscreteMI-v0,384,118,3,4.33732041807605,0.0
rl,dqn | LDPC-DiscreteMI-v0,384,118,4,4.484448396353051,0.0
rl,dqn | LDPC-DiscreteMI-v0,384,118,5,4.564420912067882,0.0
rl,dqn | LDPC-DiscreteMI-v0,384,118,6,4.810689074156299,0.0
rl,dqn | LDPC-DiscreteMI-v0,384,118,7,4.480438663490418,0.0
rl,dqn | LDPC-DiscreteMI-v0,384,118,8,4.256078479898369,0.0
rl,dqn | LDPC-DiscreteMI-v0,384,118,9,4.237996309493003,0.0
rl,dqn | LDPC-DiscreteMI-v0,384,118,10,4.439444854277895,0.0
rl,dqn | LDPC-DiscreteMI-v0,384,118,11,4.498064788514997,0.0
rl,dqn | LDPC-DiscreteMI-v0,384,118,12,4.332868510062275,0.0
rl,dqn | LDPC-DiscreteMI-v0,384,118,13,4.256536417921963,0.0
rl,dqn | LDPC-DiscreteMI-v0,384,118,14,4.34614957566409,0.0
rl,dqn | LDPC-DiscreteMI-v0,384,118,15,4.46147925891832,0.0
rl,dqn | LDPC-DiscreteMI-v0,384,118,16,4.457960200073542,0.0
rl,dqn | LDPC-DiscreteMI-v0,384,118,17,4.466473957251738,0.0
rl,dqn | LDPC-DiscreteMI-v0,384,118,18,4.465050199186734,0.0
rl,dqn | LDPC-DiscreteMI-v0,384,118,19,4.255153574979312,0.0
rl,dqn | LDPC-DiscreteMI-v0,384,118,20,3.2360000370193167,0.0
rl,dqn | LDPC-DiscreteMI-v0,384,118,21,3.2222749574829836,0.0
rl,dqn | LDPC-DiscreteMI-v0,384,118,22,2.76139881037142,0.0
rl,dqn | LDPC-DiscreteMI-v0,384,118,23,3.442610033609416,0.0
rl,dqn | LDPC-DiscreteMI-v0,384,118,24,3.2811779540646975,0.0
rl,dqn | LDPC-DiscreteMI-v0,384,118,25,3.2032894583700107,0.0
rl,dqn | LDPC-DiscreteMI-v0,384,118,26,3.453815854254601,0.0
rl,dqn | LDPC-DiscreteMI-v0,384,118,27,3.0453447750374796,0.0
rl,dqn | LDPC-DiscreteMI-v0,384,118,28,3.292616220827218,0.0
rl,dqn | LDPC-DiscreteMI-v0,384,118,29,2.9154131964206256,0.0
rl,dqn | LDPC-DiscreteMI-v0,384,118,30,3.7251216718933877,0.0
rl,dqn | LDPC-DiscreteMI-v0,384,118,31,2.7123109058337938,0.0
rl,dqn | LDPC-DiscreteMI-v0,384,118,32,3.474627586007141,0.0
rl,dqn | LDPC-DiscreteMI-v0,384,118,33,3.247631607646666,0.0
rl,dqn | LDPC-DiscreteMI-v0,384,118,34,3.273463668015157,0.0
rl,dqn | LDPC-DiscreteMI-v0,384,118,35,3.451907233481356,0.0
rl,dqn | LDPC-DiscreteMI-v0,384,118,36,3.405606111260804,0.0
rl,dqn | LDPC-DiscreteMI-v0,384,118,37,2.724438229561849,0.0
rl,dqn | LDPC-DiscreteMI-v0,384,118,38,3.451907233481356,0.0
rl,dqn | LDPC-DiscreteMI-v0,384,118,39,3.420547480030548,0.0
rl,dqn | LDPC-DiscreteMI-v0,384,118,40,3.100547795631275,0.0
rl,dqn | LDPC-DiscreteMI-v0,384,118,41,3.451907233481356,0.0
rl,dqn | LDPC-DiscreteMI-v0,384,119,0,4.422382544201729,0.0
rl,dqn | LDPC-DiscreteMI-v0,384,119,1,4.495454725657839,0.0
rl,dqn | LDPC-DiscreteMI-v0,384,119,2,4.188496883782267,0.0
rl,dqn | LDPC-DiscreteMI-v0,384,119,3,4.33732041807605,0.0
rl,dqn | LDPC-DiscreteMI-v0,384,119,4,4.484448396353051,0.0
rl,dqn | LDPC-DiscreteMI-v0,384,119,5,4.564420912067882,0.0
rl,dqn | LDPC-DiscreteMI-v0,384,119,6,4.810689074156299,0.0
rl,dqn | LDPC-DiscreteMI-v0,384,119,7,4.480438663490418,0.0
rl,dqn | LDPC-DiscreteMI-v0,384,119,8,4.256078479898369,0.0
rl,dqn | LDPC-DiscreteMI-v0,384,119,9,4.237996309493003,0.0
rl,dqn | LDPC-DiscreteMI-v0,384,119,10,4.439444854277895,0.0
rl,dqn | LDPC-DiscreteMI-v0,384,119,11,4.498064788514997,0.0
rl,dqn | LDPC-DiscreteMI-v0,384,119,12,4.332868510062275,0.0
rl,dqn | LDPC-DiscreteMI-v0,384,119,13,4.256536417921963,0.0
rl,dqn | LDPC-DiscreteMI-v0,384,119,14,4.34614957566409,0.0
rl,dqn | LDPC-DiscreteMI-v0,384,119,15,4.46147925891832,0.0
rl,dqn | LDPC-DiscreteMI-v0,384,119,16,4.457960200073542,0.0
rl,dqn | LDPC-DiscreteMI-v0,384,119,17,4.466473957251738,0.0
rl,dqn | LDPC-DiscreteMI-v0,384,119,18,4.465050199186734,0.0
rl,dqn | LDPC-DiscreteMI-v0,384,119,19,4.255153574979312,0.0
rl,dqn | LDPC-DiscreteMI-v0,384,119,20,3.2360000370193167,0.0
rl,dqn | LDPC-DiscreteMI-v0,384,119,21,3.2222749574829836,0.0
rl,dqn | LDPC-DiscreteMI-v0,384,119,22,2.76139881037142,0.0
rl,dqn | LDPC-DiscreteMI-v0,384,119,23,3.442610033609416,0.0
rl,dqn | LDPC-DiscreteMI-v0,384,119,24,3.2811779540646975,0.0
rl,dqn | LDPC-DiscreteMI-v0,384,119,25,3.2032894583700107,0.0
rl,dqn | LDPC-DiscreteMI-v0,384,119,26,3.453815854254601,0.0
rl,dqn | LDPC-DiscreteMI-v0,384,119,27,3.0453447750374796,0.0
rl,dqn | LDPC-DiscreteMI-v0,384,119,28,3.292616220827218,0.0
rl,dqn | LDPC-DiscreteMI-v0,384,119,29,2.9154131964206256,0.0
rl,dqn | LDPC-DiscreteMI-v0,384,119,30,3.7251216718933877,0.0
rl,dqn | LDPC-DiscreteMI-v0,384,119,31,2.7123109058337938,0.0
rl,dqn | LDPC-DiscreteMI-v0,384,119,32,3.474627586007141,0.0
rl,dqn | LDPC-DiscreteMI-v0,384,119,33,3.247631607646666,0.0
rl,dqn | LDPC-DiscreteMI-v0,384,119,34,3.273463668015157,0.0
rl,dqn | LDPC-DiscreteMI-v0,384,119,35,3.451907233481356,0.0
rl,dqn | LDPC-DiscreteMI-v0,384,119,36,3.405606111260804,0.0
rl,dqn | LDPC-DiscreteMI-v0,384,119,37,2.724438229561849,0.0
rl,dqn | LDPC-DiscreteMI-v0,384,119,38,3.451907233481356,0.0
rl,dqn | LDPC-DiscreteMI-v0,384,119,39,3.420547480030548,0.0
rl,dqn | LDPC-DiscreteMI-v0,384,119,40,3.100547795631275,0.0
rl,dqn | LDPC-DiscreteMI-v0,384,119,41,3.451907233481356,0.0
rl,dqn | LDPC-DiscreteMI-v0,384,120,0,4.422382544201729,0.0
rl,dqn | LDPC-DiscreteMI-v0,384,120,1,4.495454725657839,0.0
rl,dqn | LDPC-DiscreteMI-v0,384,120,2,4.188496883782267,0.0
rl,dqn | LDPC-DiscreteMI-v0,384,120,3,4.33732041807605,0.0
rl,dqn | LDPC-DiscreteMI-v0,384,120,4,4.484448396353051,0.0
rl,dqn | LDPC-DiscreteMI-v0,384,120,5,4.564420912067882,0.0
rl,dqn | LDPC-DiscreteMI-v0,384,120,6,4.810689074156299,0.0
rl,dqn | LDPC-DiscreteMI-v0,384,120,7,4.480438663490418,0.0
rl,dqn | LDPC-DiscreteMI-v0,384,120,8,4.256078479898369,0.0
rl,dqn | LDPC-DiscreteMI-v0,384,120,9,4.237996309493003,0.0
rl,dqn | LDPC-DiscreteMI-v0,384,120,10,4.439444854277895,0.0
rl,dqn | LDPC-DiscreteMI-v0,384,120,11,4.498064788514997,0.0
rl,dqn | LDPC-DiscreteMI-v0,384,120,12,4.332868510062275,0.0
rl,dqn | LDPC-DiscreteMI-v0,384,120,13,4.256536417921963,0.0
rl,dqn | LDPC-DiscreteMI-v0,384,120,14,4.34614957566409,0.0
rl,dqn | LDPC-DiscreteMI-v0,384,120,15,4.46147925891832,0.0
rl,dqn | LDPC-DiscreteMI-v0,384,120,16,4.457960200073542,0.0
rl,dqn | LDPC-DiscreteMI-v0,384,120,17,4.466473957251738,0.0
rl,dqn | LDPC-DiscreteMI-v0,384,120,18,4.465050199186734,0.0
rl,dqn | LDPC-DiscreteMI-v0,384,120,19,4.255153574979312,0.0
rl,dqn | LDPC-DiscreteMI-v0,384,120,20,3.2360000370193167,0.0
rl,dqn | LDPC-DiscreteMI-v0,384,120,21,3.2222749574829836,0.0
rl,dqn | LDPC-DiscreteMI-v0,384,120,22,2.76139881037142,0.0
rl,dqn | LDPC-DiscreteMI-v0,384,120,23,3.442610033609416,0.0
rl,dqn | LDPC-DiscreteMI-v0,384,120,24,3.2811779540646975,0.0
rl,dqn | LDPC-DiscreteMI-v0,384,120,25,3.2032894583700107,0.0
rl,dqn | LDPC-DiscreteMI-v0,384,120,26,3.453815854254601,0.0
rl,dqn | LDPC-DiscreteMI-v0,384,120,27,3.0453447750374796,0.0
rl,dqn | LDPC-DiscreteMI-v0,384,120,28,3.292616220827218,0.0
rl,dqn | LDPC-DiscreteMI-v0,384,120,29,2.9154131964206256,0.0
rl,dqn | LDPC-DiscreteMI-v0,384,120,30,3.7251216718933877,0.0
rl,dqn | LDPC-DiscreteMI-v0,384,120,31,2.7123109058337938,0.0
rl,dqn | LDPC-DiscreteMI-v0,384,120,32,3.474627586007141,0.0
rl,dqn | LDPC-DiscreteMI-v0,384,120,33,3.247631607646666,0.0
rl,dqn | LDPC-DiscreteMI-v0,384,120,34,3.273463668015157,0.0
rl,dqn | LDPC-DiscreteMI-v0,384,120,35,3.451907233481356,0.0
rl,dqn | LDPC-DiscreteMI-v0,384,120,36,3.405606111260804,0.0
rl,dqn | LDPC-DiscreteMI-v0,384,120,37,2.724438229561849,0.0
rl,dqn | LDPC-DiscreteMI-v0,384,120,38,3.451907233481356,0.0
rl,dqn | LDPC-DiscreteMI-v0,384,120,39,3.420547480030548,0.0
rl,dqn | LDPC-DiscreteMI-v0,384,120,40,3.100547795631275,0.0
rl,dqn | LDPC-DiscreteMI-v0,384,120,41,3.451907233481356,0.0
rl,dqn | LDPC-DiscreteMI-v0,384,121,0,4.422382544201729,0.0
rl,dqn | LDPC-DiscreteMI-v0,384,121,1,4.495454725657839,0.0
rl,dqn | LDPC-DiscreteMI-v0,384,121,2,4.188496883782267,0.0
rl,dqn | LDPC-DiscreteMI-v0,384,121,3,4.33732041807605,0.0
rl,dqn | LDPC-DiscreteMI-v0,384,121,4,4.484448396353051,0.0
rl,dqn | LDPC-DiscreteMI-v0,384,121,5,4.564420912067882,0.0
rl,dqn | LDPC-DiscreteMI-v0,384,121,6,4.810689074156299,0.0
rl,dqn | LDPC-DiscreteMI-v0,384,121,7,4.480438663490418,0.0
rl,dqn | LDPC-DiscreteMI-v0,384,121,8,4.256078479898369,0.0
rl,dqn | LDPC-DiscreteMI-v0,384,121,9,4.237996309493003,0.0
rl,dqn | LDPC-DiscreteMI-v0,384,121,10,4.439444854277895,0.0
rl,dqn | LDPC-DiscreteMI-v0,384,121,11,4.498064788514997,0.0
rl,dqn | LDPC-DiscreteMI-v0,384,121,12,4.332868510062275,0.0
rl,dqn | LDPC-DiscreteMI-v0,384,121,13,4.256536417921963,0.0
rl,dqn | LDPC-DiscreteMI-v0,384,121,14,4.34614957566409,0.0
rl,dqn | LDPC-DiscreteMI-v0,384,121,15,4.46147925891832,0.0
rl,dqn | LDPC-DiscreteMI-v0,384,121,16,4.457960200073542,0.0
rl,dqn | LDPC-DiscreteMI-v0,384,121,17,4.466473957251738,0.0
rl,dqn | LDPC-DiscreteMI-v0,384,121,18,4.465050199186734,0.0
rl,dqn | LDPC-DiscreteMI-v0,384,121,19,4.255153574979312,0.0
rl,dqn | LDPC-DiscreteMI-v0,384,121,20,3.2360000370193167,0.0
rl,dqn | LDPC-DiscreteMI-v0,384,121,21,3.2222749574829836,0.0
rl,dqn | LDPC-DiscreteMI-v0,384,121,22,2.76139881037142,0.0
rl,dqn | LDPC-DiscreteMI-v0,384,121,23,3.442610033609416,0.0
rl,dqn | LDPC-DiscreteMI-v0,384,121,24,3.2811779540646975,0.0
rl,dqn | LDPC-DiscreteMI-v0,384,121,25,3.2032894583700107,0.0
rl,dqn | LDPC-DiscreteMI-v0,384,121,26,3.453815854254601,0.0
rl,dqn | LDPC-DiscreteMI-v0,384,121,27,3.0453447750374796,0.0
rl,dqn | LDPC-DiscreteMI-v0,384,121,28,3.292616220827218,0.0
rl,dqn | LDPC-DiscreteMI-v0,384,121,29,2.9154131964206256,0.0
rl,dqn | LDPC-DiscreteMI-v0,384,121,30,3.7251216718933877,0.0
rl,dqn | LDPC-DiscreteMI-v0,384,121,31,2.7123109058337938,0.0
rl,dqn | LDPC-DiscreteMI-v0,384,121,32,3.474627586007141,0.0
rl,dqn | LDPC-DiscreteMI-v0,384,121,33,3.247631607646666,0.0
rl,dqn | LDPC-DiscreteMI-v0,384,121,34,3.273463668015157,0.0
rl,dqn | LDPC-DiscreteMI-v0,384,121,35,3.451907233481356,0.0
rl,dqn | LDPC-DiscreteMI-v0,384,121,36,3.405606111260804,0.0
rl,dqn | LDPC-DiscreteMI-v0,384,121,37,2.724438229561849,0.0
rl,dqn | LDPC-DiscreteMI-v0,384,121,38,3.451907233481356,0.0
rl,dqn | LDPC-DiscreteMI-v0,384,121,39,3.420547480030548,0.0
rl,dqn | LDPC-DiscreteMI-v0,384,121,40,3.100547795631275,0.0
rl,dqn | LDPC-DiscreteMI-v0,384,121,41,3.451907233481356,0.0
rl,dqn | LDPC-DiscreteMI-v0,384,122,0,4.422382544201729,0.0
rl,dqn | LDPC-DiscreteMI-v0,384,122,1,4.495454725657839,0.0
rl,dqn | LDPC-DiscreteMI-v0,384,122,2,4.188496883782267,0.0
rl,dqn | LDPC-DiscreteMI-v0,384,122,3,4.33732041807605,0.0
rl,dqn | LDPC-DiscreteMI-v0,384,122,4,4.484448396353051,0.0
rl,dqn | LDPC-DiscreteMI-v0,384,122,5,4.564420912067882,0.0
rl,dqn | LDPC-DiscreteMI-v0,384,122,6,4.810689074156299,0.0
rl,dqn | LDPC-DiscreteMI-v0,384,122,7,4.480438663490418,0.0
rl,dqn | LDPC-DiscreteMI-v0,384,122,8,4.256078479898369,0.0
rl,dqn | LDPC-DiscreteMI-v0,384,122,9,4.237996309493003,0.0
rl,dqn | LDPC-DiscreteMI-v0,384,122,10,4.439444854277895,0.0
rl,dqn | LDPC-DiscreteMI-v0,384,122,11,4.498064788514997,0.0
rl,dqn | LDPC-DiscreteMI-v0,384,122,12,4.332868510062275,0.0
rl,dqn | LDPC-DiscreteMI-v0,384,122,13,4.256536417921963,0.0
rl,dqn | LDPC-DiscreteMI-v0,384,122,14,4.34614957566409,0.0
rl,dqn | LDPC-DiscreteMI-v0,384,122,15,4.46147925891832,0.0
rl,dqn | LDPC-DiscreteMI-v0,384,122,16,4.457960200073542,0.0
rl,dqn | LDPC-DiscreteMI-v0,384,122,17,4.466473957251738,0.0
rl,dqn | LDPC-DiscreteMI-v0,384,122,18,4.465050199186734,0.0
rl,dqn | LDPC-DiscreteMI-v0,384,122,19,4.255153574979312,0.0
rl,dqn | LDPC-DiscreteMI-v0,384,122,20,3.2360000370193167,0.0
rl,dqn | LDPC-DiscreteMI-v0,384,122,21,3.2222749574829836,0.0
rl,dqn | LDPC-DiscreteMI-v0,384,122,22,2.76139881037142,0.0
rl,dqn | LDPC-DiscreteMI-v0,384,122,23,3.442610033609416,0.0
rl,dqn | LDPC-DiscreteMI-v0,384,122,24,3.2811779540646975,0.0
rl,dqn | LDPC-DiscreteMI-v0,384,122,25,3.2032894583700107,0.0
rl,dqn | LDPC-DiscreteMI-v0,384,122,26,3.453815854254601,0.0
rl,dqn | LDPC-DiscreteMI-v0,384,122,27,3.0453447750374796,0.0
rl,dqn | LDPC-DiscreteMI-v0,384,122,28,3.292616220827218,0.0
rl,dqn | LDPC-DiscreteMI-v0,384,122,29,2.9154131964206256,0.0
rl,dqn | LDPC-DiscreteMI-v0,384,122,30,3.7251216718933877,0.0
rl,dqn | LDPC-DiscreteMI-v0,384,122,31,2.7123109058337938,0.0
rl,dqn | LDPC-DiscreteMI-v0,384,122,32,3.474627586007141,0.0
rl,dqn | LDPC-DiscreteMI-v0,384,122,33,3.247631607646666,0.0
rl,dqn | LDPC-DiscreteMI-v0,384,122,34,3.273463668015157,0.0
rl,dqn | LDPC-DiscreteMI-v0,384,122,35,3.451907233481356,0.0
rl,dqn | LDPC-DiscreteMI-v0,384,122,36,3.405606111260804,0.0
rl,dqn | LDPC-DiscreteMI-v0,384,122,37,2.724438229561849,0.0
rl,dqn | LDPC-DiscreteMI-v0,384,122,38,3.451907233481356,0.0
rl,dqn | LDPC-DiscreteMI-v0,384,122,39,3.420547480030548,0.0
rl,dqn | LDPC-DiscreteMI-v0,384,122,40,3.100547795631275,0.0
rl,dqn | LDPC-DiscreteMI-v0,384,122,41,3.451907233481356,0.0
rl,dqn | LDPC-DiscreteMI-v0,384,123,0,4.422382544201729,0.0
rl,dqn | LDPC-DiscreteMI-v0,384,123,1,4.495454725657839,0.0
rl,dqn | LDPC-DiscreteMI-v0,384,123,2,4.188496883782267,0.0
rl,dqn | LDPC-DiscreteMI-v0,384,123,3,4.33732041807605,0.0
rl,dqn | LDPC-DiscreteMI-v0,384,123,4,4.484448396353051,0.0
rl,dqn | LDPC-DiscreteMI-v0,384,123,5,4.564420912067882,0.0
rl,dqn | LDPC-DiscreteMI-v0,384,123,6,4.810689074156299,0.0
rl,dqn | LDPC-DiscreteMI-v0,384,123,7,4.480438663490418,0.0
rl,dqn | LDPC-DiscreteMI-v0,384,123,8,4.256078479898369,0.0
rl,dqn | LDPC-DiscreteMI-v0,384,123,9,4.237996309493003,0.0
rl,dqn | LDPC-DiscreteMI-v0,384,123,10,4.439444854277895,0.0
rl,dqn | LDPC-DiscreteMI-v0,384,123,11,4.498064788514997,0.0
rl,dqn | LDPC-DiscreteMI-v0,384,123,12,4.332868510062275,0.0
rl,dqn | LDPC-DiscreteMI-v0,384,123,13,4.256536417921963,0.0
rl,dqn | LDPC-DiscreteMI-v0,384,123,14,4.34614957566409,0.0
rl,dqn | LDPC-DiscreteMI-v0,384,123,15,4.46147925891832,0.0
rl,dqn | LDPC-DiscreteMI-v0,384,123,16,4.457960200073542,0.0
rl,dqn | LDPC-DiscreteMI-v0,384,123,17,4.466473957251738,0.0
rl,dqn | LDPC-DiscreteMI-v0,384,123,18,4.465050199186734,0.0
rl,dqn | LDPC-DiscreteMI-v0,384,123,19,4.255153574979312,0.0
rl,dqn | LDPC-DiscreteMI-v0,384,123,20,3.2360000370193167,0.0
rl,dqn | LDPC-DiscreteMI-v0,384,123,21,3.2222749574829836,0.0
rl,dqn | LDPC-DiscreteMI-v0,384,123,22,2.76139881037142,0.0
rl,dqn | LDPC-DiscreteMI-v0,384,123,23,3.442610033609416,0.0
rl,dqn | LDPC-DiscreteMI-v0,384,123,24,3.2811779540646975,0.0
rl,dqn | LDPC-DiscreteMI-v0,384,123,25,3.2032894583700107,0.0
rl,dqn | LDPC-DiscreteMI-v0,384,123,26,3.453815854254601,0.0
rl,dqn | LDPC-DiscreteMI-v0,384,123,27,3.0453447750374796,0.0
rl,dqn | LDPC-DiscreteMI-v0,384,123,28,3.292616220827218,0.0
rl,dqn | LDPC-DiscreteMI-v0,384,123,29,2.9154131964206256,0.0
rl,dqn | LDPC-DiscreteMI-v0,384,123,30,3.7251216718933877,0.0
rl,dqn | LDPC-DiscreteMI-v0,384,123,31,2.7123109058337938,0.0
rl,dqn | LDPC-DiscreteMI-v0,384,123,32,3.474627586007141,0.0
rl,dqn | LDPC-DiscreteMI-v0,384,123,33,3.247631607646666,0.0
rl,dqn | LDPC-DiscreteMI-v0,384,123,34,3.273463668015157,0.0
rl,dqn | LDPC-DiscreteMI-v0,384,123,35,3.451907233481356,0.0
rl,dqn | LDPC-DiscreteMI-v0,384,123,36,3.405606111260804,0.0
rl,dqn | LDPC-DiscreteMI-v0,384,123,37,2.724438229561849,0.0
rl,dqn | LDPC-DiscreteMI-v0,384,123,38,3.451907233481356,0.0
rl,dqn | LDPC-DiscreteMI-v0,384,123,39,3.420547480030548,0.0
rl,dqn | LDPC-DiscreteMI-v0,384,123,40,3.100547795631275,0.0
rl,dqn | LDPC-DiscreteMI-v0,384,123,41,3.451907233481356,0.0
rl,dqn | LDPC-DiscreteMI-v0,384,124,0,4.422382544201729,0.0
rl,dqn | LDPC-DiscreteMI-v0,384,124,1,4.495454725657839,0.0
rl,dqn | LDPC-DiscreteMI-v0,384,124,2,4.188496883782267,0.0
rl,dqn | LDPC-DiscreteMI-v0,384,124,3,4.33732041807605,0.0
rl,dqn | LDPC-DiscreteMI-v0,384,124,4,4.484448396353051,0.0
rl,dqn | LDPC-DiscreteMI-v0,384,124,5,4.564420912067882,0.0
rl,dqn | LDPC-DiscreteMI-v0,384,124,6,4.810689074156299,0.0
rl,dqn | LDPC-DiscreteMI-v0,384,124,7,4.480438663490418,0.0
rl,dqn | LDPC-DiscreteMI-v0,384,124,8,4.256078479898369,0.0
rl,dqn | LDPC-DiscreteMI-v0,384,124,9,4.237996309493003,0.0
rl,dqn | LDPC-DiscreteMI-v0,384,124,10,4.439444854277895,0.0
rl,dqn | LDPC-DiscreteMI-v0,384,124,11,4.498064788514997,0.0
rl,dqn | LDPC-DiscreteMI-v0,384,124,12,4.332868510062275,0.0
rl,dqn | LDPC-DiscreteMI-v0,384,124,13,4.256536417921963,0.0
rl,dqn | LDPC-DiscreteMI-v0,384,124,14,4.34614957566409,0.0
rl,dqn | LDPC-DiscreteMI-v0,384,124,15,4.46147925891832,0.0
rl,dqn | LDPC-DiscreteMI-v0,384,124,16,4.457960200073542,0.0
rl,dqn | LDPC-DiscreteMI-v0,384,124,17,4.466473957251738,0.0
rl,dqn | LDPC-DiscreteMI-v0,384,124,18,4.465050199186734,0.0
rl,dqn | LDPC-DiscreteMI-v0,384,124,19,4.255153574979312,0.0
rl,dqn | LDPC-DiscreteMI-v0,384,124,20,3.2360000370193167,0.0
rl,dqn | LDPC-DiscreteMI-v0,384,124,21,3.2222749574829836,0.0
rl,dqn | LDPC-DiscreteMI-v0,384,124,22,2.76139881037142,0.0
rl,dqn | LDPC-DiscreteMI-v0,384,124,23,3.442610033609416,0.0
rl,dqn | LDPC-DiscreteMI-v0,384,124,24,3.2811779540646975,0.0
rl,dqn | LDPC-DiscreteMI-v0,384,124,25,3.2032894583700107,0.0
rl,dqn | LDPC-DiscreteMI-v0,384,124,26,3.453815854254601,0.0
rl,dqn | LDPC-DiscreteMI-v0,384,124,27,3.0453447750374796,0.0
rl,dqn | LDPC-DiscreteMI-v0,384,124,28,3.292616220827218,0.0
rl,dqn | LDPC-DiscreteMI-v0,384,124,29,2.9154131964206256,0.0
rl,dqn | LDPC-DiscreteMI-v0,384,124,30,3.7251216718933877,0.0
rl,dqn | LDPC-DiscreteMI-v0,384,124,31,2.7123109058337938,0.0
rl,dqn | LDPC-DiscreteMI-v0,384,124,32,3.474627586007141,0.0
rl,dqn | LDPC-DiscreteMI-v0,384,124,33,3.247631607646666,0.0
rl,dqn | LDPC-DiscreteMI-v0,384,124,34,3.273463668015157,0.0
rl,dqn | LDPC-DiscreteMI-v0,384,124,35,3.451907233481356,0.0
rl,dqn | LDPC-DiscreteMI-v0,384,124,36,3.405606111260804,0.0
rl,dqn | LDPC-DiscreteMI-v0,384,124,37,2.724438229561849,0.0
rl,dqn | LDPC-DiscreteMI-v0,384,124,38,3.451907233481356,0.0
rl,dqn | LDPC-DiscreteMI-v0,384,124,39,3.420547480030548,0.0
rl,dqn | LDPC-DiscreteMI-v0,384,124,40,3.100547795631275,0.0
rl,dqn | LDPC-DiscreteMI-v0,384,124,41,3.451907233481356,0.0
rl,dqn | LDPC-DiscreteMI-v0,384,125,0,4.422382544201729,0.0
rl,dqn | LDPC-DiscreteMI-v0,384,125,1,4.495454725657839,0.0
rl,dqn | LDPC-DiscreteMI-v0,384,125,2,4.188496883782267,0.0
rl,dqn | LDPC-DiscreteMI-v0,384,125,3,4.33732041807605,0.0
rl,dqn | LDPC-DiscreteMI-v0,384,125,4,4.484448396353051,0.0
rl,dqn | LDPC-DiscreteMI-v0,384,125,5,4.564420912067882,0.0
rl,dqn | LDPC-DiscreteMI-v0,384,125,6,4.810689074156299,0.0
rl,dqn | LDPC-DiscreteMI-v0,384,125,7,4.480438663490418,0.0
rl,dqn | LDPC-DiscreteMI-v0,384,125,8,4.256078479898369,0.0
rl,dqn | LDPC-DiscreteMI-v0,384,125,9,4.237996309493003,0.0
rl,dqn | LDPC-DiscreteMI-v0,384,125,10,4.439444854277895,0.0
rl,dqn | LDPC-DiscreteMI-v0,384,125,11,4.498064788514997,0.0
rl,dqn | LDPC-DiscreteMI-v0,384,125,12,4.332868510062275,0.0
rl,dqn | LDPC-DiscreteMI-v0,384,125,13,4.256536417921963,0.0
rl,dqn | LDPC-DiscreteMI-v0,384,125,14,4.34614957566409,0.0
rl,dqn | LDPC-DiscreteMI-v0,384,125,15,4.46147925891832,0.0
rl,dqn | LDPC-DiscreteMI-v0,384,125,16,4.457960200073542,0.0
rl,dqn | LDPC-DiscreteMI-v0,384,125,17,4.466473957251738,0.0
rl,dqn | LDPC-DiscreteMI-v0,384,125,18,4.465050199186734,0.0
rl,dqn | LDPC-DiscreteMI-v0,384,125,19,4.255153574979312,0.0
rl,dqn | LDPC-DiscreteMI-v0,384,125,20,3.2360000370193167,0.0
rl,dqn | LDPC-DiscreteMI-v0,384,125,21,3.2222749574829836,0.0
rl,dqn | LDPC-DiscreteMI-v0,384,125,22,2.76139881037142,0.0
rl,dqn | LDPC-DiscreteMI-v0,384,125,23,3.442610033609416,0.0
rl,dqn | LDPC-DiscreteMI-v0,384,125,24,3.2811779540646975,0.0
rl,dqn | LDPC-DiscreteMI-v0,384,125,25,3.2032894583700107,0.0
rl,dqn | LDPC-DiscreteMI-v0,384,125,26,3.453815854254601,0.0
rl,dqn | LDPC-DiscreteMI-v0,384,125,27,3.0453447750374796,0.0
rl,dqn | LDPC-DiscreteMI-v0,384,125,28,3.292616220827218,0.0
rl,dqn | LDPC-DiscreteMI-v0,384,125,29,2.9154131964206256,0.0
rl,dqn | LDPC-DiscreteMI-v0,384,125,30,3.7251216718933877,0.0
rl,dqn | LDPC-DiscreteMI-v0,384,125,31,2.7123109058337938,0.0
rl,dqn | LDPC-DiscreteMI-v0,384,125,32,3.474627586007141,0.0
rl,dqn | LDPC-DiscreteMI-v0,384,125,33,3.247631607646666,0.0
rl,dqn | LDPC-DiscreteMI-v0,384,125,34,3.273463668015157,0.0
rl,dqn | LDPC-DiscreteMI-v0,384,125,35,3.451907233481356,0.0
rl,dqn | LDPC-DiscreteMI-v0,384,125,36,3.405606111260804,0.0
rl,dqn | LDPC-DiscreteMI-v0,384,125,37,2.724438229561849,0.0
rl,dqn | LDPC-DiscreteMI-v0,384,125,38,3.451907233481356,0.0
rl,dqn | LDPC-DiscreteMI-v0,384,125,39,3.420547480030548,0.0
rl,dqn | LDPC-DiscreteMI-v0,384,125,40,3.100547795631275,0.0
rl,dqn | LDPC-DiscreteMI-v0,384,125,41,3.451907233481356,0.0
rl,dqn | LDPC-DiscreteMI-v0,384,126,0,4.422382544201729,0.0
rl,dqn | LDPC-DiscreteMI-v0,384,126,1,4.495454725657839,0.0
rl,dqn | LDPC-DiscreteMI-v0,384,126,2,4.188496883782267,0.0
rl,dqn | LDPC-DiscreteMI-v0,384,126,3,4.33732041807605,0.0
rl,dqn | LDPC-DiscreteMI-v0,384,126,4,4.484448396353051,0.0
rl,dqn | LDPC-DiscreteMI-v0,384,126,5,4.564420912067882,0.0
rl,dqn | LDPC-DiscreteMI-v0,384,126,6,4.810689074156299,0.0
rl,dqn | LDPC-DiscreteMI-v0,384,126,7,4.480438663490418,0.0
rl,dqn | LDPC-DiscreteMI-v0,384,126,8,4.256078479898369,0.0
rl,dqn | LDPC-DiscreteMI-v0,384,126,9,4.237996309493003,0.0
rl,dqn | LDPC-DiscreteMI-v0,384,126,10,4.439444854277895,0.0
rl,dqn | LDPC-DiscreteMI-v0,384,126,11,4.498064788514997,0.0
rl,dqn | LDPC-DiscreteMI-v0,384,126,12,4.332868510062275,0.0
rl,dqn | LDPC-DiscreteMI-v0,384,126,13,4.256536417921963,0.0
rl,dqn | LDPC-DiscreteMI-v0,384,126,14,4.34614957566409,0.0
rl,dqn | LDPC-DiscreteMI-v0,384,126,15,4.46147925891832,0.0
rl,dqn | LDPC-DiscreteMI-v0,384,126,16,4.457960200073542,0.0
rl,dqn | LDPC-DiscreteMI-v0,384,126,17,4.466473957251738,0.0
rl,dqn | LDPC-DiscreteMI-v0,384,126,18,4.465050199186734,0.0
rl,dqn | LDPC-DiscreteMI-v0,384,126,19,4.255153574979312,0.0
rl,dqn | LDPC-DiscreteMI-v0,384,126,20,3.2360000370193167,0.0
rl,dqn | LDPC-DiscreteMI-v0,384,126,21,3.2222749574829836,0.0
rl,dqn | LDPC-DiscreteMI-v0,384,126,22,2.76139881037142,0.0
rl,dqn | LDPC-DiscreteMI-v0,384,126,23,3.442610033609416,0.0
rl,dqn | LDPC-DiscreteMI-v0,384,126,24,3.2811779540646975,0.0
rl,dqn | LDPC-DiscreteMI-v0,384,126,25,3.2032894583700107,0.0
rl,dqn | LDPC-DiscreteMI-v0,384,126,26,3.453815854254601,0.0
rl,dqn | LDPC-DiscreteMI-v0,384,126,27,3.0453447750374796,0.0
rl,dqn | LDPC-DiscreteMI-v0,384,126,28,3.292616220827218,0.0
rl,dqn | LDPC-DiscreteMI-v0,384,126,29,2.9154131964206256,0.0
rl,dqn | LDPC-DiscreteMI-v0,384,126,30,3.7251216718933877,0.0
rl,dqn | LDPC-DiscreteMI-v0,384,126,31,2.7123109058337938,0.0
rl,dqn | LDPC-DiscreteMI-v0,384,126,32,3.474627586007141,0.0
rl,dqn | LDPC-DiscreteMI-v0,384,126,33,3.247631607646666,0.0
rl,dqn | LDPC-DiscreteMI-v0,384,126,34,3.273463668015157,0.0
rl,dqn | LDPC-DiscreteMI-v0,384,126,35,3.451907233481356,0.0
rl,dqn | LDPC-DiscreteMI-v0,384,126,36,3.405606111260804,0.0
rl,dqn | LDPC-DiscreteMI-v0,384,126,37,2.724438229561849,0.0
rl,dqn | LDPC-DiscreteMI-v0,384,126,38,3.451907233481356,0.0
rl,dqn | LDPC-DiscreteMI-v0,384,126,39,3.420547480030548,0.0
rl,dqn | LDPC-DiscreteMI-v0,384,126,40,3.100547795631275,0.0
rl,dqn | LDPC-DiscreteMI-v0,384,126,41,3.451907233481356,0.0
rl,dqn | LDPC-DiscreteMI-v0,384,127,0,4.422382544201729,0.0
rl,dqn | LDPC-DiscreteMI-v0,384,127,1,4.495454725657839,0.0
rl,dqn | LDPC-DiscreteMI-v0,384,127,2,4.188496883782267,0.0
rl,dqn | LDPC-DiscreteMI-v0,384,127,3,4.33732041807605,0.0
rl,dqn | LDPC-DiscreteMI-v0,384,127,4,4.484448396353051,0.0
rl,dqn | LDPC-DiscreteMI-v0,384,127,5,4.564420912067882,0.0
rl,dqn | LDPC-DiscreteMI-v0,384,127,6,4.810689074156299,0.0
rl,dqn | LDPC-DiscreteMI-v0,384,127,7,4.480438663490418,0.0
rl,dqn | LDPC-DiscreteMI-v0,384,127,8,4.256078479898369,0.0
rl,dqn | LDPC-DiscreteMI-v0,384,127,9,4.237996309493003,0.0
rl,dqn | LDPC-DiscreteMI-v0,384,127,10,4.439444854277895,0.0
rl,dqn | LDPC-DiscreteMI-v0,384,127,11,4.498064788514997,0.0
rl,dqn | LDPC-DiscreteMI-v0,384,127,12,4.332868510062275,0.0
rl,dqn | LDPC-DiscreteMI-v0,384,127,13,4.256536417921963,0.0
rl,dqn | LDPC-DiscreteMI-v0,384,127,14,4.34614957566409,0.0
rl,dqn | LDPC-DiscreteMI-v0,384,127,15,4.46147925891832,0.0
rl,dqn | LDPC-DiscreteMI-v0,384,127,16,4.457960200073542,0.0
rl,dqn | LDPC-DiscreteMI-v0,384,127,17,4.466473957251738,0.0
rl,dqn | LDPC-DiscreteMI-v0,384,127,18,4.465050199186734,0.0
rl,dqn | LDPC-DiscreteMI-v0,384,127,19,4.255153574979312,0.0
rl,dqn | LDPC-DiscreteMI-v0,384,127,20,3.2360000370193167,0.0
rl,dqn | LDPC-DiscreteMI-v0,384,127,21,3.2222749574829836,0.0
rl,dqn | LDPC-DiscreteMI-v0,384,127,22,2.76139881037142,0.0
rl,dqn | LDPC-DiscreteMI-v0,384,127,23,3.442610033609416,0.0
rl,dqn | LDPC-DiscreteMI-v0,384,127,24,3.2811779540646975,0.0
rl,dqn | LDPC-DiscreteMI-v0,384,127,25,3.2032894583700107,0.0
rl,dqn | LDPC-DiscreteMI-v0,384,127,26,3.453815854254601,0.0
rl,dqn | LDPC-DiscreteMI-v0,384,127,27,3.0453447750374796,0.0
rl,dqn | LDPC-DiscreteMI-v0,384,127,28,3.292616220827218,0.0
rl,dqn | LDPC-DiscreteMI-v0,384,127,29,2.9154131964206256,0.0
rl,dqn | LDPC-DiscreteMI-v0,384,127,30,3.7251216718933877,0.0
rl,dqn | LDPC-DiscreteMI-v0,384,127,31,2.7123109058337938,0.0
rl,dqn | LDPC-DiscreteMI-v0,384,127,32,3.474627586007141,0.0
rl,dqn | LDPC-DiscreteMI-v0,384,127,33,3.247631607646666,0.0
rl,dqn | LDPC-DiscreteMI-v0,384,127,34,3.273463668015157,0.0
rl,dqn | LDPC-DiscreteMI-v0,384,127,35,3.451907233481356,0.0
rl,dqn | LDPC-DiscreteMI-v0,384,127,36,3.405606111260804,0.0
rl,dqn | LDPC-DiscreteMI-v0,384,127,37,2.724438229561849,0.0
rl,dqn | LDPC-DiscreteMI-v0,384,127,38,3.451907233481356,0.0
rl,dqn | LDPC-DiscreteMI-v0,384,127,39,3.420547480030548,0.0
rl,dqn | LDPC-DiscreteMI-v0,384,127,40,3.100547795631275,0.0
rl,dqn | LDPC-DiscreteMI-v0,384,127,41,3.451907233481356,0.0
rl,dqn | LDPC-DiscreteMI-v0,384,128,0,4.422382544201729,0.0
rl,dqn | LDPC-DiscreteMI-v0,384,128,1,4.495454725657839,0.0
rl,dqn | LDPC-DiscreteMI-v0,384,128,2,4.188496883782267,0.0
rl,dqn | LDPC-DiscreteMI-v0,384,128,3,4.33732041807605,0.0
rl,dqn | LDPC-DiscreteMI-v0,384,128,4,4.484448396353051,0.0
rl,dqn | LDPC-DiscreteMI-v0,384,128,5,4.564420912067882,0.0
rl,dqn | LDPC-DiscreteMI-v0,384,128,6,4.810689074156299,0.0
rl,dqn | LDPC-DiscreteMI-v0,384,128,7,4.480438663490418,0.0
rl,dqn | LDPC-DiscreteMI-v0,384,128,8,4.256078479898369,0.0
rl,dqn | LDPC-DiscreteMI-v0,384,128,9,4.237996309493003,0.0
rl,dqn | LDPC-DiscreteMI-v0,384,128,10,4.439444854277895,0.0
rl,dqn | LDPC-DiscreteMI-v0,384,128,11,4.498064788514997,0.0
rl,dqn | LDPC-DiscreteMI-v0,384,128,12,4.332868510062275,0.0
rl,dqn | LDPC-DiscreteMI-v0,384,128,13,4.256536417921963,0.0
rl,dqn | LDPC-DiscreteMI-v0,384,128,14,4.34614957566409,0.0
rl,dqn | LDPC-DiscreteMI-v0,384,128,15,4.46147925891832,0.0
rl,dqn | LDPC-DiscreteMI-v0,384,128,16,4.457960200073542,0.0
rl,dqn | LDPC-DiscreteMI-v0,384,128,17,4.466473957251738,0.0
rl,dqn | LDPC-DiscreteMI-v0,384,128,18,4.465050199186734,0.0
rl,dqn | LDPC-DiscreteMI-v0,384,128,19,4.255153574979312,0.0
rl,dqn | LDPC-DiscreteMI-v0,384,128,20,3.2360000370193167,0.0
rl,dqn | LDPC-DiscreteMI-v0,384,128,21,3.2222749574829836,0.0
rl,dqn | LDPC-DiscreteMI-v0,384,128,22,2.76139881037142,0.0
rl,dqn | LDPC-DiscreteMI-v0,384,128,23,3.442610033609416,0.0
rl,dqn | LDPC-DiscreteMI-v0,384,128,24,3.2811779540646975,0.0
rl,dqn | LDPC-DiscreteMI-v0,384,128,25,3.2032894583700107,0.0
rl,dqn | LDPC-DiscreteMI-v0,384,128,26,3.453815854254601,0.0
rl,dqn | LDPC-DiscreteMI-v0,384,128,27,3.0453447750374796,0.0
rl,dqn | LDPC-DiscreteMI-v0,384,128,28,3.292616220827218,0.0
rl,dqn | LDPC-DiscreteMI-v0,384,128,29,2.9154131964206256,0.0
rl,dqn | LDPC-DiscreteMI-v0,384,128,30,3.7251216718933877,0.0
rl,dqn | LDPC-DiscreteMI-v0,384,128,31,2.7123109058337938,0.0
rl,dqn | LDPC-DiscreteMI-v0,384,128,32,3.474627586007141,0.0
rl,dqn | LDPC-DiscreteMI-v0,384,128,33,3.247631607646666,0.0
rl,dqn | LDPC-DiscreteMI-v0,384,128,34,3.273463668015157,0.0
rl,dqn | LDPC-DiscreteMI-v0,384,128,35,3.451907233481356,0.0
rl,dqn | LDPC-DiscreteMI-v0,384,128,36,3.405606111260804,0.0
rl,dqn | LDPC-DiscreteMI-v0,384,128,37,2.724438229561849,0.0
rl,dqn | LDPC-DiscreteMI-v0,384,128,38,3.451907233481356,0.0
rl,dqn | LDPC-DiscreteMI-v0,384,128,39,3.420547480030548,0.0
rl,dqn | LDPC-DiscreteMI-v0,384,128,40,3.100547795631275,0.0
rl,dqn | LDPC-DiscreteMI-v0,384,128,41,3.451907233481356,0.0
rl,dqn | LDPC-DiscreteMI-v0,384,129,0,4.422382544201729,0.0
rl,dqn | LDPC-DiscreteMI-v0,384,129,1,4.495454725657839,0.0
rl,dqn | LDPC-DiscreteMI-v0,384,129,2,4.188496883782267,0.0
rl,dqn | LDPC-DiscreteMI-v0,384,129,3,4.33732041807605,0.0
rl,dqn | LDPC-DiscreteMI-v0,384,129,4,4.484448396353051,0.0
rl,dqn | LDPC-DiscreteMI-v0,384,129,5,4.564420912067882,0.0
rl,dqn | LDPC-DiscreteMI-v0,384,129,6,4.810689074156299,0.0
rl,dqn | LDPC-DiscreteMI-v0,384,129,7,4.480438663490418,0.0
rl,dqn | LDPC-DiscreteMI-v0,384,129,8,4.256078479898369,0.0
rl,dqn | LDPC-DiscreteMI-v0,384,129,9,4.237996309493003,0.0
rl,dqn | LDPC-DiscreteMI-v0,384,129,10,4.439444854277895,0.0
rl,dqn | LDPC-DiscreteMI-v0,384,129,11,4.498064788514997,0.0
rl,dqn | LDPC-DiscreteMI-v0,384,129,12,4.332868510062275,0.0
rl,dqn | LDPC-DiscreteMI-v0,384,129,13,4.256536417921963,0.0
rl,dqn | LDPC-DiscreteMI-v0,384,129,14,4.34614957566409,0.0
rl,dqn | LDPC-DiscreteMI-v0,384,129,15,4.46147925891832,0.0
rl,dqn | LDPC-DiscreteMI-v0,384,129,16,4.457960200073542,0.0
rl,dqn | LDPC-DiscreteMI-v0,384,129,17,4.466473957251738,0.0
rl,dqn | LDPC-DiscreteMI-v0,384,129,18,4.465050199186734,0.0
rl,dqn | LDPC-DiscreteMI-v0,384,129,19,4.255153574979312,0.0
rl,dqn | LDPC-DiscreteMI-v0,384,129,20,3.2360000370193167,0.0
rl,dqn | LDPC-DiscreteMI-v0,384,129,21,3.2222749574829836,0.0
rl,dqn | LDPC-DiscreteMI-v0,384,129,22,2.76139881037142,0.0
rl,dqn | LDPC-DiscreteMI-v0,384,129,23,3.442610033609416,0.0
rl,dqn | LDPC-DiscreteMI-v0,384,129,24,3.2811779540646975,0.0
rl,dqn | LDPC-DiscreteMI-v0,384,129,25,3.2032894583700107,0.0
rl,dqn | LDPC-DiscreteMI-v0,384,129,26,3.453815854254601,0.0
rl,dqn | LDPC-DiscreteMI-v0,384,129,27,3.0453447750374796,0.0
rl,dqn | LDPC-DiscreteMI-v0,384,129,28,3.292616220827218,0.0
rl,dqn | LDPC-DiscreteMI-v0,384,129,29,2.9154131964206256,0.0
rl,dqn | LDPC-DiscreteMI-v0,384,129,30,3.7251216718933877,0.0
rl,dqn | LDPC-DiscreteMI-v0,384,129,31,2.7123109058337938,0.0
rl,dqn | LDPC-DiscreteMI-v0,384,129,32,3.474627586007141,0.0
rl,dqn | LDPC-DiscreteMI-v0,384,129,33,3.247631607646666,0.0
rl,dqn | LDPC-DiscreteMI-v0,384,129,34,3.273463668015157,0.0
rl,dqn | LDPC-DiscreteMI-v0,384,129,35,3.451907233481356,0.0
rl,dqn | LDPC-DiscreteMI-v0,384,129,36,3.405606111260804,0.0
rl,dqn | LDPC-DiscreteMI-v0,384,129,37,2.724438229561849,0.0
rl,dqn | LDPC-DiscreteMI-v0,384,129,38,3.451907233481356,0.0
rl,dqn | LDPC-DiscreteMI-v0,384,129,39,3.420547480030548,0.0
rl,dqn | LDPC-DiscreteMI-v0,384,129,40,3.100547795631275,0.0
rl,dqn | LDPC-DiscreteMI-v0,384,129,41,3.451907233481356,0.0
rl,dqn | LDPC-DiscreteMI-v0,384,130,0,4.422382544201729,0.0
rl,dqn | LDPC-DiscreteMI-v0,384,130,1,4.495454725657839,0.0
rl,dqn | LDPC-DiscreteMI-v0,384,130,2,4.188496883782267,0.0
rl,dqn | LDPC-DiscreteMI-v0,384,130,3,4.33732041807605,0.0
rl,dqn | LDPC-DiscreteMI-v0,384,130,4,4.484448396353051,0.0
rl,dqn | LDPC-DiscreteMI-v0,384,130,5,4.564420912067882,0.0
rl,dqn | LDPC-DiscreteMI-v0,384,130,6,4.810689074156299,0.0
rl,dqn | LDPC-DiscreteMI-v0,384,130,7,4.480438663490418,0.0
rl,dqn | LDPC-DiscreteMI-v0,384,130,8,4.256078479898369,0.0
rl,dqn | LDPC-DiscreteMI-v0,384,130,9,4.237996309493003,0.0
rl,dqn | LDPC-DiscreteMI-v0,384,130,10,4.439444854277895,0.0
rl,dqn | LDPC-DiscreteMI-v0,384,130,11,4.498064788514997,0.0
rl,dqn | LDPC-DiscreteMI-v0,384,130,12,4.332868510062275,0.0
rl,dqn | LDPC-DiscreteMI-v0,384,130,13,4.256536417921963,0.0
rl,dqn | LDPC-DiscreteMI-v0,384,130,14,4.34614957566409,0.0
rl,dqn | LDPC-DiscreteMI-v0,384,130,15,4.46147925891832,0.0
rl,dqn | LDPC-DiscreteMI-v0,384,130,16,4.457960200073542,0.0
rl,dqn | LDPC-DiscreteMI-v0,384,130,17,4.466473957251738,0.0
rl,dqn | LDPC-DiscreteMI-v0,384,130,18,4.465050199186734,0.0
rl,dqn | LDPC-DiscreteMI-v0,384,130,19,4.255153574979312,0.0
rl,dqn | LDPC-DiscreteMI-v0,384,130,20,3.2360000370193167,0.0
rl,dqn | LDPC-DiscreteMI-v0,384,130,21,3.2222749574829836,0.0
rl,dqn | LDPC-DiscreteMI-v0,384,130,22,2.76139881037142,0.0
rl,dqn | LDPC-DiscreteMI-v0,384,130,23,3.442610033609416,0.0
rl,dqn | LDPC-DiscreteMI-v0,384,130,24,3.2811779540646975,0.0
rl,dqn | LDPC-DiscreteMI-v0,384,130,25,3.2032894583700107,0.0
rl,dqn | LDPC-DiscreteMI-v0,384,130,26,3.453815854254601,0.0
rl,dqn | LDPC-DiscreteMI-v0,384,130,27,3.0453447750374796,0.0
rl,dqn | LDPC-DiscreteMI-v0,384,130,28,3.292616220827218,0.0
rl,dqn | LDPC-DiscreteMI-v0,384,130,29,2.9154131964206256,0.0
rl,dqn | LDPC-DiscreteMI-v0,384,130,30,3.7251216718933877,0.0
rl,dqn | LDPC-DiscreteMI-v0,384,130,31,2.7123109058337938,0.0
rl,dqn | LDPC-DiscreteMI-v0,384,130,32,3.474627586007141,0.0
rl,dqn | LDPC-DiscreteMI-v0,384,130,33,3.247631607646666,0.0
rl,dqn | LDPC-DiscreteMI-v0,384,130,34,3.273463668015157,0.0
rl,dqn | LDPC-DiscreteMI-v0,384,130,35,3.451907233481356,0.0
rl,dqn | LDPC-DiscreteMI-v0,384,130,36,3.405606111260804,0.0
rl,dqn | LDPC-DiscreteMI-v0,384,130,37,2.724438229561849,0.0
rl,dqn | LDPC-DiscreteMI-v0,384,130,38,3.451907233481356,0.0
rl,dqn | LDPC-DiscreteMI-v0,384,130,39,3.420547480030548,0.0
rl,dqn | LDPC-DiscreteMI-v0,384,130,40,3.100547795631275,0.0
rl,dqn | LDPC-DiscreteMI-v0,384,130,41,3.451907233481356,0.0
rl,dqn | LDPC-DiscreteMI-v0,384,131,0,4.422382544201729,0.0
rl,dqn | LDPC-DiscreteMI-v0,384,131,1,4.495454725657839,0.0
rl,dqn | LDPC-DiscreteMI-v0,384,131,2,4.188496883782267,0.0
rl,dqn | LDPC-DiscreteMI-v0,384,131,3,4.33732041807605,0.0
rl,dqn | LDPC-DiscreteMI-v0,384,131,4,4.484448396353051,0.0
rl,dqn | LDPC-DiscreteMI-v0,384,131,5,4.564420912067882,0.0
rl,dqn | LDPC-DiscreteMI-v0,384,131,6,4.810689074156299,0.0
rl,dqn | LDPC-DiscreteMI-v0,384,131,7,4.480438663490418,0.0
rl,dqn | LDPC-DiscreteMI-v0,384,131,8,4.256078479898369,0.0
rl,dqn | LDPC-DiscreteMI-v0,384,131,9,4.237996309493003,0.0
rl,dqn | LDPC-DiscreteMI-v0,384,131,10,4.439444854277895,0.0
rl,dqn | LDPC-DiscreteMI-v0,384,131,11,4.498064788514997,0.0
rl,dqn | LDPC-DiscreteMI-v0,384,131,12,4.332868510062275,0.0
rl,dqn | LDPC-DiscreteMI-v0,384,131,13,4.256536417921963,0.0
rl,dqn | LDPC-DiscreteMI-v0,384,131,14,4.34614957566409,0.0
rl,dqn | LDPC-DiscreteMI-v0,384,131,15,4.46147925891832,0.0
rl,dqn | LDPC-DiscreteMI-v0,384,131,16,4.457960200073542,0.0
rl,dqn | LDPC-DiscreteMI-v0,384,131,17,4.466473957251738,0.0
rl,dqn | LDPC-DiscreteMI-v0,384,131,18,4.465050199186734,0.0
rl,dqn | LDPC-DiscreteMI-v0,384,131,19,4.255153574979312,0.0
rl,dqn | LDPC-DiscreteMI-v0,384,131,20,3.2360000370193167,0.0
rl,dqn | LDPC-DiscreteMI-v0,384,131,21,3.2222749574829836,0.0
rl,dqn | LDPC-DiscreteMI-v0,384,131,22,2.76139881037142,0.0
rl,dqn | LDPC-DiscreteMI-v0,384,131,23,3.442610033609416,0.0
rl,dqn | LDPC-DiscreteMI-v0,384,131,24,3.2811779540646975,0.0
rl,dqn | LDPC-DiscreteMI-v0,384,131,25,3.2032894583700107,0.0
rl,dqn | LDPC-DiscreteMI-v0,384,131,26,3.453815854254601,0.0
rl,dqn | LDPC-DiscreteMI-v0,384,131,27,3.0453447750374796,0.0
rl,dqn | LDPC-DiscreteMI-v0,384,131,28,3.292616220827218,0.0
rl,dqn | LDPC-DiscreteMI-v0,384,131,29,2.9154131964206256,0.0
rl,dqn | LDPC-DiscreteMI-v0,384,131,30,3.7251216718933877,0.0
rl,dqn | LDPC-DiscreteMI-v0,384,131,31,2.7123109058337938,0.0
rl,dqn | LDPC-DiscreteMI-v0,384,131,32,3.474627586007141,0.0
rl,dqn | LDPC-DiscreteMI-v0,384,131,33,3.247631607646666,0.0
rl,dqn | LDPC-DiscreteMI-v0,384,131,34,3.273463668015157,0.0
rl,dqn | LDPC-DiscreteMI-v0,384,131,35,3.451907233481356,0.0
rl,dqn | LDPC-DiscreteMI-v0,384,131,36,3.405606111260804,0.0
rl,dqn | LDPC-DiscreteMI-v0,384,131,37,2.724438229561849,0.0
rl,dqn | LDPC-DiscreteMI-v0,384,131,38,3.451907233481356,0.0
rl,dqn | LDPC-DiscreteMI-v0,384,131,39,3.420547480030548,0.0
rl,dqn | LDPC-DiscreteMI-v0,384,131,40,3.100547795631275,0.0
rl,dqn | LDPC-DiscreteMI-v0,384,131,41,3.451907233481356,0.0
rl,dqn | LDPC-DiscreteMI-v0,384,132,0,4.422382544201729,0.0
rl,dqn | LDPC-DiscreteMI-v0,384,132,1,4.495454725657839,0.0
rl,dqn | LDPC-DiscreteMI-v0,384,132,2,4.188496883782267,0.0
rl,dqn | LDPC-DiscreteMI-v0,384,132,3,4.33732041807605,0.0
rl,dqn | LDPC-DiscreteMI-v0,384,132,4,4.484448396353051,0.0
rl,dqn | LDPC-DiscreteMI-v0,384,132,5,4.564420912067882,0.0
rl,dqn | LDPC-DiscreteMI-v0,384,132,6,4.810689074156299,0.0
rl,dqn | LDPC-DiscreteMI-v0,384,132,7,4.480438663490418,0.0
rl,dqn | LDPC-DiscreteMI-v0,384,132,8,4.256078479898369,0.0
rl,dqn | LDPC-DiscreteMI-v0,384,132,9,4.237996309493003,0.0
rl,dqn | LDPC-DiscreteMI-v0,384,132,10,4.439444854277895,0.0
rl,dqn | LDPC-DiscreteMI-v0,384,132,11,4.498064788514997,0.0
rl,dqn | LDPC-DiscreteMI-v0,384,132,12,4.332868510062275,0.0
rl,dqn | LDPC-DiscreteMI-v0,384,132,13,4.256536417921963,0.0
rl,dqn | LDPC-DiscreteMI-v0,384,132,14,4.34614957566409,0.0
rl,dqn | LDPC-DiscreteMI-v0,384,132,15,4.46147925891832,0.0
rl,dqn | LDPC-DiscreteMI-v0,384,132,16,4.457960200073542,0.0
rl,dqn | LDPC-DiscreteMI-v0,384,132,17,4.466473957251738,0.0
rl,dqn | LDPC-DiscreteMI-v0,384,132,18,4.465050199186734,0.0
rl,dqn | LDPC-DiscreteMI-v0,384,132,19,4.255153574979312,0.0
rl,dqn | LDPC-DiscreteMI-v0,384,132,20,3.2360000370193167,0.0
rl,dqn | LDPC-DiscreteMI-v0,384,132,21,3.2222749574829836,0.0
rl,dqn | LDPC-DiscreteMI-v0,384,132,22,2.76139881037142,0.0
rl,dqn | LDPC-DiscreteMI-v0,384,132,23,3.442610033609416,0.0
rl,dqn | LDPC-DiscreteMI-v0,384,132,24,3.2811779540646975,0.0
rl,dqn | LDPC-DiscreteMI-v0,384,132,25,3.2032894583700107,0.0
rl,dqn | LDPC-DiscreteMI-v0,384,132,26,3.453815854254601,0.0
rl,dqn | LDPC-DiscreteMI-v0,384,132,27,3.0453447750374796,0.0
rl,dqn | LDPC-DiscreteMI-v0,384,132,28,3.292616220827218,0.0
rl,dqn | LDPC-DiscreteMI-v0,384,132,29,2.9154131964206256,0.0
rl,dqn | LDPC-DiscreteMI-v0,384,132,30,3.7251216718933877,0.0
rl,dqn | LDPC-DiscreteMI-v0,384,132,31,2.7123109058337938,0.0
rl,dqn | LDPC-DiscreteMI-v0,384,132,32,3.474627586007141,0.0
rl,dqn | LDPC-DiscreteMI-v0,384,132,33,3.247631607646666,0.0
rl,dqn | LDPC-DiscreteMI-v0,384,132,34,3.273463668015157,0.0
rl,dqn | LDPC-DiscreteMI-v0,384,132,35,3.451907233481356,0.0
rl,dqn | LDPC-DiscreteMI-v0,384,132,36,3.405606111260804,0.0
rl,dqn | LDPC-DiscreteMI-v0,384,132,37,2.724438229561849,0.0
rl,dqn | LDPC-DiscreteMI-v0,384,132,38,3.451907233481356,0.0
rl,dqn | LDPC-DiscreteMI-v0,384,132,39,3.420547480030548,0.0
rl,dqn | LDPC-DiscreteMI-v0,384,132,40,3.100547795631275,0.0
rl,dqn | LDPC-DiscreteMI-v0,384,132,41,3.451907233481356,0.0
rl,dqn | LDPC-DiscreteMI-v0,384,133,0,4.422382544201729,0.0
rl,dqn | LDPC-DiscreteMI-v0,384,133,1,4.495454725657839,0.0
rl,dqn | LDPC-DiscreteMI-v0,384,133,2,4.188496883782267,0.0
rl,dqn | LDPC-DiscreteMI-v0,384,133,3,4.33732041807605,0.0
rl,dqn | LDPC-DiscreteMI-v0,384,133,4,4.484448396353051,0.0
rl,dqn | LDPC-DiscreteMI-v0,384,133,5,4.564420912067882,0.0
rl,dqn | LDPC-DiscreteMI-v0,384,133,6,4.810689074156299,0.0
rl,dqn | LDPC-DiscreteMI-v0,384,133,7,4.480438663490418,0.0
rl,dqn | LDPC-DiscreteMI-v0,384,133,8,4.256078479898369,0.0
rl,dqn | LDPC-DiscreteMI-v0,384,133,9,4.237996309493003,0.0
rl,dqn | LDPC-DiscreteMI-v0,384,133,10,4.439444854277895,0.0
rl,dqn | LDPC-DiscreteMI-v0,384,133,11,4.498064788514997,0.0
rl,dqn | LDPC-DiscreteMI-v0,384,133,12,4.332868510062275,0.0
rl,dqn | LDPC-DiscreteMI-v0,384,133,13,4.256536417921963,0.0
rl,dqn | LDPC-DiscreteMI-v0,384,133,14,4.34614957566409,0.0
rl,dqn | LDPC-DiscreteMI-v0,384,133,15,4.46147925891832,0.0
rl,dqn | LDPC-DiscreteMI-v0,384,133,16,4.457960200073542,0.0
rl,dqn | LDPC-DiscreteMI-v0,384,133,17,4.466473957251738,0.0
rl,dqn | LDPC-DiscreteMI-v0,384,133,18,4.465050199186734,0.0
rl,dqn | LDPC-DiscreteMI-v0,384,133,19,4.255153574979312,0.0
rl,dqn | LDPC-DiscreteMI-v0,384,133,20,3.2360000370193167,0.0
rl,dqn | LDPC-DiscreteMI-v0,384,133,21,3.2222749574829836,0.0
rl,dqn | LDPC-DiscreteMI-v0,384,133,22,2.76139881037142,0.0
rl,dqn | LDPC-DiscreteMI-v0,384,133,23,3.442610033609416,0.0
rl,dqn | LDPC-DiscreteMI-v0,384,133,24,3.2811779540646975,0.0
rl,dqn | LDPC-DiscreteMI-v0,384,133,25,3.2032894583700107,0.0
rl,dqn | LDPC-DiscreteMI-v0,384,133,26,3.453815854254601,0.0
rl,dqn | LDPC-DiscreteMI-v0,384,133,27,3.0453447750374796,0.0
rl,dqn | LDPC-DiscreteMI-v0,384,133,28,3.292616220827218,0.0
rl,dqn | LDPC-DiscreteMI-v0,384,133,29,2.9154131964206256,0.0
rl,dqn | LDPC-DiscreteMI-v0,384,133,30,3.7251216718933877,0.0
rl,dqn | LDPC-DiscreteMI-v0,384,133,31,2.7123109058337938,0.0
rl,dqn | LDPC-DiscreteMI-v0,384,133,32,3.474627586007141,0.0
rl,dqn | LDPC-DiscreteMI-v0,384,133,33,3.247631607646666,0.0
rl,dqn | LDPC-DiscreteMI-v0,384,133,34,3.273463668015157,0.0
rl,dqn | LDPC-DiscreteMI-v0,384,133,35,3.451907233481356,0.0
rl,dqn | LDPC-DiscreteMI-v0,384,133,36,3.405606111260804,0.0
rl,dqn | LDPC-DiscreteMI-v0,384,133,37,2.724438229561849,0.0
rl,dqn | LDPC-DiscreteMI-v0,384,133,38,3.451907233481356,0.0
rl,dqn | LDPC-DiscreteMI-v0,384,133,39,3.420547480030548,0.0
rl,dqn | LDPC-DiscreteMI-v0,384,133,40,3.100547795631275,0.0
rl,dqn | LDPC-DiscreteMI-v0,384,133,41,3.451907233481356,0.0
rl,dqn | LDPC-DiscreteMI-v0,384,134,0,4.422382544201729,0.0
rl,dqn | LDPC-DiscreteMI-v0,384,134,1,4.495454725657839,0.0
rl,dqn | LDPC-DiscreteMI-v0,384,134,2,4.188496883782267,0.0
rl,dqn | LDPC-DiscreteMI-v0,384,134,3,4.33732041807605,0.0
rl,dqn | LDPC-DiscreteMI-v0,384,134,4,4.484448396353051,0.0
rl,dqn | LDPC-DiscreteMI-v0,384,134,5,4.564420912067882,0.0
rl,dqn | LDPC-DiscreteMI-v0,384,134,6,4.810689074156299,0.0
rl,dqn | LDPC-DiscreteMI-v0,384,134,7,4.480438663490418,0.0
rl,dqn | LDPC-DiscreteMI-v0,384,134,8,4.256078479898369,0.0
rl,dqn | LDPC-DiscreteMI-v0,384,134,9,4.237996309493003,0.0
rl,dqn | LDPC-DiscreteMI-v0,384,134,10,4.439444854277895,0.0
rl,dqn | LDPC-DiscreteMI-v0,384,134,11,4.498064788514997,0.0
rl,dqn | LDPC-DiscreteMI-v0,384,134,12,4.332868510062275,0.0
rl,dqn | LDPC-DiscreteMI-v0,384,134,13,4.256536417921963,0.0
rl,dqn | LDPC-DiscreteMI-v0,384,134,14,4.34614957566409,0.0
rl,dqn | LDPC-DiscreteMI-v0,384,134,15,4.46147925891832,0.0
rl,dqn | LDPC-DiscreteMI-v0,384,134,16,4.457960200073542,0.0
rl,dqn | LDPC-DiscreteMI-v0,384,134,17,4.466473957251738,0.0
rl,dqn | LDPC-DiscreteMI-v0,384,134,18,4.465050199186734,0.0
rl,dqn | LDPC-DiscreteMI-v0,384,134,19,4.255153574979312,0.0
rl,dqn | LDPC-DiscreteMI-v0,384,134,20,3.2360000370193167,0.0
rl,dqn | LDPC-DiscreteMI-v0,384,134,21,3.2222749574829836,0.0
rl,dqn | LDPC-DiscreteMI-v0,384,134,22,2.76139881037142,0.0
rl,dqn | LDPC-DiscreteMI-v0,384,134,23,3.442610033609416,0.0
rl,dqn | LDPC-DiscreteMI-v0,384,134,24,3.2811779540646975,0.0
rl,dqn | LDPC-DiscreteMI-v0,384,134,25,3.2032894583700107,0.0
rl,dqn | LDPC-DiscreteMI-v0,384,134,26,3.453815854254601,0.0
rl,dqn | LDPC-DiscreteMI-v0,384,134,27,3.0453447750374796,0.0
rl,dqn | LDPC-DiscreteMI-v0,384,134,28,3.292616220827218,0.0
rl,dqn | LDPC-DiscreteMI-v0,384,134,29,2.9154131964206256,0.0
rl,dqn | LDPC-DiscreteMI-v0,384,134,30,3.7251216718933877,0.0
rl,dqn | LDPC-DiscreteMI-v0,384,134,31,2.7123109058337938,0.0
rl,dqn | LDPC-DiscreteMI-v0,384,134,32,3.474627586007141,0.0
rl,dqn | LDPC-DiscreteMI-v0,384,134,33,3.247631607646666,0.0
rl,dqn | LDPC-DiscreteMI-v0,384,134,34,3.273463668015157,0.0
rl,dqn | LDPC-DiscreteMI-v0,384,134,35,3.451907233481356,0.0
rl,dqn | LDPC-DiscreteMI-v0,384,134,36,3.405606111260804,0.0
rl,dqn | LDPC-DiscreteMI-v0,384,134,37,2.724438229561849,0.0
rl,dqn | LDPC-DiscreteMI-v0,384,134,38,3.451907233481356,0.0
rl,dqn | LDPC-DiscreteMI-v0,384,134,39,3.420547480030548,0.0
rl,dqn | LDPC-DiscreteMI-v0,384,134,40,3.100547795631275,0.0
rl,dqn | LDPC-DiscreteMI-v0,384,134,41,3.451907233481356,0.0
rl,dqn | LDPC-DiscreteMI-v0,384,135,0,4.422382544201729,0.0
rl,dqn | LDPC-DiscreteMI-v0,384,135,1,4.495454725657839,0.0
rl,dqn | LDPC-DiscreteMI-v0,384,135,2,4.188496883782267,0.0
rl,dqn | LDPC-DiscreteMI-v0,384,135,3,4.33732041807605,0.0
rl,dqn | LDPC-DiscreteMI-v0,384,135,4,4.484448396353051,0.0
rl,dqn | LDPC-DiscreteMI-v0,384,135,5,4.564420912067882,0.0
rl,dqn | LDPC-DiscreteMI-v0,384,135,6,4.810689074156299,0.0
rl,dqn | LDPC-DiscreteMI-v0,384,135,7,4.480438663490418,0.0
rl,dqn | LDPC-DiscreteMI-v0,384,135,8,4.256078479898369,0.0
rl,dqn | LDPC-DiscreteMI-v0,384,135,9,4.237996309493003,0.0
rl,dqn | LDPC-DiscreteMI-v0,384,135,10,4.439444854277895,0.0
rl,dqn | LDPC-DiscreteMI-v0,384,135,11,4.498064788514997,0.0
rl,dqn | LDPC-DiscreteMI-v0,384,135,12,4.332868510062275,0.0
rl,dqn | LDPC-DiscreteMI-v0,384,135,13,4.256536417921963,0.0
rl,dqn | LDPC-DiscreteMI-v0,384,135,14,4.34614957566409,0.0
rl,dqn | LDPC-DiscreteMI-v0,384,135,15,4.46147925891832,0.0
rl,dqn | LDPC-DiscreteMI-v0,384,135,16,4.457960200073542,0.0
rl,dqn | LDPC-DiscreteMI-v0,384,135,17,4.466473957251738,0.0
rl,dqn | LDPC-DiscreteMI-v0,384,135,18,4.465050199186734,0.0
rl,dqn | LDPC-DiscreteMI-v0,384,135,19,4.255153574979312,0.0
rl,dqn | LDPC-DiscreteMI-v0,384,135,20,3.2360000370193167,0.0
rl,dqn | LDPC-DiscreteMI-v0,384,135,21,3.2222749574829836,0.0
rl,dqn | LDPC-DiscreteMI-v0,384,135,22,2.76139881037142,0.0
rl,dqn | LDPC-DiscreteMI-v0,384,135,23,3.442610033609416,0.0
rl,dqn | LDPC-DiscreteMI-v0,384,135,24,3.2811779540646975,0.0
rl,dqn | LDPC-DiscreteMI-v0,384,135,25,3.2032894583700107,0.0
rl,dqn | LDPC-DiscreteMI-v0,384,135,26,3.453815854254601,0.0
rl,dqn | LDPC-DiscreteMI-v0,384,135,27,3.0453447750374796,0.0
rl,dqn | LDPC-DiscreteMI-v0,384,135,28,3.292616220827218,0.0
rl,dqn | LDPC-DiscreteMI-v0,384,135,29,2.9154131964206256,0.0
rl,dqn | LDPC-DiscreteMI-v0,384,135,30,3.7251216718933877,0.0
rl,dqn | LDPC-DiscreteMI-v0,384,135,31,2.7123109058337938,0.0
rl,dqn | LDPC-DiscreteMI-v0,384,135,32,3.474627586007141,0.0
rl,dqn | LDPC-DiscreteMI-v0,384,135,33,3.247631607646666,0.0
rl,dqn | LDPC-DiscreteMI-v0,384,135,34,3.273463668015157,0.0
rl,dqn | LDPC-DiscreteMI-v0,384,135,35,3.451907233481356,0.0
rl,dqn | LDPC-DiscreteMI-v0,384,135,36,3.405606111260804,0.0
rl,dqn | LDPC-DiscreteMI-v0,384,135,37,2.724438229561849,0.0
rl,dqn | LDPC-DiscreteMI-v0,384,135,38,3.451907233481356,0.0
rl,dqn | LDPC-DiscreteMI-v0,384,135,39,3.420547480030548,0.0
rl,dqn | LDPC-DiscreteMI-v0,384,135,40,3.100547795631275,0.0
rl,dqn | LDPC-DiscreteMI-v0,384,135,41,3.451907233481356,0.0
rl,dqn | LDPC-DiscreteMI-v0,384,136,0,4.422382544201729,0.0
rl,dqn | LDPC-DiscreteMI-v0,384,136,1,4.495454725657839,0.0
rl,dqn | LDPC-DiscreteMI-v0,384,136,2,4.188496883782267,0.0
rl,dqn | LDPC-DiscreteMI-v0,384,136,3,4.33732041807605,0.0
rl,dqn | LDPC-DiscreteMI-v0,384,136,4,4.484448396353051,0.0
rl,dqn | LDPC-DiscreteMI-v0,384,136,5,4.564420912067882,0.0
rl,dqn | LDPC-DiscreteMI-v0,384,136,6,4.810689074156299,0.0
rl,dqn | LDPC-DiscreteMI-v0,384,136,7,4.480438663490418,0.0
rl,dqn | LDPC-DiscreteMI-v0,384,136,8,4.256078479898369,0.0
rl,dqn | LDPC-DiscreteMI-v0,384,136,9,4.237996309493003,0.0
rl,dqn | LDPC-DiscreteMI-v0,384,136,10,4.439444854277895,0.0
rl,dqn | LDPC-DiscreteMI-v0,384,136,11,4.498064788514997,0.0
rl,dqn | LDPC-DiscreteMI-v0,384,136,12,4.332868510062275,0.0
rl,dqn | LDPC-DiscreteMI-v0,384,136,13,4.256536417921963,0.0
rl,dqn | LDPC-DiscreteMI-v0,384,136,14,4.34614957566409,0.0
rl,dqn | LDPC-DiscreteMI-v0,384,136,15,4.46147925891832,0.0
rl,dqn | LDPC-DiscreteMI-v0,384,136,16,4.457960200073542,0.0
rl,dqn | LDPC-DiscreteMI-v0,384,136,17,4.466473957251738,0.0
rl,dqn | LDPC-DiscreteMI-v0,384,136,18,4.465050199186734,0.0
rl,dqn | LDPC-DiscreteMI-v0,384,136,19,4.255153574979312,0.0
rl,dqn | LDPC-DiscreteMI-v0,384,136,20,3.2360000370193167,0.0
rl,dqn | LDPC-DiscreteMI-v0,384,136,21,3.2222749574829836,0.0
rl,dqn | LDPC-DiscreteMI-v0,384,136,22,2.76139881037142,0.0
rl,dqn | LDPC-DiscreteMI-v0,384,136,23,3.442610033609416,0.0
rl,dqn | LDPC-DiscreteMI-v0,384,136,24,3.2811779540646975,0.0
rl,dqn | LDPC-DiscreteMI-v0,384,136,25,3.2032894583700107,0.0
rl,dqn | LDPC-DiscreteMI-v0,384,136,26,3.453815854254601,0.0
rl,dqn | LDPC-DiscreteMI-v0,384,136,27,3.0453447750374796,0.0
rl,dqn | LDPC-DiscreteMI-v0,384,136,28,3.292616220827218,0.0
rl,dqn | LDPC-DiscreteMI-v0,384,136,29,2.9154131964206256,0.0
rl,dqn | LDPC-DiscreteMI-v0,384,136,30,3.7251216718933877,0.0
rl,dqn | LDPC-DiscreteMI-v0,384,136,31,2.7123109058337938,0.0
rl,dqn | LDPC-DiscreteMI-v0,384,136,32,3.474627586007141,0.0
rl,dqn | LDPC-DiscreteMI-v0,384,136,33,3.247631607646666,0.0
rl,dqn | LDPC-DiscreteMI-v0,384,136,34,3.273463668015157,0.0
rl,dqn | LDPC-DiscreteMI-v0,384,136,35,3.451907233481356,0.0
rl,dqn | LDPC-DiscreteMI-v0,384,136,36,3.405606111260804,0.0
rl,dqn | LDPC-DiscreteMI-v0,384,136,37,2.724438229561849,0.0
rl,dqn | LDPC-DiscreteMI-v0,384,136,38,3.451907233481356,0.0
rl,dqn | LDPC-DiscreteMI-v0,384,136,39,3.420547480030548,0.0
rl,dqn | LDPC-DiscreteMI-v0,384,136,40,3.100547795631275,0.0
rl,dqn | LDPC-DiscreteMI-v0,384,136,41,3.451907233481356,0.0
rl,dqn | LDPC-DiscreteMI-v0,384,137,0,4.422382544201729,0.0
rl,dqn | LDPC-DiscreteMI-v0,384,137,1,4.495454725657839,0.0
rl,dqn | LDPC-DiscreteMI-v0,384,137,2,4.188496883782267,0.0
rl,dqn | LDPC-DiscreteMI-v0,384,137,3,4.33732041807605,0.0
rl,dqn | LDPC-DiscreteMI-v0,384,137,4,4.484448396353051,0.0
rl,dqn | LDPC-DiscreteMI-v0,384,137,5,4.564420912067882,0.0
rl,dqn | LDPC-DiscreteMI-v0,384,137,6,4.810689074156299,0.0
rl,dqn | LDPC-DiscreteMI-v0,384,137,7,4.480438663490418,0.0
rl,dqn | LDPC-DiscreteMI-v0,384,137,8,4.256078479898369,0.0
rl,dqn | LDPC-DiscreteMI-v0,384,137,9,4.237996309493003,0.0
rl,dqn | LDPC-DiscreteMI-v0,384,137,10,4.439444854277895,0.0
rl,dqn | LDPC-DiscreteMI-v0,384,137,11,4.498064788514997,0.0
rl,dqn | LDPC-DiscreteMI-v0,384,137,12,4.332868510062275,0.0
rl,dqn | LDPC-DiscreteMI-v0,384,137,13,4.256536417921963,0.0
rl,dqn | LDPC-DiscreteMI-v0,384,137,14,4.34614957566409,0.0
rl,dqn | LDPC-DiscreteMI-v0,384,137,15,4.46147925891832,0.0
rl,dqn | LDPC-DiscreteMI-v0,384,137,16,4.457960200073542,0.0
rl,dqn | LDPC-DiscreteMI-v0,384,137,17,4.466473957251738,0.0
rl,dqn | LDPC-DiscreteMI-v0,384,137,18,4.465050199186734,0.0
rl,dqn | LDPC-DiscreteMI-v0,384,137,19,4.255153574979312,0.0
rl,dqn | LDPC-DiscreteMI-v0,384,137,20,3.2360000370193167,0.0
rl,dqn | LDPC-DiscreteMI-v0,384,137,21,3.2222749574829836,0.0
rl,dqn | LDPC-DiscreteMI-v0,384,137,22,2.76139881037142,0.0
rl,dqn | LDPC-DiscreteMI-v0,384,137,23,3.442610033609416,0.0
rl,dqn | LDPC-DiscreteMI-v0,384,137,24,3.2811779540646975,0.0
rl,dqn | LDPC-DiscreteMI-v0,384,137,25,3.2032894583700107,0.0
rl,dqn | LDPC-DiscreteMI-v0,384,137,26,3.453815854254601,0.0
rl,dqn | LDPC-DiscreteMI-v0,384,137,27,3.0453447750374796,0.0
rl,dqn | LDPC-DiscreteMI-v0,384,137,28,3.292616220827218,0.0
rl,dqn | LDPC-DiscreteMI-v0,384,137,29,2.9154131964206256,0.0
rl,dqn | LDPC-DiscreteMI-v0,384,137,30,3.7251216718933877,0.0
rl,dqn | LDPC-DiscreteMI-v0,384,137,31,2.7123109058337938,0.0
rl,dqn | LDPC-DiscreteMI-v0,384,137,32,3.474627586007141,0.0
rl,dqn | LDPC-DiscreteMI-v0,384,137,33,3.247631607646666,0.0
rl,dqn | LDPC-DiscreteMI-v0,384,137,34,3.273463668015157,0.0
rl,dqn | LDPC-DiscreteMI-v0,384,137,35,3.451907233481356,0.0
rl,dqn | LDPC-DiscreteMI-v0,384,137,36,3.405606111260804,0.0
rl,dqn | LDPC-DiscreteMI-v0,384,137,37,2.724438229561849,0.0
rl,dqn | LDPC-DiscreteMI-v0,384,137,38,3.451907233481356,0.0
rl,dqn | LDPC-DiscreteMI-v0,384,137,39,3.420547480030548,0.0
rl,dqn | LDPC-DiscreteMI-v0,384,137,40,3.100547795631275,0.0
rl,dqn | LDPC-DiscreteMI-v0,384,137,41,3.451907233481356,0.0
rl,dqn | LDPC-DiscreteMI-v0,384,138,0,4.422382544201729,0.0
rl,dqn | LDPC-DiscreteMI-v0,384,138,1,4.495454725657839,0.0
rl,dqn | LDPC-DiscreteMI-v0,384,138,2,4.188496883782267,0.0
rl,dqn | LDPC-DiscreteMI-v0,384,138,3,4.33732041807605,0.0
rl,dqn | LDPC-DiscreteMI-v0,384,138,4,4.484448396353051,0.0
rl,dqn | LDPC-DiscreteMI-v0,384,138,5,4.564420912067882,0.0
rl,dqn | LDPC-DiscreteMI-v0,384,138,6,4.810689074156299,0.0
rl,dqn | LDPC-DiscreteMI-v0,384,138,7,4.480438663490418,0.0
rl,dqn | LDPC-DiscreteMI-v0,384,138,8,4.256078479898369,0.0
rl,dqn | LDPC-DiscreteMI-v0,384,138,9,4.237996309493003,0.0
rl,dqn | LDPC-DiscreteMI-v0,384,138,10,4.439444854277895,0.0
rl,dqn | LDPC-DiscreteMI-v0,384,138,11,4.498064788514997,0.0
rl,dqn | LDPC-DiscreteMI-v0,384,138,12,4.332868510062275,0.0
rl,dqn | LDPC-DiscreteMI-v0,384,138,13,4.256536417921963,0.0
rl,dqn | LDPC-DiscreteMI-v0,384,138,14,4.34614957566409,0.0
rl,dqn | LDPC-DiscreteMI-v0,384,138,15,4.46147925891832,0.0
rl,dqn | LDPC-DiscreteMI-v0,384,138,16,4.457960200073542,0.0
rl,dqn | LDPC-DiscreteMI-v0,384,138,17,4.466473957251738,0.0
rl,dqn | LDPC-DiscreteMI-v0,384,138,18,4.465050199186734,0.0
rl,dqn | LDPC-DiscreteMI-v0,384,138,19,4.255153574979312,0.0
rl,dqn | LDPC-DiscreteMI-v0,384,138,20,3.2360000370193167,0.0
rl,dqn | LDPC-DiscreteMI-v0,384,138,21,3.2222749574829836,0.0
rl,dqn | LDPC-DiscreteMI-v0,384,138,22,2.76139881037142,0.0
rl,dqn | LDPC-DiscreteMI-v0,384,138,23,3.442610033609416,0.0
rl,dqn | LDPC-DiscreteMI-v0,384,138,24,3.2811779540646975,0.0
rl,dqn | LDPC-DiscreteMI-v0,384,138,25,3.2032894583700107,0.0
rl,dqn | LDPC-DiscreteMI-v0,384,138,26,3.453815854254601,0.0
rl,dqn | LDPC-DiscreteMI-v0,384,138,27,3.0453447750374796,0.0
rl,dqn | LDPC-DiscreteMI-v0,384,138,28,3.292616220827218,0.0
rl,dqn | LDPC-DiscreteMI-v0,384,138,29,2.9154131964206256,0.0
rl,dqn | LDPC-DiscreteMI-v0,384,138,30,3.7251216718933877,0.0
rl,dqn | LDPC-DiscreteMI-v0,384,138,31,2.7123109058337938,0.0
rl,dqn | LDPC-DiscreteMI-v0,384,138,32,3.474627586007141,0.0
rl,dqn | LDPC-DiscreteMI-v0,384,138,33,3.247631607646666,0.0
rl,dqn | LDPC-DiscreteMI-v0,384,138,34,3.273463668015157,0.0
rl,dqn | LDPC-DiscreteMI-v0,384,138,35,3.451907233481356,0.0
rl,dqn | LDPC-DiscreteMI-v0,384,138,36,3.405606111260804,0.0
rl,dqn | LDPC-DiscreteMI-v0,384,138,37,2.724438229561849,0.0
rl,dqn | LDPC-DiscreteMI-v0,384,138,38,3.451907233481356,0.0
rl,dqn | LDPC-DiscreteMI-v0,384,138,39,3.420547480030548,0.0
rl,dqn | LDPC-DiscreteMI-v0,384,138,40,3.100547795631275,0.0
rl,dqn | LDPC-DiscreteMI-v0,384,138,41,3.451907233481356,0.0
rl,dqn | LDPC-DiscreteMI-v0,384,139,0,4.422382544201729,0.0
rl,dqn | LDPC-DiscreteMI-v0,384,139,1,4.495454725657839,0.0
rl,dqn | LDPC-DiscreteMI-v0,384,139,2,4.188496883782267,0.0
rl,dqn | LDPC-DiscreteMI-v0,384,139,3,4.33732041807605,0.0
rl,dqn | LDPC-DiscreteMI-v0,384,139,4,4.484448396353051,0.0
rl,dqn | LDPC-DiscreteMI-v0,384,139,5,4.564420912067882,0.0
rl,dqn | LDPC-DiscreteMI-v0,384,139,6,4.810689074156299,0.0
rl,dqn | LDPC-DiscreteMI-v0,384,139,7,4.480438663490418,0.0
rl,dqn | LDPC-DiscreteMI-v0,384,139,8,4.256078479898369,0.0
rl,dqn | LDPC-DiscreteMI-v0,384,139,9,4.237996309493003,0.0
rl,dqn | LDPC-DiscreteMI-v0,384,139,10,4.439444854277895,0.0
rl,dqn | LDPC-DiscreteMI-v0,384,139,11,4.498064788514997,0.0
rl,dqn | LDPC-DiscreteMI-v0,384,139,12,4.332868510062275,0.0
rl,dqn | LDPC-DiscreteMI-v0,384,139,13,4.256536417921963,0.0
rl,dqn | LDPC-DiscreteMI-v0,384,139,14,4.34614957566409,0.0
rl,dqn | LDPC-DiscreteMI-v0,384,139,15,4.46147925891832,0.0
rl,dqn | LDPC-DiscreteMI-v0,384,139,16,4.457960200073542,0.0
rl,dqn | LDPC-DiscreteMI-v0,384,139,17,4.466473957251738,0.0
rl,dqn | LDPC-DiscreteMI-v0,384,139,18,4.465050199186734,0.0
rl,dqn | LDPC-DiscreteMI-v0,384,139,19,4.255153574979312,0.0
rl,dqn | LDPC-DiscreteMI-v0,384,139,20,3.2360000370193167,0.0
rl,dqn | LDPC-DiscreteMI-v0,384,139,21,3.2222749574829836,0.0
rl,dqn | LDPC-DiscreteMI-v0,384,139,22,2.76139881037142,0.0
rl,dqn | LDPC-DiscreteMI-v0,384,139,23,3.442610033609416,0.0
rl,dqn | LDPC-DiscreteMI-v0,384,139,24,3.2811779540646975,0.0
rl,dqn | LDPC-DiscreteMI-v0,384,139,25,3.2032894583700107,0.0
rl,dqn | LDPC-DiscreteMI-v0,384,139,26,3.453815854254601,0.0
rl,dqn | LDPC-DiscreteMI-v0,384,139,27,3.0453447750374796,0.0
rl,dqn | LDPC-DiscreteMI-v0,384,139,28,3.292616220827218,0.0
rl,dqn | LDPC-DiscreteMI-v0,384,139,29,2.9154131964206256,0.0
rl,dqn | LDPC-DiscreteMI-v0,384,139,30,3.7251216718933877,0.0
rl,dqn | LDPC-DiscreteMI-v0,384,139,31,2.7123109058337938,0.0
rl,dqn | LDPC-DiscreteMI-v0,384,139,32,3.474627586007141,0.0
rl,dqn | LDPC-DiscreteMI-v0,384,139,33,3.247631607646666,0.0
rl,dqn | LDPC-DiscreteMI-v0,384,139,34,3.273463668015157,0.0
rl,dqn | LDPC-DiscreteMI-v0,384,139,35,3.451907233481356,0.0
rl,dqn | LDPC-DiscreteMI-v0,384,139,36,3.405606111260804,0.0
rl,dqn | LDPC-DiscreteMI-v0,384,139,37,2.724438229561849,0.0
rl,dqn | LDPC-DiscreteMI-v0,384,139,38,3.451907233481356,0.0
rl,dqn | LDPC-DiscreteMI-v0,384,139,39,3.420547480030548,0.0
rl,dqn | LDPC-DiscreteMI-v0,384,139,40,3.100547795631275,0.0
rl,dqn | LDPC-DiscreteMI-v0,384,139,41,3.451907233481356,0.0
rl,dqn | LDPC-DiscreteMI-v0,384,140,0,4.422382544201729,0.0
rl,dqn | LDPC-DiscreteMI-v0,384,140,1,4.495454725657839,0.0
rl,dqn | LDPC-DiscreteMI-v0,384,140,2,4.188496883782267,0.0
rl,dqn | LDPC-DiscreteMI-v0,384,140,3,4.33732041807605,0.0
rl,dqn | LDPC-DiscreteMI-v0,384,140,4,4.484448396353051,0.0
rl,dqn | LDPC-DiscreteMI-v0,384,140,5,4.564420912067882,0.0
rl,dqn | LDPC-DiscreteMI-v0,384,140,6,4.810689074156299,0.0
rl,dqn | LDPC-DiscreteMI-v0,384,140,7,4.480438663490418,0.0
rl,dqn | LDPC-DiscreteMI-v0,384,140,8,4.256078479898369,0.0
rl,dqn | LDPC-DiscreteMI-v0,384,140,9,4.237996309493003,0.0
rl,dqn | LDPC-DiscreteMI-v0,384,140,10,4.439444854277895,0.0
rl,dqn | LDPC-DiscreteMI-v0,384,140,11,4.498064788514997,0.0
rl,dqn | LDPC-DiscreteMI-v0,384,140,12,4.332868510062275,0.0
rl,dqn | LDPC-DiscreteMI-v0,384,140,13,4.256536417921963,0.0
rl,dqn | LDPC-DiscreteMI-v0,384,140,14,4.34614957566409,0.0
rl,dqn | LDPC-DiscreteMI-v0,384,140,15,4.46147925891832,0.0
rl,dqn | LDPC-DiscreteMI-v0,384,140,16,4.457960200073542,0.0
rl,dqn | LDPC-DiscreteMI-v0,384,140,17,4.466473957251738,0.0
rl,dqn | LDPC-DiscreteMI-v0,384,140,18,4.465050199186734,0.0
rl,dqn | LDPC-DiscreteMI-v0,384,140,19,4.255153574979312,0.0
rl,dqn | LDPC-DiscreteMI-v0,384,140,20,3.2360000370193167,0.0
rl,dqn | LDPC-DiscreteMI-v0,384,140,21,3.2222749574829836,0.0
rl,dqn | LDPC-DiscreteMI-v0,384,140,22,2.76139881037142,0.0
rl,dqn | LDPC-DiscreteMI-v0,384,140,23,3.442610033609416,0.0
rl,dqn | LDPC-DiscreteMI-v0,384,140,24,3.2811779540646975,0.0
rl,dqn | LDPC-DiscreteMI-v0,384,140,25,3.2032894583700107,0.0
rl,dqn | LDPC-DiscreteMI-v0,384,140,26,3.453815854254601,0.0
rl,dqn | LDPC-DiscreteMI-v0,384,140,27,3.0453447750374796,0.0
rl,dqn | LDPC-DiscreteMI-v0,384,140,28,3.292616220827218,0.0
rl,dqn | LDPC-DiscreteMI-v0,384,140,29,2.9154131964206256,0.0
rl,dqn | LDPC-DiscreteMI-v0,384,140,30,3.7251216718933877,0.0
rl,dqn | LDPC-DiscreteMI-v0,384,140,31,2.7123109058337938,0.0
rl,dqn | LDPC-DiscreteMI-v0,384,140,32,3.474627586007141,0.0
rl,dqn | LDPC-DiscreteMI-v0,384,140,33,3.247631607646666,0.0
rl,dqn | LDPC-DiscreteMI-v0,384,140,34,3.273463668015157,0.0
rl,dqn | LDPC-DiscreteMI-v0,384,140,35,3.451907233481356,0.0
rl,dqn | LDPC-DiscreteMI-v0,384,140,36,3.405606111260804,0.0
rl,dqn | LDPC-DiscreteMI-v0,384,140,37,2.724438229561849,0.0
rl,dqn | LDPC-DiscreteMI-v0,384,140,38,3.451907233481356,0.0
rl,dqn | LDPC-DiscreteMI-v0,384,140,39,3.420547480030548,0.0
rl,dqn | LDPC-DiscreteMI-v0,384,140,40,3.100547795631275,0.0
rl,dqn | LDPC-DiscreteMI-v0,384,140,41,3.451907233481356,0.0
rl,dqn | LDPC-DiscreteMI-v0,384,141,0,4.422382544201729,0.0
rl,dqn | LDPC-DiscreteMI-v0,384,141,1,4.495454725657839,0.0
rl,dqn | LDPC-DiscreteMI-v0,384,141,2,4.188496883782267,0.0
rl,dqn | LDPC-DiscreteMI-v0,384,141,3,4.33732041807605,0.0
rl,dqn | LDPC-DiscreteMI-v0,384,141,4,4.484448396353051,0.0
rl,dqn | LDPC-DiscreteMI-v0,384,141,5,4.564420912067882,0.0
rl,dqn | LDPC-DiscreteMI-v0,384,141,6,4.810689074156299,0.0
rl,dqn | LDPC-DiscreteMI-v0,384,141,7,4.480438663490418,0.0
rl,dqn | LDPC-DiscreteMI-v0,384,141,8,4.256078479898369,0.0
rl,dqn | LDPC-DiscreteMI-v0,384,141,9,4.237996309493003,0.0
rl,dqn | LDPC-DiscreteMI-v0,384,141,10,4.439444854277895,0.0
rl,dqn | LDPC-DiscreteMI-v0,384,141,11,4.498064788514997,0.0
rl,dqn | LDPC-DiscreteMI-v0,384,141,12,4.332868510062275,0.0
rl,dqn | LDPC-DiscreteMI-v0,384,141,13,4.256536417921963,0.0
rl,dqn | LDPC-DiscreteMI-v0,384,141,14,4.34614957566409,0.0
rl,dqn | LDPC-DiscreteMI-v0,384,141,15,4.46147925891832,0.0
rl,dqn | LDPC-DiscreteMI-v0,384,141,16,4.457960200073542,0.0
rl,dqn | LDPC-DiscreteMI-v0,384,141,17,4.466473957251738,0.0
rl,dqn | LDPC-DiscreteMI-v0,384,141,18,4.465050199186734,0.0
rl,dqn | LDPC-DiscreteMI-v0,384,141,19,4.255153574979312,0.0
rl,dqn | LDPC-DiscreteMI-v0,384,141,20,3.2360000370193167,0.0
rl,dqn | LDPC-DiscreteMI-v0,384,141,21,3.2222749574829836,0.0
rl,dqn | LDPC-DiscreteMI-v0,384,141,22,2.76139881037142,0.0
rl,dqn | LDPC-DiscreteMI-v0,384,141,23,3.442610033609416,0.0
rl,dqn | LDPC-DiscreteMI-v0,384,141,24,3.2811779540646975,0.0
rl,dqn | LDPC-DiscreteMI-v0,384,141,25,3.2032894583700107,0.0
rl,dqn | LDPC-DiscreteMI-v0,384,141,26,3.453815854254601,0.0
rl,dqn | LDPC-DiscreteMI-v0,384,141,27,3.0453447750374796,0.0
rl,dqn | LDPC-DiscreteMI-v0,384,141,28,3.292616220827218,0.0
rl,dqn | LDPC-DiscreteMI-v0,384,141,29,2.9154131964206256,0.0
rl,dqn | LDPC-DiscreteMI-v0,384,141,30,3.7251216718933877,0.0
rl,dqn | LDPC-DiscreteMI-v0,384,141,31,2.7123109058337938,0.0
rl,dqn | LDPC-DiscreteMI-v0,384,141,32,3.474627586007141,0.0
rl,dqn | LDPC-DiscreteMI-v0,384,141,33,3.247631607646666,0.0
rl,dqn | LDPC-DiscreteMI-v0,384,141,34,3.273463668015157,0.0
rl,dqn | LDPC-DiscreteMI-v0,384,141,35,3.451907233481356,0.0
rl,dqn | LDPC-DiscreteMI-v0,384,141,36,3.405606111260804,0.0
rl,dqn | LDPC-DiscreteMI-v0,384,141,37,2.724438229561849,0.0
rl,dqn | LDPC-DiscreteMI-v0,384,141,38,3.451907233481356,0.0
rl,dqn | LDPC-DiscreteMI-v0,384,141,39,3.420547480030548,0.0
rl,dqn | LDPC-DiscreteMI-v0,384,141,40,3.100547795631275,0.0
rl,dqn | LDPC-DiscreteMI-v0,384,141,41,3.451907233481356,0.0
rl,dqn | LDPC-DiscreteMI-v0,384,142,0,4.422382544201729,0.0
rl,dqn | LDPC-DiscreteMI-v0,384,142,1,4.495454725657839,0.0
rl,dqn | LDPC-DiscreteMI-v0,384,142,2,4.188496883782267,0.0
rl,dqn | LDPC-DiscreteMI-v0,384,142,3,4.33732041807605,0.0
rl,dqn | LDPC-DiscreteMI-v0,384,142,4,4.484448396353051,0.0
rl,dqn | LDPC-DiscreteMI-v0,384,142,5,4.564420912067882,0.0
rl,dqn | LDPC-DiscreteMI-v0,384,142,6,4.810689074156299,0.0
rl,dqn | LDPC-DiscreteMI-v0,384,142,7,4.480438663490418,0.0
rl,dqn | LDPC-DiscreteMI-v0,384,142,8,4.256078479898369,0.0
rl,dqn | LDPC-DiscreteMI-v0,384,142,9,4.237996309493003,0.0
rl,dqn | LDPC-DiscreteMI-v0,384,142,10,4.439444854277895,0.0
rl,dqn | LDPC-DiscreteMI-v0,384,142,11,4.498064788514997,0.0
rl,dqn | LDPC-DiscreteMI-v0,384,142,12,4.332868510062275,0.0
rl,dqn | LDPC-DiscreteMI-v0,384,142,13,4.256536417921963,0.0
rl,dqn | LDPC-DiscreteMI-v0,384,142,14,4.34614957566409,0.0
rl,dqn | LDPC-DiscreteMI-v0,384,142,15,4.46147925891832,0.0
rl,dqn | LDPC-DiscreteMI-v0,384,142,16,4.457960200073542,0.0
rl,dqn | LDPC-DiscreteMI-v0,384,142,17,4.466473957251738,0.0
rl,dqn | LDPC-DiscreteMI-v0,384,142,18,4.465050199186734,0.0
rl,dqn | LDPC-DiscreteMI-v0,384,142,19,4.255153574979312,0.0
rl,dqn | LDPC-DiscreteMI-v0,384,142,20,3.2360000370193167,0.0
rl,dqn | LDPC-DiscreteMI-v0,384,142,21,3.2222749574829836,0.0
rl,dqn | LDPC-DiscreteMI-v0,384,142,22,2.76139881037142,0.0
rl,dqn | LDPC-DiscreteMI-v0,384,142,23,3.442610033609416,0.0
rl,dqn | LDPC-DiscreteMI-v0,384,142,24,3.2811779540646975,0.0
rl,dqn | LDPC-DiscreteMI-v0,384,142,25,3.2032894583700107,0.0
rl,dqn | LDPC-DiscreteMI-v0,384,142,26,3.453815854254601,0.0
rl,dqn | LDPC-DiscreteMI-v0,384,142,27,3.0453447750374796,0.0
rl,dqn | LDPC-DiscreteMI-v0,384,142,28,3.292616220827218,0.0
rl,dqn | LDPC-DiscreteMI-v0,384,142,29,2.9154131964206256,0.0
rl,dqn | LDPC-DiscreteMI-v0,384,142,30,3.7251216718933877,0.0
rl,dqn | LDPC-DiscreteMI-v0,384,142,31,2.7123109058337938,0.0
rl,dqn | LDPC-DiscreteMI-v0,384,142,32,3.474627586007141,0.0
rl,dqn | LDPC-DiscreteMI-v0,384,142,33,3.247631607646666,0.0
rl,dqn | LDPC-DiscreteMI-v0,384,142,34,3.273463668015157,0.0
rl,dqn | LDPC-DiscreteMI-v0,384,142,35,3.451907233481356,0.0
rl,dqn | LDPC-DiscreteMI-v0,384,142,36,3.405606111260804,0.0
rl,dqn | LDPC-DiscreteMI-v0,384,142,37,2.724438229561849,0.0
rl,dqn | LDPC-DiscreteMI-v0,384,142,38,3.451907233481356,0.0
rl,dqn | LDPC-DiscreteMI-v0,384,142,39,3.420547480030548,0.0
rl,dqn | LDPC-DiscreteMI-v0,384,142,40,3.100547795631275,0.0
rl,dqn | LDPC-DiscreteMI-v0,384,142,41,3.451907233481356,0.0
rl,dqn | LDPC-DiscreteMI-v0,384,143,0,4.422382544201729,0.0
rl,dqn | LDPC-DiscreteMI-v0,384,143,1,4.495454725657839,0.0
rl,dqn | LDPC-DiscreteMI-v0,384,143,2,4.188496883782267,0.0
rl,dqn | LDPC-DiscreteMI-v0,384,143,3,4.33732041807605,0.0
rl,dqn | LDPC-DiscreteMI-v0,384,143,4,4.484448396353051,0.0
rl,dqn | LDPC-DiscreteMI-v0,384,143,5,4.564420912067882,0.0
rl,dqn | LDPC-DiscreteMI-v0,384,143,6,4.810689074156299,0.0
rl,dqn | LDPC-DiscreteMI-v0,384,143,7,4.480438663490418,0.0
rl,dqn | LDPC-DiscreteMI-v0,384,143,8,4.256078479898369,0.0
rl,dqn | LDPC-DiscreteMI-v0,384,143,9,4.237996309493003,0.0
rl,dqn | LDPC-DiscreteMI-v0,384,143,10,4.439444854277895,0.0
rl,dqn | LDPC-DiscreteMI-v0,384,143,11,4.498064788514997,0.0
rl,dqn | LDPC-DiscreteMI-v0,384,143,12,4.332868510062275,0.0
rl,dqn | LDPC-DiscreteMI-v0,384,143,13,4.256536417921963,0.0
rl,dqn | LDPC-DiscreteMI-v0,384,143,14,4.34614957566409,0.0
rl,dqn | LDPC-DiscreteMI-v0,384,143,15,4.46147925891832,0.0
rl,dqn | LDPC-DiscreteMI-v0,384,143,16,4.457960200073542,0.0
rl,dqn | LDPC-DiscreteMI-v0,384,143,17,4.466473957251738,0.0
rl,dqn | LDPC-DiscreteMI-v0,384,143,18,4.465050199186734,0.0
rl,dqn | LDPC-DiscreteMI-v0,384,143,19,4.255153574979312,0.0
rl,dqn | LDPC-DiscreteMI-v0,384,143,20,3.2360000370193167,0.0
rl,dqn | LDPC-DiscreteMI-v0,384,143,21,3.2222749574829836,0.0
rl,dqn | LDPC-DiscreteMI-v0,384,143,22,2.76139881037142,0.0
rl,dqn | LDPC-DiscreteMI-v0,384,143,23,3.442610033609416,0.0
rl,dqn | LDPC-DiscreteMI-v0,384,143,24,3.2811779540646975,0.0
rl,dqn | LDPC-DiscreteMI-v0,384,143,25,3.2032894583700107,0.0
rl,dqn | LDPC-DiscreteMI-v0,384,143,26,3.453815854254601,0.0
rl,dqn | LDPC-DiscreteMI-v0,384,143,27,3.0453447750374796,0.0
rl,dqn | LDPC-DiscreteMI-v0,384,143,28,3.292616220827218,0.0
rl,dqn | LDPC-DiscreteMI-v0,384,143,29,2.9154131964206256,0.0
rl,dqn | LDPC-DiscreteMI-v0,384,143,30,3.7251216718933877,0.0
rl,dqn | LDPC-DiscreteMI-v0,384,143,31,2.7123109058337938,0.0
rl,dqn | LDPC-DiscreteMI-v0,384,143,32,3.474627586007141,0.0
rl,dqn | LDPC-DiscreteMI-v0,384,143,33,3.247631607646666,0.0
rl,dqn | LDPC-DiscreteMI-v0,384,143,34,3.273463668015157,0.0
rl,dqn | LDPC-DiscreteMI-v0,384,143,35,3.451907233481356,0.0
rl,dqn | LDPC-DiscreteMI-v0,384,143,36,3.405606111260804,0.0
rl,dqn | LDPC-DiscreteMI-v0,384,143,37,2.724438229561849,0.0
rl,dqn | LDPC-DiscreteMI-v0,384,143,38,3.451907233481356,0.0
rl,dqn | LDPC-DiscreteMI-v0,384,143,39,3.420547480030548,0.0
rl,dqn | LDPC-DiscreteMI-v0,384,143,40,3.100547795631275,0.0
rl,dqn | LDPC-DiscreteMI-v0,384,143,41,3.451907233481356,0.0
rl,dqn | LDPC-DiscreteMI-v0,384,144,0,4.422382544201729,0.0
rl,dqn | LDPC-DiscreteMI-v0,384,144,1,4.495454725657839,0.0
rl,dqn | LDPC-DiscreteMI-v0,384,144,2,4.188496883782267,0.0
rl,dqn | LDPC-DiscreteMI-v0,384,144,3,4.33732041807605,0.0
rl,dqn | LDPC-DiscreteMI-v0,384,144,4,4.484448396353051,0.0
rl,dqn | LDPC-DiscreteMI-v0,384,144,5,4.564420912067882,0.0
rl,dqn | LDPC-DiscreteMI-v0,384,144,6,4.810689074156299,0.0
rl,dqn | LDPC-DiscreteMI-v0,384,144,7,4.480438663490418,0.0
rl,dqn | LDPC-DiscreteMI-v0,384,144,8,4.256078479898369,0.0
rl,dqn | LDPC-DiscreteMI-v0,384,144,9,4.237996309493003,0.0
rl,dqn | LDPC-DiscreteMI-v0,384,144,10,4.439444854277895,0.0
rl,dqn | LDPC-DiscreteMI-v0,384,144,11,4.498064788514997,0.0
rl,dqn | LDPC-DiscreteMI-v0,384,144,12,4.332868510062275,0.0
rl,dqn | LDPC-DiscreteMI-v0,384,144,13,4.256536417921963,0.0
rl,dqn | LDPC-DiscreteMI-v0,384,144,14,4.34614957566409,0.0
rl,dqn | LDPC-DiscreteMI-v0,384,144,15,4.46147925891832,0.0
rl,dqn | LDPC-DiscreteMI-v0,384,144,16,4.457960200073542,0.0
rl,dqn | LDPC-DiscreteMI-v0,384,144,17,4.466473957251738,0.0
rl,dqn | LDPC-DiscreteMI-v0,384,144,18,4.465050199186734,0.0
rl,dqn | LDPC-DiscreteMI-v0,384,144,19,4.255153574979312,0.0
rl,dqn | LDPC-DiscreteMI-v0,384,144,20,3.2360000370193167,0.0
rl,dqn | LDPC-DiscreteMI-v0,384,144,21,3.2222749574829836,0.0
rl,dqn | LDPC-DiscreteMI-v0,384,144,22,2.76139881037142,0.0
rl,dqn | LDPC-DiscreteMI-v0,384,144,23,3.442610033609416,0.0
rl,dqn | LDPC-DiscreteMI-v0,384,144,24,3.2811779540646975,0.0
rl,dqn | LDPC-DiscreteMI-v0,384,144,25,3.2032894583700107,0.0
rl,dqn | LDPC-DiscreteMI-v0,384,144,26,3.453815854254601,0.0
rl,dqn | LDPC-DiscreteMI-v0,384,144,27,3.0453447750374796,0.0
rl,dqn | LDPC-DiscreteMI-v0,384,144,28,3.292616220827218,0.0
rl,dqn | LDPC-DiscreteMI-v0,384,144,29,2.9154131964206256,0.0
rl,dqn | LDPC-DiscreteMI-v0,384,144,30,3.7251216718933877,0.0
rl,dqn | LDPC-DiscreteMI-v0,384,144,31,2.7123109058337938,0.0
rl,dqn | LDPC-DiscreteMI-v0,384,144,32,3.474627586007141,0.0
rl,dqn | LDPC-DiscreteMI-v0,384,144,33,3.247631607646666,0.0
rl,dqn | LDPC-DiscreteMI-v0,384,144,34,3.273463668015157,0.0
rl,dqn | LDPC-DiscreteMI-v0,384,144,35,3.451907233481356,0.0
rl,dqn | LDPC-DiscreteMI-v0,384,144,36,3.405606111260804,0.0
rl,dqn | LDPC-DiscreteMI-v0,384,144,37,2.724438229561849,0.0
rl,dqn | LDPC-DiscreteMI-v0,384,144,38,3.451907233481356,0.0
rl,dqn | LDPC-DiscreteMI-v0,384,144,39,3.420547480030548,0.0
rl,dqn | LDPC-DiscreteMI-v0,384,144,40,3.100547795631275,0.0
rl,dqn | LDPC-DiscreteMI-v0,384,144,41,3.451907233481356,0.0
rl,dqn | LDPC-DiscreteMI-v0,384,145,0,4.422382544201729,0.0
rl,dqn | LDPC-DiscreteMI-v0,384,145,1,4.495454725657839,0.0
rl,dqn | LDPC-DiscreteMI-v0,384,145,2,4.188496883782267,0.0
rl,dqn | LDPC-DiscreteMI-v0,384,145,3,4.33732041807605,0.0
rl,dqn | LDPC-DiscreteMI-v0,384,145,4,4.484448396353051,0.0
rl,dqn | LDPC-DiscreteMI-v0,384,145,5,4.564420912067882,0.0
rl,dqn | LDPC-DiscreteMI-v0,384,145,6,4.810689074156299,0.0
rl,dqn | LDPC-DiscreteMI-v0,384,145,7,4.480438663490418,0.0
rl,dqn | LDPC-DiscreteMI-v0,384,145,8,4.256078479898369,0.0
rl,dqn | LDPC-DiscreteMI-v0,384,145,9,4.237996309493003,0.0
rl,dqn | LDPC-DiscreteMI-v0,384,145,10,4.439444854277895,0.0
rl,dqn | LDPC-DiscreteMI-v0,384,145,11,4.498064788514997,0.0
rl,dqn | LDPC-DiscreteMI-v0,384,145,12,4.332868510062275,0.0
rl,dqn | LDPC-DiscreteMI-v0,384,145,13,4.256536417921963,0.0
rl,dqn | LDPC-DiscreteMI-v0,384,145,14,4.34614957566409,0.0
rl,dqn | LDPC-DiscreteMI-v0,384,145,15,4.46147925891832,0.0
rl,dqn | LDPC-DiscreteMI-v0,384,145,16,4.457960200073542,0.0
rl,dqn | LDPC-DiscreteMI-v0,384,145,17,4.466473957251738,0.0
rl,dqn | LDPC-DiscreteMI-v0,384,145,18,4.465050199186734,0.0
rl,dqn | LDPC-DiscreteMI-v0,384,145,19,4.255153574979312,0.0
rl,dqn | LDPC-DiscreteMI-v0,384,145,20,3.2360000370193167,0.0
rl,dqn | LDPC-DiscreteMI-v0,384,145,21,3.2222749574829836,0.0
rl,dqn | LDPC-DiscreteMI-v0,384,145,22,2.76139881037142,0.0
rl,dqn | LDPC-DiscreteMI-v0,384,145,23,3.442610033609416,0.0
rl,dqn | LDPC-DiscreteMI-v0,384,145,24,3.2811779540646975,0.0
rl,dqn | LDPC-DiscreteMI-v0,384,145,25,3.2032894583700107,0.0
rl,dqn | LDPC-DiscreteMI-v0,384,145,26,3.453815854254601,0.0
rl,dqn | LDPC-DiscreteMI-v0,384,145,27,3.0453447750374796,0.0
rl,dqn | LDPC-DiscreteMI-v0,384,145,28,3.292616220827218,0.0
rl,dqn | LDPC-DiscreteMI-v0,384,145,29,2.9154131964206256,0.0
rl,dqn | LDPC-DiscreteMI-v0,384,145,30,3.7251216718933877,0.0
rl,dqn | LDPC-DiscreteMI-v0,384,145,31,2.7123109058337938,0.0
rl,dqn | LDPC-DiscreteMI-v0,384,145,32,3.474627586007141,0.0
rl,dqn | LDPC-DiscreteMI-v0,384,145,33,3.247631607646666,0.0
rl,dqn | LDPC-DiscreteMI-v0,384,145,34,3.273463668015157,0.0
rl,dqn | LDPC-DiscreteMI-v0,384,145,35,3.451907233481356,0.0
rl,dqn | LDPC-DiscreteMI-v0,384,145,36,3.405606111260804,0.0
rl,dqn | LDPC-DiscreteMI-v0,384,145,37,2.724438229561849,0.0
rl,dqn | LDPC-DiscreteMI-v0,384,145,38,3.451907233481356,0.0
rl,dqn | LDPC-DiscreteMI-v0,384,145,39,3.420547480030548,0.0
rl,dqn | LDPC-DiscreteMI-v0,384,145,40,3.100547795631275,0.0
rl,dqn | LDPC-DiscreteMI-v0,384,145,41,3.451907233481356,0.0
rl,dqn | LDPC-DiscreteMI-v0,384,146,0,4.422382544201729,0.0
rl,dqn | LDPC-DiscreteMI-v0,384,146,1,4.495454725657839,0.0
rl,dqn | LDPC-DiscreteMI-v0,384,146,2,4.188496883782267,0.0
rl,dqn | LDPC-DiscreteMI-v0,384,146,3,4.33732041807605,0.0
rl,dqn | LDPC-DiscreteMI-v0,384,146,4,4.484448396353051,0.0
rl,dqn | LDPC-DiscreteMI-v0,384,146,5,4.564420912067882,0.0
rl,dqn | LDPC-DiscreteMI-v0,384,146,6,4.810689074156299,0.0
rl,dqn | LDPC-DiscreteMI-v0,384,146,7,4.480438663490418,0.0
rl,dqn | LDPC-DiscreteMI-v0,384,146,8,4.256078479898369,0.0
rl,dqn | LDPC-DiscreteMI-v0,384,146,9,4.237996309493003,0.0
rl,dqn | LDPC-DiscreteMI-v0,384,146,10,4.439444854277895,0.0
rl,dqn | LDPC-DiscreteMI-v0,384,146,11,4.498064788514997,0.0
rl,dqn | LDPC-DiscreteMI-v0,384,146,12,4.332868510062275,0.0
rl,dqn | LDPC-DiscreteMI-v0,384,146,13,4.256536417921963,0.0
rl,dqn | LDPC-DiscreteMI-v0,384,146,14,4.34614957566409,0.0
rl,dqn | LDPC-DiscreteMI-v0,384,146,15,4.46147925891832,0.0
rl,dqn | LDPC-DiscreteMI-v0,384,146,16,4.457960200073542,0.0
rl,dqn | LDPC-DiscreteMI-v0,384,146,17,4.466473957251738,0.0
rl,dqn | LDPC-DiscreteMI-v0,384,146,18,4.465050199186734,0.0
rl,dqn | LDPC-DiscreteMI-v0,384,146,19,4.255153574979312,0.0
rl,dqn | LDPC-DiscreteMI-v0,384,146,20,3.2360000370193167,0.0
rl,dqn | LDPC-DiscreteMI-v0,384,146,21,3.2222749574829836,0.0
rl,dqn | LDPC-DiscreteMI-v0,384,146,22,2.76139881037142,0.0
rl,dqn | LDPC-DiscreteMI-v0,384,146,23,3.442610033609416,0.0
rl,dqn | LDPC-DiscreteMI-v0,384,146,24,3.2811779540646975,0.0
rl,dqn | LDPC-DiscreteMI-v0,384,146,25,3.2032894583700107,0.0
rl,dqn | LDPC-DiscreteMI-v0,384,146,26,3.453815854254601,0.0
rl,dqn | LDPC-DiscreteMI-v0,384,146,27,3.0453447750374796,0.0
rl,dqn | LDPC-DiscreteMI-v0,384,146,28,3.292616220827218,0.0
rl,dqn | LDPC-DiscreteMI-v0,384,146,29,2.9154131964206256,0.0
rl,dqn | LDPC-DiscreteMI-v0,384,146,30,3.7251216718933877,0.0
rl,dqn | LDPC-DiscreteMI-v0,384,146,31,2.7123109058337938,0.0
rl,dqn | LDPC-DiscreteMI-v0,384,146,32,3.474627586007141,0.0
rl,dqn | LDPC-DiscreteMI-v0,384,146,33,3.247631607646666,0.0
rl,dqn | LDPC-DiscreteMI-v0,384,146,34,3.273463668015157,0.0
rl,dqn | LDPC-DiscreteMI-v0,384,146,35,3.451907233481356,0.0
rl,dqn | LDPC-DiscreteMI-v0,384,146,36,3.405606111260804,0.0
rl,dqn | LDPC-DiscreteMI-v0,384,146,37,2.724438229561849,0.0
rl,dqn | LDPC-DiscreteMI-v0,384,146,38,3.451907233481356,0.0
rl,dqn | LDPC-DiscreteMI-v0,384,146,39,3.420547480030548,0.0
rl,dqn | LDPC-DiscreteMI-v0,384,146,40,3.100547795631275,0.0
rl,dqn | LDPC-DiscreteMI-v0,384,146,41,3.451907233481356,0.0
rl,dqn | LDPC-DiscreteMI-v0,384,147,0,4.422382544201729,0.0
rl,dqn | LDPC-DiscreteMI-v0,384,147,1,4.495454725657839,0.0
rl,dqn | LDPC-DiscreteMI-v0,384,147,2,4.188496883782267,0.0
rl,dqn | LDPC-DiscreteMI-v0,384,147,3,4.33732041807605,0.0
rl,dqn | LDPC-DiscreteMI-v0,384,147,4,4.484448396353051,0.0
rl,dqn | LDPC-DiscreteMI-v0,384,147,5,4.564420912067882,0.0
rl,dqn | LDPC-DiscreteMI-v0,384,147,6,4.810689074156299,0.0
rl,dqn | LDPC-DiscreteMI-v0,384,147,7,4.480438663490418,0.0
rl,dqn | LDPC-DiscreteMI-v0,384,147,8,4.256078479898369,0.0
rl,dqn | LDPC-DiscreteMI-v0,384,147,9,4.237996309493003,0.0
rl,dqn | LDPC-DiscreteMI-v0,384,147,10,4.439444854277895,0.0
rl,dqn | LDPC-DiscreteMI-v0,384,147,11,4.498064788514997,0.0
rl,dqn | LDPC-DiscreteMI-v0,384,147,12,4.332868510062275,0.0
rl,dqn | LDPC-DiscreteMI-v0,384,147,13,4.256536417921963,0.0
rl,dqn | LDPC-DiscreteMI-v0,384,147,14,4.34614957566409,0.0
rl,dqn | LDPC-DiscreteMI-v0,384,147,15,4.46147925891832,0.0
rl,dqn | LDPC-DiscreteMI-v0,384,147,16,4.457960200073542,0.0
rl,dqn | LDPC-DiscreteMI-v0,384,147,17,4.466473957251738,0.0
rl,dqn | LDPC-DiscreteMI-v0,384,147,18,4.465050199186734,0.0
rl,dqn | LDPC-DiscreteMI-v0,384,147,19,4.255153574979312,0.0
rl,dqn | LDPC-DiscreteMI-v0,384,147,20,3.2360000370193167,0.0
rl,dqn | LDPC-DiscreteMI-v0,384,147,21,3.2222749574829836,0.0
rl,dqn | LDPC-DiscreteMI-v0,384,147,22,2.76139881037142,0.0
rl,dqn | LDPC-DiscreteMI-v0,384,147,23,3.442610033609416,0.0
rl,dqn | LDPC-DiscreteMI-v0,384,147,24,3.2811779540646975,0.0
rl,dqn | LDPC-DiscreteMI-v0,384,147,25,3.2032894583700107,0.0
rl,dqn | LDPC-DiscreteMI-v0,384,147,26,3.453815854254601,0.0
rl,dqn | LDPC-DiscreteMI-v0,384,147,27,3.0453447750374796,0.0
rl,dqn | LDPC-DiscreteMI-v0,384,147,28,3.292616220827218,0.0
rl,dqn | LDPC-DiscreteMI-v0,384,147,29,2.9154131964206256,0.0
rl,dqn | LDPC-DiscreteMI-v0,384,147,30,3.7251216718933877,0.0
rl,dqn | LDPC-DiscreteMI-v0,384,147,31,2.7123109058337938,0.0
rl,dqn | LDPC-DiscreteMI-v0,384,147,32,3.474627586007141,0.0
rl,dqn | LDPC-DiscreteMI-v0,384,147,33,3.247631607646666,0.0
rl,dqn | LDPC-DiscreteMI-v0,384,147,34,3.273463668015157,0.0
rl,dqn | LDPC-DiscreteMI-v0,384,147,35,3.451907233481356,0.0
rl,dqn | LDPC-DiscreteMI-v0,384,147,36,3.405606111260804,0.0
rl,dqn | LDPC-DiscreteMI-v0,384,147,37,2.724438229561849,0.0
rl,dqn | LDPC-DiscreteMI-v0,384,147,38,3.451907233481356,0.0
rl,dqn | LDPC-DiscreteMI-v0,384,147,39,3.420547480030548,0.0
rl,dqn | LDPC-DiscreteMI-v0,384,147,40,3.100547795631275,0.0
rl,dqn | LDPC-DiscreteMI-v0,384,147,41,3.451907233481356,0.0
rl,dqn | LDPC-DiscreteMI-v0,384,148,0,4.422382544201729,0.0
rl,dqn | LDPC-DiscreteMI-v0,384,148,1,4.495454725657839,0.0
rl,dqn | LDPC-DiscreteMI-v0,384,148,2,4.188496883782267,0.0
rl,dqn | LDPC-DiscreteMI-v0,384,148,3,4.33732041807605,0.0
rl,dqn | LDPC-DiscreteMI-v0,384,148,4,4.484448396353051,0.0
rl,dqn | LDPC-DiscreteMI-v0,384,148,5,4.564420912067882,0.0
rl,dqn | LDPC-DiscreteMI-v0,384,148,6,4.810689074156299,0.0
rl,dqn | LDPC-DiscreteMI-v0,384,148,7,4.480438663490418,0.0
rl,dqn | LDPC-DiscreteMI-v0,384,148,8,4.256078479898369,0.0
rl,dqn | LDPC-DiscreteMI-v0,384,148,9,4.237996309493003,0.0
rl,dqn | LDPC-DiscreteMI-v0,384,148,10,4.439444854277895,0.0
rl,dqn | LDPC-DiscreteMI-v0,384,148,11,4.498064788514997,0.0
rl,dqn | LDPC-DiscreteMI-v0,384,148,12,4.332868510062275,0.0
rl,dqn | LDPC-DiscreteMI-v0,384,148,13,4.256536417921963,0.0
rl,dqn | LDPC-DiscreteMI-v0,384,148,14,4.34614957566409,0.0
rl,dqn | LDPC-DiscreteMI-v0,384,148,15,4.46147925891832,0.0
rl,dqn | LDPC-DiscreteMI-v0,384,148,16,4.457960200073542,0.0
rl,dqn | LDPC-DiscreteMI-v0,384,148,17,4.466473957251738,0.0
rl,dqn | LDPC-DiscreteMI-v0,384,148,18,4.465050199186734,0.0
rl,dqn | LDPC-DiscreteMI-v0,384,148,19,4.255153574979312,0.0
rl,dqn | LDPC-DiscreteMI-v0,384,148,20,3.2360000370193167,0.0
rl,dqn | LDPC-DiscreteMI-v0,384,148,21,3.2222749574829836,0.0
rl,dqn | LDPC-DiscreteMI-v0,384,148,22,2.76139881037142,0.0
rl,dqn | LDPC-DiscreteMI-v0,384,148,23,3.442610033609416,0.0
rl,dqn | LDPC-DiscreteMI-v0,384,148,24,3.2811779540646975,0.0
rl,dqn | LDPC-DiscreteMI-v0,384,148,25,3.2032894583700107,0.0
rl,dqn | LDPC-DiscreteMI-v0,384,148,26,3.453815854254601,0.0
rl,dqn | LDPC-DiscreteMI-v0,384,148,27,3.0453447750374796,0.0
rl,dqn | LDPC-DiscreteMI-v0,384,148,28,3.292616220827218,0.0
rl,dqn | LDPC-DiscreteMI-v0,384,148,29,2.9154131964206256,0.0
rl,dqn | LDPC-DiscreteMI-v0,384,148,30,3.7251216718933877,0.0
rl,dqn | LDPC-DiscreteMI-v0,384,148,31,2.7123109058337938,0.0
rl,dqn | LDPC-DiscreteMI-v0,384,148,32,3.474627586007141,0.0
rl,dqn | LDPC-DiscreteMI-v0,384,148,33,3.247631607646666,0.0
rl,dqn | LDPC-DiscreteMI-v0,384,148,34,3.273463668015157,0.0
rl,dqn | LDPC-DiscreteMI-v0,384,148,35,3.451907233481356,0.0
rl,dqn | LDPC-DiscreteMI-v0,384,148,36,3.405606111260804,0.0
rl,dqn | LDPC-DiscreteMI-v0,384,148,37,2.724438229561849,0.0
rl,dqn | LDPC-DiscreteMI-v0,384,148,38,3.451907233481356,0.0
rl,dqn | LDPC-DiscreteMI-v0,384,148,39,3.420547480030548,0.0
rl,dqn | LDPC-DiscreteMI-v0,384,148,40,3.100547795631275,0.0
rl,dqn | LDPC-DiscreteMI-v0,384,148,41,3.451907233481356,0.0
rl,dqn | LDPC-DiscreteMI-v0,384,149,0,4.422382544201729,0.0
rl,dqn | LDPC-DiscreteMI-v0,384,149,1,4.495454725657839,0.0
rl,dqn | LDPC-DiscreteMI-v0,384,149,2,4.188496883782267,0.0
rl,dqn | LDPC-DiscreteMI-v0,384,149,3,4.33732041807605,0.0
rl,dqn | LDPC-DiscreteMI-v0,384,149,4,4.484448396353051,0.0
rl,dqn | LDPC-DiscreteMI-v0,384,149,5,4.564420912067882,0.0
rl,dqn | LDPC-DiscreteMI-v0,384,149,6,4.810689074156299,0.0
rl,dqn | LDPC-DiscreteMI-v0,384,149,7,4.480438663490418,0.0
rl,dqn | LDPC-DiscreteMI-v0,384,149,8,4.256078479898369,0.0
rl,dqn | LDPC-DiscreteMI-v0,384,149,9,4.237996309493003,0.0
rl,dqn | LDPC-DiscreteMI-v0,384,149,10,4.439444854277895,0.0
rl,dqn | LDPC-DiscreteMI-v0,384,149,11,4.498064788514997,0.0
rl,dqn | LDPC-DiscreteMI-v0,384,149,12,4.332868510062275,0.0
rl,dqn | LDPC-DiscreteMI-v0,384,149,13,4.256536417921963,0.0
rl,dqn | LDPC-DiscreteMI-v0,384,149,14,4.34614957566409,0.0
rl,dqn | LDPC-DiscreteMI-v0,384,149,15,4.46147925891832,0.0
rl,dqn | LDPC-DiscreteMI-v0,384,149,16,4.457960200073542,0.0
rl,dqn | LDPC-DiscreteMI-v0,384,149,17,4.466473957251738,0.0
rl,dqn | LDPC-DiscreteMI-v0,384,149,18,4.465050199186734,0.0
rl,dqn | LDPC-DiscreteMI-v0,384,149,19,4.255153574979312,0.0
rl,dqn | LDPC-DiscreteMI-v0,384,149,20,3.2360000370193167,0.0
rl,dqn | LDPC-DiscreteMI-v0,384,149,21,3.2222749574829836,0.0
rl,dqn | LDPC-DiscreteMI-v0,384,149,22,2.76139881037142,0.0
rl,dqn | LDPC-DiscreteMI-v0,384,149,23,3.442610033609416,0.0
rl,dqn | LDPC-DiscreteMI-v0,384,149,24,3.2811779540646975,0.0
rl,dqn | LDPC-DiscreteMI-v0,384,149,25,3.2032894583700107,0.0
rl,dqn | LDPC-DiscreteMI-v0,384,149,26,3.453815854254601,0.0
rl,dqn | LDPC-DiscreteMI-v0,384,149,27,3.0453447750374796,0.0
rl,dqn | LDPC-DiscreteMI-v0,384,149,28,3.292616220827218,0.0
rl,dqn | LDPC-DiscreteMI-v0,384,149,29,2.9154131964206256,0.0
rl,dqn | LDPC-DiscreteMI-v0,384,149,30,3.7251216718933877,0.0
rl,dqn | LDPC-DiscreteMI-v0,384,149,31,2.7123109058337938,0.0
rl,dqn | LDPC-DiscreteMI-v0,384,149,32,3.474627586007141,0.0
rl,dqn | LDPC-DiscreteMI-v0,384,149,33,3.247631607646666,0.0
rl,dqn | LDPC-DiscreteMI-v0,384,149,34,3.273463668015157,0.0
rl,dqn | LDPC-DiscreteMI-v0,384,149,35,3.451907233481356,0.0
rl,dqn | LDPC-DiscreteMI-v0,384,149,36,3.405606111260804,0.0
rl,dqn | LDPC-DiscreteMI-v0,384,149,37,2.724438229561849,0.0
rl,dqn | LDPC-DiscreteMI-v0,384,149,38,3.451907233481356,0.0
rl,dqn | LDPC-DiscreteMI-v0,384,149,39,3.420547480030548,0.0
rl,dqn | LDPC-DiscreteMI-v0,384,149,40,3.100547795631275,0.0
rl,dqn | LDPC-DiscreteMI-v0,384,149,41,3.451907233481356,0.0
rl,dqn | LDPC-DiscreteMI-v0,384,150,0,4.422382544201729,0.0
rl,dqn | LDPC-DiscreteMI-v0,384,150,1,4.495454725657839,0.0
rl,dqn | LDPC-DiscreteMI-v0,384,150,2,4.188496883782267,0.0
rl,dqn | LDPC-DiscreteMI-v0,384,150,3,4.33732041807605,0.0
rl,dqn | LDPC-DiscreteMI-v0,384,150,4,4.484448396353051,0.0
rl,dqn | LDPC-DiscreteMI-v0,384,150,5,4.564420912067882,0.0
rl,dqn | LDPC-DiscreteMI-v0,384,150,6,4.810689074156299,0.0
rl,dqn | LDPC-DiscreteMI-v0,384,150,7,4.480438663490418,0.0
rl,dqn | LDPC-DiscreteMI-v0,384,150,8,4.256078479898369,0.0
rl,dqn | LDPC-DiscreteMI-v0,384,150,9,4.237996309493003,0.0
rl,dqn | LDPC-DiscreteMI-v0,384,150,10,4.439444854277895,0.0
rl,dqn | LDPC-DiscreteMI-v0,384,150,11,4.498064788514997,0.0
rl,dqn | LDPC-DiscreteMI-v0,384,150,12,4.332868510062275,0.0
rl,dqn | LDPC-DiscreteMI-v0,384,150,13,4.256536417921963,0.0
rl,dqn | LDPC-DiscreteMI-v0,384,150,14,4.34614957566409,0.0
rl,dqn | LDPC-DiscreteMI-v0,384,150,15,4.46147925891832,0.0
rl,dqn | LDPC-DiscreteMI-v0,384,150,16,4.457960200073542,0.0
rl,dqn | LDPC-DiscreteMI-v0,384,150,17,4.466473957251738,0.0
rl,dqn | LDPC-DiscreteMI-v0,384,150,18,4.465050199186734,0.0
rl,dqn | LDPC-DiscreteMI-v0,384,150,19,4.255153574979312,0.0
rl,dqn | LDPC-DiscreteMI-v0,384,150,20,3.2360000370193167,0.0
rl,dqn | LDPC-DiscreteMI-v0,384,150,21,3.2222749574829836,0.0
rl,dqn | LDPC-DiscreteMI-v0,384,150,22,2.76139881037142,0.0
rl,dqn | LDPC-DiscreteMI-v0,384,150,23,3.442610033609416,0.0
rl,dqn | LDPC-DiscreteMI-v0,384,150,24,3.2811779540646975,0.0
rl,dqn | LDPC-DiscreteMI-v0,384,150,25,3.2032894583700107,0.0
rl,dqn | LDPC-DiscreteMI-v0,384,150,26,3.453815854254601,0.0
rl,dqn | LDPC-DiscreteMI-v0,384,150,27,3.0453447750374796,0.0
rl,dqn | LDPC-DiscreteMI-v0,384,150,28,3.292616220827218,0.0
rl,dqn | LDPC-DiscreteMI-v0,384,150,29,2.9154131964206256,0.0
rl,dqn | LDPC-DiscreteMI-v0,384,150,30,3.7251216718933877,0.0
rl,dqn | LDPC-DiscreteMI-v0,384,150,31,2.7123109058337938,0.0
rl,dqn | LDPC-DiscreteMI-v0,384,150,32,3.474627586007141,0.0
rl,dqn | LDPC-DiscreteMI-v0,384,150,33,3.247631607646666,0.0
rl,dqn | LDPC-DiscreteMI-v0,384,150,34,3.273463668015157,0.0
rl,dqn | LDPC-DiscreteMI-v0,384,150,35,3.451907233481356,0.0
rl,dqn | LDPC-DiscreteMI-v0,384,150,36,3.405606111260804,0.0
rl,dqn | LDPC-DiscreteMI-v0,384,150,37,2.724438229561849,0.0
rl,dqn | LDPC-DiscreteMI-v0,384,150,38,3.451907233481356,0.0
rl,dqn | LDPC-DiscreteMI-v0,384,150,39,3.420547480030548,0.0
rl,dqn | LDPC-DiscreteMI-v0,384,150,40,3.100547795631275,0.0
rl,dqn | LDPC-DiscreteMI-v0,384,150,41,3.451907233481356,0.0
rl,dqn | LDPC-DiscreteMI-v0,384,151,0,4.422382544201729,0.0
rl,dqn | LDPC-DiscreteMI-v0,384,151,1,4.495454725657839,0.0
rl,dqn | LDPC-DiscreteMI-v0,384,151,2,4.188496883782267,0.0
rl,dqn | LDPC-DiscreteMI-v0,384,151,3,4.33732041807605,0.0
rl,dqn | LDPC-DiscreteMI-v0,384,151,4,4.484448396353051,0.0
rl,dqn | LDPC-DiscreteMI-v0,384,151,5,4.564420912067882,0.0
rl,dqn | LDPC-DiscreteMI-v0,384,151,6,4.810689074156299,0.0
rl,dqn | LDPC-DiscreteMI-v0,384,151,7,4.480438663490418,0.0
rl,dqn | LDPC-DiscreteMI-v0,384,151,8,4.256078479898369,0.0
rl,dqn | LDPC-DiscreteMI-v0,384,151,9,4.237996309493003,0.0
rl,dqn | LDPC-DiscreteMI-v0,384,151,10,4.439444854277895,0.0
rl,dqn | LDPC-DiscreteMI-v0,384,151,11,4.498064788514997,0.0
rl,dqn | LDPC-DiscreteMI-v0,384,151,12,4.332868510062275,0.0
rl,dqn | LDPC-DiscreteMI-v0,384,151,13,4.256536417921963,0.0
rl,dqn | LDPC-DiscreteMI-v0,384,151,14,4.34614957566409,0.0
rl,dqn | LDPC-DiscreteMI-v0,384,151,15,4.46147925891832,0.0
rl,dqn | LDPC-DiscreteMI-v0,384,151,16,4.457960200073542,0.0
rl,dqn | LDPC-DiscreteMI-v0,384,151,17,4.466473957251738,0.0
rl,dqn | LDPC-DiscreteMI-v0,384,151,18,4.465050199186734,0.0
rl,dqn | LDPC-DiscreteMI-v0,384,151,19,4.255153574979312,0.0
rl,dqn | LDPC-DiscreteMI-v0,384,151,20,3.2360000370193167,0.0
rl,dqn | LDPC-DiscreteMI-v0,384,151,21,3.2222749574829836,0.0
rl,dqn | LDPC-DiscreteMI-v0,384,151,22,2.76139881037142,0.0
rl,dqn | LDPC-DiscreteMI-v0,384,151,23,3.442610033609416,0.0
rl,dqn | LDPC-DiscreteMI-v0,384,151,24,3.2811779540646975,0.0
rl,dqn | LDPC-DiscreteMI-v0,384,151,25,3.2032894583700107,0.0
rl,dqn | LDPC-DiscreteMI-v0,384,151,26,3.453815854254601,0.0
rl,dqn | LDPC-DiscreteMI-v0,384,151,27,3.0453447750374796,0.0
rl,dqn | LDPC-DiscreteMI-v0,384,151,28,3.292616220827218,0.0
rl,dqn | LDPC-DiscreteMI-v0,384,151,29,2.9154131964206256,0.0
rl,dqn | LDPC-DiscreteMI-v0,384,151,30,3.7251216718933877,0.0
rl,dqn | LDPC-DiscreteMI-v0,384,151,31,2.7123109058337938,0.0
rl,dqn | LDPC-DiscreteMI-v0,384,151,32,3.474627586007141,0.0
rl,dqn | LDPC-DiscreteMI-v0,384,151,33,3.247631607646666,0.0
rl,dqn | LDPC-DiscreteMI-v0,384,151,34,3.273463668015157,0.0
rl,dqn | LDPC-DiscreteMI-v0,384,151,35,3.451907233481356,0.0
rl,dqn | LDPC-DiscreteMI-v0,384,151,36,3.405606111260804,0.0
rl,dqn | LDPC-DiscreteMI-v0,384,151,37,2.724438229561849,0.0
rl,dqn | LDPC-DiscreteMI-v0,384,151,38,3.451907233481356,0.0
rl,dqn | LDPC-DiscreteMI-v0,384,151,39,3.420547480030548,0.0
rl,dqn | LDPC-DiscreteMI-v0,384,151,40,3.100547795631275,0.0
rl,dqn | LDPC-DiscreteMI-v0,384,151,41,3.451907233481356,0.0
rl,dqn | LDPC-DiscreteMI-v0,384,152,0,4.422382544201729,0.0
rl,dqn | LDPC-DiscreteMI-v0,384,152,1,4.495454725657839,0.0
rl,dqn | LDPC-DiscreteMI-v0,384,152,2,4.188496883782267,0.0
rl,dqn | LDPC-DiscreteMI-v0,384,152,3,4.33732041807605,0.0
rl,dqn | LDPC-DiscreteMI-v0,384,152,4,4.484448396353051,0.0
rl,dqn | LDPC-DiscreteMI-v0,384,152,5,4.564420912067882,0.0
rl,dqn | LDPC-DiscreteMI-v0,384,152,6,4.810689074156299,0.0
rl,dqn | LDPC-DiscreteMI-v0,384,152,7,4.480438663490418,0.0
rl,dqn | LDPC-DiscreteMI-v0,384,152,8,4.256078479898369,0.0
rl,dqn | LDPC-DiscreteMI-v0,384,152,9,4.237996309493003,0.0
rl,dqn | LDPC-DiscreteMI-v0,384,152,10,4.439444854277895,0.0
rl,dqn | LDPC-DiscreteMI-v0,384,152,11,4.498064788514997,0.0
rl,dqn | LDPC-DiscreteMI-v0,384,152,12,4.332868510062275,0.0
rl,dqn | LDPC-DiscreteMI-v0,384,152,13,4.256536417921963,0.0
rl,dqn | LDPC-DiscreteMI-v0,384,152,14,4.34614957566409,0.0
rl,dqn | LDPC-DiscreteMI-v0,384,152,15,4.46147925891832,0.0
rl,dqn | LDPC-DiscreteMI-v0,384,152,16,4.457960200073542,0.0
rl,dqn | LDPC-DiscreteMI-v0,384,152,17,4.466473957251738,0.0
rl,dqn | LDPC-DiscreteMI-v0,384,152,18,4.465050199186734,0.0
rl,dqn | LDPC-DiscreteMI-v0,384,152,19,4.255153574979312,0.0
rl,dqn | LDPC-DiscreteMI-v0,384,152,20,3.2360000370193167,0.0
rl,dqn | LDPC-DiscreteMI-v0,384,152,21,3.2222749574829836,0.0
rl,dqn | LDPC-DiscreteMI-v0,384,152,22,2.76139881037142,0.0
rl,dqn | LDPC-DiscreteMI-v0,384,152,23,3.442610033609416,0.0
rl,dqn | LDPC-DiscreteMI-v0,384,152,24,3.2811779540646975,0.0
rl,dqn | LDPC-DiscreteMI-v0,384,152,25,3.2032894583700107,0.0
rl,dqn | LDPC-DiscreteMI-v0,384,152,26,3.453815854254601,0.0
rl,dqn | LDPC-DiscreteMI-v0,384,152,27,3.0453447750374796,0.0
rl,dqn | LDPC-DiscreteMI-v0,384,152,28,3.292616220827218,0.0
rl,dqn | LDPC-DiscreteMI-v0,384,152,29,2.9154131964206256,0.0
rl,dqn | LDPC-DiscreteMI-v0,384,152,30,3.7251216718933877,0.0
rl,dqn | LDPC-DiscreteMI-v0,384,152,31,2.7123109058337938,0.0
rl,dqn | LDPC-DiscreteMI-v0,384,152,32,3.474627586007141,0.0
rl,dqn | LDPC-DiscreteMI-v0,384,152,33,3.247631607646666,0.0
rl,dqn | LDPC-DiscreteMI-v0,384,152,34,3.273463668015157,0.0
rl,dqn | LDPC-DiscreteMI-v0,384,152,35,3.451907233481356,0.0
rl,dqn | LDPC-DiscreteMI-v0,384,152,36,3.405606111260804,0.0
rl,dqn | LDPC-DiscreteMI-v0,384,152,37,2.724438229561849,0.0
rl,dqn | LDPC-DiscreteMI-v0,384,152,38,3.451907233481356,0.0
rl,dqn | LDPC-DiscreteMI-v0,384,152,39,3.420547480030548,0.0
rl,dqn | LDPC-DiscreteMI-v0,384,152,40,3.100547795631275,0.0
rl,dqn | LDPC-DiscreteMI-v0,384,152,41,3.451907233481356,0.0
rl,dqn | LDPC-DiscreteMI-v0,384,153,0,4.422382544201729,0.0
rl,dqn | LDPC-DiscreteMI-v0,384,153,1,4.495454725657839,0.0
rl,dqn | LDPC-DiscreteMI-v0,384,153,2,4.188496883782267,0.0
rl,dqn | LDPC-DiscreteMI-v0,384,153,3,4.33732041807605,0.0
rl,dqn | LDPC-DiscreteMI-v0,384,153,4,4.484448396353051,0.0
rl,dqn | LDPC-DiscreteMI-v0,384,153,5,4.564420912067882,0.0
rl,dqn | LDPC-DiscreteMI-v0,384,153,6,4.810689074156299,0.0
rl,dqn | LDPC-DiscreteMI-v0,384,153,7,4.480438663490418,0.0
rl,dqn | LDPC-DiscreteMI-v0,384,153,8,4.256078479898369,0.0
rl,dqn | LDPC-DiscreteMI-v0,384,153,9,4.237996309493003,0.0
rl,dqn | LDPC-DiscreteMI-v0,384,153,10,4.439444854277895,0.0
rl,dqn | LDPC-DiscreteMI-v0,384,153,11,4.498064788514997,0.0
rl,dqn | LDPC-DiscreteMI-v0,384,153,12,4.332868510062275,0.0
rl,dqn | LDPC-DiscreteMI-v0,384,153,13,4.256536417921963,0.0
rl,dqn | LDPC-DiscreteMI-v0,384,153,14,4.34614957566409,0.0
rl,dqn | LDPC-DiscreteMI-v0,384,153,15,4.46147925891832,0.0
rl,dqn | LDPC-DiscreteMI-v0,384,153,16,4.457960200073542,0.0
rl,dqn | LDPC-DiscreteMI-v0,384,153,17,4.466473957251738,0.0
rl,dqn | LDPC-DiscreteMI-v0,384,153,18,4.465050199186734,0.0
rl,dqn | LDPC-DiscreteMI-v0,384,153,19,4.255153574979312,0.0
rl,dqn | LDPC-DiscreteMI-v0,384,153,20,3.2360000370193167,0.0
rl,dqn | LDPC-DiscreteMI-v0,384,153,21,3.2222749574829836,0.0
rl,dqn | LDPC-DiscreteMI-v0,384,153,22,2.76139881037142,0.0
rl,dqn | LDPC-DiscreteMI-v0,384,153,23,3.442610033609416,0.0
rl,dqn | LDPC-DiscreteMI-v0,384,153,24,3.2811779540646975,0.0
rl,dqn | LDPC-DiscreteMI-v0,384,153,25,3.2032894583700107,0.0
rl,dqn | LDPC-DiscreteMI-v0,384,153,26,3.453815854254601,0.0
rl,dqn | LDPC-DiscreteMI-v0,384,153,27,3.0453447750374796,0.0
rl,dqn | LDPC-DiscreteMI-v0,384,153,28,3.292616220827218,0.0
rl,dqn | LDPC-DiscreteMI-v0,384,153,29,2.9154131964206256,0.0
rl,dqn | LDPC-DiscreteMI-v0,384,153,30,3.7251216718933877,0.0
rl,dqn | LDPC-DiscreteMI-v0,384,153,31,2.7123109058337938,0.0
rl,dqn | LDPC-DiscreteMI-v0,384,153,32,3.474627586007141,0.0
rl,dqn | LDPC-DiscreteMI-v0,384,153,33,3.247631607646666,0.0
rl,dqn | LDPC-DiscreteMI-v0,384,153,34,3.273463668015157,0.0
rl,dqn | LDPC-DiscreteMI-v0,384,153,35,3.451907233481356,0.0
rl,dqn | LDPC-DiscreteMI-v0,384,153,36,3.405606111260804,0.0
rl,dqn | LDPC-DiscreteMI-v0,384,153,37,2.724438229561849,0.0
rl,dqn | LDPC-DiscreteMI-v0,384,153,38,3.451907233481356,0.0
rl,dqn | LDPC-DiscreteMI-v0,384,153,39,3.420547480030548,0.0
rl,dqn | LDPC-DiscreteMI-v0,384,153,40,3.100547795631275,0.0
rl,dqn | LDPC-DiscreteMI-v0,384,153,41,3.451907233481356,0.0
rl,dqn | LDPC-DiscreteMI-v0,384,154,0,4.422382544201729,0.0
rl,dqn | LDPC-DiscreteMI-v0,384,154,1,4.495454725657839,0.0
rl,dqn | LDPC-DiscreteMI-v0,384,154,2,4.188496883782267,0.0
rl,dqn | LDPC-DiscreteMI-v0,384,154,3,4.33732041807605,0.0
rl,dqn | LDPC-DiscreteMI-v0,384,154,4,4.484448396353051,0.0
rl,dqn | LDPC-DiscreteMI-v0,384,154,5,4.564420912067882,0.0
rl,dqn | LDPC-DiscreteMI-v0,384,154,6,4.810689074156299,0.0
rl,dqn | LDPC-DiscreteMI-v0,384,154,7,4.480438663490418,0.0
rl,dqn | LDPC-DiscreteMI-v0,384,154,8,4.256078479898369,0.0
rl,dqn | LDPC-DiscreteMI-v0,384,154,9,4.237996309493003,0.0
rl,dqn | LDPC-DiscreteMI-v0,384,154,10,4.439444854277895,0.0
rl,dqn | LDPC-DiscreteMI-v0,384,154,11,4.498064788514997,0.0
rl,dqn | LDPC-DiscreteMI-v0,384,154,12,4.332868510062275,0.0
rl,dqn | LDPC-DiscreteMI-v0,384,154,13,4.256536417921963,0.0
rl,dqn | LDPC-DiscreteMI-v0,384,154,14,4.34614957566409,0.0
rl,dqn | LDPC-DiscreteMI-v0,384,154,15,4.46147925891832,0.0
rl,dqn | LDPC-DiscreteMI-v0,384,154,16,4.457960200073542,0.0
rl,dqn | LDPC-DiscreteMI-v0,384,154,17,4.466473957251738,0.0
rl,dqn | LDPC-DiscreteMI-v0,384,154,18,4.465050199186734,0.0
rl,dqn | LDPC-DiscreteMI-v0,384,154,19,4.255153574979312,0.0
rl,dqn | LDPC-DiscreteMI-v0,384,154,20,3.2360000370193167,0.0
rl,dqn | LDPC-DiscreteMI-v0,384,154,21,3.2222749574829836,0.0
rl,dqn | LDPC-DiscreteMI-v0,384,154,22,2.76139881037142,0.0
rl,dqn | LDPC-DiscreteMI-v0,384,154,23,3.442610033609416,0.0
rl,dqn | LDPC-DiscreteMI-v0,384,154,24,3.2811779540646975,0.0
rl,dqn | LDPC-DiscreteMI-v0,384,154,25,3.2032894583700107,0.0
rl,dqn | LDPC-DiscreteMI-v0,384,154,26,3.453815854254601,0.0
rl,dqn | LDPC-DiscreteMI-v0,384,154,27,3.0453447750374796,0.0
rl,dqn | LDPC-DiscreteMI-v0,384,154,28,3.292616220827218,0.0
rl,dqn | LDPC-DiscreteMI-v0,384,154,29,2.9154131964206256,0.0
rl,dqn | LDPC-DiscreteMI-v0,384,154,30,3.7251216718933877,0.0
rl,dqn | LDPC-DiscreteMI-v0,384,154,31,2.7123109058337938,0.0
rl,dqn | LDPC-DiscreteMI-v0,384,154,32,3.474627586007141,0.0
rl,dqn | LDPC-DiscreteMI-v0,384,154,33,3.247631607646666,0.0
rl,dqn | LDPC-DiscreteMI-v0,384,154,34,3.273463668015157,0.0
rl,dqn | LDPC-DiscreteMI-v0,384,154,35,3.451907233481356,0.0
rl,dqn | LDPC-DiscreteMI-v0,384,154,36,3.405606111260804,0.0
rl,dqn | LDPC-DiscreteMI-v0,384,154,37,2.724438229561849,0.0
rl,dqn | LDPC-DiscreteMI-v0,384,154,38,3.451907233481356,0.0
rl,dqn | LDPC-DiscreteMI-v0,384,154,39,3.420547480030548,0.0
rl,dqn | LDPC-DiscreteMI-v0,384,154,40,3.100547795631275,0.0
rl,dqn | LDPC-DiscreteMI-v0,384,154,41,3.451907233481356,0.0
rl,dqn | LDPC-DiscreteMI-v0,384,155,0,4.422382544201729,0.0
rl,dqn | LDPC-DiscreteMI-v0,384,155,1,4.495454725657839,0.0
rl,dqn | LDPC-DiscreteMI-v0,384,155,2,4.188496883782267,0.0
rl,dqn | LDPC-DiscreteMI-v0,384,155,3,4.33732041807605,0.0
rl,dqn | LDPC-DiscreteMI-v0,384,155,4,4.484448396353051,0.0
rl,dqn | LDPC-DiscreteMI-v0,384,155,5,4.564420912067882,0.0
rl,dqn | LDPC-DiscreteMI-v0,384,155,6,4.810689074156299,0.0
rl,dqn | LDPC-DiscreteMI-v0,384,155,7,4.480438663490418,0.0
rl,dqn | LDPC-DiscreteMI-v0,384,155,8,4.256078479898369,0.0
rl,dqn | LDPC-DiscreteMI-v0,384,155,9,4.237996309493003,0.0
rl,dqn | LDPC-DiscreteMI-v0,384,155,10,4.439444854277895,0.0
rl,dqn | LDPC-DiscreteMI-v0,384,155,11,4.498064788514997,0.0
rl,dqn | LDPC-DiscreteMI-v0,384,155,12,4.332868510062275,0.0
rl,dqn | LDPC-DiscreteMI-v0,384,155,13,4.256536417921963,0.0
rl,dqn | LDPC-DiscreteMI-v0,384,155,14,4.34614957566409,0.0
rl,dqn | LDPC-DiscreteMI-v0,384,155,15,4.46147925891832,0.0
rl,dqn | LDPC-DiscreteMI-v0,384,155,16,4.457960200073542,0.0
rl,dqn | LDPC-DiscreteMI-v0,384,155,17,4.466473957251738,0.0
rl,dqn | LDPC-DiscreteMI-v0,384,155,18,4.465050199186734,0.0
rl,dqn | LDPC-DiscreteMI-v0,384,155,19,4.255153574979312,0.0
rl,dqn | LDPC-DiscreteMI-v0,384,155,20,3.2360000370193167,0.0
rl,dqn | LDPC-DiscreteMI-v0,384,155,21,3.2222749574829836,0.0
rl,dqn | LDPC-DiscreteMI-v0,384,155,22,2.76139881037142,0.0
rl,dqn | LDPC-DiscreteMI-v0,384,155,23,3.442610033609416,0.0
rl,dqn | LDPC-DiscreteMI-v0,384,155,24,3.2811779540646975,0.0
rl,dqn | LDPC-DiscreteMI-v0,384,155,25,3.2032894583700107,0.0
rl,dqn | LDPC-DiscreteMI-v0,384,155,26,3.453815854254601,0.0
rl,dqn | LDPC-DiscreteMI-v0,384,155,27,3.0453447750374796,0.0
rl,dqn | LDPC-DiscreteMI-v0,384,155,28,3.292616220827218,0.0
rl,dqn | LDPC-DiscreteMI-v0,384,155,29,2.9154131964206256,0.0
rl,dqn | LDPC-DiscreteMI-v0,384,155,30,3.7251216718933877,0.0
rl,dqn | LDPC-DiscreteMI-v0,384,155,31,2.7123109058337938,0.0
rl,dqn | LDPC-DiscreteMI-v0,384,155,32,3.474627586007141,0.0
rl,dqn | LDPC-DiscreteMI-v0,384,155,33,3.247631607646666,0.0
rl,dqn | LDPC-DiscreteMI-v0,384,155,34,3.273463668015157,0.0
rl,dqn | LDPC-DiscreteMI-v0,384,155,35,3.451907233481356,0.0
rl,dqn | LDPC-DiscreteMI-v0,384,155,36,3.405606111260804,0.0
rl,dqn | LDPC-DiscreteMI-v0,384,155,37,2.724438229561849,0.0
rl,dqn | LDPC-DiscreteMI-v0,384,155,38,3.451907233481356,0.0
rl,dqn | LDPC-DiscreteMI-v0,384,155,39,3.420547480030548,0.0
rl,dqn | LDPC-DiscreteMI-v0,384,155,40,3.100547795631275,0.0
rl,dqn | LDPC-DiscreteMI-v0,384,155,41,3.451907233481356,0.0
rl,dqn | LDPC-DiscreteMI-v0,384,156,0,4.422382544201729,0.0
rl,dqn | LDPC-DiscreteMI-v0,384,156,1,4.495454725657839,0.0
rl,dqn | LDPC-DiscreteMI-v0,384,156,2,4.188496883782267,0.0
rl,dqn | LDPC-DiscreteMI-v0,384,156,3,4.33732041807605,0.0
rl,dqn | LDPC-DiscreteMI-v0,384,156,4,4.484448396353051,0.0
rl,dqn | LDPC-DiscreteMI-v0,384,156,5,4.564420912067882,0.0
rl,dqn | LDPC-DiscreteMI-v0,384,156,6,4.810689074156299,0.0
rl,dqn | LDPC-DiscreteMI-v0,384,156,7,4.480438663490418,0.0
rl,dqn | LDPC-DiscreteMI-v0,384,156,8,4.256078479898369,0.0
rl,dqn | LDPC-DiscreteMI-v0,384,156,9,4.237996309493003,0.0
rl,dqn | LDPC-DiscreteMI-v0,384,156,10,4.439444854277895,0.0
rl,dqn | LDPC-DiscreteMI-v0,384,156,11,4.498064788514997,0.0
rl,dqn | LDPC-DiscreteMI-v0,384,156,12,4.332868510062275,0.0
rl,dqn | LDPC-DiscreteMI-v0,384,156,13,4.256536417921963,0.0
rl,dqn | LDPC-DiscreteMI-v0,384,156,14,4.34614957566409,0.0
rl,dqn | LDPC-DiscreteMI-v0,384,156,15,4.46147925891832,0.0
rl,dqn | LDPC-DiscreteMI-v0,384,156,16,4.457960200073542,0.0
rl,dqn | LDPC-DiscreteMI-v0,384,156,17,4.466473957251738,0.0
rl,dqn | LDPC-DiscreteMI-v0,384,156,18,4.465050199186734,0.0
rl,dqn | LDPC-DiscreteMI-v0,384,156,19,4.255153574979312,0.0
rl,dqn | LDPC-DiscreteMI-v0,384,156,20,3.2360000370193167,0.0
rl,dqn | LDPC-DiscreteMI-v0,384,156,21,3.2222749574829836,0.0
rl,dqn | LDPC-DiscreteMI-v0,384,156,22,2.76139881037142,0.0
rl,dqn | LDPC-DiscreteMI-v0,384,156,23,3.442610033609416,0.0
rl,dqn | LDPC-DiscreteMI-v0,384,156,24,3.2811779540646975,0.0
rl,dqn | LDPC-DiscreteMI-v0,384,156,25,3.2032894583700107,0.0
rl,dqn | LDPC-DiscreteMI-v0,384,156,26,3.453815854254601,0.0
rl,dqn | LDPC-DiscreteMI-v0,384,156,27,3.0453447750374796,0.0
rl,dqn | LDPC-DiscreteMI-v0,384,156,28,3.292616220827218,0.0
rl,dqn | LDPC-DiscreteMI-v0,384,156,29,2.9154131964206256,0.0
rl,dqn | LDPC-DiscreteMI-v0,384,156,30,3.7251216718933877,0.0
rl,dqn | LDPC-DiscreteMI-v0,384,156,31,2.7123109058337938,0.0
rl,dqn | LDPC-DiscreteMI-v0,384,156,32,3.474627586007141,0.0
rl,dqn | LDPC-DiscreteMI-v0,384,156,33,3.247631607646666,0.0
rl,dqn | LDPC-DiscreteMI-v0,384,156,34,3.273463668015157,0.0
rl,dqn | LDPC-DiscreteMI-v0,384,156,35,3.451907233481356,0.0
rl,dqn | LDPC-DiscreteMI-v0,384,156,36,3.405606111260804,0.0
rl,dqn | LDPC-DiscreteMI-v0,384,156,37,2.724438229561849,0.0
rl,dqn | LDPC-DiscreteMI-v0,384,156,38,3.451907233481356,0.0
rl,dqn | LDPC-DiscreteMI-v0,384,156,39,3.420547480030548,0.0
rl,dqn | LDPC-DiscreteMI-v0,384,156,40,3.100547795631275,0.0
rl,dqn | LDPC-DiscreteMI-v0,384,156,41,3.451907233481356,0.0
rl,dqn | LDPC-DiscreteMI-v0,384,157,0,4.422382544201729,0.0
rl,dqn | LDPC-DiscreteMI-v0,384,157,1,4.495454725657839,0.0
rl,dqn | LDPC-DiscreteMI-v0,384,157,2,4.188496883782267,0.0
rl,dqn | LDPC-DiscreteMI-v0,384,157,3,4.33732041807605,0.0
rl,dqn | LDPC-DiscreteMI-v0,384,157,4,4.484448396353051,0.0
rl,dqn | LDPC-DiscreteMI-v0,384,157,5,4.564420912067882,0.0
rl,dqn | LDPC-DiscreteMI-v0,384,157,6,4.810689074156299,0.0
rl,dqn | LDPC-DiscreteMI-v0,384,157,7,4.480438663490418,0.0
rl,dqn | LDPC-DiscreteMI-v0,384,157,8,4.256078479898369,0.0
rl,dqn | LDPC-DiscreteMI-v0,384,157,9,4.237996309493003,0.0
rl,dqn | LDPC-DiscreteMI-v0,384,157,10,4.439444854277895,0.0
rl,dqn | LDPC-DiscreteMI-v0,384,157,11,4.498064788514997,0.0
rl,dqn | LDPC-DiscreteMI-v0,384,157,12,4.332868510062275,0.0
rl,dqn | LDPC-DiscreteMI-v0,384,157,13,4.256536417921963,0.0
rl,dqn | LDPC-DiscreteMI-v0,384,157,14,4.34614957566409,0.0
rl,dqn | LDPC-DiscreteMI-v0,384,157,15,4.46147925891832,0.0
rl,dqn | LDPC-DiscreteMI-v0,384,157,16,4.457960200073542,0.0
rl,dqn | LDPC-DiscreteMI-v0,384,157,17,4.466473957251738,0.0
rl,dqn | LDPC-DiscreteMI-v0,384,157,18,4.465050199186734,0.0
rl,dqn | LDPC-DiscreteMI-v0,384,157,19,4.255153574979312,0.0
rl,dqn | LDPC-DiscreteMI-v0,384,157,20,3.2360000370193167,0.0
rl,dqn | LDPC-DiscreteMI-v0,384,157,21,3.2222749574829836,0.0
rl,dqn | LDPC-DiscreteMI-v0,384,157,22,2.76139881037142,0.0
rl,dqn | LDPC-DiscreteMI-v0,384,157,23,3.442610033609416,0.0
rl,dqn | LDPC-DiscreteMI-v0,384,157,24,3.2811779540646975,0.0
rl,dqn | LDPC-DiscreteMI-v0,384,157,25,3.2032894583700107,0.0
rl,dqn | LDPC-DiscreteMI-v0,384,157,26,3.453815854254601,0.0
rl,dqn | LDPC-DiscreteMI-v0,384,157,27,3.0453447750374796,0.0
rl,dqn | LDPC-DiscreteMI-v0,384,157,28,3.292616220827218,0.0
rl,dqn | LDPC-DiscreteMI-v0,384,157,29,2.9154131964206256,0.0
rl,dqn | LDPC-DiscreteMI-v0,384,157,30,3.7251216718933877,0.0
rl,dqn | LDPC-DiscreteMI-v0,384,157,31,2.7123109058337938,0.0
rl,dqn | LDPC-DiscreteMI-v0,384,157,32,3.474627586007141,0.0
rl,dqn | LDPC-DiscreteMI-v0,384,157,33,3.247631607646666,0.0
rl,dqn | LDPC-DiscreteMI-v0,384,157,34,3.273463668015157,0.0
rl,dqn | LDPC-DiscreteMI-v0,384,157,35,3.451907233481356,0.0
rl,dqn | LDPC-DiscreteMI-v0,384,157,36,3.405606111260804,0.0
rl,dqn | LDPC-DiscreteMI-v0,384,157,37,2.724438229561849,0.0
rl,dqn | LDPC-DiscreteMI-v0,384,157,38,3.451907233481356,0.0
rl,dqn | LDPC-DiscreteMI-v0,384,157,39,3.420547480030548,0.0
rl,dqn | LDPC-DiscreteMI-v0,384,157,40,3.100547795631275,0.0
rl,dqn | LDPC-DiscreteMI-v0,384,157,41,3.451907233481356,0.0
rl,dqn | LDPC-DiscreteMI-v0,384,158,0,4.422382544201729,0.0
rl,dqn | LDPC-DiscreteMI-v0,384,158,1,4.495454725657839,0.0
rl,dqn | LDPC-DiscreteMI-v0,384,158,2,4.188496883782267,0.0
rl,dqn | LDPC-DiscreteMI-v0,384,158,3,4.33732041807605,0.0
rl,dqn | LDPC-DiscreteMI-v0,384,158,4,4.484448396353051,0.0
rl,dqn | LDPC-DiscreteMI-v0,384,158,5,4.564420912067882,0.0
rl,dqn | LDPC-DiscreteMI-v0,384,158,6,4.810689074156299,0.0
rl,dqn | LDPC-DiscreteMI-v0,384,158,7,4.480438663490418,0.0
rl,dqn | LDPC-DiscreteMI-v0,384,158,8,4.256078479898369,0.0
rl,dqn | LDPC-DiscreteMI-v0,384,158,9,4.237996309493003,0.0
rl,dqn | LDPC-DiscreteMI-v0,384,158,10,4.439444854277895,0.0
rl,dqn | LDPC-DiscreteMI-v0,384,158,11,4.498064788514997,0.0
rl,dqn | LDPC-DiscreteMI-v0,384,158,12,4.332868510062275,0.0
rl,dqn | LDPC-DiscreteMI-v0,384,158,13,4.256536417921963,0.0
rl,dqn | LDPC-DiscreteMI-v0,384,158,14,4.34614957566409,0.0
rl,dqn | LDPC-DiscreteMI-v0,384,158,15,4.46147925891832,0.0
rl,dqn | LDPC-DiscreteMI-v0,384,158,16,4.457960200073542,0.0
rl,dqn | LDPC-DiscreteMI-v0,384,158,17,4.466473957251738,0.0
rl,dqn | LDPC-DiscreteMI-v0,384,158,18,4.465050199186734,0.0
rl,dqn | LDPC-DiscreteMI-v0,384,158,19,4.255153574979312,0.0
rl,dqn | LDPC-DiscreteMI-v0,384,158,20,3.2360000370193167,0.0
rl,dqn | LDPC-DiscreteMI-v0,384,158,21,3.2222749574829836,0.0
rl,dqn | LDPC-DiscreteMI-v0,384,158,22,2.76139881037142,0.0
rl,dqn | LDPC-DiscreteMI-v0,384,158,23,3.442610033609416,0.0
rl,dqn | LDPC-DiscreteMI-v0,384,158,24,3.2811779540646975,0.0
rl,dqn | LDPC-DiscreteMI-v0,384,158,25,3.2032894583700107,0.0
rl,dqn | LDPC-DiscreteMI-v0,384,158,26,3.453815854254601,0.0
rl,dqn | LDPC-DiscreteMI-v0,384,158,27,3.0453447750374796,0.0
rl,dqn | LDPC-DiscreteMI-v0,384,158,28,3.292616220827218,0.0
rl,dqn | LDPC-DiscreteMI-v0,384,158,29,2.9154131964206256,0.0
rl,dqn | LDPC-DiscreteMI-v0,384,158,30,3.7251216718933877,0.0
rl,dqn | LDPC-DiscreteMI-v0,384,158,31,2.7123109058337938,0.0
rl,dqn | LDPC-DiscreteMI-v0,384,158,32,3.474627586007141,0.0
rl,dqn | LDPC-DiscreteMI-v0,384,158,33,3.247631607646666,0.0
rl,dqn | LDPC-DiscreteMI-v0,384,158,34,3.273463668015157,0.0
rl,dqn | LDPC-DiscreteMI-v0,384,158,35,3.451907233481356,0.0
rl,dqn | LDPC-DiscreteMI-v0,384,158,36,3.405606111260804,0.0
rl,dqn | LDPC-DiscreteMI-v0,384,158,37,2.724438229561849,0.0
rl,dqn | LDPC-DiscreteMI-v0,384,158,38,3.451907233481356,0.0
rl,dqn | LDPC-DiscreteMI-v0,384,158,39,3.420547480030548,0.0
rl,dqn | LDPC-DiscreteMI-v0,384,158,40,3.100547795631275,0.0
rl,dqn | LDPC-DiscreteMI-v0,384,158,41,3.451907233481356,0.0
rl,dqn | LDPC-DiscreteMI-v0,384,159,0,4.422382544201729,0.0
rl,dqn | LDPC-DiscreteMI-v0,384,159,1,4.495454725657839,0.0
rl,dqn | LDPC-DiscreteMI-v0,384,159,2,4.188496883782267,0.0
rl,dqn | LDPC-DiscreteMI-v0,384,159,3,4.33732041807605,0.0
rl,dqn | LDPC-DiscreteMI-v0,384,159,4,4.484448396353051,0.0
rl,dqn | LDPC-DiscreteMI-v0,384,159,5,4.564420912067882,0.0
rl,dqn | LDPC-DiscreteMI-v0,384,159,6,4.810689074156299,0.0
rl,dqn | LDPC-DiscreteMI-v0,384,159,7,4.480438663490418,0.0
rl,dqn | LDPC-DiscreteMI-v0,384,159,8,4.256078479898369,0.0
rl,dqn | LDPC-DiscreteMI-v0,384,159,9,4.237996309493003,0.0
rl,dqn | LDPC-DiscreteMI-v0,384,159,10,4.439444854277895,0.0
rl,dqn | LDPC-DiscreteMI-v0,384,159,11,4.498064788514997,0.0
rl,dqn | LDPC-DiscreteMI-v0,384,159,12,4.332868510062275,0.0
rl,dqn | LDPC-DiscreteMI-v0,384,159,13,4.256536417921963,0.0
rl,dqn | LDPC-DiscreteMI-v0,384,159,14,4.34614957566409,0.0
rl,dqn | LDPC-DiscreteMI-v0,384,159,15,4.46147925891832,0.0
rl,dqn | LDPC-DiscreteMI-v0,384,159,16,4.457960200073542,0.0
rl,dqn | LDPC-DiscreteMI-v0,384,159,17,4.466473957251738,0.0
rl,dqn | LDPC-DiscreteMI-v0,384,159,18,4.465050199186734,0.0
rl,dqn | LDPC-DiscreteMI-v0,384,159,19,4.255153574979312,0.0
rl,dqn | LDPC-DiscreteMI-v0,384,159,20,3.2360000370193167,0.0
rl,dqn | LDPC-DiscreteMI-v0,384,159,21,3.2222749574829836,0.0
rl,dqn | LDPC-DiscreteMI-v0,384,159,22,2.76139881037142,0.0
rl,dqn | LDPC-DiscreteMI-v0,384,159,23,3.442610033609416,0.0
rl,dqn | LDPC-DiscreteMI-v0,384,159,24,3.2811779540646975,0.0
rl,dqn | LDPC-DiscreteMI-v0,384,159,25,3.2032894583700107,0.0
rl,dqn | LDPC-DiscreteMI-v0,384,159,26,3.453815854254601,0.0
rl,dqn | LDPC-DiscreteMI-v0,384,159,27,3.0453447750374796,0.0
rl,dqn | LDPC-DiscreteMI-v0,384,159,28,3.292616220827218,0.0
rl,dqn | LDPC-DiscreteMI-v0,384,159,29,2.9154131964206256,0.0
rl,dqn | LDPC-DiscreteMI-v0,384,159,30,3.7251216718933877,0.0
rl,dqn | LDPC-DiscreteMI-v0,384,159,31,2.7123109058337938,0.0
rl,dqn | LDPC-DiscreteMI-v0,384,159,32,3.474627586007141,0.0
rl,dqn | LDPC-DiscreteMI-v0,384,159,33,3.247631607646666,0.0
rl,dqn | LDPC-DiscreteMI-v0,384,159,34,3.273463668015157,0.0
rl,dqn | LDPC-DiscreteMI-v0,384,159,35,3.451907233481356,0.0
rl,dqn | LDPC-DiscreteMI-v0,384,159,36,3.405606111260804,0.0
rl,dqn | LDPC-DiscreteMI-v0,384,159,37,2.724438229561849,0.0
rl,dqn | LDPC-DiscreteMI-v0,384,159,38,3.451907233481356,0.0
rl,dqn | LDPC-DiscreteMI-v0,384,159,39,3.420547480030548,0.0
rl,dqn | LDPC-DiscreteMI-v0,384,159,40,3.100547795631275,0.0
rl,dqn | LDPC-DiscreteMI-v0,384,159,41,3.451907233481356,0.0
rl,dqn | LDPC-DiscreteMI-v0,384,160,0,4.422382544201729,0.0
rl,dqn | LDPC-DiscreteMI-v0,384,160,1,4.495454725657839,0.0
rl,dqn | LDPC-DiscreteMI-v0,384,160,2,4.188496883782267,0.0
rl,dqn | LDPC-DiscreteMI-v0,384,160,3,4.33732041807605,0.0
rl,dqn | LDPC-DiscreteMI-v0,384,160,4,4.484448396353051,0.0
rl,dqn | LDPC-DiscreteMI-v0,384,160,5,4.564420912067882,0.0
rl,dqn | LDPC-DiscreteMI-v0,384,160,6,4.810689074156299,0.0
rl,dqn | LDPC-DiscreteMI-v0,384,160,7,4.480438663490418,0.0
rl,dqn | LDPC-DiscreteMI-v0,384,160,8,4.256078479898369,0.0
rl,dqn | LDPC-DiscreteMI-v0,384,160,9,4.237996309493003,0.0
rl,dqn | LDPC-DiscreteMI-v0,384,160,10,4.439444854277895,0.0
rl,dqn | LDPC-DiscreteMI-v0,384,160,11,4.498064788514997,0.0
rl,dqn | LDPC-DiscreteMI-v0,384,160,12,4.332868510062275,0.0
rl,dqn | LDPC-DiscreteMI-v0,384,160,13,4.256536417921963,0.0
rl,dqn | LDPC-DiscreteMI-v0,384,160,14,4.34614957566409,0.0
rl,dqn | LDPC-DiscreteMI-v0,384,160,15,4.46147925891832,0.0
rl,dqn | LDPC-DiscreteMI-v0,384,160,16,4.457960200073542,0.0
rl,dqn | LDPC-DiscreteMI-v0,384,160,17,4.466473957251738,0.0
rl,dqn | LDPC-DiscreteMI-v0,384,160,18,4.465050199186734,0.0
rl,dqn | LDPC-DiscreteMI-v0,384,160,19,4.255153574979312,0.0
rl,dqn | LDPC-DiscreteMI-v0,384,160,20,3.2360000370193167,0.0
rl,dqn | LDPC-DiscreteMI-v0,384,160,21,3.2222749574829836,0.0
rl,dqn | LDPC-DiscreteMI-v0,384,160,22,2.76139881037142,0.0
rl,dqn | LDPC-DiscreteMI-v0,384,160,23,3.442610033609416,0.0
rl,dqn | LDPC-DiscreteMI-v0,384,160,24,3.2811779540646975,0.0
rl,dqn | LDPC-DiscreteMI-v0,384,160,25,3.2032894583700107,0.0
rl,dqn | LDPC-DiscreteMI-v0,384,160,26,3.453815854254601,0.0
rl,dqn | LDPC-DiscreteMI-v0,384,160,27,3.0453447750374796,0.0
rl,dqn | LDPC-DiscreteMI-v0,384,160,28,3.292616220827218,0.0
rl,dqn | LDPC-DiscreteMI-v0,384,160,29,2.9154131964206256,0.0
rl,dqn | LDPC-DiscreteMI-v0,384,160,30,3.7251216718933877,0.0
rl,dqn | LDPC-DiscreteMI-v0,384,160,31,2.7123109058337938,0.0
rl,dqn | LDPC-DiscreteMI-v0,384,160,32,3.474627586007141,0.0
rl,dqn | LDPC-DiscreteMI-v0,384,160,33,3.247631607646666,0.0
rl,dqn | LDPC-DiscreteMI-v0,384,160,34,3.273463668015157,0.0
rl,dqn | LDPC-DiscreteMI-v0,384,160,35,3.451907233481356,0.0
rl,dqn | LDPC-DiscreteMI-v0,384,160,36,3.405606111260804,0.0
rl,dqn | LDPC-DiscreteMI-v0,384,160,37,2.724438229561849,0.0
rl,dqn | LDPC-DiscreteMI-v0,384,160,38,3.451907233481356,0.0
rl,dqn | LDPC-DiscreteMI-v0,384,160,39,3.420547480030548,0.0
rl,dqn | LDPC-DiscreteMI-v0,384,160,40,3.100547795631275,0.0
rl,dqn | LDPC-DiscreteMI-v0,384,160,41,3.451907233481356,0.0
rl,dqn | LDPC-DiscreteMI-v0,384,161,0,4.422382544201729,0.0
rl,dqn | LDPC-DiscreteMI-v0,384,161,1,4.495454725657839,0.0
rl,dqn | LDPC-DiscreteMI-v0,384,161,2,4.188496883782267,0.0
rl,dqn | LDPC-DiscreteMI-v0,384,161,3,4.33732041807605,0.0
rl,dqn | LDPC-DiscreteMI-v0,384,161,4,4.484448396353051,0.0
rl,dqn | LDPC-DiscreteMI-v0,384,161,5,4.564420912067882,0.0
rl,dqn | LDPC-DiscreteMI-v0,384,161,6,4.810689074156299,0.0
rl,dqn | LDPC-DiscreteMI-v0,384,161,7,4.480438663490418,0.0
rl,dqn | LDPC-DiscreteMI-v0,384,161,8,4.256078479898369,0.0
rl,dqn | LDPC-DiscreteMI-v0,384,161,9,4.237996309493003,0.0
rl,dqn | LDPC-DiscreteMI-v0,384,161,10,4.439444854277895,0.0
rl,dqn | LDPC-DiscreteMI-v0,384,161,11,4.498064788514997,0.0
rl,dqn | LDPC-DiscreteMI-v0,384,161,12,4.332868510062275,0.0
rl,dqn | LDPC-DiscreteMI-v0,384,161,13,4.256536417921963,0.0
rl,dqn | LDPC-DiscreteMI-v0,384,161,14,4.34614957566409,0.0
rl,dqn | LDPC-DiscreteMI-v0,384,161,15,4.46147925891832,0.0
rl,dqn | LDPC-DiscreteMI-v0,384,161,16,4.457960200073542,0.0
rl,dqn | LDPC-DiscreteMI-v0,384,161,17,4.466473957251738,0.0
rl,dqn | LDPC-DiscreteMI-v0,384,161,18,4.465050199186734,0.0
rl,dqn | LDPC-DiscreteMI-v0,384,161,19,4.255153574979312,0.0
rl,dqn | LDPC-DiscreteMI-v0,384,161,20,3.2360000370193167,0.0
rl,dqn | LDPC-DiscreteMI-v0,384,161,21,3.2222749574829836,0.0
rl,dqn | LDPC-DiscreteMI-v0,384,161,22,2.76139881037142,0.0
rl,dqn | LDPC-DiscreteMI-v0,384,161,23,3.442610033609416,0.0
rl,dqn | LDPC-DiscreteMI-v0,384,161,24,3.2811779540646975,0.0
rl,dqn | LDPC-DiscreteMI-v0,384,161,25,3.2032894583700107,0.0
rl,dqn | LDPC-DiscreteMI-v0,384,161,26,3.453815854254601,0.0
rl,dqn | LDPC-DiscreteMI-v0,384,161,27,3.0453447750374796,0.0
rl,dqn | LDPC-DiscreteMI-v0,384,161,28,3.292616220827218,0.0
rl,dqn | LDPC-DiscreteMI-v0,384,161,29,2.9154131964206256,0.0
rl,dqn | LDPC-DiscreteMI-v0,384,161,30,3.7251216718933877,0.0
rl,dqn | LDPC-DiscreteMI-v0,384,161,31,2.7123109058337938,0.0
rl,dqn | LDPC-DiscreteMI-v0,384,161,32,3.474627586007141,0.0
rl,dqn | LDPC-DiscreteMI-v0,384,161,33,3.247631607646666,0.0
rl,dqn | LDPC-DiscreteMI-v0,384,161,34,3.273463668015157,0.0
rl,dqn | LDPC-DiscreteMI-v0,384,161,35,3.451907233481356,0.0
rl,dqn | LDPC-DiscreteMI-v0,384,161,36,3.405606111260804,0.0
rl,dqn | LDPC-DiscreteMI-v0,384,161,37,2.724438229561849,0.0
rl,dqn | LDPC-DiscreteMI-v0,384,161,38,3.451907233481356,0.0
rl,dqn | LDPC-DiscreteMI-v0,384,161,39,3.420547480030548,0.0
rl,dqn | LDPC-DiscreteMI-v0,384,161,40,3.100547795631275,0.0
rl,dqn | LDPC-DiscreteMI-v0,384,161,41,3.451907233481356,0.0
rl,dqn | LDPC-DiscreteMI-v0,384,162,0,4.422382544201729,0.0
rl,dqn | LDPC-DiscreteMI-v0,384,162,1,4.495454725657839,0.0
rl,dqn | LDPC-DiscreteMI-v0,384,162,2,4.188496883782267,0.0
rl,dqn | LDPC-DiscreteMI-v0,384,162,3,4.33732041807605,0.0
rl,dqn | LDPC-DiscreteMI-v0,384,162,4,4.484448396353051,0.0
rl,dqn | LDPC-DiscreteMI-v0,384,162,5,4.564420912067882,0.0
rl,dqn | LDPC-DiscreteMI-v0,384,162,6,4.810689074156299,0.0
rl,dqn | LDPC-DiscreteMI-v0,384,162,7,4.480438663490418,0.0
rl,dqn | LDPC-DiscreteMI-v0,384,162,8,4.256078479898369,0.0
rl,dqn | LDPC-DiscreteMI-v0,384,162,9,4.237996309493003,0.0
rl,dqn | LDPC-DiscreteMI-v0,384,162,10,4.439444854277895,0.0
rl,dqn | LDPC-DiscreteMI-v0,384,162,11,4.498064788514997,0.0
rl,dqn | LDPC-DiscreteMI-v0,384,162,12,4.332868510062275,0.0
rl,dqn | LDPC-DiscreteMI-v0,384,162,13,4.256536417921963,0.0
rl,dqn | LDPC-DiscreteMI-v0,384,162,14,4.34614957566409,0.0
rl,dqn | LDPC-DiscreteMI-v0,384,162,15,4.46147925891832,0.0
rl,dqn | LDPC-DiscreteMI-v0,384,162,16,4.457960200073542,0.0
rl,dqn | LDPC-DiscreteMI-v0,384,162,17,4.466473957251738,0.0
rl,dqn | LDPC-DiscreteMI-v0,384,162,18,4.465050199186734,0.0
rl,dqn | LDPC-DiscreteMI-v0,384,162,19,4.255153574979312,0.0
rl,dqn | LDPC-DiscreteMI-v0,384,162,20,3.2360000370193167,0.0
rl,dqn | LDPC-DiscreteMI-v0,384,162,21,3.2222749574829836,0.0
rl,dqn | LDPC-DiscreteMI-v0,384,162,22,2.76139881037142,0.0
rl,dqn | LDPC-DiscreteMI-v0,384,162,23,3.442610033609416,0.0
rl,dqn | LDPC-DiscreteMI-v0,384,162,24,3.2811779540646975,0.0
rl,dqn | LDPC-DiscreteMI-v0,384,162,25,3.2032894583700107,0.0
rl,dqn | LDPC-DiscreteMI-v0,384,162,26,3.453815854254601,0.0
rl,dqn | LDPC-DiscreteMI-v0,384,162,27,3.0453447750374796,0.0
rl,dqn | LDPC-DiscreteMI-v0,384,162,28,3.292616220827218,0.0
rl,dqn | LDPC-DiscreteMI-v0,384,162,29,2.9154131964206256,0.0
rl,dqn | LDPC-DiscreteMI-v0,384,162,30,3.7251216718933877,0.0
rl,dqn | LDPC-DiscreteMI-v0,384,162,31,2.7123109058337938,0.0
rl,dqn | LDPC-DiscreteMI-v0,384,162,32,3.474627586007141,0.0
rl,dqn | LDPC-DiscreteMI-v0,384,162,33,3.247631607646666,0.0
rl,dqn | LDPC-DiscreteMI-v0,384,162,34,3.273463668015157,0.0
rl,dqn | LDPC-DiscreteMI-v0,384,162,35,3.451907233481356,0.0
rl,dqn | LDPC-DiscreteMI-v0,384,162,36,3.405606111260804,0.0
rl,dqn | LDPC-DiscreteMI-v0,384,162,37,2.724438229561849,0.0
rl,dqn | LDPC-DiscreteMI-v0,384,162,38,3.451907233481356,0.0
rl,dqn | LDPC-DiscreteMI-v0,384,162,39,3.420547480030548,0.0
rl,dqn | LDPC-DiscreteMI-v0,384,162,40,3.100547795631275,0.0
rl,dqn | LDPC-DiscreteMI-v0,384,162,41,3.451907233481356,0.0
rl,dqn | LDPC-DiscreteMI-v0,384,163,0,4.422382544201729,0.0
rl,dqn | LDPC-DiscreteMI-v0,384,163,1,4.495454725657839,0.0
rl,dqn | LDPC-DiscreteMI-v0,384,163,2,4.188496883782267,0.0
rl,dqn | LDPC-DiscreteMI-v0,384,163,3,4.33732041807605,0.0
rl,dqn | LDPC-DiscreteMI-v0,384,163,4,4.484448396353051,0.0
rl,dqn | LDPC-DiscreteMI-v0,384,163,5,4.564420912067882,0.0
rl,dqn | LDPC-DiscreteMI-v0,384,163,6,4.810689074156299,0.0
rl,dqn | LDPC-DiscreteMI-v0,384,163,7,4.480438663490418,0.0
rl,dqn | LDPC-DiscreteMI-v0,384,163,8,4.256078479898369,0.0
rl,dqn | LDPC-DiscreteMI-v0,384,163,9,4.237996309493003,0.0
rl,dqn | LDPC-DiscreteMI-v0,384,163,10,4.439444854277895,0.0
rl,dqn | LDPC-DiscreteMI-v0,384,163,11,4.498064788514997,0.0
rl,dqn | LDPC-DiscreteMI-v0,384,163,12,4.332868510062275,0.0
rl,dqn | LDPC-DiscreteMI-v0,384,163,13,4.256536417921963,0.0
rl,dqn | LDPC-DiscreteMI-v0,384,163,14,4.34614957566409,0.0
rl,dqn | LDPC-DiscreteMI-v0,384,163,15,4.46147925891832,0.0
rl,dqn | LDPC-DiscreteMI-v0,384,163,16,4.457960200073542,0.0
rl,dqn | LDPC-DiscreteMI-v0,384,163,17,4.466473957251738,0.0
rl,dqn | LDPC-DiscreteMI-v0,384,163,18,4.465050199186734,0.0
rl,dqn | LDPC-DiscreteMI-v0,384,163,19,4.255153574979312,0.0
rl,dqn | LDPC-DiscreteMI-v0,384,163,20,3.2360000370193167,0.0
rl,dqn | LDPC-DiscreteMI-v0,384,163,21,3.2222749574829836,0.0
rl,dqn | LDPC-DiscreteMI-v0,384,163,22,2.76139881037142,0.0
rl,dqn | LDPC-DiscreteMI-v0,384,163,23,3.442610033609416,0.0
rl,dqn | LDPC-DiscreteMI-v0,384,163,24,3.2811779540646975,0.0
rl,dqn | LDPC-DiscreteMI-v0,384,163,25,3.2032894583700107,0.0
rl,dqn | LDPC-DiscreteMI-v0,384,163,26,3.453815854254601,0.0
rl,dqn | LDPC-DiscreteMI-v0,384,163,27,3.0453447750374796,0.0
rl,dqn | LDPC-DiscreteMI-v0,384,163,28,3.292616220827218,0.0
rl,dqn | LDPC-DiscreteMI-v0,384,163,29,2.9154131964206256,0.0
rl,dqn | LDPC-DiscreteMI-v0,384,163,30,3.7251216718933877,0.0
rl,dqn | LDPC-DiscreteMI-v0,384,163,31,2.7123109058337938,0.0
rl,dqn | LDPC-DiscreteMI-v0,384,163,32,3.474627586007141,0.0
rl,dqn | LDPC-DiscreteMI-v0,384,163,33,3.247631607646666,0.0
rl,dqn | LDPC-DiscreteMI-v0,384,163,34,3.273463668015157,0.0
rl,dqn | LDPC-DiscreteMI-v0,384,163,35,3.451907233481356,0.0
rl,dqn | LDPC-DiscreteMI-v0,384,163,36,3.405606111260804,0.0
rl,dqn | LDPC-DiscreteMI-v0,384,163,37,2.724438229561849,0.0
rl,dqn | LDPC-DiscreteMI-v0,384,163,38,3.451907233481356,0.0
rl,dqn | LDPC-DiscreteMI-v0,384,163,39,3.420547480030548,0.0
rl,dqn | LDPC-DiscreteMI-v0,384,163,40,3.100547795631275,0.0
rl,dqn | LDPC-DiscreteMI-v0,384,163,41,3.451907233481356,0.0
rl,dqn | LDPC-DiscreteMI-v0,384,164,0,4.422382544201729,0.0
rl,dqn | LDPC-DiscreteMI-v0,384,164,1,4.495454725657839,0.0
rl,dqn | LDPC-DiscreteMI-v0,384,164,2,4.188496883782267,0.0
rl,dqn | LDPC-DiscreteMI-v0,384,164,3,4.33732041807605,0.0
rl,dqn | LDPC-DiscreteMI-v0,384,164,4,4.484448396353051,0.0
rl,dqn | LDPC-DiscreteMI-v0,384,164,5,4.564420912067882,0.0
rl,dqn | LDPC-DiscreteMI-v0,384,164,6,4.810689074156299,0.0
rl,dqn | LDPC-DiscreteMI-v0,384,164,7,4.480438663490418,0.0
rl,dqn | LDPC-DiscreteMI-v0,384,164,8,4.256078479898369,0.0
rl,dqn | LDPC-DiscreteMI-v0,384,164,9,4.237996309493003,0.0
rl,dqn | LDPC-DiscreteMI-v0,384,164,10,4.439444854277895,0.0
rl,dqn | LDPC-DiscreteMI-v0,384,164,11,4.498064788514997,0.0
rl,dqn | LDPC-DiscreteMI-v0,384,164,12,4.332868510062275,0.0
rl,dqn | LDPC-DiscreteMI-v0,384,164,13,4.256536417921963,0.0
rl,dqn | LDPC-DiscreteMI-v0,384,164,14,4.34614957566409,0.0
rl,dqn | LDPC-DiscreteMI-v0,384,164,15,4.46147925891832,0.0
rl,dqn | LDPC-DiscreteMI-v0,384,164,16,4.457960200073542,0.0
rl,dqn | LDPC-DiscreteMI-v0,384,164,17,4.466473957251738,0.0
rl,dqn | LDPC-DiscreteMI-v0,384,164,18,4.465050199186734,0.0
rl,dqn | LDPC-DiscreteMI-v0,384,164,19,4.255153574979312,0.0
rl,dqn | LDPC-DiscreteMI-v0,384,164,20,3.2360000370193167,0.0
rl,dqn | LDPC-DiscreteMI-v0,384,164,21,3.2222749574829836,0.0
rl,dqn | LDPC-DiscreteMI-v0,384,164,22,2.76139881037142,0.0
rl,dqn | LDPC-DiscreteMI-v0,384,164,23,3.442610033609416,0.0
rl,dqn | LDPC-DiscreteMI-v0,384,164,24,3.2811779540646975,0.0
rl,dqn | LDPC-DiscreteMI-v0,384,164,25,3.2032894583700107,0.0
rl,dqn | LDPC-DiscreteMI-v0,384,164,26,3.453815854254601,0.0
rl,dqn | LDPC-DiscreteMI-v0,384,164,27,3.0453447750374796,0.0
rl,dqn | LDPC-DiscreteMI-v0,384,164,28,3.292616220827218,0.0
rl,dqn | LDPC-DiscreteMI-v0,384,164,29,2.9154131964206256,0.0
rl,dqn | LDPC-DiscreteMI-v0,384,164,30,3.7251216718933877,0.0
rl,dqn | LDPC-DiscreteMI-v0,384,164,31,2.7123109058337938,0.0
rl,dqn | LDPC-DiscreteMI-v0,384,164,32,3.474627586007141,0.0
rl,dqn | LDPC-DiscreteMI-v0,384,164,33,3.247631607646666,0.0
rl,dqn | LDPC-DiscreteMI-v0,384,164,34,3.273463668015157,0.0
rl,dqn | LDPC-DiscreteMI-v0,384,164,35,3.451907233481356,0.0
rl,dqn | LDPC-DiscreteMI-v0,384,164,36,3.405606111260804,0.0
rl,dqn | LDPC-DiscreteMI-v0,384,164,37,2.724438229561849,0.0
rl,dqn | LDPC-DiscreteMI-v0,384,164,38,3.451907233481356,0.0
rl,dqn | LDPC-DiscreteMI-v0,384,164,39,3.420547480030548,0.0
rl,dqn | LDPC-DiscreteMI-v0,384,164,40,3.100547795631275,0.0
rl,dqn | LDPC-DiscreteMI-v0,384,164,41,3.451907233481356,0.0
rl,dqn | LDPC-DiscreteMI-v0,384,165,0,4.422382544201729,0.0
rl,dqn | LDPC-DiscreteMI-v0,384,165,1,4.495454725657839,0.0
rl,dqn | LDPC-DiscreteMI-v0,384,165,2,4.188496883782267,0.0
rl,dqn | LDPC-DiscreteMI-v0,384,165,3,4.33732041807605,0.0
rl,dqn | LDPC-DiscreteMI-v0,384,165,4,4.484448396353051,0.0
rl,dqn | LDPC-DiscreteMI-v0,384,165,5,4.564420912067882,0.0
rl,dqn | LDPC-DiscreteMI-v0,384,165,6,4.810689074156299,0.0
rl,dqn | LDPC-DiscreteMI-v0,384,165,7,4.480438663490418,0.0
rl,dqn | LDPC-DiscreteMI-v0,384,165,8,4.256078479898369,0.0
rl,dqn | LDPC-DiscreteMI-v0,384,165,9,4.237996309493003,0.0
rl,dqn | LDPC-DiscreteMI-v0,384,165,10,4.439444854277895,0.0
rl,dqn | LDPC-DiscreteMI-v0,384,165,11,4.498064788514997,0.0
rl,dqn | LDPC-DiscreteMI-v0,384,165,12,4.332868510062275,0.0
rl,dqn | LDPC-DiscreteMI-v0,384,165,13,4.256536417921963,0.0
rl,dqn | LDPC-DiscreteMI-v0,384,165,14,4.34614957566409,0.0
rl,dqn | LDPC-DiscreteMI-v0,384,165,15,4.46147925891832,0.0
rl,dqn | LDPC-DiscreteMI-v0,384,165,16,4.457960200073542,0.0
rl,dqn | LDPC-DiscreteMI-v0,384,165,17,4.466473957251738,0.0
rl,dqn | LDPC-DiscreteMI-v0,384,165,18,4.465050199186734,0.0
rl,dqn | LDPC-DiscreteMI-v0,384,165,19,4.255153574979312,0.0
rl,dqn | LDPC-DiscreteMI-v0,384,165,20,3.2360000370193167,0.0
rl,dqn | LDPC-DiscreteMI-v0,384,165,21,3.2222749574829836,0.0
rl,dqn | LDPC-DiscreteMI-v0,384,165,22,2.76139881037142,0.0
rl,dqn | LDPC-DiscreteMI-v0,384,165,23,3.442610033609416,0.0
rl,dqn | LDPC-DiscreteMI-v0,384,165,24,3.2811779540646975,0.0
rl,dqn | LDPC-DiscreteMI-v0,384,165,25,3.2032894583700107,0.0
rl,dqn | LDPC-DiscreteMI-v0,384,165,26,3.453815854254601,0.0
rl,dqn | LDPC-DiscreteMI-v0,384,165,27,3.0453447750374796,0.0
rl,dqn | LDPC-DiscreteMI-v0,384,165,28,3.292616220827218,0.0
rl,dqn | LDPC-DiscreteMI-v0,384,165,29,2.9154131964206256,0.0
rl,dqn | LDPC-DiscreteMI-v0,384,165,30,3.7251216718933877,0.0
rl,dqn | LDPC-DiscreteMI-v0,384,165,31,2.7123109058337938,0.0
rl,dqn | LDPC-DiscreteMI-v0,384,165,32,3.474627586007141,0.0
rl,dqn | LDPC-DiscreteMI-v0,384,165,33,3.247631607646666,0.0
rl,dqn | LDPC-DiscreteMI-v0,384,165,34,3.273463668015157,0.0
rl,dqn | LDPC-DiscreteMI-v0,384,165,35,3.451907233481356,0.0
rl,dqn | LDPC-DiscreteMI-v0,384,165,36,3.405606111260804,0.0
rl,dqn | LDPC-DiscreteMI-v0,384,165,37,2.724438229561849,0.0
rl,dqn | LDPC-DiscreteMI-v0,384,165,38,3.451907233481356,0.0
rl,dqn | LDPC-DiscreteMI-v0,384,165,39,3.420547480030548,0.0
rl,dqn | LDPC-DiscreteMI-v0,384,165,40,3.100547795631275,0.0
rl,dqn | LDPC-DiscreteMI-v0,384,165,41,3.451907233481356,0.0
rl,dqn | LDPC-DiscreteMI-v0,384,166,0,4.422382544201729,0.0
rl,dqn | LDPC-DiscreteMI-v0,384,166,1,4.495454725657839,0.0
rl,dqn | LDPC-DiscreteMI-v0,384,166,2,4.188496883782267,0.0
rl,dqn | LDPC-DiscreteMI-v0,384,166,3,4.33732041807605,0.0
rl,dqn | LDPC-DiscreteMI-v0,384,166,4,4.484448396353051,0.0
rl,dqn | LDPC-DiscreteMI-v0,384,166,5,4.564420912067882,0.0
rl,dqn | LDPC-DiscreteMI-v0,384,166,6,4.810689074156299,0.0
rl,dqn | LDPC-DiscreteMI-v0,384,166,7,4.480438663490418,0.0
rl,dqn | LDPC-DiscreteMI-v0,384,166,8,4.256078479898369,0.0
rl,dqn | LDPC-DiscreteMI-v0,384,166,9,4.237996309493003,0.0
rl,dqn | LDPC-DiscreteMI-v0,384,166,10,4.439444854277895,0.0
rl,dqn | LDPC-DiscreteMI-v0,384,166,11,4.498064788514997,0.0
rl,dqn | LDPC-DiscreteMI-v0,384,166,12,4.332868510062275,0.0
rl,dqn | LDPC-DiscreteMI-v0,384,166,13,4.256536417921963,0.0
rl,dqn | LDPC-DiscreteMI-v0,384,166,14,4.34614957566409,0.0
rl,dqn | LDPC-DiscreteMI-v0,384,166,15,4.46147925891832,0.0
rl,dqn | LDPC-DiscreteMI-v0,384,166,16,4.457960200073542,0.0
rl,dqn | LDPC-DiscreteMI-v0,384,166,17,4.466473957251738,0.0
rl,dqn | LDPC-DiscreteMI-v0,384,166,18,4.465050199186734,0.0
rl,dqn | LDPC-DiscreteMI-v0,384,166,19,4.255153574979312,0.0
rl,dqn | LDPC-DiscreteMI-v0,384,166,20,3.2360000370193167,0.0
rl,dqn | LDPC-DiscreteMI-v0,384,166,21,3.2222749574829836,0.0
rl,dqn | LDPC-DiscreteMI-v0,384,166,22,2.76139881037142,0.0
rl,dqn | LDPC-DiscreteMI-v0,384,166,23,3.442610033609416,0.0
rl,dqn | LDPC-DiscreteMI-v0,384,166,24,3.2811779540646975,0.0
rl,dqn | LDPC-DiscreteMI-v0,384,166,25,3.2032894583700107,0.0
rl,dqn | LDPC-DiscreteMI-v0,384,166,26,3.453815854254601,0.0
rl,dqn | LDPC-DiscreteMI-v0,384,166,27,3.0453447750374796,0.0
rl,dqn | LDPC-DiscreteMI-v0,384,166,28,3.292616220827218,0.0
rl,dqn | LDPC-DiscreteMI-v0,384,166,29,2.9154131964206256,0.0
rl,dqn | LDPC-DiscreteMI-v0,384,166,30,3.7251216718933877,0.0
rl,dqn | LDPC-DiscreteMI-v0,384,166,31,2.7123109058337938,0.0
rl,dqn | LDPC-DiscreteMI-v0,384,166,32,3.474627586007141,0.0
rl,dqn | LDPC-DiscreteMI-v0,384,166,33,3.247631607646666,0.0
rl,dqn | LDPC-DiscreteMI-v0,384,166,34,3.273463668015157,0.0
rl,dqn | LDPC-DiscreteMI-v0,384,166,35,3.451907233481356,0.0
rl,dqn | LDPC-DiscreteMI-v0,384,166,36,3.405606111260804,0.0
rl,dqn | LDPC-DiscreteMI-v0,384,166,37,2.724438229561849,0.0
rl,dqn | LDPC-DiscreteMI-v0,384,166,38,3.451907233481356,0.0
rl,dqn | LDPC-DiscreteMI-v0,384,166,39,3.420547480030548,0.0
rl,dqn | LDPC-DiscreteMI-v0,384,166,40,3.100547795631275,0.0
rl,dqn | LDPC-DiscreteMI-v0,384,166,41,3.451907233481356,0.0
rl,dqn | LDPC-DiscreteMI-v0,384,167,0,4.422382544201729,0.0
rl,dqn | LDPC-DiscreteMI-v0,384,167,1,4.495454725657839,0.0
rl,dqn | LDPC-DiscreteMI-v0,384,167,2,4.188496883782267,0.0
rl,dqn | LDPC-DiscreteMI-v0,384,167,3,4.33732041807605,0.0
rl,dqn | LDPC-DiscreteMI-v0,384,167,4,4.484448396353051,0.0
rl,dqn | LDPC-DiscreteMI-v0,384,167,5,4.564420912067882,0.0
rl,dqn | LDPC-DiscreteMI-v0,384,167,6,4.810689074156299,0.0
rl,dqn | LDPC-DiscreteMI-v0,384,167,7,4.480438663490418,0.0
rl,dqn | LDPC-DiscreteMI-v0,384,167,8,4.256078479898369,0.0
rl,dqn | LDPC-DiscreteMI-v0,384,167,9,4.237996309493003,0.0
rl,dqn | LDPC-DiscreteMI-v0,384,167,10,4.439444854277895,0.0
rl,dqn | LDPC-DiscreteMI-v0,384,167,11,4.498064788514997,0.0
rl,dqn | LDPC-DiscreteMI-v0,384,167,12,4.332868510062275,0.0
rl,dqn | LDPC-DiscreteMI-v0,384,167,13,4.256536417921963,0.0
rl,dqn | LDPC-DiscreteMI-v0,384,167,14,4.34614957566409,0.0
rl,dqn | LDPC-DiscreteMI-v0,384,167,15,4.46147925891832,0.0
rl,dqn | LDPC-DiscreteMI-v0,384,167,16,4.457960200073542,0.0
rl,dqn | LDPC-DiscreteMI-v0,384,167,17,4.466473957251738,0.0
rl,dqn | LDPC-DiscreteMI-v0,384,167,18,4.465050199186734,0.0
rl,dqn | LDPC-DiscreteMI-v0,384,167,19,4.255153574979312,0.0
rl,dqn | LDPC-DiscreteMI-v0,384,167,20,3.2360000370193167,0.0
rl,dqn | LDPC-DiscreteMI-v0,384,167,21,3.2222749574829836,0.0
rl,dqn | LDPC-DiscreteMI-v0,384,167,22,2.76139881037142,0.0
rl,dqn | LDPC-DiscreteMI-v0,384,167,23,3.442610033609416,0.0
rl,dqn | LDPC-DiscreteMI-v0,384,167,24,3.2811779540646975,0.0
rl,dqn | LDPC-DiscreteMI-v0,384,167,25,3.2032894583700107,0.0
rl,dqn | LDPC-DiscreteMI-v0,384,167,26,3.453815854254601,0.0
rl,dqn | LDPC-DiscreteMI-v0,384,167,27,3.0453447750374796,0.0
rl,dqn | LDPC-DiscreteMI-v0,384,167,28,3.292616220827218,0.0
rl,dqn | LDPC-DiscreteMI-v0,384,167,29,2.9154131964206256,0.0
rl,dqn | LDPC-DiscreteMI-v0,384,167,30,3.7251216718933877,0.0
rl,dqn | LDPC-DiscreteMI-v0,384,167,31,2.7123109058337938,0.0
rl,dqn | LDPC-DiscreteMI-v0,384,167,32,3.474627586007141,0.0
rl,dqn | LDPC-DiscreteMI-v0,384,167,33,3.247631607646666,0.0
rl,dqn | LDPC-DiscreteMI-v0,384,167,34,3.273463668015157,0.0
rl,dqn | LDPC-DiscreteMI-v0,384,167,35,3.451907233481356,0.0
rl,dqn | LDPC-DiscreteMI-v0,384,167,36,3.405606111260804,0.0
rl,dqn | LDPC-DiscreteMI-v0,384,167,37,2.724438229561849,0.0
rl,dqn | LDPC-DiscreteMI-v0,384,167,38,3.451907233481356,0.0
rl,dqn | LDPC-DiscreteMI-v0,384,167,39,3.420547480030548,0.0
rl,dqn | LDPC-DiscreteMI-v0,384,167,40,3.100547795631275,0.0
rl,dqn | LDPC-DiscreteMI-v0,384,167,41,3.451907233481356,0.0
rl,dqn | LDPC-DiscreteMI-v0,384,168,0,4.422382544201729,0.0
rl,dqn | LDPC-DiscreteMI-v0,384,168,1,4.495454725657839,0.0
rl,dqn | LDPC-DiscreteMI-v0,384,168,2,4.188496883782267,0.0
rl,dqn | LDPC-DiscreteMI-v0,384,168,3,4.33732041807605,0.0
rl,dqn | LDPC-DiscreteMI-v0,384,168,4,4.484448396353051,0.0
rl,dqn | LDPC-DiscreteMI-v0,384,168,5,4.564420912067882,0.0
rl,dqn | LDPC-DiscreteMI-v0,384,168,6,4.810689074156299,0.0
rl,dqn | LDPC-DiscreteMI-v0,384,168,7,4.480438663490418,0.0
rl,dqn | LDPC-DiscreteMI-v0,384,168,8,4.256078479898369,0.0
rl,dqn | LDPC-DiscreteMI-v0,384,168,9,4.237996309493003,0.0
rl,dqn | LDPC-DiscreteMI-v0,384,168,10,4.439444854277895,0.0
rl,dqn | LDPC-DiscreteMI-v0,384,168,11,4.498064788514997,0.0
rl,dqn | LDPC-DiscreteMI-v0,384,168,12,4.332868510062275,0.0
rl,dqn | LDPC-DiscreteMI-v0,384,168,13,4.256536417921963,0.0
rl,dqn | LDPC-DiscreteMI-v0,384,168,14,4.34614957566409,0.0
rl,dqn | LDPC-DiscreteMI-v0,384,168,15,4.46147925891832,0.0
rl,dqn | LDPC-DiscreteMI-v0,384,168,16,4.457960200073542,0.0
rl,dqn | LDPC-DiscreteMI-v0,384,168,17,4.466473957251738,0.0
rl,dqn | LDPC-DiscreteMI-v0,384,168,18,4.465050199186734,0.0
rl,dqn | LDPC-DiscreteMI-v0,384,168,19,4.255153574979312,0.0
rl,dqn | LDPC-DiscreteMI-v0,384,168,20,3.2360000370193167,0.0
rl,dqn | LDPC-DiscreteMI-v0,384,168,21,3.2222749574829836,0.0
rl,dqn | LDPC-DiscreteMI-v0,384,168,22,2.76139881037142,0.0
rl,dqn | LDPC-DiscreteMI-v0,384,168,23,3.442610033609416,0.0
rl,dqn | LDPC-DiscreteMI-v0,384,168,24,3.2811779540646975,0.0
rl,dqn | LDPC-DiscreteMI-v0,384,168,25,3.2032894583700107,0.0
rl,dqn | LDPC-DiscreteMI-v0,384,168,26,3.453815854254601,0.0
rl,dqn | LDPC-DiscreteMI-v0,384,168,27,3.0453447750374796,0.0
rl,dqn | LDPC-DiscreteMI-v0,384,168,28,3.292616220827218,0.0
rl,dqn | LDPC-DiscreteMI-v0,384,168,29,2.9154131964206256,0.0
rl,dqn | LDPC-DiscreteMI-v0,384,168,30,3.7251216718933877,0.0
rl,dqn | LDPC-DiscreteMI-v0,384,168,31,2.7123109058337938,0.0
rl,dqn | LDPC-DiscreteMI-v0,384,168,32,3.474627586007141,0.0
rl,dqn | LDPC-DiscreteMI-v0,384,168,33,3.247631607646666,0.0
rl,dqn | LDPC-DiscreteMI-v0,384,168,34,3.273463668015157,0.0
rl,dqn | LDPC-DiscreteMI-v0,384,168,35,3.451907233481356,0.0
rl,dqn | LDPC-DiscreteMI-v0,384,168,36,3.405606111260804,0.0
rl,dqn | LDPC-DiscreteMI-v0,384,168,37,2.724438229561849,0.0
rl,dqn | LDPC-DiscreteMI-v0,384,168,38,3.451907233481356,0.0
rl,dqn | LDPC-DiscreteMI-v0,384,168,39,3.420547480030548,0.0
rl,dqn | LDPC-DiscreteMI-v0,384,168,40,3.100547795631275,0.0
rl,dqn | LDPC-DiscreteMI-v0,384,168,41,3.451907233481356,0.0
rl,dqn | LDPC-DiscreteMI-v0,384,169,0,4.422382544201729,0.0
rl,dqn | LDPC-DiscreteMI-v0,384,169,1,4.495454725657839,0.0
rl,dqn | LDPC-DiscreteMI-v0,384,169,2,4.188496883782267,0.0
rl,dqn | LDPC-DiscreteMI-v0,384,169,3,4.33732041807605,0.0
rl,dqn | LDPC-DiscreteMI-v0,384,169,4,4.484448396353051,0.0
rl,dqn | LDPC-DiscreteMI-v0,384,169,5,4.564420912067882,0.0
rl,dqn | LDPC-DiscreteMI-v0,384,169,6,4.810689074156299,0.0
rl,dqn | LDPC-DiscreteMI-v0,384,169,7,4.480438663490418,0.0
rl,dqn | LDPC-DiscreteMI-v0,384,169,8,4.256078479898369,0.0
rl,dqn | LDPC-DiscreteMI-v0,384,169,9,4.237996309493003,0.0
rl,dqn | LDPC-DiscreteMI-v0,384,169,10,4.439444854277895,0.0
rl,dqn | LDPC-DiscreteMI-v0,384,169,11,4.498064788514997,0.0
rl,dqn | LDPC-DiscreteMI-v0,384,169,12,4.332868510062275,0.0
rl,dqn | LDPC-DiscreteMI-v0,384,169,13,4.256536417921963,0.0
rl,dqn | LDPC-DiscreteMI-v0,384,169,14,4.34614957566409,0.0
rl,dqn | LDPC-DiscreteMI-v0,384,169,15,4.46147925891832,0.0
rl,dqn | LDPC-DiscreteMI-v0,384,169,16,4.457960200073542,0.0
rl,dqn | LDPC-DiscreteMI-v0,384,169,17,4.466473957251738,0.0
rl,dqn | LDPC-DiscreteMI-v0,384,169,18,4.465050199186734,0.0
rl,dqn | LDPC-DiscreteMI-v0,384,169,19,4.255153574979312,0.0
rl,dqn | LDPC-DiscreteMI-v0,384,169,20,3.2360000370193167,0.0
rl,dqn | LDPC-DiscreteMI-v0,384,169,21,3.2222749574829836,0.0
rl,dqn | LDPC-DiscreteMI-v0,384,169,22,2.76139881037142,0.0
rl,dqn | LDPC-DiscreteMI-v0,384,169,23,3.442610033609416,0.0
rl,dqn | LDPC-DiscreteMI-v0,384,169,24,3.2811779540646975,0.0
rl,dqn | LDPC-DiscreteMI-v0,384,169,25,3.2032894583700107,0.0
rl,dqn | LDPC-DiscreteMI-v0,384,169,26,3.453815854254601,0.0
rl,dqn | LDPC-DiscreteMI-v0,384,169,27,3.0453447750374796,0.0
rl,dqn | LDPC-DiscreteMI-v0,384,169,28,3.292616220827218,0.0
rl,dqn | LDPC-DiscreteMI-v0,384,169,29,2.9154131964206256,0.0
rl,dqn | LDPC-DiscreteMI-v0,384,169,30,3.7251216718933877,0.0
rl,dqn | LDPC-DiscreteMI-v0,384,169,31,2.7123109058337938,0.0
rl,dqn | LDPC-DiscreteMI-v0,384,169,32,3.474627586007141,0.0
rl,dqn | LDPC-DiscreteMI-v0,384,169,33,3.247631607646666,0.0
rl,dqn | LDPC-DiscreteMI-v0,384,169,34,3.273463668015157,0.0
rl,dqn | LDPC-DiscreteMI-v0,384,169,35,3.451907233481356,0.0
rl,dqn | LDPC-DiscreteMI-v0,384,169,36,3.405606111260804,0.0
rl,dqn | LDPC-DiscreteMI-v0,384,169,37,2.724438229561849,0.0
rl,dqn | LDPC-DiscreteMI-v0,384,169,38,3.451907233481356,0.0
rl,dqn | LDPC-DiscreteMI-v0,384,169,39,3.420547480030548,0.0
rl,dqn | LDPC-DiscreteMI-v0,384,169,40,3.100547795631275,0.0
rl,dqn | LDPC-DiscreteMI-v0,384,169,41,3.451907233481356,0.0
rl,dqn | LDPC-DiscreteMI-v0,384,170,0,4.422382544201729,0.0
rl,dqn | LDPC-DiscreteMI-v0,384,170,1,4.495454725657839,0.0
rl,dqn | LDPC-DiscreteMI-v0,384,170,2,4.188496883782267,0.0
rl,dqn | LDPC-DiscreteMI-v0,384,170,3,4.33732041807605,0.0
rl,dqn | LDPC-DiscreteMI-v0,384,170,4,4.484448396353051,0.0
rl,dqn | LDPC-DiscreteMI-v0,384,170,5,4.564420912067882,0.0
rl,dqn | LDPC-DiscreteMI-v0,384,170,6,4.810689074156299,0.0
rl,dqn | LDPC-DiscreteMI-v0,384,170,7,4.480438663490418,0.0
rl,dqn | LDPC-DiscreteMI-v0,384,170,8,4.256078479898369,0.0
rl,dqn | LDPC-DiscreteMI-v0,384,170,9,4.237996309493003,0.0
rl,dqn | LDPC-DiscreteMI-v0,384,170,10,4.439444854277895,0.0
rl,dqn | LDPC-DiscreteMI-v0,384,170,11,4.498064788514997,0.0
rl,dqn | LDPC-DiscreteMI-v0,384,170,12,4.332868510062275,0.0
rl,dqn | LDPC-DiscreteMI-v0,384,170,13,4.256536417921963,0.0
rl,dqn | LDPC-DiscreteMI-v0,384,170,14,4.34614957566409,0.0
rl,dqn | LDPC-DiscreteMI-v0,384,170,15,4.46147925891832,0.0
rl,dqn | LDPC-DiscreteMI-v0,384,170,16,4.457960200073542,0.0
rl,dqn | LDPC-DiscreteMI-v0,384,170,17,4.466473957251738,0.0
rl,dqn | LDPC-DiscreteMI-v0,384,170,18,4.465050199186734,0.0
rl,dqn | LDPC-DiscreteMI-v0,384,170,19,4.255153574979312,0.0
rl,dqn | LDPC-DiscreteMI-v0,384,170,20,3.2360000370193167,0.0
rl,dqn | LDPC-DiscreteMI-v0,384,170,21,3.2222749574829836,0.0
rl,dqn | LDPC-DiscreteMI-v0,384,170,22,2.76139881037142,0.0
rl,dqn | LDPC-DiscreteMI-v0,384,170,23,3.442610033609416,0.0
rl,dqn | LDPC-DiscreteMI-v0,384,170,24,3.2811779540646975,0.0
rl,dqn | LDPC-DiscreteMI-v0,384,170,25,3.2032894583700107,0.0
rl,dqn | LDPC-DiscreteMI-v0,384,170,26,3.453815854254601,0.0
rl,dqn | LDPC-DiscreteMI-v0,384,170,27,3.0453447750374796,0.0
rl,dqn | LDPC-DiscreteMI-v0,384,170,28,3.292616220827218,0.0
rl,dqn | LDPC-DiscreteMI-v0,384,170,29,2.9154131964206256,0.0
rl,dqn | LDPC-DiscreteMI-v0,384,170,30,3.7251216718933877,0.0
rl,dqn | LDPC-DiscreteMI-v0,384,170,31,2.7123109058337938,0.0
rl,dqn | LDPC-DiscreteMI-v0,384,170,32,3.474627586007141,0.0
rl,dqn | LDPC-DiscreteMI-v0,384,170,33,3.247631607646666,0.0
rl,dqn | LDPC-DiscreteMI-v0,384,170,34,3.273463668015157,0.0
rl,dqn | LDPC-DiscreteMI-v0,384,170,35,3.451907233481356,0.0
rl,dqn | LDPC-DiscreteMI-v0,384,170,36,3.405606111260804,0.0
rl,dqn | LDPC-DiscreteMI-v0,384,170,37,2.724438229561849,0.0
rl,dqn | LDPC-DiscreteMI-v0,384,170,38,3.451907233481356,0.0
rl,dqn | LDPC-DiscreteMI-v0,384,170,39,3.420547480030548,0.0
rl,dqn | LDPC-DiscreteMI-v0,384,170,40,3.100547795631275,0.0
rl,dqn | LDPC-DiscreteMI-v0,384,170,41,3.451907233481356,0.0
rl,dqn | LDPC-DiscreteMI-v0,384,171,0,4.422382544201729,0.0
rl,dqn | LDPC-DiscreteMI-v0,384,171,1,4.495454725657839,0.0
rl,dqn | LDPC-DiscreteMI-v0,384,171,2,4.188496883782267,0.0
rl,dqn | LDPC-DiscreteMI-v0,384,171,3,4.33732041807605,0.0
rl,dqn | LDPC-DiscreteMI-v0,384,171,4,4.484448396353051,0.0
rl,dqn | LDPC-DiscreteMI-v0,384,171,5,4.564420912067882,0.0
rl,dqn | LDPC-DiscreteMI-v0,384,171,6,4.810689074156299,0.0
rl,dqn | LDPC-DiscreteMI-v0,384,171,7,4.480438663490418,0.0
rl,dqn | LDPC-DiscreteMI-v0,384,171,8,4.256078479898369,0.0
rl,dqn | LDPC-DiscreteMI-v0,384,171,9,4.237996309493003,0.0
rl,dqn | LDPC-DiscreteMI-v0,384,171,10,4.439444854277895,0.0
rl,dqn | LDPC-DiscreteMI-v0,384,171,11,4.498064788514997,0.0
rl,dqn | LDPC-DiscreteMI-v0,384,171,12,4.332868510062275,0.0
rl,dqn | LDPC-DiscreteMI-v0,384,171,13,4.256536417921963,0.0
rl,dqn | LDPC-DiscreteMI-v0,384,171,14,4.34614957566409,0.0
rl,dqn | LDPC-DiscreteMI-v0,384,171,15,4.46147925891832,0.0
rl,dqn | LDPC-DiscreteMI-v0,384,171,16,4.457960200073542,0.0
rl,dqn | LDPC-DiscreteMI-v0,384,171,17,4.466473957251738,0.0
rl,dqn | LDPC-DiscreteMI-v0,384,171,18,4.465050199186734,0.0
rl,dqn | LDPC-DiscreteMI-v0,384,171,19,4.255153574979312,0.0
rl,dqn | LDPC-DiscreteMI-v0,384,171,20,3.2360000370193167,0.0
rl,dqn | LDPC-DiscreteMI-v0,384,171,21,3.2222749574829836,0.0
rl,dqn | LDPC-DiscreteMI-v0,384,171,22,2.76139881037142,0.0
rl,dqn | LDPC-DiscreteMI-v0,384,171,23,3.442610033609416,0.0
rl,dqn | LDPC-DiscreteMI-v0,384,171,24,3.2811779540646975,0.0
rl,dqn | LDPC-DiscreteMI-v0,384,171,25,3.2032894583700107,0.0
rl,dqn | LDPC-DiscreteMI-v0,384,171,26,3.453815854254601,0.0
rl,dqn | LDPC-DiscreteMI-v0,384,171,27,3.0453447750374796,0.0
rl,dqn | LDPC-DiscreteMI-v0,384,171,28,3.292616220827218,0.0
rl,dqn | LDPC-DiscreteMI-v0,384,171,29,2.9154131964206256,0.0
rl,dqn | LDPC-DiscreteMI-v0,384,171,30,3.7251216718933877,0.0
rl,dqn | LDPC-DiscreteMI-v0,384,171,31,2.7123109058337938,0.0
rl,dqn | LDPC-DiscreteMI-v0,384,171,32,3.474627586007141,0.0
rl,dqn | LDPC-DiscreteMI-v0,384,171,33,3.247631607646666,0.0
rl,dqn | LDPC-DiscreteMI-v0,384,171,34,3.273463668015157,0.0
rl,dqn | LDPC-DiscreteMI-v0,384,171,35,3.451907233481356,0.0
rl,dqn | LDPC-DiscreteMI-v0,384,171,36,3.405606111260804,0.0
rl,dqn | LDPC-DiscreteMI-v0,384,171,37,2.724438229561849,0.0
rl,dqn | LDPC-DiscreteMI-v0,384,171,38,3.451907233481356,0.0
rl,dqn | LDPC-DiscreteMI-v0,384,171,39,3.420547480030548,0.0
rl,dqn | LDPC-DiscreteMI-v0,384,171,40,3.100547795631275,0.0
rl,dqn | LDPC-DiscreteMI-v0,384,171,41,3.451907233481356,0.0
rl,dqn | LDPC-DiscreteMI-v0,384,172,0,4.422382544201729,0.0
rl,dqn | LDPC-DiscreteMI-v0,384,172,1,4.495454725657839,0.0
rl,dqn | LDPC-DiscreteMI-v0,384,172,2,4.188496883782267,0.0
rl,dqn | LDPC-DiscreteMI-v0,384,172,3,4.33732041807605,0.0
rl,dqn | LDPC-DiscreteMI-v0,384,172,4,4.484448396353051,0.0
rl,dqn | LDPC-DiscreteMI-v0,384,172,5,4.564420912067882,0.0
rl,dqn | LDPC-DiscreteMI-v0,384,172,6,4.810689074156299,0.0
rl,dqn | LDPC-DiscreteMI-v0,384,172,7,4.480438663490418,0.0
rl,dqn | LDPC-DiscreteMI-v0,384,172,8,4.256078479898369,0.0
rl,dqn | LDPC-DiscreteMI-v0,384,172,9,4.237996309493003,0.0
rl,dqn | LDPC-DiscreteMI-v0,384,172,10,4.439444854277895,0.0
rl,dqn | LDPC-DiscreteMI-v0,384,172,11,4.498064788514997,0.0
rl,dqn | LDPC-DiscreteMI-v0,384,172,12,4.332868510062275,0.0
rl,dqn | LDPC-DiscreteMI-v0,384,172,13,4.256536417921963,0.0
rl,dqn | LDPC-DiscreteMI-v0,384,172,14,4.34614957566409,0.0
rl,dqn | LDPC-DiscreteMI-v0,384,172,15,4.46147925891832,0.0
rl,dqn | LDPC-DiscreteMI-v0,384,172,16,4.457960200073542,0.0
rl,dqn | LDPC-DiscreteMI-v0,384,172,17,4.466473957251738,0.0
rl,dqn | LDPC-DiscreteMI-v0,384,172,18,4.465050199186734,0.0
rl,dqn | LDPC-DiscreteMI-v0,384,172,19,4.255153574979312,0.0
rl,dqn | LDPC-DiscreteMI-v0,384,172,20,3.2360000370193167,0.0
rl,dqn | LDPC-DiscreteMI-v0,384,172,21,3.2222749574829836,0.0
rl,dqn | LDPC-DiscreteMI-v0,384,172,22,2.76139881037142,0.0
rl,dqn | LDPC-DiscreteMI-v0,384,172,23,3.442610033609416,0.0
rl,dqn | LDPC-DiscreteMI-v0,384,172,24,3.2811779540646975,0.0
rl,dqn | LDPC-DiscreteMI-v0,384,172,25,3.2032894583700107,0.0
rl,dqn | LDPC-DiscreteMI-v0,384,172,26,3.453815854254601,0.0
rl,dqn | LDPC-DiscreteMI-v0,384,172,27,3.0453447750374796,0.0
rl,dqn | LDPC-DiscreteMI-v0,384,172,28,3.292616220827218,0.0
rl,dqn | LDPC-DiscreteMI-v0,384,172,29,2.9154131964206256,0.0
rl,dqn | LDPC-DiscreteMI-v0,384,172,30,3.7251216718933877,0.0
rl,dqn | LDPC-DiscreteMI-v0,384,172,31,2.7123109058337938,0.0
rl,dqn | LDPC-DiscreteMI-v0,384,172,32,3.474627586007141,0.0
rl,dqn | LDPC-DiscreteMI-v0,384,172,33,3.247631607646666,0.0
rl,dqn | LDPC-DiscreteMI-v0,384,172,34,3.273463668015157,0.0
rl,dqn | LDPC-DiscreteMI-v0,384,172,35,3.451907233481356,0.0
rl,dqn | LDPC-DiscreteMI-v0,384,172,36,3.405606111260804,0.0
rl,dqn | LDPC-DiscreteMI-v0,384,172,37,2.724438229561849,0.0
rl,dqn | LDPC-DiscreteMI-v0,384,172,38,3.451907233481356,0.0
rl,dqn | LDPC-DiscreteMI-v0,384,172,39,3.420547480030548,0.0
rl,dqn | LDPC-DiscreteMI-v0,384,172,40,3.100547795631275,0.0
rl,dqn | LDPC-DiscreteMI-v0,384,172,41,3.451907233481356,0.0
rl,dqn | LDPC-DiscreteMI-v0,384,173,0,4.422382544201729,0.0
rl,dqn | LDPC-DiscreteMI-v0,384,173,1,4.495454725657839,0.0
rl,dqn | LDPC-DiscreteMI-v0,384,173,2,4.188496883782267,0.0
rl,dqn | LDPC-DiscreteMI-v0,384,173,3,4.33732041807605,0.0
rl,dqn | LDPC-DiscreteMI-v0,384,173,4,4.484448396353051,0.0
rl,dqn | LDPC-DiscreteMI-v0,384,173,5,4.564420912067882,0.0
rl,dqn | LDPC-DiscreteMI-v0,384,173,6,4.810689074156299,0.0
rl,dqn | LDPC-DiscreteMI-v0,384,173,7,4.480438663490418,0.0
rl,dqn | LDPC-DiscreteMI-v0,384,173,8,4.256078479898369,0.0
rl,dqn | LDPC-DiscreteMI-v0,384,173,9,4.237996309493003,0.0
rl,dqn | LDPC-DiscreteMI-v0,384,173,10,4.439444854277895,0.0
rl,dqn | LDPC-DiscreteMI-v0,384,173,11,4.498064788514997,0.0
rl,dqn | LDPC-DiscreteMI-v0,384,173,12,4.332868510062275,0.0
rl,dqn | LDPC-DiscreteMI-v0,384,173,13,4.256536417921963,0.0
rl,dqn | LDPC-DiscreteMI-v0,384,173,14,4.34614957566409,0.0
rl,dqn | LDPC-DiscreteMI-v0,384,173,15,4.46147925891832,0.0
rl,dqn | LDPC-DiscreteMI-v0,384,173,16,4.457960200073542,0.0
rl,dqn | LDPC-DiscreteMI-v0,384,173,17,4.466473957251738,0.0
rl,dqn | LDPC-DiscreteMI-v0,384,173,18,4.465050199186734,0.0
rl,dqn | LDPC-DiscreteMI-v0,384,173,19,4.255153574979312,0.0
rl,dqn | LDPC-DiscreteMI-v0,384,173,20,3.2360000370193167,0.0
rl,dqn | LDPC-DiscreteMI-v0,384,173,21,3.2222749574829836,0.0
rl,dqn | LDPC-DiscreteMI-v0,384,173,22,2.76139881037142,0.0
rl,dqn | LDPC-DiscreteMI-v0,384,173,23,3.442610033609416,0.0
rl,dqn | LDPC-DiscreteMI-v0,384,173,24,3.2811779540646975,0.0
rl,dqn | LDPC-DiscreteMI-v0,384,173,25,3.2032894583700107,0.0
rl,dqn | LDPC-DiscreteMI-v0,384,173,26,3.453815854254601,0.0
rl,dqn | LDPC-DiscreteMI-v0,384,173,27,3.0453447750374796,0.0
rl,dqn | LDPC-DiscreteMI-v0,384,173,28,3.292616220827218,0.0
rl,dqn | LDPC-DiscreteMI-v0,384,173,29,2.9154131964206256,0.0
rl,dqn | LDPC-DiscreteMI-v0,384,173,30,3.7251216718933877,0.0
rl,dqn | LDPC-DiscreteMI-v0,384,173,31,2.7123109058337938,0.0
rl,dqn | LDPC-DiscreteMI-v0,384,173,32,3.474627586007141,0.0
rl,dqn | LDPC-DiscreteMI-v0,384,173,33,3.247631607646666,0.0
rl,dqn | LDPC-DiscreteMI-v0,384,173,34,3.273463668015157,0.0
rl,dqn | LDPC-DiscreteMI-v0,384,173,35,3.451907233481356,0.0
rl,dqn | LDPC-DiscreteMI-v0,384,173,36,3.405606111260804,0.0
rl,dqn | LDPC-DiscreteMI-v0,384,173,37,2.724438229561849,0.0
rl,dqn | LDPC-DiscreteMI-v0,384,173,38,3.451907233481356,0.0
rl,dqn | LDPC-DiscreteMI-v0,384,173,39,3.420547480030548,0.0
rl,dqn | LDPC-DiscreteMI-v0,384,173,40,3.100547795631275,0.0
rl,dqn | LDPC-DiscreteMI-v0,384,173,41,3.451907233481356,0.0
rl,dqn | LDPC-DiscreteMI-v0,384,174,0,4.422382544201729,0.0
rl,dqn | LDPC-DiscreteMI-v0,384,174,1,4.495454725657839,0.0
rl,dqn | LDPC-DiscreteMI-v0,384,174,2,4.188496883782267,0.0
rl,dqn | LDPC-DiscreteMI-v0,384,174,3,4.33732041807605,0.0
rl,dqn | LDPC-DiscreteMI-v0,384,174,4,4.484448396353051,0.0
rl,dqn | LDPC-DiscreteMI-v0,384,174,5,4.564420912067882,0.0
rl,dqn | LDPC-DiscreteMI-v0,384,174,6,4.810689074156299,0.0
rl,dqn | LDPC-DiscreteMI-v0,384,174,7,4.480438663490418,0.0
rl,dqn | LDPC-DiscreteMI-v0,384,174,8,4.256078479898369,0.0
rl,dqn | LDPC-DiscreteMI-v0,384,174,9,4.237996309493003,0.0
rl,dqn | LDPC-DiscreteMI-v0,384,174,10,4.439444854277895,0.0
rl,dqn | LDPC-DiscreteMI-v0,384,174,11,4.498064788514997,0.0
rl,dqn | LDPC-DiscreteMI-v0,384,174,12,4.332868510062275,0.0
rl,dqn | LDPC-DiscreteMI-v0,384,174,13,4.256536417921963,0.0
rl,dqn | LDPC-DiscreteMI-v0,384,174,14,4.34614957566409,0.0
rl,dqn | LDPC-DiscreteMI-v0,384,174,15,4.46147925891832,0.0
rl,dqn | LDPC-DiscreteMI-v0,384,174,16,4.457960200073542,0.0
rl,dqn | LDPC-DiscreteMI-v0,384,174,17,4.466473957251738,0.0
rl,dqn | LDPC-DiscreteMI-v0,384,174,18,4.465050199186734,0.0
rl,dqn | LDPC-DiscreteMI-v0,384,174,19,4.255153574979312,0.0
rl,dqn | LDPC-DiscreteMI-v0,384,174,20,3.2360000370193167,0.0
rl,dqn | LDPC-DiscreteMI-v0,384,174,21,3.2222749574829836,0.0
rl,dqn | LDPC-DiscreteMI-v0,384,174,22,2.76139881037142,0.0
rl,dqn | LDPC-DiscreteMI-v0,384,174,23,3.442610033609416,0.0
rl,dqn | LDPC-DiscreteMI-v0,384,174,24,3.2811779540646975,0.0
rl,dqn | LDPC-DiscreteMI-v0,384,174,25,3.2032894583700107,0.0
rl,dqn | LDPC-DiscreteMI-v0,384,174,26,3.453815854254601,0.0
rl,dqn | LDPC-DiscreteMI-v0,384,174,27,3.0453447750374796,0.0
rl,dqn | LDPC-DiscreteMI-v0,384,174,28,3.292616220827218,0.0
rl,dqn | LDPC-DiscreteMI-v0,384,174,29,2.9154131964206256,0.0
rl,dqn | LDPC-DiscreteMI-v0,384,174,30,3.7251216718933877,0.0
rl,dqn | LDPC-DiscreteMI-v0,384,174,31,2.7123109058337938,0.0
rl,dqn | LDPC-DiscreteMI-v0,384,174,32,3.474627586007141,0.0
rl,dqn | LDPC-DiscreteMI-v0,384,174,33,3.247631607646666,0.0
rl,dqn | LDPC-DiscreteMI-v0,384,174,34,3.273463668015157,0.0
rl,dqn | LDPC-DiscreteMI-v0,384,174,35,3.451907233481356,0.0
rl,dqn | LDPC-DiscreteMI-v0,384,174,36,3.405606111260804,0.0
rl,dqn | LDPC-DiscreteMI-v0,384,174,37,2.724438229561849,0.0
rl,dqn | LDPC-DiscreteMI-v0,384,174,38,3.451907233481356,0.0
rl,dqn | LDPC-DiscreteMI-v0,384,174,39,3.420547480030548,0.0
rl,dqn | LDPC-DiscreteMI-v0,384,174,40,3.100547795631275,0.0
rl,dqn | LDPC-DiscreteMI-v0,384,174,41,3.451907233481356,0.0
rl,dqn | LDPC-DiscreteMI-v0,384,175,0,4.422382544201729,0.0
rl,dqn | LDPC-DiscreteMI-v0,384,175,1,4.495454725657839,0.0
rl,dqn | LDPC-DiscreteMI-v0,384,175,2,4.188496883782267,0.0
rl,dqn | LDPC-DiscreteMI-v0,384,175,3,4.33732041807605,0.0
rl,dqn | LDPC-DiscreteMI-v0,384,175,4,4.484448396353051,0.0
rl,dqn | LDPC-DiscreteMI-v0,384,175,5,4.564420912067882,0.0
rl,dqn | LDPC-DiscreteMI-v0,384,175,6,4.810689074156299,0.0
rl,dqn | LDPC-DiscreteMI-v0,384,175,7,4.480438663490418,0.0
rl,dqn | LDPC-DiscreteMI-v0,384,175,8,4.256078479898369,0.0
rl,dqn | LDPC-DiscreteMI-v0,384,175,9,4.237996309493003,0.0
rl,dqn | LDPC-DiscreteMI-v0,384,175,10,4.439444854277895,0.0
rl,dqn | LDPC-DiscreteMI-v0,384,175,11,4.498064788514997,0.0
rl,dqn | LDPC-DiscreteMI-v0,384,175,12,4.332868510062275,0.0
rl,dqn | LDPC-DiscreteMI-v0,384,175,13,4.256536417921963,0.0
rl,dqn | LDPC-DiscreteMI-v0,384,175,14,4.34614957566409,0.0
rl,dqn | LDPC-DiscreteMI-v0,384,175,15,4.46147925891832,0.0
rl,dqn | LDPC-DiscreteMI-v0,384,175,16,4.457960200073542,0.0
rl,dqn | LDPC-DiscreteMI-v0,384,175,17,4.466473957251738,0.0
rl,dqn | LDPC-DiscreteMI-v0,384,175,18,4.465050199186734,0.0
rl,dqn | LDPC-DiscreteMI-v0,384,175,19,4.255153574979312,0.0
rl,dqn | LDPC-DiscreteMI-v0,384,175,20,3.2360000370193167,0.0
rl,dqn | LDPC-DiscreteMI-v0,384,175,21,3.2222749574829836,0.0
rl,dqn | LDPC-DiscreteMI-v0,384,175,22,2.76139881037142,0.0
rl,dqn | LDPC-DiscreteMI-v0,384,175,23,3.442610033609416,0.0
rl,dqn | LDPC-DiscreteMI-v0,384,175,24,3.2811779540646975,0.0
rl,dqn | LDPC-DiscreteMI-v0,384,175,25,3.2032894583700107,0.0
rl,dqn | LDPC-DiscreteMI-v0,384,175,26,3.453815854254601,0.0
rl,dqn | LDPC-DiscreteMI-v0,384,175,27,3.0453447750374796,0.0
rl,dqn | LDPC-DiscreteMI-v0,384,175,28,3.292616220827218,0.0
rl,dqn | LDPC-DiscreteMI-v0,384,175,29,2.9154131964206256,0.0
rl,dqn | LDPC-DiscreteMI-v0,384,175,30,3.7251216718933877,0.0
rl,dqn | LDPC-DiscreteMI-v0,384,175,31,2.7123109058337938,0.0
rl,dqn | LDPC-DiscreteMI-v0,384,175,32,3.474627586007141,0.0
rl,dqn | LDPC-DiscreteMI-v0,384,175,33,3.247631607646666,0.0
rl,dqn | LDPC-DiscreteMI-v0,384,175,34,3.273463668015157,0.0
rl,dqn | LDPC-DiscreteMI-v0,384,175,35,3.451907233481356,0.0
rl,dqn | LDPC-DiscreteMI-v0,384,175,36,3.405606111260804,0.0
rl,dqn | LDPC-DiscreteMI-v0,384,175,37,2.724438229561849,0.0
rl,dqn | LDPC-DiscreteMI-v0,384,175,38,3.451907233481356,0.0
rl,dqn | LDPC-DiscreteMI-v0,384,175,39,3.420547480030548,0.0
rl,dqn | LDPC-DiscreteMI-v0,384,175,40,3.100547795631275,0.0
rl,dqn | LDPC-DiscreteMI-v0,384,175,41,3.451907233481356,0.0
rl,dqn | LDPC-DiscreteMI-v0,384,176,0,4.422382544201729,0.0
rl,dqn | LDPC-DiscreteMI-v0,384,176,1,4.495454725657839,0.0
rl,dqn | LDPC-DiscreteMI-v0,384,176,2,4.188496883782267,0.0
rl,dqn | LDPC-DiscreteMI-v0,384,176,3,4.33732041807605,0.0
rl,dqn | LDPC-DiscreteMI-v0,384,176,4,4.484448396353051,0.0
rl,dqn | LDPC-DiscreteMI-v0,384,176,5,4.564420912067882,0.0
rl,dqn | LDPC-DiscreteMI-v0,384,176,6,4.810689074156299,0.0
rl,dqn | LDPC-DiscreteMI-v0,384,176,7,4.480438663490418,0.0
rl,dqn | LDPC-DiscreteMI-v0,384,176,8,4.256078479898369,0.0
rl,dqn | LDPC-DiscreteMI-v0,384,176,9,4.237996309493003,0.0
rl,dqn | LDPC-DiscreteMI-v0,384,176,10,4.439444854277895,0.0
rl,dqn | LDPC-DiscreteMI-v0,384,176,11,4.498064788514997,0.0
rl,dqn | LDPC-DiscreteMI-v0,384,176,12,4.332868510062275,0.0
rl,dqn | LDPC-DiscreteMI-v0,384,176,13,4.256536417921963,0.0
rl,dqn | LDPC-DiscreteMI-v0,384,176,14,4.34614957566409,0.0
rl,dqn | LDPC-DiscreteMI-v0,384,176,15,4.46147925891832,0.0
rl,dqn | LDPC-DiscreteMI-v0,384,176,16,4.457960200073542,0.0
rl,dqn | LDPC-DiscreteMI-v0,384,176,17,4.466473957251738,0.0
rl,dqn | LDPC-DiscreteMI-v0,384,176,18,4.465050199186734,0.0
rl,dqn | LDPC-DiscreteMI-v0,384,176,19,4.255153574979312,0.0
rl,dqn | LDPC-DiscreteMI-v0,384,176,20,3.2360000370193167,0.0
rl,dqn | LDPC-DiscreteMI-v0,384,176,21,3.2222749574829836,0.0
rl,dqn | LDPC-DiscreteMI-v0,384,176,22,2.76139881037142,0.0
rl,dqn | LDPC-DiscreteMI-v0,384,176,23,3.442610033609416,0.0
rl,dqn | LDPC-DiscreteMI-v0,384,176,24,3.2811779540646975,0.0
rl,dqn | LDPC-DiscreteMI-v0,384,176,25,3.2032894583700107,0.0
rl,dqn | LDPC-DiscreteMI-v0,384,176,26,3.453815854254601,0.0
rl,dqn | LDPC-DiscreteMI-v0,384,176,27,3.0453447750374796,0.0
rl,dqn | LDPC-DiscreteMI-v0,384,176,28,3.292616220827218,0.0
rl,dqn | LDPC-DiscreteMI-v0,384,176,29,2.9154131964206256,0.0
rl,dqn | LDPC-DiscreteMI-v0,384,176,30,3.7251216718933877,0.0
rl,dqn | LDPC-DiscreteMI-v0,384,176,31,2.7123109058337938,0.0
rl,dqn | LDPC-DiscreteMI-v0,384,176,32,3.474627586007141,0.0
rl,dqn | LDPC-DiscreteMI-v0,384,176,33,3.247631607646666,0.0
rl,dqn | LDPC-DiscreteMI-v0,384,176,34,3.273463668015157,0.0
rl,dqn | LDPC-DiscreteMI-v0,384,176,35,3.451907233481356,0.0
rl,dqn | LDPC-DiscreteMI-v0,384,176,36,3.405606111260804,0.0
rl,dqn | LDPC-DiscreteMI-v0,384,176,37,2.724438229561849,0.0
rl,dqn | LDPC-DiscreteMI-v0,384,176,38,3.451907233481356,0.0
rl,dqn | LDPC-DiscreteMI-v0,384,176,39,3.420547480030548,0.0
rl,dqn | LDPC-DiscreteMI-v0,384,176,40,3.100547795631275,0.0
rl,dqn | LDPC-DiscreteMI-v0,384,176,41,3.451907233481356,0.0
rl,dqn | LDPC-DiscreteMI-v0,384,177,0,4.422382544201729,0.0
rl,dqn | LDPC-DiscreteMI-v0,384,177,1,4.495454725657839,0.0
rl,dqn | LDPC-DiscreteMI-v0,384,177,2,4.188496883782267,0.0
rl,dqn | LDPC-DiscreteMI-v0,384,177,3,4.33732041807605,0.0
rl,dqn | LDPC-DiscreteMI-v0,384,177,4,4.484448396353051,0.0
rl,dqn | LDPC-DiscreteMI-v0,384,177,5,4.564420912067882,0.0
rl,dqn | LDPC-DiscreteMI-v0,384,177,6,4.810689074156299,0.0
rl,dqn | LDPC-DiscreteMI-v0,384,177,7,4.480438663490418,0.0
rl,dqn | LDPC-DiscreteMI-v0,384,177,8,4.256078479898369,0.0
rl,dqn | LDPC-DiscreteMI-v0,384,177,9,4.237996309493003,0.0
rl,dqn | LDPC-DiscreteMI-v0,384,177,10,4.439444854277895,0.0
rl,dqn | LDPC-DiscreteMI-v0,384,177,11,4.498064788514997,0.0
rl,dqn | LDPC-DiscreteMI-v0,384,177,12,4.332868510062275,0.0
rl,dqn | LDPC-DiscreteMI-v0,384,177,13,4.256536417921963,0.0
rl,dqn | LDPC-DiscreteMI-v0,384,177,14,4.34614957566409,0.0
rl,dqn | LDPC-DiscreteMI-v0,384,177,15,4.46147925891832,0.0
rl,dqn | LDPC-DiscreteMI-v0,384,177,16,4.457960200073542,0.0
rl,dqn | LDPC-DiscreteMI-v0,384,177,17,4.466473957251738,0.0
rl,dqn | LDPC-DiscreteMI-v0,384,177,18,4.465050199186734,0.0
rl,dqn | LDPC-DiscreteMI-v0,384,177,19,4.255153574979312,0.0
rl,dqn | LDPC-DiscreteMI-v0,384,177,20,3.2360000370193167,0.0
rl,dqn | LDPC-DiscreteMI-v0,384,177,21,3.2222749574829836,0.0
rl,dqn | LDPC-DiscreteMI-v0,384,177,22,2.76139881037142,0.0
rl,dqn | LDPC-DiscreteMI-v0,384,177,23,3.442610033609416,0.0
rl,dqn | LDPC-DiscreteMI-v0,384,177,24,3.2811779540646975,0.0
rl,dqn | LDPC-DiscreteMI-v0,384,177,25,3.2032894583700107,0.0
rl,dqn | LDPC-DiscreteMI-v0,384,177,26,3.453815854254601,0.0
rl,dqn | LDPC-DiscreteMI-v0,384,177,27,3.0453447750374796,0.0
rl,dqn | LDPC-DiscreteMI-v0,384,177,28,3.292616220827218,0.0
rl,dqn | LDPC-DiscreteMI-v0,384,177,29,2.9154131964206256,0.0
rl,dqn | LDPC-DiscreteMI-v0,384,177,30,3.7251216718933877,0.0
rl,dqn | LDPC-DiscreteMI-v0,384,177,31,2.7123109058337938,0.0
rl,dqn | LDPC-DiscreteMI-v0,384,177,32,3.474627586007141,0.0
rl,dqn | LDPC-DiscreteMI-v0,384,177,33,3.247631607646666,0.0
rl,dqn | LDPC-DiscreteMI-v0,384,177,34,3.273463668015157,0.0
rl,dqn | LDPC-DiscreteMI-v0,384,177,35,3.451907233481356,0.0
rl,dqn | LDPC-DiscreteMI-v0,384,177,36,3.405606111260804,0.0
rl,dqn | LDPC-DiscreteMI-v0,384,177,37,2.724438229561849,0.0
rl,dqn | LDPC-DiscreteMI-v0,384,177,38,3.451907233481356,0.0
rl,dqn | LDPC-DiscreteMI-v0,384,177,39,3.420547480030548,0.0
rl,dqn | LDPC-DiscreteMI-v0,384,177,40,3.100547795631275,0.0
rl,dqn | LDPC-DiscreteMI-v0,384,177,41,3.451907233481356,0.0
rl,dqn | LDPC-DiscreteMI-v0,384,178,0,4.422382544201729,0.0
rl,dqn | LDPC-DiscreteMI-v0,384,178,1,4.495454725657839,0.0
rl,dqn | LDPC-DiscreteMI-v0,384,178,2,4.188496883782267,0.0
rl,dqn | LDPC-DiscreteMI-v0,384,178,3,4.33732041807605,0.0
rl,dqn | LDPC-DiscreteMI-v0,384,178,4,4.484448396353051,0.0
rl,dqn | LDPC-DiscreteMI-v0,384,178,5,4.564420912067882,0.0
rl,dqn | LDPC-DiscreteMI-v0,384,178,6,4.810689074156299,0.0
rl,dqn | LDPC-DiscreteMI-v0,384,178,7,4.480438663490418,0.0
rl,dqn | LDPC-DiscreteMI-v0,384,178,8,4.256078479898369,0.0
rl,dqn | LDPC-DiscreteMI-v0,384,178,9,4.237996309493003,0.0
rl,dqn | LDPC-DiscreteMI-v0,384,178,10,4.439444854277895,0.0
rl,dqn | LDPC-DiscreteMI-v0,384,178,11,4.498064788514997,0.0
rl,dqn | LDPC-DiscreteMI-v0,384,178,12,4.332868510062275,0.0
rl,dqn | LDPC-DiscreteMI-v0,384,178,13,4.256536417921963,0.0
rl,dqn | LDPC-DiscreteMI-v0,384,178,14,4.34614957566409,0.0
rl,dqn | LDPC-DiscreteMI-v0,384,178,15,4.46147925891832,0.0
rl,dqn | LDPC-DiscreteMI-v0,384,178,16,4.457960200073542,0.0
rl,dqn | LDPC-DiscreteMI-v0,384,178,17,4.466473957251738,0.0
rl,dqn | LDPC-DiscreteMI-v0,384,178,18,4.465050199186734,0.0
rl,dqn | LDPC-DiscreteMI-v0,384,178,19,4.255153574979312,0.0
rl,dqn | LDPC-DiscreteMI-v0,384,178,20,3.2360000370193167,0.0
rl,dqn | LDPC-DiscreteMI-v0,384,178,21,3.2222749574829836,0.0
rl,dqn | LDPC-DiscreteMI-v0,384,178,22,2.76139881037142,0.0
rl,dqn | LDPC-DiscreteMI-v0,384,178,23,3.442610033609416,0.0
rl,dqn | LDPC-DiscreteMI-v0,384,178,24,3.2811779540646975,0.0
rl,dqn | LDPC-DiscreteMI-v0,384,178,25,3.2032894583700107,0.0
rl,dqn | LDPC-DiscreteMI-v0,384,178,26,3.453815854254601,0.0
rl,dqn | LDPC-DiscreteMI-v0,384,178,27,3.0453447750374796,0.0
rl,dqn | LDPC-DiscreteMI-v0,384,178,28,3.292616220827218,0.0
rl,dqn | LDPC-DiscreteMI-v0,384,178,29,2.9154131964206256,0.0
rl,dqn | LDPC-DiscreteMI-v0,384,178,30,3.7251216718933877,0.0
rl,dqn | LDPC-DiscreteMI-v0,384,178,31,2.7123109058337938,0.0
rl,dqn | LDPC-DiscreteMI-v0,384,178,32,3.474627586007141,0.0
rl,dqn | LDPC-DiscreteMI-v0,384,178,33,3.247631607646666,0.0
rl,dqn | LDPC-DiscreteMI-v0,384,178,34,3.273463668015157,0.0
rl,dqn | LDPC-DiscreteMI-v0,384,178,35,3.451907233481356,0.0
rl,dqn | LDPC-DiscreteMI-v0,384,178,36,3.405606111260804,0.0
rl,dqn | LDPC-DiscreteMI-v0,384,178,37,2.724438229561849,0.0
rl,dqn | LDPC-DiscreteMI-v0,384,178,38,3.451907233481356,0.0
rl,dqn | LDPC-DiscreteMI-v0,384,178,39,3.420547480030548,0.0
rl,dqn | LDPC-DiscreteMI-v0,384,178,40,3.100547795631275,0.0
rl,dqn | LDPC-DiscreteMI-v0,384,178,41,3.451907233481356,0.0
rl,dqn | LDPC-DiscreteMI-v0,384,179,0,4.422382544201729,0.0
rl,dqn | LDPC-DiscreteMI-v0,384,179,1,4.495454725657839,0.0
rl,dqn | LDPC-DiscreteMI-v0,384,179,2,4.188496883782267,0.0
rl,dqn | LDPC-DiscreteMI-v0,384,179,3,4.33732041807605,0.0
rl,dqn | LDPC-DiscreteMI-v0,384,179,4,4.484448396353051,0.0
rl,dqn | LDPC-DiscreteMI-v0,384,179,5,4.564420912067882,0.0
rl,dqn | LDPC-DiscreteMI-v0,384,179,6,4.810689074156299,0.0
rl,dqn | LDPC-DiscreteMI-v0,384,179,7,4.480438663490418,0.0
rl,dqn | LDPC-DiscreteMI-v0,384,179,8,4.256078479898369,0.0
rl,dqn | LDPC-DiscreteMI-v0,384,179,9,4.237996309493003,0.0
rl,dqn | LDPC-DiscreteMI-v0,384,179,10,4.439444854277895,0.0
rl,dqn | LDPC-DiscreteMI-v0,384,179,11,4.498064788514997,0.0
rl,dqn | LDPC-DiscreteMI-v0,384,179,12,4.332868510062275,0.0
rl,dqn | LDPC-DiscreteMI-v0,384,179,13,4.256536417921963,0.0
rl,dqn | LDPC-DiscreteMI-v0,384,179,14,4.34614957566409,0.0
rl,dqn | LDPC-DiscreteMI-v0,384,179,15,4.46147925891832,0.0
rl,dqn | LDPC-DiscreteMI-v0,384,179,16,4.457960200073542,0.0
rl,dqn | LDPC-DiscreteMI-v0,384,179,17,4.466473957251738,0.0
rl,dqn | LDPC-DiscreteMI-v0,384,179,18,4.465050199186734,0.0
rl,dqn | LDPC-DiscreteMI-v0,384,179,19,4.255153574979312,0.0
rl,dqn | LDPC-DiscreteMI-v0,384,179,20,3.2360000370193167,0.0
rl,dqn | LDPC-DiscreteMI-v0,384,179,21,3.2222749574829836,0.0
rl,dqn | LDPC-DiscreteMI-v0,384,179,22,2.76139881037142,0.0
rl,dqn | LDPC-DiscreteMI-v0,384,179,23,3.442610033609416,0.0
rl,dqn | LDPC-DiscreteMI-v0,384,179,24,3.2811779540646975,0.0
rl,dqn | LDPC-DiscreteMI-v0,384,179,25,3.2032894583700107,0.0
rl,dqn | LDPC-DiscreteMI-v0,384,179,26,3.453815854254601,0.0
rl,dqn | LDPC-DiscreteMI-v0,384,179,27,3.0453447750374796,0.0
rl,dqn | LDPC-DiscreteMI-v0,384,179,28,3.292616220827218,0.0
rl,dqn | LDPC-DiscreteMI-v0,384,179,29,2.9154131964206256,0.0
rl,dqn | LDPC-DiscreteMI-v0,384,179,30,3.7251216718933877,0.0
rl,dqn | LDPC-DiscreteMI-v0,384,179,31,2.7123109058337938,0.0
rl,dqn | LDPC-DiscreteMI-v0,384,179,32,3.474627586007141,0.0
rl,dqn | LDPC-DiscreteMI-v0,384,179,33,3.247631607646666,0.0
rl,dqn | LDPC-DiscreteMI-v0,384,179,34,3.273463668015157,0.0
rl,dqn | LDPC-DiscreteMI-v0,384,179,35,3.451907233481356,0.0
rl,dqn | LDPC-DiscreteMI-v0,384,179,36,3.405606111260804,0.0
rl,dqn | LDPC-DiscreteMI-v0,384,179,37,2.724438229561849,0.0
rl,dqn | LDPC-DiscreteMI-v0,384,179,38,3.451907233481356,0.0
rl,dqn | LDPC-DiscreteMI-v0,384,179,39,3.420547480030548,0.0
rl,dqn | LDPC-DiscreteMI-v0,384,179,40,3.100547795631275,0.0
rl,dqn | LDPC-DiscreteMI-v0,384,179,41,3.451907233481356,0.0
rl,dqn | LDPC-DiscreteMI-v0,384,180,0,4.422382544201729,0.0
rl,dqn | LDPC-DiscreteMI-v0,384,180,1,4.495454725657839,0.0
rl,dqn | LDPC-DiscreteMI-v0,384,180,2,4.188496883782267,0.0
rl,dqn | LDPC-DiscreteMI-v0,384,180,3,4.33732041807605,0.0
rl,dqn | LDPC-DiscreteMI-v0,384,180,4,4.484448396353051,0.0
rl,dqn | LDPC-DiscreteMI-v0,384,180,5,4.564420912067882,0.0
rl,dqn | LDPC-DiscreteMI-v0,384,180,6,4.810689074156299,0.0
rl,dqn | LDPC-DiscreteMI-v0,384,180,7,4.480438663490418,0.0
rl,dqn | LDPC-DiscreteMI-v0,384,180,8,4.256078479898369,0.0
rl,dqn | LDPC-DiscreteMI-v0,384,180,9,4.237996309493003,0.0
rl,dqn | LDPC-DiscreteMI-v0,384,180,10,4.439444854277895,0.0
rl,dqn | LDPC-DiscreteMI-v0,384,180,11,4.498064788514997,0.0
rl,dqn | LDPC-DiscreteMI-v0,384,180,12,4.332868510062275,0.0
rl,dqn | LDPC-DiscreteMI-v0,384,180,13,4.256536417921963,0.0
rl,dqn | LDPC-DiscreteMI-v0,384,180,14,4.34614957566409,0.0
rl,dqn | LDPC-DiscreteMI-v0,384,180,15,4.46147925891832,0.0
rl,dqn | LDPC-DiscreteMI-v0,384,180,16,4.457960200073542,0.0
rl,dqn | LDPC-DiscreteMI-v0,384,180,17,4.466473957251738,0.0
rl,dqn | LDPC-DiscreteMI-v0,384,180,18,4.465050199186734,0.0
rl,dqn | LDPC-DiscreteMI-v0,384,180,19,4.255153574979312,0.0
rl,dqn | LDPC-DiscreteMI-v0,384,180,20,3.2360000370193167,0.0
rl,dqn | LDPC-DiscreteMI-v0,384,180,21,3.2222749574829836,0.0
rl,dqn | LDPC-DiscreteMI-v0,384,180,22,2.76139881037142,0.0
rl,dqn | LDPC-DiscreteMI-v0,384,180,23,3.442610033609416,0.0
rl,dqn | LDPC-DiscreteMI-v0,384,180,24,3.2811779540646975,0.0
rl,dqn | LDPC-DiscreteMI-v0,384,180,25,3.2032894583700107,0.0
rl,dqn | LDPC-DiscreteMI-v0,384,180,26,3.453815854254601,0.0
rl,dqn | LDPC-DiscreteMI-v0,384,180,27,3.0453447750374796,0.0
rl,dqn | LDPC-DiscreteMI-v0,384,180,28,3.292616220827218,0.0
rl,dqn | LDPC-DiscreteMI-v0,384,180,29,2.9154131964206256,0.0
rl,dqn | LDPC-DiscreteMI-v0,384,180,30,3.7251216718933877,0.0
rl,dqn | LDPC-DiscreteMI-v0,384,180,31,2.7123109058337938,0.0
rl,dqn | LDPC-DiscreteMI-v0,384,180,32,3.474627586007141,0.0
rl,dqn | LDPC-DiscreteMI-v0,384,180,33,3.247631607646666,0.0
rl,dqn | LDPC-DiscreteMI-v0,384,180,34,3.273463668015157,0.0
rl,dqn | LDPC-DiscreteMI-v0,384,180,35,3.451907233481356,0.0
rl,dqn | LDPC-DiscreteMI-v0,384,180,36,3.405606111260804,0.0
rl,dqn | LDPC-DiscreteMI-v0,384,180,37,2.724438229561849,0.0
rl,dqn | LDPC-DiscreteMI-v0,384,180,38,3.451907233481356,0.0
rl,dqn | LDPC-DiscreteMI-v0,384,180,39,3.420547480030548,0.0
rl,dqn | LDPC-DiscreteMI-v0,384,180,40,3.100547795631275,0.0
rl,dqn | LDPC-DiscreteMI-v0,384,180,41,3.451907233481356,0.0
rl,dqn | LDPC-DiscreteMI-v0,384,181,0,4.422382544201729,0.0
rl,dqn | LDPC-DiscreteMI-v0,384,181,1,4.495454725657839,0.0
rl,dqn | LDPC-DiscreteMI-v0,384,181,2,4.188496883782267,0.0
rl,dqn | LDPC-DiscreteMI-v0,384,181,3,4.33732041807605,0.0
rl,dqn | LDPC-DiscreteMI-v0,384,181,4,4.484448396353051,0.0
rl,dqn | LDPC-DiscreteMI-v0,384,181,5,4.564420912067882,0.0
rl,dqn | LDPC-DiscreteMI-v0,384,181,6,4.810689074156299,0.0
rl,dqn | LDPC-DiscreteMI-v0,384,181,7,4.480438663490418,0.0
rl,dqn | LDPC-DiscreteMI-v0,384,181,8,4.256078479898369,0.0
rl,dqn | LDPC-DiscreteMI-v0,384,181,9,4.237996309493003,0.0
rl,dqn | LDPC-DiscreteMI-v0,384,181,10,4.439444854277895,0.0
rl,dqn | LDPC-DiscreteMI-v0,384,181,11,4.498064788514997,0.0
rl,dqn | LDPC-DiscreteMI-v0,384,181,12,4.332868510062275,0.0
rl,dqn | LDPC-DiscreteMI-v0,384,181,13,4.256536417921963,0.0
rl,dqn | LDPC-DiscreteMI-v0,384,181,14,4.34614957566409,0.0
rl,dqn | LDPC-DiscreteMI-v0,384,181,15,4.46147925891832,0.0
rl,dqn | LDPC-DiscreteMI-v0,384,181,16,4.457960200073542,0.0
rl,dqn | LDPC-DiscreteMI-v0,384,181,17,4.466473957251738,0.0
rl,dqn | LDPC-DiscreteMI-v0,384,181,18,4.465050199186734,0.0
rl,dqn | LDPC-DiscreteMI-v0,384,181,19,4.255153574979312,0.0
rl,dqn | LDPC-DiscreteMI-v0,384,181,20,3.2360000370193167,0.0
rl,dqn | LDPC-DiscreteMI-v0,384,181,21,3.2222749574829836,0.0
rl,dqn | LDPC-DiscreteMI-v0,384,181,22,2.76139881037142,0.0
rl,dqn | LDPC-DiscreteMI-v0,384,181,23,3.442610033609416,0.0
rl,dqn | LDPC-DiscreteMI-v0,384,181,24,3.2811779540646975,0.0
rl,dqn | LDPC-DiscreteMI-v0,384,181,25,3.2032894583700107,0.0
rl,dqn | LDPC-DiscreteMI-v0,384,181,26,3.453815854254601,0.0
rl,dqn | LDPC-DiscreteMI-v0,384,181,27,3.0453447750374796,0.0
rl,dqn | LDPC-DiscreteMI-v0,384,181,28,3.292616220827218,0.0
rl,dqn | LDPC-DiscreteMI-v0,384,181,29,2.9154131964206256,0.0
rl,dqn | LDPC-DiscreteMI-v0,384,181,30,3.7251216718933877,0.0
rl,dqn | LDPC-DiscreteMI-v0,384,181,31,2.7123109058337938,0.0
rl,dqn | LDPC-DiscreteMI-v0,384,181,32,3.474627586007141,0.0
rl,dqn | LDPC-DiscreteMI-v0,384,181,33,3.247631607646666,0.0
rl,dqn | LDPC-DiscreteMI-v0,384,181,34,3.273463668015157,0.0
rl,dqn | LDPC-DiscreteMI-v0,384,181,35,3.451907233481356,0.0
rl,dqn | LDPC-DiscreteMI-v0,384,181,36,3.405606111260804,0.0
rl,dqn | LDPC-DiscreteMI-v0,384,181,37,2.724438229561849,0.0
rl,dqn | LDPC-DiscreteMI-v0,384,181,38,3.451907233481356,0.0
rl,dqn | LDPC-DiscreteMI-v0,384,181,39,3.420547480030548,0.0
rl,dqn | LDPC-DiscreteMI-v0,384,181,40,3.100547795631275,0.0
rl,dqn | LDPC-DiscreteMI-v0,384,181,41,3.451907233481356,0.0
rl,dqn | LDPC-DiscreteMI-v0,384,182,0,4.422382544201729,0.0
rl,dqn | LDPC-DiscreteMI-v0,384,182,1,4.495454725657839,0.0
rl,dqn | LDPC-DiscreteMI-v0,384,182,2,4.188496883782267,0.0
rl,dqn | LDPC-DiscreteMI-v0,384,182,3,4.33732041807605,0.0
rl,dqn | LDPC-DiscreteMI-v0,384,182,4,4.484448396353051,0.0
rl,dqn | LDPC-DiscreteMI-v0,384,182,5,4.564420912067882,0.0
rl,dqn | LDPC-DiscreteMI-v0,384,182,6,4.810689074156299,0.0
rl,dqn | LDPC-DiscreteMI-v0,384,182,7,4.480438663490418,0.0
rl,dqn | LDPC-DiscreteMI-v0,384,182,8,4.256078479898369,0.0
rl,dqn | LDPC-DiscreteMI-v0,384,182,9,4.237996309493003,0.0
rl,dqn | LDPC-DiscreteMI-v0,384,182,10,4.439444854277895,0.0
rl,dqn | LDPC-DiscreteMI-v0,384,182,11,4.498064788514997,0.0
rl,dqn | LDPC-DiscreteMI-v0,384,182,12,4.332868510062275,0.0
rl,dqn | LDPC-DiscreteMI-v0,384,182,13,4.256536417921963,0.0
rl,dqn | LDPC-DiscreteMI-v0,384,182,14,4.34614957566409,0.0
rl,dqn | LDPC-DiscreteMI-v0,384,182,15,4.46147925891832,0.0
rl,dqn | LDPC-DiscreteMI-v0,384,182,16,4.457960200073542,0.0
rl,dqn | LDPC-DiscreteMI-v0,384,182,17,4.466473957251738,0.0
rl,dqn | LDPC-DiscreteMI-v0,384,182,18,4.465050199186734,0.0
rl,dqn | LDPC-DiscreteMI-v0,384,182,19,4.255153574979312,0.0
rl,dqn | LDPC-DiscreteMI-v0,384,182,20,3.2360000370193167,0.0
rl,dqn | LDPC-DiscreteMI-v0,384,182,21,3.2222749574829836,0.0
rl,dqn | LDPC-DiscreteMI-v0,384,182,22,2.76139881037142,0.0
rl,dqn | LDPC-DiscreteMI-v0,384,182,23,3.442610033609416,0.0
rl,dqn | LDPC-DiscreteMI-v0,384,182,24,3.2811779540646975,0.0
rl,dqn | LDPC-DiscreteMI-v0,384,182,25,3.2032894583700107,0.0
rl,dqn | LDPC-DiscreteMI-v0,384,182,26,3.453815854254601,0.0
rl,dqn | LDPC-DiscreteMI-v0,384,182,27,3.0453447750374796,0.0
rl,dqn | LDPC-DiscreteMI-v0,384,182,28,3.292616220827218,0.0
rl,dqn | LDPC-DiscreteMI-v0,384,182,29,2.9154131964206256,0.0
rl,dqn | LDPC-DiscreteMI-v0,384,182,30,3.7251216718933877,0.0
rl,dqn | LDPC-DiscreteMI-v0,384,182,31,2.7123109058337938,0.0
rl,dqn | LDPC-DiscreteMI-v0,384,182,32,3.474627586007141,0.0
rl,dqn | LDPC-DiscreteMI-v0,384,182,33,3.247631607646666,0.0
rl,dqn | LDPC-DiscreteMI-v0,384,182,34,3.273463668015157,0.0
rl,dqn | LDPC-DiscreteMI-v0,384,182,35,3.451907233481356,0.0
rl,dqn | LDPC-DiscreteMI-v0,384,182,36,3.405606111260804,0.0
rl,dqn | LDPC-DiscreteMI-v0,384,182,37,2.724438229561849,0.0
rl,dqn | LDPC-DiscreteMI-v0,384,182,38,3.451907233481356,0.0
rl,dqn | LDPC-DiscreteMI-v0,384,182,39,3.420547480030548,0.0
rl,dqn | LDPC-DiscreteMI-v0,384,182,40,3.100547795631275,0.0
rl,dqn | LDPC-DiscreteMI-v0,384,182,41,3.451907233481356,0.0
rl,dqn | LDPC-DiscreteMI-v0,384,183,0,4.422382544201729,0.0
rl,dqn | LDPC-DiscreteMI-v0,384,183,1,4.495454725657839,0.0
rl,dqn | LDPC-DiscreteMI-v0,384,183,2,4.188496883782267,0.0
rl,dqn | LDPC-DiscreteMI-v0,384,183,3,4.33732041807605,0.0
rl,dqn | LDPC-DiscreteMI-v0,384,183,4,4.484448396353051,0.0
rl,dqn | LDPC-DiscreteMI-v0,384,183,5,4.564420912067882,0.0
rl,dqn | LDPC-DiscreteMI-v0,384,183,6,4.810689074156299,0.0
rl,dqn | LDPC-DiscreteMI-v0,384,183,7,4.480438663490418,0.0
rl,dqn | LDPC-DiscreteMI-v0,384,183,8,4.256078479898369,0.0
rl,dqn | LDPC-DiscreteMI-v0,384,183,9,4.237996309493003,0.0
rl,dqn | LDPC-DiscreteMI-v0,384,183,10,4.439444854277895,0.0
rl,dqn | LDPC-DiscreteMI-v0,384,183,11,4.498064788514997,0.0
rl,dqn | LDPC-DiscreteMI-v0,384,183,12,4.332868510062275,0.0
rl,dqn | LDPC-DiscreteMI-v0,384,183,13,4.256536417921963,0.0
rl,dqn | LDPC-DiscreteMI-v0,384,183,14,4.34614957566409,0.0
rl,dqn | LDPC-DiscreteMI-v0,384,183,15,4.46147925891832,0.0
rl,dqn | LDPC-DiscreteMI-v0,384,183,16,4.457960200073542,0.0
rl,dqn | LDPC-DiscreteMI-v0,384,183,17,4.466473957251738,0.0
rl,dqn | LDPC-DiscreteMI-v0,384,183,18,4.465050199186734,0.0
rl,dqn | LDPC-DiscreteMI-v0,384,183,19,4.255153574979312,0.0
rl,dqn | LDPC-DiscreteMI-v0,384,183,20,3.2360000370193167,0.0
rl,dqn | LDPC-DiscreteMI-v0,384,183,21,3.2222749574829836,0.0
rl,dqn | LDPC-DiscreteMI-v0,384,183,22,2.76139881037142,0.0
rl,dqn | LDPC-DiscreteMI-v0,384,183,23,3.442610033609416,0.0
rl,dqn | LDPC-DiscreteMI-v0,384,183,24,3.2811779540646975,0.0
rl,dqn | LDPC-DiscreteMI-v0,384,183,25,3.2032894583700107,0.0
rl,dqn | LDPC-DiscreteMI-v0,384,183,26,3.453815854254601,0.0
rl,dqn | LDPC-DiscreteMI-v0,384,183,27,3.0453447750374796,0.0
rl,dqn | LDPC-DiscreteMI-v0,384,183,28,3.292616220827218,0.0
rl,dqn | LDPC-DiscreteMI-v0,384,183,29,2.9154131964206256,0.0
rl,dqn | LDPC-DiscreteMI-v0,384,183,30,3.7251216718933877,0.0
rl,dqn | LDPC-DiscreteMI-v0,384,183,31,2.7123109058337938,0.0
rl,dqn | LDPC-DiscreteMI-v0,384,183,32,3.474627586007141,0.0
rl,dqn | LDPC-DiscreteMI-v0,384,183,33,3.247631607646666,0.0
rl,dqn | LDPC-DiscreteMI-v0,384,183,34,3.273463668015157,0.0
rl,dqn | LDPC-DiscreteMI-v0,384,183,35,3.451907233481356,0.0
rl,dqn | LDPC-DiscreteMI-v0,384,183,36,3.405606111260804,0.0
rl,dqn | LDPC-DiscreteMI-v0,384,183,37,2.724438229561849,0.0
rl,dqn | LDPC-DiscreteMI-v0,384,183,38,3.451907233481356,0.0
rl,dqn | LDPC-DiscreteMI-v0,384,183,39,3.420547480030548,0.0
rl,dqn | LDPC-DiscreteMI-v0,384,183,40,3.100547795631275,0.0
rl,dqn | LDPC-DiscreteMI-v0,384,183,41,3.451907233481356,0.0
rl,dqn | LDPC-DiscreteMI-v0,384,184,0,4.422382544201729,0.0
rl,dqn | LDPC-DiscreteMI-v0,384,184,1,4.495454725657839,0.0
rl,dqn | LDPC-DiscreteMI-v0,384,184,2,4.188496883782267,0.0
rl,dqn | LDPC-DiscreteMI-v0,384,184,3,4.33732041807605,0.0
rl,dqn | LDPC-DiscreteMI-v0,384,184,4,4.484448396353051,0.0
rl,dqn | LDPC-DiscreteMI-v0,384,184,5,4.564420912067882,0.0
rl,dqn | LDPC-DiscreteMI-v0,384,184,6,4.810689074156299,0.0
rl,dqn | LDPC-DiscreteMI-v0,384,184,7,4.480438663490418,0.0
rl,dqn | LDPC-DiscreteMI-v0,384,184,8,4.256078479898369,0.0
rl,dqn | LDPC-DiscreteMI-v0,384,184,9,4.237996309493003,0.0
rl,dqn | LDPC-DiscreteMI-v0,384,184,10,4.439444854277895,0.0
rl,dqn | LDPC-DiscreteMI-v0,384,184,11,4.498064788514997,0.0
rl,dqn | LDPC-DiscreteMI-v0,384,184,12,4.332868510062275,0.0
rl,dqn | LDPC-DiscreteMI-v0,384,184,13,4.256536417921963,0.0
rl,dqn | LDPC-DiscreteMI-v0,384,184,14,4.34614957566409,0.0
rl,dqn | LDPC-DiscreteMI-v0,384,184,15,4.46147925891832,0.0
rl,dqn | LDPC-DiscreteMI-v0,384,184,16,4.457960200073542,0.0
rl,dqn | LDPC-DiscreteMI-v0,384,184,17,4.466473957251738,0.0
rl,dqn | LDPC-DiscreteMI-v0,384,184,18,4.465050199186734,0.0
rl,dqn | LDPC-DiscreteMI-v0,384,184,19,4.255153574979312,0.0
rl,dqn | LDPC-DiscreteMI-v0,384,184,20,3.2360000370193167,0.0
rl,dqn | LDPC-DiscreteMI-v0,384,184,21,3.2222749574829836,0.0
rl,dqn | LDPC-DiscreteMI-v0,384,184,22,2.76139881037142,0.0
rl,dqn | LDPC-DiscreteMI-v0,384,184,23,3.442610033609416,0.0
rl,dqn | LDPC-DiscreteMI-v0,384,184,24,3.2811779540646975,0.0
rl,dqn | LDPC-DiscreteMI-v0,384,184,25,3.2032894583700107,0.0
rl,dqn | LDPC-DiscreteMI-v0,384,184,26,3.453815854254601,0.0
rl,dqn | LDPC-DiscreteMI-v0,384,184,27,3.0453447750374796,0.0
rl,dqn | LDPC-DiscreteMI-v0,384,184,28,3.292616220827218,0.0
rl,dqn | LDPC-DiscreteMI-v0,384,184,29,2.9154131964206256,0.0
rl,dqn | LDPC-DiscreteMI-v0,384,184,30,3.7251216718933877,0.0
rl,dqn | LDPC-DiscreteMI-v0,384,184,31,2.7123109058337938,0.0
rl,dqn | LDPC-DiscreteMI-v0,384,184,32,3.474627586007141,0.0
rl,dqn | LDPC-DiscreteMI-v0,384,184,33,3.247631607646666,0.0
rl,dqn | LDPC-DiscreteMI-v0,384,184,34,3.273463668015157,0.0
rl,dqn | LDPC-DiscreteMI-v0,384,184,35,3.451907233481356,0.0
rl,dqn | LDPC-DiscreteMI-v0,384,184,36,3.405606111260804,0.0
rl,dqn | LDPC-DiscreteMI-v0,384,184,37,2.724438229561849,0.0
rl,dqn | LDPC-DiscreteMI-v0,384,184,38,3.451907233481356,0.0
rl,dqn | LDPC-DiscreteMI-v0,384,184,39,3.420547480030548,0.0
rl,dqn | LDPC-DiscreteMI-v0,384,184,40,3.100547795631275,0.0
rl,dqn | LDPC-DiscreteMI-v0,384,184,41,3.451907233481356,0.0
rl,dqn | LDPC-DiscreteMI-v0,384,185,0,4.422382544201729,0.0
rl,dqn | LDPC-DiscreteMI-v0,384,185,1,4.495454725657839,0.0
rl,dqn | LDPC-DiscreteMI-v0,384,185,2,4.188496883782267,0.0
rl,dqn | LDPC-DiscreteMI-v0,384,185,3,4.33732041807605,0.0
rl,dqn | LDPC-DiscreteMI-v0,384,185,4,4.484448396353051,0.0
rl,dqn | LDPC-DiscreteMI-v0,384,185,5,4.564420912067882,0.0
rl,dqn | LDPC-DiscreteMI-v0,384,185,6,4.810689074156299,0.0
rl,dqn | LDPC-DiscreteMI-v0,384,185,7,4.480438663490418,0.0
rl,dqn | LDPC-DiscreteMI-v0,384,185,8,4.256078479898369,0.0
rl,dqn | LDPC-DiscreteMI-v0,384,185,9,4.237996309493003,0.0
rl,dqn | LDPC-DiscreteMI-v0,384,185,10,4.439444854277895,0.0
rl,dqn | LDPC-DiscreteMI-v0,384,185,11,4.498064788514997,0.0
rl,dqn | LDPC-DiscreteMI-v0,384,185,12,4.332868510062275,0.0
rl,dqn | LDPC-DiscreteMI-v0,384,185,13,4.256536417921963,0.0
rl,dqn | LDPC-DiscreteMI-v0,384,185,14,4.34614957566409,0.0
rl,dqn | LDPC-DiscreteMI-v0,384,185,15,4.46147925891832,0.0
rl,dqn | LDPC-DiscreteMI-v0,384,185,16,4.457960200073542,0.0
rl,dqn | LDPC-DiscreteMI-v0,384,185,17,4.466473957251738,0.0
rl,dqn | LDPC-DiscreteMI-v0,384,185,18,4.465050199186734,0.0
rl,dqn | LDPC-DiscreteMI-v0,384,185,19,4.255153574979312,0.0
rl,dqn | LDPC-DiscreteMI-v0,384,185,20,3.2360000370193167,0.0
rl,dqn | LDPC-DiscreteMI-v0,384,185,21,3.2222749574829836,0.0
rl,dqn | LDPC-DiscreteMI-v0,384,185,22,2.76139881037142,0.0
rl,dqn | LDPC-DiscreteMI-v0,384,185,23,3.442610033609416,0.0
rl,dqn | LDPC-DiscreteMI-v0,384,185,24,3.2811779540646975,0.0
rl,dqn | LDPC-DiscreteMI-v0,384,185,25,3.2032894583700107,0.0
rl,dqn | LDPC-DiscreteMI-v0,384,185,26,3.453815854254601,0.0
rl,dqn | LDPC-DiscreteMI-v0,384,185,27,3.0453447750374796,0.0
rl,dqn | LDPC-DiscreteMI-v0,384,185,28,3.292616220827218,0.0
rl,dqn | LDPC-DiscreteMI-v0,384,185,29,2.9154131964206256,0.0
rl,dqn | LDPC-DiscreteMI-v0,384,185,30,3.7251216718933877,0.0
rl,dqn | LDPC-DiscreteMI-v0,384,185,31,2.7123109058337938,0.0
rl,dqn | LDPC-DiscreteMI-v0,384,185,32,3.474627586007141,0.0
rl,dqn | LDPC-DiscreteMI-v0,384,185,33,3.247631607646666,0.0
rl,dqn | LDPC-DiscreteMI-v0,384,185,34,3.273463668015157,0.0
rl,dqn | LDPC-DiscreteMI-v0,384,185,35,3.451907233481356,0.0
rl,dqn | LDPC-DiscreteMI-v0,384,185,36,3.405606111260804,0.0
rl,dqn | LDPC-DiscreteMI-v0,384,185,37,2.724438229561849,0.0
rl,dqn | LDPC-DiscreteMI-v0,384,185,38,3.451907233481356,0.0
rl,dqn | LDPC-DiscreteMI-v0,384,185,39,3.420547480030548,0.0
rl,dqn | LDPC-DiscreteMI-v0,384,185,40,3.100547795631275,0.0
rl,dqn | LDPC-DiscreteMI-v0,384,185,41,3.451907233481356,0.0
rl,dqn | LDPC-DiscreteMI-v0,384,186,0,4.422382544201729,0.0
rl,dqn | LDPC-DiscreteMI-v0,384,186,1,4.495454725657839,0.0
rl,dqn | LDPC-DiscreteMI-v0,384,186,2,4.188496883782267,0.0
rl,dqn | LDPC-DiscreteMI-v0,384,186,3,4.33732041807605,0.0
rl,dqn | LDPC-DiscreteMI-v0,384,186,4,4.484448396353051,0.0
rl,dqn | LDPC-DiscreteMI-v0,384,186,5,4.564420912067882,0.0
rl,dqn | LDPC-DiscreteMI-v0,384,186,6,4.810689074156299,0.0
rl,dqn | LDPC-DiscreteMI-v0,384,186,7,4.480438663490418,0.0
rl,dqn | LDPC-DiscreteMI-v0,384,186,8,4.256078479898369,0.0
rl,dqn | LDPC-DiscreteMI-v0,384,186,9,4.237996309493003,0.0
rl,dqn | LDPC-DiscreteMI-v0,384,186,10,4.439444854277895,0.0
rl,dqn | LDPC-DiscreteMI-v0,384,186,11,4.498064788514997,0.0
rl,dqn | LDPC-DiscreteMI-v0,384,186,12,4.332868510062275,0.0
rl,dqn | LDPC-DiscreteMI-v0,384,186,13,4.256536417921963,0.0
rl,dqn | LDPC-DiscreteMI-v0,384,186,14,4.34614957566409,0.0
rl,dqn | LDPC-DiscreteMI-v0,384,186,15,4.46147925891832,0.0
rl,dqn | LDPC-DiscreteMI-v0,384,186,16,4.457960200073542,0.0
rl,dqn | LDPC-DiscreteMI-v0,384,186,17,4.466473957251738,0.0
rl,dqn | LDPC-DiscreteMI-v0,384,186,18,4.465050199186734,0.0
rl,dqn | LDPC-DiscreteMI-v0,384,186,19,4.255153574979312,0.0
rl,dqn | LDPC-DiscreteMI-v0,384,186,20,3.2360000370193167,0.0
rl,dqn | LDPC-DiscreteMI-v0,384,186,21,3.2222749574829836,0.0
rl,dqn | LDPC-DiscreteMI-v0,384,186,22,2.76139881037142,0.0
rl,dqn | LDPC-DiscreteMI-v0,384,186,23,3.442610033609416,0.0
rl,dqn | LDPC-DiscreteMI-v0,384,186,24,3.2811779540646975,0.0
rl,dqn | LDPC-DiscreteMI-v0,384,186,25,3.2032894583700107,0.0
rl,dqn | LDPC-DiscreteMI-v0,384,186,26,3.453815854254601,0.0
rl,dqn | LDPC-DiscreteMI-v0,384,186,27,3.0453447750374796,0.0
rl,dqn | LDPC-DiscreteMI-v0,384,186,28,3.292616220827218,0.0
rl,dqn | LDPC-DiscreteMI-v0,384,186,29,2.9154131964206256,0.0
rl,dqn | LDPC-DiscreteMI-v0,384,186,30,3.7251216718933877,0.0
rl,dqn | LDPC-DiscreteMI-v0,384,186,31,2.7123109058337938,0.0
rl,dqn | LDPC-DiscreteMI-v0,384,186,32,3.474627586007141,0.0
rl,dqn | LDPC-DiscreteMI-v0,384,186,33,3.247631607646666,0.0
rl,dqn | LDPC-DiscreteMI-v0,384,186,34,3.273463668015157,0.0
rl,dqn | LDPC-DiscreteMI-v0,384,186,35,3.451907233481356,0.0
rl,dqn | LDPC-DiscreteMI-v0,384,186,36,3.405606111260804,0.0
rl,dqn | LDPC-DiscreteMI-v0,384,186,37,2.724438229561849,0.0
rl,dqn | LDPC-DiscreteMI-v0,384,186,38,3.451907233481356,0.0
rl,dqn | LDPC-DiscreteMI-v0,384,186,39,3.420547480030548,0.0
rl,dqn | LDPC-DiscreteMI-v0,384,186,40,3.100547795631275,0.0
rl,dqn | LDPC-DiscreteMI-v0,384,186,41,3.451907233481356,0.0
rl,dqn | LDPC-DiscreteMI-v0,384,187,0,4.422382544201729,0.0
rl,dqn | LDPC-DiscreteMI-v0,384,187,1,4.495454725657839,0.0
rl,dqn | LDPC-DiscreteMI-v0,384,187,2,4.188496883782267,0.0
rl,dqn | LDPC-DiscreteMI-v0,384,187,3,4.33732041807605,0.0
rl,dqn | LDPC-DiscreteMI-v0,384,187,4,4.484448396353051,0.0
rl,dqn | LDPC-DiscreteMI-v0,384,187,5,4.564420912067882,0.0
rl,dqn | LDPC-DiscreteMI-v0,384,187,6,4.810689074156299,0.0
rl,dqn | LDPC-DiscreteMI-v0,384,187,7,4.480438663490418,0.0
rl,dqn | LDPC-DiscreteMI-v0,384,187,8,4.256078479898369,0.0
rl,dqn | LDPC-DiscreteMI-v0,384,187,9,4.237996309493003,0.0
rl,dqn | LDPC-DiscreteMI-v0,384,187,10,4.439444854277895,0.0
rl,dqn | LDPC-DiscreteMI-v0,384,187,11,4.498064788514997,0.0
rl,dqn | LDPC-DiscreteMI-v0,384,187,12,4.332868510062275,0.0
rl,dqn | LDPC-DiscreteMI-v0,384,187,13,4.256536417921963,0.0
rl,dqn | LDPC-DiscreteMI-v0,384,187,14,4.34614957566409,0.0
rl,dqn | LDPC-DiscreteMI-v0,384,187,15,4.46147925891832,0.0
rl,dqn | LDPC-DiscreteMI-v0,384,187,16,4.457960200073542,0.0
rl,dqn | LDPC-DiscreteMI-v0,384,187,17,4.466473957251738,0.0
rl,dqn | LDPC-DiscreteMI-v0,384,187,18,4.465050199186734,0.0
rl,dqn | LDPC-DiscreteMI-v0,384,187,19,4.255153574979312,0.0
rl,dqn | LDPC-DiscreteMI-v0,384,187,20,3.2360000370193167,0.0
rl,dqn | LDPC-DiscreteMI-v0,384,187,21,3.2222749574829836,0.0
rl,dqn | LDPC-DiscreteMI-v0,384,187,22,2.76139881037142,0.0
rl,dqn | LDPC-DiscreteMI-v0,384,187,23,3.442610033609416,0.0
rl,dqn | LDPC-DiscreteMI-v0,384,187,24,3.2811779540646975,0.0
rl,dqn | LDPC-DiscreteMI-v0,384,187,25,3.2032894583700107,0.0
rl,dqn | LDPC-DiscreteMI-v0,384,187,26,3.453815854254601,0.0
rl,dqn | LDPC-DiscreteMI-v0,384,187,27,3.0453447750374796,0.0
rl,dqn | LDPC-DiscreteMI-v0,384,187,28,3.292616220827218,0.0
rl,dqn | LDPC-DiscreteMI-v0,384,187,29,2.9154131964206256,0.0
rl,dqn | LDPC-DiscreteMI-v0,384,187,30,3.7251216718933877,0.0
rl,dqn | LDPC-DiscreteMI-v0,384,187,31,2.7123109058337938,0.0
rl,dqn | LDPC-DiscreteMI-v0,384,187,32,3.474627586007141,0.0
rl,dqn | LDPC-DiscreteMI-v0,384,187,33,3.247631607646666,0.0
rl,dqn | LDPC-DiscreteMI-v0,384,187,34,3.273463668015157,0.0
rl,dqn | LDPC-DiscreteMI-v0,384,187,35,3.451907233481356,0.0
rl,dqn | LDPC-DiscreteMI-v0,384,187,36,3.405606111260804,0.0
rl,dqn | LDPC-DiscreteMI-v0,384,187,37,2.724438229561849,0.0
rl,dqn | LDPC-DiscreteMI-v0,384,187,38,3.451907233481356,0.0
rl,dqn | LDPC-DiscreteMI-v0,384,187,39,3.420547480030548,0.0
rl,dqn | LDPC-DiscreteMI-v0,384,187,40,3.100547795631275,0.0
rl,dqn | LDPC-DiscreteMI-v0,384,187,41,3.451907233481356,0.0
rl,dqn | LDPC-DiscreteMI-v0,384,188,0,4.422382544201729,0.0
rl,dqn | LDPC-DiscreteMI-v0,384,188,1,4.495454725657839,0.0
rl,dqn | LDPC-DiscreteMI-v0,384,188,2,4.188496883782267,0.0
rl,dqn | LDPC-DiscreteMI-v0,384,188,3,4.33732041807605,0.0
rl,dqn | LDPC-DiscreteMI-v0,384,188,4,4.484448396353051,0.0
rl,dqn | LDPC-DiscreteMI-v0,384,188,5,4.564420912067882,0.0
rl,dqn | LDPC-DiscreteMI-v0,384,188,6,4.810689074156299,0.0
rl,dqn | LDPC-DiscreteMI-v0,384,188,7,4.480438663490418,0.0
rl,dqn | LDPC-DiscreteMI-v0,384,188,8,4.256078479898369,0.0
rl,dqn | LDPC-DiscreteMI-v0,384,188,9,4.237996309493003,0.0
rl,dqn | LDPC-DiscreteMI-v0,384,188,10,4.439444854277895,0.0
rl,dqn | LDPC-DiscreteMI-v0,384,188,11,4.498064788514997,0.0
rl,dqn | LDPC-DiscreteMI-v0,384,188,12,4.332868510062275,0.0
rl,dqn | LDPC-DiscreteMI-v0,384,188,13,4.256536417921963,0.0
rl,dqn | LDPC-DiscreteMI-v0,384,188,14,4.34614957566409,0.0
rl,dqn | LDPC-DiscreteMI-v0,384,188,15,4.46147925891832,0.0
rl,dqn | LDPC-DiscreteMI-v0,384,188,16,4.457960200073542,0.0
rl,dqn | LDPC-DiscreteMI-v0,384,188,17,4.466473957251738,0.0
rl,dqn | LDPC-DiscreteMI-v0,384,188,18,4.465050199186734,0.0
rl,dqn | LDPC-DiscreteMI-v0,384,188,19,4.255153574979312,0.0
rl,dqn | LDPC-DiscreteMI-v0,384,188,20,3.2360000370193167,0.0
rl,dqn | LDPC-DiscreteMI-v0,384,188,21,3.2222749574829836,0.0
rl,dqn | LDPC-DiscreteMI-v0,384,188,22,2.76139881037142,0.0
rl,dqn | LDPC-DiscreteMI-v0,384,188,23,3.442610033609416,0.0
rl,dqn | LDPC-DiscreteMI-v0,384,188,24,3.2811779540646975,0.0
rl,dqn | LDPC-DiscreteMI-v0,384,188,25,3.2032894583700107,0.0
rl,dqn | LDPC-DiscreteMI-v0,384,188,26,3.453815854254601,0.0
rl,dqn | LDPC-DiscreteMI-v0,384,188,27,3.0453447750374796,0.0
rl,dqn | LDPC-DiscreteMI-v0,384,188,28,3.292616220827218,0.0
rl,dqn | LDPC-DiscreteMI-v0,384,188,29,2.9154131964206256,0.0
rl,dqn | LDPC-DiscreteMI-v0,384,188,30,3.7251216718933877,0.0
rl,dqn | LDPC-DiscreteMI-v0,384,188,31,2.7123109058337938,0.0
rl,dqn | LDPC-DiscreteMI-v0,384,188,32,3.474627586007141,0.0
rl,dqn | LDPC-DiscreteMI-v0,384,188,33,3.247631607646666,0.0
rl,dqn | LDPC-DiscreteMI-v0,384,188,34,3.273463668015157,0.0
rl,dqn | LDPC-DiscreteMI-v0,384,188,35,3.451907233481356,0.0
rl,dqn | LDPC-DiscreteMI-v0,384,188,36,3.405606111260804,0.0
rl,dqn | LDPC-DiscreteMI-v0,384,188,37,2.724438229561849,0.0
rl,dqn | LDPC-DiscreteMI-v0,384,188,38,3.451907233481356,0.0
rl,dqn | LDPC-DiscreteMI-v0,384,188,39,3.420547480030548,0.0
rl,dqn | LDPC-DiscreteMI-v0,384,188,40,3.100547795631275,0.0
rl,dqn | LDPC-DiscreteMI-v0,384,188,41,3.451907233481356,0.0
rl,dqn | LDPC-DiscreteMI-v0,384,189,0,4.422382544201729,0.0
rl,dqn | LDPC-DiscreteMI-v0,384,189,1,4.495454725657839,0.0
rl,dqn | LDPC-DiscreteMI-v0,384,189,2,4.188496883782267,0.0
rl,dqn | LDPC-DiscreteMI-v0,384,189,3,4.33732041807605,0.0
rl,dqn | LDPC-DiscreteMI-v0,384,189,4,4.484448396353051,0.0
rl,dqn | LDPC-DiscreteMI-v0,384,189,5,4.564420912067882,0.0
rl,dqn | LDPC-DiscreteMI-v0,384,189,6,4.810689074156299,0.0
rl,dqn | LDPC-DiscreteMI-v0,384,189,7,4.480438663490418,0.0
rl,dqn | LDPC-DiscreteMI-v0,384,189,8,4.256078479898369,0.0
rl,dqn | LDPC-DiscreteMI-v0,384,189,9,4.237996309493003,0.0
rl,dqn | LDPC-DiscreteMI-v0,384,189,10,4.439444854277895,0.0
rl,dqn | LDPC-DiscreteMI-v0,384,189,11,4.498064788514997,0.0
rl,dqn | LDPC-DiscreteMI-v0,384,189,12,4.332868510062275,0.0
rl,dqn | LDPC-DiscreteMI-v0,384,189,13,4.256536417921963,0.0
rl,dqn | LDPC-DiscreteMI-v0,384,189,14,4.34614957566409,0.0
rl,dqn | LDPC-DiscreteMI-v0,384,189,15,4.46147925891832,0.0
rl,dqn | LDPC-DiscreteMI-v0,384,189,16,4.457960200073542,0.0
rl,dqn | LDPC-DiscreteMI-v0,384,189,17,4.466473957251738,0.0
rl,dqn | LDPC-DiscreteMI-v0,384,189,18,4.465050199186734,0.0
rl,dqn | LDPC-DiscreteMI-v0,384,189,19,4.255153574979312,0.0
rl,dqn | LDPC-DiscreteMI-v0,384,189,20,3.2360000370193167,0.0
rl,dqn | LDPC-DiscreteMI-v0,384,189,21,3.2222749574829836,0.0
rl,dqn | LDPC-DiscreteMI-v0,384,189,22,2.76139881037142,0.0
rl,dqn | LDPC-DiscreteMI-v0,384,189,23,3.442610033609416,0.0
rl,dqn | LDPC-DiscreteMI-v0,384,189,24,3.2811779540646975,0.0
rl,dqn | LDPC-DiscreteMI-v0,384,189,25,3.2032894583700107,0.0
rl,dqn | LDPC-DiscreteMI-v0,384,189,26,3.453815854254601,0.0
rl,dqn | LDPC-DiscreteMI-v0,384,189,27,3.0453447750374796,0.0
rl,dqn | LDPC-DiscreteMI-v0,384,189,28,3.292616220827218,0.0
rl,dqn | LDPC-DiscreteMI-v0,384,189,29,2.9154131964206256,0.0
rl,dqn | LDPC-DiscreteMI-v0,384,189,30,3.7251216718933877,0.0
rl,dqn | LDPC-DiscreteMI-v0,384,189,31,2.7123109058337938,0.0
rl,dqn | LDPC-DiscreteMI-v0,384,189,32,3.474627586007141,0.0
rl,dqn | LDPC-DiscreteMI-v0,384,189,33,3.247631607646666,0.0
rl,dqn | LDPC-DiscreteMI-v0,384,189,34,3.273463668015157,0.0
rl,dqn | LDPC-DiscreteMI-v0,384,189,35,3.451907233481356,0.0
rl,dqn | LDPC-DiscreteMI-v0,384,189,36,3.405606111260804,0.0
rl,dqn | LDPC-DiscreteMI-v0,384,189,37,2.724438229561849,0.0
rl,dqn | LDPC-DiscreteMI-v0,384,189,38,3.451907233481356,0.0
rl,dqn | LDPC-DiscreteMI-v0,384,189,39,3.420547480030548,0.0
rl,dqn | LDPC-DiscreteMI-v0,384,189,40,3.100547795631275,0.0
rl,dqn | LDPC-DiscreteMI-v0,384,189,41,3.451907233481356,0.0
rl,dqn | LDPC-DiscreteMI-v0,384,190,0,4.422382544201729,0.0
rl,dqn | LDPC-DiscreteMI-v0,384,190,1,4.495454725657839,0.0
rl,dqn | LDPC-DiscreteMI-v0,384,190,2,4.188496883782267,0.0
rl,dqn | LDPC-DiscreteMI-v0,384,190,3,4.33732041807605,0.0
rl,dqn | LDPC-DiscreteMI-v0,384,190,4,4.484448396353051,0.0
rl,dqn | LDPC-DiscreteMI-v0,384,190,5,4.564420912067882,0.0
rl,dqn | LDPC-DiscreteMI-v0,384,190,6,4.810689074156299,0.0
rl,dqn | LDPC-DiscreteMI-v0,384,190,7,4.480438663490418,0.0
rl,dqn | LDPC-DiscreteMI-v0,384,190,8,4.256078479898369,0.0
rl,dqn | LDPC-DiscreteMI-v0,384,190,9,4.237996309493003,0.0
rl,dqn | LDPC-DiscreteMI-v0,384,190,10,4.439444854277895,0.0
rl,dqn | LDPC-DiscreteMI-v0,384,190,11,4.498064788514997,0.0
rl,dqn | LDPC-DiscreteMI-v0,384,190,12,4.332868510062275,0.0
rl,dqn | LDPC-DiscreteMI-v0,384,190,13,4.256536417921963,0.0
rl,dqn | LDPC-DiscreteMI-v0,384,190,14,4.34614957566409,0.0
rl,dqn | LDPC-DiscreteMI-v0,384,190,15,4.46147925891832,0.0
rl,dqn | LDPC-DiscreteMI-v0,384,190,16,4.457960200073542,0.0
rl,dqn | LDPC-DiscreteMI-v0,384,190,17,4.466473957251738,0.0
rl,dqn | LDPC-DiscreteMI-v0,384,190,18,4.465050199186734,0.0
rl,dqn | LDPC-DiscreteMI-v0,384,190,19,4.255153574979312,0.0
rl,dqn | LDPC-DiscreteMI-v0,384,190,20,3.2360000370193167,0.0
rl,dqn | LDPC-DiscreteMI-v0,384,190,21,3.2222749574829836,0.0
rl,dqn | LDPC-DiscreteMI-v0,384,190,22,2.76139881037142,0.0
rl,dqn | LDPC-DiscreteMI-v0,384,190,23,3.442610033609416,0.0
rl,dqn | LDPC-DiscreteMI-v0,384,190,24,3.2811779540646975,0.0
rl,dqn | LDPC-DiscreteMI-v0,384,190,25,3.2032894583700107,0.0
rl,dqn | LDPC-DiscreteMI-v0,384,190,26,3.453815854254601,0.0
rl,dqn | LDPC-DiscreteMI-v0,384,190,27,3.0453447750374796,0.0
rl,dqn | LDPC-DiscreteMI-v0,384,190,28,3.292616220827218,0.0
rl,dqn | LDPC-DiscreteMI-v0,384,190,29,2.9154131964206256,0.0
rl,dqn | LDPC-DiscreteMI-v0,384,190,30,3.7251216718933877,0.0
rl,dqn | LDPC-DiscreteMI-v0,384,190,31,2.7123109058337938,0.0
rl,dqn | LDPC-DiscreteMI-v0,384,190,32,3.474627586007141,0.0
rl,dqn | LDPC-DiscreteMI-v0,384,190,33,3.247631607646666,0.0
rl,dqn | LDPC-DiscreteMI-v0,384,190,34,3.273463668015157,0.0
rl,dqn | LDPC-DiscreteMI-v0,384,190,35,3.451907233481356,0.0
rl,dqn | LDPC-DiscreteMI-v0,384,190,36,3.405606111260804,0.0
rl,dqn | LDPC-DiscreteMI-v0,384,190,37,2.724438229561849,0.0
rl,dqn | LDPC-DiscreteMI-v0,384,190,38,3.451907233481356,0.0
rl,dqn | LDPC-DiscreteMI-v0,384,190,39,3.420547480030548,0.0
rl,dqn | LDPC-DiscreteMI-v0,384,190,40,3.100547795631275,0.0
rl,dqn | LDPC-DiscreteMI-v0,384,190,41,3.451907233481356,0.0
rl,dqn | LDPC-DiscreteMI-v0,384,191,0,4.422382544201729,0.0
rl,dqn | LDPC-DiscreteMI-v0,384,191,1,4.495454725657839,0.0
rl,dqn | LDPC-DiscreteMI-v0,384,191,2,4.188496883782267,0.0
rl,dqn | LDPC-DiscreteMI-v0,384,191,3,4.33732041807605,0.0
rl,dqn | LDPC-DiscreteMI-v0,384,191,4,4.484448396353051,0.0
rl,dqn | LDPC-DiscreteMI-v0,384,191,5,4.564420912067882,0.0
rl,dqn | LDPC-DiscreteMI-v0,384,191,6,4.810689074156299,0.0
rl,dqn | LDPC-DiscreteMI-v0,384,191,7,4.480438663490418,0.0
rl,dqn | LDPC-DiscreteMI-v0,384,191,8,4.256078479898369,0.0
rl,dqn | LDPC-DiscreteMI-v0,384,191,9,4.237996309493003,0.0
rl,dqn | LDPC-DiscreteMI-v0,384,191,10,4.439444854277895,0.0
rl,dqn | LDPC-DiscreteMI-v0,384,191,11,4.498064788514997,0.0
rl,dqn | LDPC-DiscreteMI-v0,384,191,12,4.332868510062275,0.0
rl,dqn | LDPC-DiscreteMI-v0,384,191,13,4.256536417921963,0.0
rl,dqn | LDPC-DiscreteMI-v0,384,191,14,4.34614957566409,0.0
rl,dqn | LDPC-DiscreteMI-v0,384,191,15,4.46147925891832,0.0
rl,dqn | LDPC-DiscreteMI-v0,384,191,16,4.457960200073542,0.0
rl,dqn | LDPC-DiscreteMI-v0,384,191,17,4.466473957251738,0.0
rl,dqn | LDPC-DiscreteMI-v0,384,191,18,4.465050199186734,0.0
rl,dqn | LDPC-DiscreteMI-v0,384,191,19,4.255153574979312,0.0
rl,dqn | LDPC-DiscreteMI-v0,384,191,20,3.2360000370193167,0.0
rl,dqn | LDPC-DiscreteMI-v0,384,191,21,3.2222749574829836,0.0
rl,dqn | LDPC-DiscreteMI-v0,384,191,22,2.76139881037142,0.0
rl,dqn | LDPC-DiscreteMI-v0,384,191,23,3.442610033609416,0.0
rl,dqn | LDPC-DiscreteMI-v0,384,191,24,3.2811779540646975,0.0
rl,dqn | LDPC-DiscreteMI-v0,384,191,25,3.2032894583700107,0.0
rl,dqn | LDPC-DiscreteMI-v0,384,191,26,3.453815854254601,0.0
rl,dqn | LDPC-DiscreteMI-v0,384,191,27,3.0453447750374796,0.0
rl,dqn | LDPC-DiscreteMI-v0,384,191,28,3.292616220827218,0.0
rl,dqn | LDPC-DiscreteMI-v0,384,191,29,2.9154131964206256,0.0
rl,dqn | LDPC-DiscreteMI-v0,384,191,30,3.7251216718933877,0.0
rl,dqn | LDPC-DiscreteMI-v0,384,191,31,2.7123109058337938,0.0
rl,dqn | LDPC-DiscreteMI-v0,384,191,32,3.474627586007141,0.0
rl,dqn | LDPC-DiscreteMI-v0,384,191,33,3.247631607646666,0.0
rl,dqn | LDPC-DiscreteMI-v0,384,191,34,3.273463668015157,0.0
rl,dqn | LDPC-DiscreteMI-v0,384,191,35,3.451907233481356,0.0
rl,dqn | LDPC-DiscreteMI-v0,384,191,36,3.405606111260804,0.0
rl,dqn | LDPC-DiscreteMI-v0,384,191,37,2.724438229561849,0.0
rl,dqn | LDPC-DiscreteMI-v0,384,191,38,3.451907233481356,0.0
rl,dqn | LDPC-DiscreteMI-v0,384,191,39,3.420547480030548,0.0
rl,dqn | LDPC-DiscreteMI-v0,384,191,40,3.100547795631275,0.0
rl,dqn | LDPC-DiscreteMI-v0,384,191,41,3.451907233481356,0.0
rl,dqn | LDPC-DiscreteMI-v0,384,192,0,4.422382544201729,0.0
rl,dqn | LDPC-DiscreteMI-v0,384,192,1,4.495454725657839,0.0
rl,dqn | LDPC-DiscreteMI-v0,384,192,2,4.188496883782267,0.0
rl,dqn | LDPC-DiscreteMI-v0,384,192,3,4.33732041807605,0.0
rl,dqn | LDPC-DiscreteMI-v0,384,192,4,4.484448396353051,0.0
rl,dqn | LDPC-DiscreteMI-v0,384,192,5,4.564420912067882,0.0
rl,dqn | LDPC-DiscreteMI-v0,384,192,6,4.810689074156299,0.0
rl,dqn | LDPC-DiscreteMI-v0,384,192,7,4.480438663490418,0.0
rl,dqn | LDPC-DiscreteMI-v0,384,192,8,4.256078479898369,0.0
rl,dqn | LDPC-DiscreteMI-v0,384,192,9,4.237996309493003,0.0
rl,dqn | LDPC-DiscreteMI-v0,384,192,10,4.439444854277895,0.0
rl,dqn | LDPC-DiscreteMI-v0,384,192,11,4.498064788514997,0.0
rl,dqn | LDPC-DiscreteMI-v0,384,192,12,4.332868510062275,0.0
rl,dqn | LDPC-DiscreteMI-v0,384,192,13,4.256536417921963,0.0
rl,dqn | LDPC-DiscreteMI-v0,384,192,14,4.34614957566409,0.0
rl,dqn | LDPC-DiscreteMI-v0,384,192,15,4.46147925891832,0.0
rl,dqn | LDPC-DiscreteMI-v0,384,192,16,4.457960200073542,0.0
rl,dqn | LDPC-DiscreteMI-v0,384,192,17,4.466473957251738,0.0
rl,dqn | LDPC-DiscreteMI-v0,384,192,18,4.465050199186734,0.0
rl,dqn | LDPC-DiscreteMI-v0,384,192,19,4.255153574979312,0.0
rl,dqn | LDPC-DiscreteMI-v0,384,192,20,3.2360000370193167,0.0
rl,dqn | LDPC-DiscreteMI-v0,384,192,21,3.2222749574829836,0.0
rl,dqn | LDPC-DiscreteMI-v0,384,192,22,2.76139881037142,0.0
rl,dqn | LDPC-DiscreteMI-v0,384,192,23,3.442610033609416,0.0
rl,dqn | LDPC-DiscreteMI-v0,384,192,24,3.2811779540646975,0.0
rl,dqn | LDPC-DiscreteMI-v0,384,192,25,3.2032894583700107,0.0
rl,dqn | LDPC-DiscreteMI-v0,384,192,26,3.453815854254601,0.0
rl,dqn | LDPC-DiscreteMI-v0,384,192,27,3.0453447750374796,0.0
rl,dqn | LDPC-DiscreteMI-v0,384,192,28,3.292616220827218,0.0
rl,dqn | LDPC-DiscreteMI-v0,384,192,29,2.9154131964206256,0.0
rl,dqn | LDPC-DiscreteMI-v0,384,192,30,3.7251216718933877,0.0
rl,dqn | LDPC-DiscreteMI-v0,384,192,31,2.7123109058337938,0.0
rl,dqn | LDPC-DiscreteMI-v0,384,192,32,3.474627586007141,0.0
rl,dqn | LDPC-DiscreteMI-v0,384,192,33,3.247631607646666,0.0
rl,dqn | LDPC-DiscreteMI-v0,384,192,34,3.273463668015157,0.0
rl,dqn | LDPC-DiscreteMI-v0,384,192,35,3.451907233481356,0.0
rl,dqn | LDPC-DiscreteMI-v0,384,192,36,3.405606111260804,0.0
rl,dqn | LDPC-DiscreteMI-v0,384,192,37,2.724438229561849,0.0
rl,dqn | LDPC-DiscreteMI-v0,384,192,38,3.451907233481356,0.0
rl,dqn | LDPC-DiscreteMI-v0,384,192,39,3.420547480030548,0.0
rl,dqn | LDPC-DiscreteMI-v0,384,192,40,3.100547795631275,0.0
rl,dqn | LDPC-DiscreteMI-v0,384,192,41,3.451907233481356,0.0
rl,dqn | LDPC-DiscreteMI-v0,384,193,0,4.422382544201729,0.0
rl,dqn | LDPC-DiscreteMI-v0,384,193,1,4.495454725657839,0.0
rl,dqn | LDPC-DiscreteMI-v0,384,193,2,4.188496883782267,0.0
rl,dqn | LDPC-DiscreteMI-v0,384,193,3,4.33732041807605,0.0
rl,dqn | LDPC-DiscreteMI-v0,384,193,4,4.484448396353051,0.0
rl,dqn | LDPC-DiscreteMI-v0,384,193,5,4.564420912067882,0.0
rl,dqn | LDPC-DiscreteMI-v0,384,193,6,4.810689074156299,0.0
rl,dqn | LDPC-DiscreteMI-v0,384,193,7,4.480438663490418,0.0
rl,dqn | LDPC-DiscreteMI-v0,384,193,8,4.256078479898369,0.0
rl,dqn | LDPC-DiscreteMI-v0,384,193,9,4.237996309493003,0.0
rl,dqn | LDPC-DiscreteMI-v0,384,193,10,4.439444854277895,0.0
rl,dqn | LDPC-DiscreteMI-v0,384,193,11,4.498064788514997,0.0
rl,dqn | LDPC-DiscreteMI-v0,384,193,12,4.332868510062275,0.0
rl,dqn | LDPC-DiscreteMI-v0,384,193,13,4.256536417921963,0.0
rl,dqn | LDPC-DiscreteMI-v0,384,193,14,4.34614957566409,0.0
rl,dqn | LDPC-DiscreteMI-v0,384,193,15,4.46147925891832,0.0
rl,dqn | LDPC-DiscreteMI-v0,384,193,16,4.457960200073542,0.0
rl,dqn | LDPC-DiscreteMI-v0,384,193,17,4.466473957251738,0.0
rl,dqn | LDPC-DiscreteMI-v0,384,193,18,4.465050199186734,0.0
rl,dqn | LDPC-DiscreteMI-v0,384,193,19,4.255153574979312,0.0
rl,dqn | LDPC-DiscreteMI-v0,384,193,20,3.2360000370193167,0.0
rl,dqn | LDPC-DiscreteMI-v0,384,193,21,3.2222749574829836,0.0
rl,dqn | LDPC-DiscreteMI-v0,384,193,22,2.76139881037142,0.0
rl,dqn | LDPC-DiscreteMI-v0,384,193,23,3.442610033609416,0.0
rl,dqn | LDPC-DiscreteMI-v0,384,193,24,3.2811779540646975,0.0
rl,dqn | LDPC-DiscreteMI-v0,384,193,25,3.2032894583700107,0.0
rl,dqn | LDPC-DiscreteMI-v0,384,193,26,3.453815854254601,0.0
rl,dqn | LDPC-DiscreteMI-v0,384,193,27,3.0453447750374796,0.0
rl,dqn | LDPC-DiscreteMI-v0,384,193,28,3.292616220827218,0.0
rl,dqn | LDPC-DiscreteMI-v0,384,193,29,2.9154131964206256,0.0
rl,dqn | LDPC-DiscreteMI-v0,384,193,30,3.7251216718933877,0.0
rl,dqn | LDPC-DiscreteMI-v0,384,193,31,2.7123109058337938,0.0
rl,dqn | LDPC-DiscreteMI-v0,384,193,32,3.474627586007141,0.0
rl,dqn | LDPC-DiscreteMI-v0,384,193,33,3.247631607646666,0.0
rl,dqn | LDPC-DiscreteMI-v0,384,193,34,3.273463668015157,0.0
rl,dqn | LDPC-DiscreteMI-v0,384,193,35,3.451907233481356,0.0
rl,dqn | LDPC-DiscreteMI-v0,384,193,36,3.405606111260804,0.0
rl,dqn | LDPC-DiscreteMI-v0,384,193,37,2.724438229561849,0.0
rl,dqn | LDPC-DiscreteMI-v0,384,193,38,3.451907233481356,0.0
rl,dqn | LDPC-DiscreteMI-v0,384,193,39,3.420547480030548,0.0
rl,dqn | LDPC-DiscreteMI-v0,384,193,40,3.100547795631275,0.0
rl,dqn | LDPC-DiscreteMI-v0,384,193,41,3.451907233481356,0.0
rl,dqn | LDPC-DiscreteMI-v0,384,194,0,4.422382544201729,0.0
rl,dqn | LDPC-DiscreteMI-v0,384,194,1,4.495454725657839,0.0
rl,dqn | LDPC-DiscreteMI-v0,384,194,2,4.188496883782267,0.0
rl,dqn | LDPC-DiscreteMI-v0,384,194,3,4.33732041807605,0.0
rl,dqn | LDPC-DiscreteMI-v0,384,194,4,4.484448396353051,0.0
rl,dqn | LDPC-DiscreteMI-v0,384,194,5,4.564420912067882,0.0
rl,dqn | LDPC-DiscreteMI-v0,384,194,6,4.810689074156299,0.0
rl,dqn | LDPC-DiscreteMI-v0,384,194,7,4.480438663490418,0.0
rl,dqn | LDPC-DiscreteMI-v0,384,194,8,4.256078479898369,0.0
rl,dqn | LDPC-DiscreteMI-v0,384,194,9,4.237996309493003,0.0
rl,dqn | LDPC-DiscreteMI-v0,384,194,10,4.439444854277895,0.0
rl,dqn | LDPC-DiscreteMI-v0,384,194,11,4.498064788514997,0.0
rl,dqn | LDPC-DiscreteMI-v0,384,194,12,4.332868510062275,0.0
rl,dqn | LDPC-DiscreteMI-v0,384,194,13,4.256536417921963,0.0
rl,dqn | LDPC-DiscreteMI-v0,384,194,14,4.34614957566409,0.0
rl,dqn | LDPC-DiscreteMI-v0,384,194,15,4.46147925891832,0.0
rl,dqn | LDPC-DiscreteMI-v0,384,194,16,4.457960200073542,0.0
rl,dqn | LDPC-DiscreteMI-v0,384,194,17,4.466473957251738,0.0
rl,dqn | LDPC-DiscreteMI-v0,384,194,18,4.465050199186734,0.0
rl,dqn | LDPC-DiscreteMI-v0,384,194,19,4.255153574979312,0.0
rl,dqn | LDPC-DiscreteMI-v0,384,194,20,3.2360000370193167,0.0
rl,dqn | LDPC-DiscreteMI-v0,384,194,21,3.2222749574829836,0.0
rl,dqn | LDPC-DiscreteMI-v0,384,194,22,2.76139881037142,0.0
rl,dqn | LDPC-DiscreteMI-v0,384,194,23,3.442610033609416,0.0
rl,dqn | LDPC-DiscreteMI-v0,384,194,24,3.2811779540646975,0.0
rl,dqn | LDPC-DiscreteMI-v0,384,194,25,3.2032894583700107,0.0
rl,dqn | LDPC-DiscreteMI-v0,384,194,26,3.453815854254601,0.0
rl,dqn | LDPC-DiscreteMI-v0,384,194,27,3.0453447750374796,0.0
rl,dqn | LDPC-DiscreteMI-v0,384,194,28,3.292616220827218,0.0
rl,dqn | LDPC-DiscreteMI-v0,384,194,29,2.9154131964206256,0.0
rl,dqn | LDPC-DiscreteMI-v0,384,194,30,3.7251216718933877,0.0
rl,dqn | LDPC-DiscreteMI-v0,384,194,31,2.7123109058337938,0.0
rl,dqn | LDPC-DiscreteMI-v0,384,194,32,3.474627586007141,0.0
rl,dqn | LDPC-DiscreteMI-v0,384,194,33,3.247631607646666,0.0
rl,dqn | LDPC-DiscreteMI-v0,384,194,34,3.273463668015157,0.0
rl,dqn | LDPC-DiscreteMI-v0,384,194,35,3.451907233481356,0.0
rl,dqn | LDPC-DiscreteMI-v0,384,194,36,3.405606111260804,0.0
rl,dqn | LDPC-DiscreteMI-v0,384,194,37,2.724438229561849,0.0
rl,dqn | LDPC-DiscreteMI-v0,384,194,38,3.451907233481356,0.0
rl,dqn | LDPC-DiscreteMI-v0,384,194,39,3.420547480030548,0.0
rl,dqn | LDPC-DiscreteMI-v0,384,194,40,3.100547795631275,0.0
rl,dqn | LDPC-DiscreteMI-v0,384,194,41,3.451907233481356,0.0
rl,dqn | LDPC-DiscreteMI-v0,384,195,0,4.422382544201729,0.0
rl,dqn | LDPC-DiscreteMI-v0,384,195,1,4.495454725657839,0.0
rl,dqn | LDPC-DiscreteMI-v0,384,195,2,4.188496883782267,0.0
rl,dqn | LDPC-DiscreteMI-v0,384,195,3,4.33732041807605,0.0
rl,dqn | LDPC-DiscreteMI-v0,384,195,4,4.484448396353051,0.0
rl,dqn | LDPC-DiscreteMI-v0,384,195,5,4.564420912067882,0.0
rl,dqn | LDPC-DiscreteMI-v0,384,195,6,4.810689074156299,0.0
rl,dqn | LDPC-DiscreteMI-v0,384,195,7,4.480438663490418,0.0
rl,dqn | LDPC-DiscreteMI-v0,384,195,8,4.256078479898369,0.0
rl,dqn | LDPC-DiscreteMI-v0,384,195,9,4.237996309493003,0.0
rl,dqn | LDPC-DiscreteMI-v0,384,195,10,4.439444854277895,0.0
rl,dqn | LDPC-DiscreteMI-v0,384,195,11,4.498064788514997,0.0
rl,dqn | LDPC-DiscreteMI-v0,384,195,12,4.332868510062275,0.0
rl,dqn | LDPC-DiscreteMI-v0,384,195,13,4.256536417921963,0.0
rl,dqn | LDPC-DiscreteMI-v0,384,195,14,4.34614957566409,0.0
rl,dqn | LDPC-DiscreteMI-v0,384,195,15,4.46147925891832,0.0
rl,dqn | LDPC-DiscreteMI-v0,384,195,16,4.457960200073542,0.0
rl,dqn | LDPC-DiscreteMI-v0,384,195,17,4.466473957251738,0.0
rl,dqn | LDPC-DiscreteMI-v0,384,195,18,4.465050199186734,0.0
rl,dqn | LDPC-DiscreteMI-v0,384,195,19,4.255153574979312,0.0
rl,dqn | LDPC-DiscreteMI-v0,384,195,20,3.2360000370193167,0.0
rl,dqn | LDPC-DiscreteMI-v0,384,195,21,3.2222749574829836,0.0
rl,dqn | LDPC-DiscreteMI-v0,384,195,22,2.76139881037142,0.0
rl,dqn | LDPC-DiscreteMI-v0,384,195,23,3.442610033609416,0.0
rl,dqn | LDPC-DiscreteMI-v0,384,195,24,3.2811779540646975,0.0
rl,dqn | LDPC-DiscreteMI-v0,384,195,25,3.2032894583700107,0.0
rl,dqn | LDPC-DiscreteMI-v0,384,195,26,3.453815854254601,0.0
rl,dqn | LDPC-DiscreteMI-v0,384,195,27,3.0453447750374796,0.0
rl,dqn | LDPC-DiscreteMI-v0,384,195,28,3.292616220827218,0.0
rl,dqn | LDPC-DiscreteMI-v0,384,195,29,2.9154131964206256,0.0
rl,dqn | LDPC-DiscreteMI-v0,384,195,30,3.7251216718933877,0.0
rl,dqn | LDPC-DiscreteMI-v0,384,195,31,2.7123109058337938,0.0
rl,dqn | LDPC-DiscreteMI-v0,384,195,32,3.474627586007141,0.0
rl,dqn | LDPC-DiscreteMI-v0,384,195,33,3.247631607646666,0.0
rl,dqn | LDPC-DiscreteMI-v0,384,195,34,3.273463668015157,0.0
rl,dqn | LDPC-DiscreteMI-v0,384,195,35,3.451907233481356,0.0
rl,dqn | LDPC-DiscreteMI-v0,384,195,36,3.405606111260804,0.0
rl,dqn | LDPC-DiscreteMI-v0,384,195,37,2.724438229561849,0.0
rl,dqn | LDPC-DiscreteMI-v0,384,195,38,3.451907233481356,0.0
rl,dqn | LDPC-DiscreteMI-v0,384,195,39,3.420547480030548,0.0
rl,dqn | LDPC-DiscreteMI-v0,384,195,40,3.100547795631275,0.0
rl,dqn | LDPC-DiscreteMI-v0,384,195,41,3.451907233481356,0.0
rl,dqn | LDPC-DiscreteMI-v0,384,196,0,4.422382544201729,0.0
rl,dqn | LDPC-DiscreteMI-v0,384,196,1,4.495454725657839,0.0
rl,dqn | LDPC-DiscreteMI-v0,384,196,2,4.188496883782267,0.0
rl,dqn | LDPC-DiscreteMI-v0,384,196,3,4.33732041807605,0.0
rl,dqn | LDPC-DiscreteMI-v0,384,196,4,4.484448396353051,0.0
rl,dqn | LDPC-DiscreteMI-v0,384,196,5,4.564420912067882,0.0
rl,dqn | LDPC-DiscreteMI-v0,384,196,6,4.810689074156299,0.0
rl,dqn | LDPC-DiscreteMI-v0,384,196,7,4.480438663490418,0.0
rl,dqn | LDPC-DiscreteMI-v0,384,196,8,4.256078479898369,0.0
rl,dqn | LDPC-DiscreteMI-v0,384,196,9,4.237996309493003,0.0
rl,dqn | LDPC-DiscreteMI-v0,384,196,10,4.439444854277895,0.0
rl,dqn | LDPC-DiscreteMI-v0,384,196,11,4.498064788514997,0.0
rl,dqn | LDPC-DiscreteMI-v0,384,196,12,4.332868510062275,0.0
rl,dqn | LDPC-DiscreteMI-v0,384,196,13,4.256536417921963,0.0
rl,dqn | LDPC-DiscreteMI-v0,384,196,14,4.34614957566409,0.0
rl,dqn | LDPC-DiscreteMI-v0,384,196,15,4.46147925891832,0.0
rl,dqn | LDPC-DiscreteMI-v0,384,196,16,4.457960200073542,0.0
rl,dqn | LDPC-DiscreteMI-v0,384,196,17,4.466473957251738,0.0
rl,dqn | LDPC-DiscreteMI-v0,384,196,18,4.465050199186734,0.0
rl,dqn | LDPC-DiscreteMI-v0,384,196,19,4.255153574979312,0.0
rl,dqn | LDPC-DiscreteMI-v0,384,196,20,3.2360000370193167,0.0
rl,dqn | LDPC-DiscreteMI-v0,384,196,21,3.2222749574829836,0.0
rl,dqn | LDPC-DiscreteMI-v0,384,196,22,2.76139881037142,0.0
rl,dqn | LDPC-DiscreteMI-v0,384,196,23,3.442610033609416,0.0
rl,dqn | LDPC-DiscreteMI-v0,384,196,24,3.2811779540646975,0.0
rl,dqn | LDPC-DiscreteMI-v0,384,196,25,3.2032894583700107,0.0
rl,dqn | LDPC-DiscreteMI-v0,384,196,26,3.453815854254601,0.0
rl,dqn | LDPC-DiscreteMI-v0,384,196,27,3.0453447750374796,0.0
rl,dqn | LDPC-DiscreteMI-v0,384,196,28,3.292616220827218,0.0
rl,dqn | LDPC-DiscreteMI-v0,384,196,29,2.9154131964206256,0.0
rl,dqn | LDPC-DiscreteMI-v0,384,196,30,3.7251216718933877,0.0
rl,dqn | LDPC-DiscreteMI-v0,384,196,31,2.7123109058337938,0.0
rl,dqn | LDPC-DiscreteMI-v0,384,196,32,3.474627586007141,0.0
rl,dqn | LDPC-DiscreteMI-v0,384,196,33,3.247631607646666,0.0
rl,dqn | LDPC-DiscreteMI-v0,384,196,34,3.273463668015157,0.0
rl,dqn | LDPC-DiscreteMI-v0,384,196,35,3.451907233481356,0.0
rl,dqn | LDPC-DiscreteMI-v0,384,196,36,3.405606111260804,0.0
rl,dqn | LDPC-DiscreteMI-v0,384,196,37,2.724438229561849,0.0
rl,dqn | LDPC-DiscreteMI-v0,384,196,38,3.451907233481356,0.0
rl,dqn | LDPC-DiscreteMI-v0,384,196,39,3.420547480030548,0.0
rl,dqn | LDPC-DiscreteMI-v0,384,196,40,3.100547795631275,0.0
rl,dqn | LDPC-DiscreteMI-v0,384,196,41,3.451907233481356,0.0
rl,dqn | LDPC-DiscreteMI-v0,384,197,0,4.422382544201729,0.0
rl,dqn | LDPC-DiscreteMI-v0,384,197,1,4.495454725657839,0.0
rl,dqn | LDPC-DiscreteMI-v0,384,197,2,4.188496883782267,0.0
rl,dqn | LDPC-DiscreteMI-v0,384,197,3,4.33732041807605,0.0
rl,dqn | LDPC-DiscreteMI-v0,384,197,4,4.484448396353051,0.0
rl,dqn | LDPC-DiscreteMI-v0,384,197,5,4.564420912067882,0.0
rl,dqn | LDPC-DiscreteMI-v0,384,197,6,4.810689074156299,0.0
rl,dqn | LDPC-DiscreteMI-v0,384,197,7,4.480438663490418,0.0
rl,dqn | LDPC-DiscreteMI-v0,384,197,8,4.256078479898369,0.0
rl,dqn | LDPC-DiscreteMI-v0,384,197,9,4.237996309493003,0.0
rl,dqn | LDPC-DiscreteMI-v0,384,197,10,4.439444854277895,0.0
rl,dqn | LDPC-DiscreteMI-v0,384,197,11,4.498064788514997,0.0
rl,dqn | LDPC-DiscreteMI-v0,384,197,12,4.332868510062275,0.0
rl,dqn | LDPC-DiscreteMI-v0,384,197,13,4.256536417921963,0.0
rl,dqn | LDPC-DiscreteMI-v0,384,197,14,4.34614957566409,0.0
rl,dqn | LDPC-DiscreteMI-v0,384,197,15,4.46147925891832,0.0
rl,dqn | LDPC-DiscreteMI-v0,384,197,16,4.457960200073542,0.0
rl,dqn | LDPC-DiscreteMI-v0,384,197,17,4.466473957251738,0.0
rl,dqn | LDPC-DiscreteMI-v0,384,197,18,4.465050199186734,0.0
rl,dqn | LDPC-DiscreteMI-v0,384,197,19,4.255153574979312,0.0
rl,dqn | LDPC-DiscreteMI-v0,384,197,20,3.2360000370193167,0.0
rl,dqn | LDPC-DiscreteMI-v0,384,197,21,3.2222749574829836,0.0
rl,dqn | LDPC-DiscreteMI-v0,384,197,22,2.76139881037142,0.0
rl,dqn | LDPC-DiscreteMI-v0,384,197,23,3.442610033609416,0.0
rl,dqn | LDPC-DiscreteMI-v0,384,197,24,3.2811779540646975,0.0
rl,dqn | LDPC-DiscreteMI-v0,384,197,25,3.2032894583700107,0.0
rl,dqn | LDPC-DiscreteMI-v0,384,197,26,3.453815854254601,0.0
rl,dqn | LDPC-DiscreteMI-v0,384,197,27,3.0453447750374796,0.0
rl,dqn | LDPC-DiscreteMI-v0,384,197,28,3.292616220827218,0.0
rl,dqn | LDPC-DiscreteMI-v0,384,197,29,2.9154131964206256,0.0
rl,dqn | LDPC-DiscreteMI-v0,384,197,30,3.7251216718933877,0.0
rl,dqn | LDPC-DiscreteMI-v0,384,197,31,2.7123109058337938,0.0
rl,dqn | LDPC-DiscreteMI-v0,384,197,32,3.474627586007141,0.0
rl,dqn | LDPC-DiscreteMI-v0,384,197,33,3.247631607646666,0.0
rl,dqn | LDPC-DiscreteMI-v0,384,197,34,3.273463668015157,0.0
rl,dqn | LDPC-DiscreteMI-v0,384,197,35,3.451907233481356,0.0
rl,dqn | LDPC-DiscreteMI-v0,384,197,36,3.405606111260804,0.0
rl,dqn | LDPC-DiscreteMI-v0,384,197,37,2.724438229561849,0.0
rl,dqn | LDPC-DiscreteMI-v0,384,197,38,3.451907233481356,0.0
rl,dqn | LDPC-DiscreteMI-v0,384,197,39,3.420547480030548,0.0
rl,dqn | LDPC-DiscreteMI-v0,384,197,40,3.100547795631275,0.0
rl,dqn | LDPC-DiscreteMI-v0,384,197,41,3.451907233481356,0.0
rl,dqn | LDPC-DiscreteMI-v0,384,198,0,4.422382544201729,0.0
rl,dqn | LDPC-DiscreteMI-v0,384,198,1,4.495454725657839,0.0
rl,dqn | LDPC-DiscreteMI-v0,384,198,2,4.188496883782267,0.0
rl,dqn | LDPC-DiscreteMI-v0,384,198,3,4.33732041807605,0.0
rl,dqn | LDPC-DiscreteMI-v0,384,198,4,4.484448396353051,0.0
rl,dqn | LDPC-DiscreteMI-v0,384,198,5,4.564420912067882,0.0
rl,dqn | LDPC-DiscreteMI-v0,384,198,6,4.810689074156299,0.0
rl,dqn | LDPC-DiscreteMI-v0,384,198,7,4.480438663490418,0.0
rl,dqn | LDPC-DiscreteMI-v0,384,198,8,4.256078479898369,0.0
rl,dqn | LDPC-DiscreteMI-v0,384,198,9,4.237996309493003,0.0
rl,dqn | LDPC-DiscreteMI-v0,384,198,10,4.439444854277895,0.0
rl,dqn | LDPC-DiscreteMI-v0,384,198,11,4.498064788514997,0.0
rl,dqn | LDPC-DiscreteMI-v0,384,198,12,4.332868510062275,0.0
rl,dqn | LDPC-DiscreteMI-v0,384,198,13,4.256536417921963,0.0
rl,dqn | LDPC-DiscreteMI-v0,384,198,14,4.34614957566409,0.0
rl,dqn | LDPC-DiscreteMI-v0,384,198,15,4.46147925891832,0.0
rl,dqn | LDPC-DiscreteMI-v0,384,198,16,4.457960200073542,0.0
rl,dqn | LDPC-DiscreteMI-v0,384,198,17,4.466473957251738,0.0
rl,dqn | LDPC-DiscreteMI-v0,384,198,18,4.465050199186734,0.0
rl,dqn | LDPC-DiscreteMI-v0,384,198,19,4.255153574979312,0.0
rl,dqn | LDPC-DiscreteMI-v0,384,198,20,3.2360000370193167,0.0
rl,dqn | LDPC-DiscreteMI-v0,384,198,21,3.2222749574829836,0.0
rl,dqn | LDPC-DiscreteMI-v0,384,198,22,2.76139881037142,0.0
rl,dqn | LDPC-DiscreteMI-v0,384,198,23,3.442610033609416,0.0
rl,dqn | LDPC-DiscreteMI-v0,384,198,24,3.2811779540646975,0.0
rl,dqn | LDPC-DiscreteMI-v0,384,198,25,3.2032894583700107,0.0
rl,dqn | LDPC-DiscreteMI-v0,384,198,26,3.453815854254601,0.0
rl,dqn | LDPC-DiscreteMI-v0,384,198,27,3.0453447750374796,0.0
rl,dqn | LDPC-DiscreteMI-v0,384,198,28,3.292616220827218,0.0
rl,dqn | LDPC-DiscreteMI-v0,384,198,29,2.9154131964206256,0.0
rl,dqn | LDPC-DiscreteMI-v0,384,198,30,3.7251216718933877,0.0
rl,dqn | LDPC-DiscreteMI-v0,384,198,31,2.7123109058337938,0.0
rl,dqn | LDPC-DiscreteMI-v0,384,198,32,3.474627586007141,0.0
rl,dqn | LDPC-DiscreteMI-v0,384,198,33,3.247631607646666,0.0
rl,dqn | LDPC-DiscreteMI-v0,384,198,34,3.273463668015157,0.0
rl,dqn | LDPC-DiscreteMI-v0,384,198,35,3.451907233481356,0.0
rl,dqn | LDPC-DiscreteMI-v0,384,198,36,3.405606111260804,0.0
rl,dqn | LDPC-DiscreteMI-v0,384,198,37,2.724438229561849,0.0
rl,dqn | LDPC-DiscreteMI-v0,384,198,38,3.451907233481356,0.0
rl,dqn | LDPC-DiscreteMI-v0,384,198,39,3.420547480030548,0.0
rl,dqn | LDPC-DiscreteMI-v0,384,198,40,3.100547795631275,0.0
rl,dqn | LDPC-DiscreteMI-v0,384,198,41,3.451907233481356,0.0
rl,dqn | LDPC-DiscreteMI-v0,384,199,0,4.422382544201729,0.0
rl,dqn | LDPC-DiscreteMI-v0,384,199,1,4.495454725657839,0.0
rl,dqn | LDPC-DiscreteMI-v0,384,199,2,4.188496883782267,0.0
rl,dqn | LDPC-DiscreteMI-v0,384,199,3,4.33732041807605,0.0
rl,dqn | LDPC-DiscreteMI-v0,384,199,4,4.484448396353051,0.0
rl,dqn | LDPC-DiscreteMI-v0,384,199,5,4.564420912067882,0.0
rl,dqn | LDPC-DiscreteMI-v0,384,199,6,4.810689074156299,0.0
rl,dqn | LDPC-DiscreteMI-v0,384,199,7,4.480438663490418,0.0
rl,dqn | LDPC-DiscreteMI-v0,384,199,8,4.256078479898369,0.0
rl,dqn | LDPC-DiscreteMI-v0,384,199,9,4.237996309493003,0.0
rl,dqn | LDPC-DiscreteMI-v0,384,199,10,4.439444854277895,0.0
rl,dqn | LDPC-DiscreteMI-v0,384,199,11,4.498064788514997,0.0
rl,dqn | LDPC-DiscreteMI-v0,384,199,12,4.332868510062275,0.0
rl,dqn | LDPC-DiscreteMI-v0,384,199,13,4.256536417921963,0.0
rl,dqn | LDPC-DiscreteMI-v0,384,199,14,4.34614957566409,0.0
rl,dqn | LDPC-DiscreteMI-v0,384,199,15,4.46147925891832,0.0
rl,dqn | LDPC-DiscreteMI-v0,384,199,16,4.457960200073542,0.0
rl,dqn | LDPC-DiscreteMI-v0,384,199,17,4.466473957251738,0.0
rl,dqn | LDPC-DiscreteMI-v0,384,199,18,4.465050199186734,0.0
rl,dqn | LDPC-DiscreteMI-v0,384,199,19,4.255153574979312,0.0
rl,dqn | LDPC-DiscreteMI-v0,384,199,20,3.2360000370193167,0.0
rl,dqn | LDPC-DiscreteMI-v0,384,199,21,3.2222749574829836,0.0
rl,dqn | LDPC-DiscreteMI-v0,384,199,22,2.76139881037142,0.0
rl,dqn | LDPC-DiscreteMI-v0,384,199,23,3.442610033609416,0.0
rl,dqn | LDPC-DiscreteMI-v0,384,199,24,3.2811779540646975,0.0
rl,dqn | LDPC-DiscreteMI-v0,384,199,25,3.2032894583700107,0.0
rl,dqn | LDPC-DiscreteMI-v0,384,199,26,3.453815854254601,0.0
rl,dqn | LDPC-DiscreteMI-v0,384,199,27,3.0453447750374796,0.0
rl,dqn | LDPC-DiscreteMI-v0,384,199,28,3.292616220827218,0.0
rl,dqn | LDPC-DiscreteMI-v0,384,199,29,2.9154131964206256,0.0
rl,dqn | LDPC-DiscreteMI-v0,384,199,30,3.7251216718933877,0.0
rl,dqn | LDPC-DiscreteMI-v0,384,199,31,2.7123109058337938,0.0
rl,dqn | LDPC-DiscreteMI-v0,384,199,32,3.474627586007141,0.0
rl,dqn | LDPC-DiscreteMI-v0,384,199,33,3.247631607646666,0.0
rl,dqn | LDPC-DiscreteMI-v0,384,199,34,3.273463668015157,0.0
rl,dqn | LDPC-DiscreteMI-v0,384,199,35,3.451907233481356,0.0
rl,dqn | LDPC-DiscreteMI-v0,384,199,36,3.405606111260804,0.0
rl,dqn | LDPC-DiscreteMI-v0,384,199,37,2.724438229561849,0.0
rl,dqn | LDPC-DiscreteMI-v0,384,199,38,3.451907233481356,0.0
rl,dqn | LDPC-DiscreteMI-v0,384,199,39,3.420547480030548,0.0
rl,dqn | LDPC-DiscreteMI-v0,384,199,40,3.100547795631275,0.0
rl,dqn | LDPC-DiscreteMI-v0,384,199,41,3.451907233481356,0.0
rl,dqn | LDPC-DiscreteMI-v0,384,200,0,4.422382544201729,0.0
rl,dqn | LDPC-DiscreteMI-v0,384,200,1,4.495454725657839,0.0
rl,dqn | LDPC-DiscreteMI-v0,384,200,2,4.188496883782267,0.0
rl,dqn | LDPC-DiscreteMI-v0,384,200,3,4.33732041807605,0.0
rl,dqn | LDPC-DiscreteMI-v0,384,200,4,4.484448396353051,0.0
rl,dqn | LDPC-DiscreteMI-v0,384,200,5,4.564420912067882,0.0
rl,dqn | LDPC-DiscreteMI-v0,384,200,6,4.810689074156299,0.0
rl,dqn | LDPC-DiscreteMI-v0,384,200,7,4.480438663490418,0.0
rl,dqn | LDPC-DiscreteMI-v0,384,200,8,4.256078479898369,0.0
rl,dqn | LDPC-DiscreteMI-v0,384,200,9,4.237996309493003,0.0
rl,dqn | LDPC-DiscreteMI-v0,384,200,10,4.439444854277895,0.0
rl,dqn | LDPC-DiscreteMI-v0,384,200,11,4.498064788514997,0.0
rl,dqn | LDPC-DiscreteMI-v0,384,200,12,4.332868510062275,0.0
rl,dqn | LDPC-DiscreteMI-v0,384,200,13,4.256536417921963,0.0
rl,dqn | LDPC-DiscreteMI-v0,384,200,14,4.34614957566409,0.0
rl,dqn | LDPC-DiscreteMI-v0,384,200,15,4.46147925891832,0.0
rl,dqn | LDPC-DiscreteMI-v0,384,200,16,4.457960200073542,0.0
rl,dqn | LDPC-DiscreteMI-v0,384,200,17,4.466473957251738,0.0
rl,dqn | LDPC-DiscreteMI-v0,384,200,18,4.465050199186734,0.0
rl,dqn | LDPC-DiscreteMI-v0,384,200,19,4.255153574979312,0.0
rl,dqn | LDPC-DiscreteMI-v0,384,200,20,3.2360000370193167,0.0
rl,dqn | LDPC-DiscreteMI-v0,384,200,21,3.2222749574829836,0.0
rl,dqn | LDPC-DiscreteMI-v0,384,200,22,2.76139881037142,0.0
rl,dqn | LDPC-DiscreteMI-v0,384,200,23,3.442610033609416,0.0
rl,dqn | LDPC-DiscreteMI-v0,384,200,24,3.2811779540646975,0.0
rl,dqn | LDPC-DiscreteMI-v0,384,200,25,3.2032894583700107,0.0
rl,dqn | LDPC-DiscreteMI-v0,384,200,26,3.453815854254601,0.0
rl,dqn | LDPC-DiscreteMI-v0,384,200,27,3.0453447750374796,0.0
rl,dqn | LDPC-DiscreteMI-v0,384,200,28,3.292616220827218,0.0
rl,dqn | LDPC-DiscreteMI-v0,384,200,29,2.9154131964206256,0.0
rl,dqn | LDPC-DiscreteMI-v0,384,200,30,3.7251216718933877,0.0
rl,dqn | LDPC-DiscreteMI-v0,384,200,31,2.7123109058337938,0.0
rl,dqn | LDPC-DiscreteMI-v0,384,200,32,3.474627586007141,0.0
rl,dqn | LDPC-DiscreteMI-v0,384,200,33,3.247631607646666,0.0
rl,dqn | LDPC-DiscreteMI-v0,384,200,34,3.273463668015157,0.0
rl,dqn | LDPC-DiscreteMI-v0,384,200,35,3.451907233481356,0.0
rl,dqn | LDPC-DiscreteMI-v0,384,200,36,3.405606111260804,0.0
rl,dqn | LDPC-DiscreteMI-v0,384,200,37,2.724438229561849,0.0
rl,dqn | LDPC-DiscreteMI-v0,384,200,38,3.451907233481356,0.0
rl,dqn | LDPC-DiscreteMI-v0,384,200,39,3.420547480030548,0.0
rl,dqn | LDPC-DiscreteMI-v0,384,200,40,3.100547795631275,0.0
rl,dqn | LDPC-DiscreteMI-v0,384,200,41,3.451907233481356,0.0
rl,dqn | LDPC-DiscreteMI-v0,384,201,0,4.422382544201729,0.0
rl,dqn | LDPC-DiscreteMI-v0,384,201,1,4.495454725657839,0.0
rl,dqn | LDPC-DiscreteMI-v0,384,201,2,4.188496883782267,0.0
rl,dqn | LDPC-DiscreteMI-v0,384,201,3,4.33732041807605,0.0
rl,dqn | LDPC-DiscreteMI-v0,384,201,4,4.484448396353051,0.0
rl,dqn | LDPC-DiscreteMI-v0,384,201,5,4.564420912067882,0.0
rl,dqn | LDPC-DiscreteMI-v0,384,201,6,4.810689074156299,0.0
rl,dqn | LDPC-DiscreteMI-v0,384,201,7,4.480438663490418,0.0
rl,dqn | LDPC-DiscreteMI-v0,384,201,8,4.256078479898369,0.0
rl,dqn | LDPC-DiscreteMI-v0,384,201,9,4.237996309493003,0.0
rl,dqn | LDPC-DiscreteMI-v0,384,201,10,4.439444854277895,0.0
rl,dqn | LDPC-DiscreteMI-v0,384,201,11,4.498064788514997,0.0
rl,dqn | LDPC-DiscreteMI-v0,384,201,12,4.332868510062275,0.0
rl,dqn | LDPC-DiscreteMI-v0,384,201,13,4.256536417921963,0.0
rl,dqn | LDPC-DiscreteMI-v0,384,201,14,4.34614957566409,0.0
rl,dqn | LDPC-DiscreteMI-v0,384,201,15,4.46147925891832,0.0
rl,dqn | LDPC-DiscreteMI-v0,384,201,16,4.457960200073542,0.0
rl,dqn | LDPC-DiscreteMI-v0,384,201,17,4.466473957251738,0.0
rl,dqn | LDPC-DiscreteMI-v0,384,201,18,4.465050199186734,0.0
rl,dqn | LDPC-DiscreteMI-v0,384,201,19,4.255153574979312,0.0
rl,dqn | LDPC-DiscreteMI-v0,384,201,20,3.2360000370193167,0.0
rl,dqn | LDPC-DiscreteMI-v0,384,201,21,3.2222749574829836,0.0
rl,dqn | LDPC-DiscreteMI-v0,384,201,22,2.76139881037142,0.0
rl,dqn | LDPC-DiscreteMI-v0,384,201,23,3.442610033609416,0.0
rl,dqn | LDPC-DiscreteMI-v0,384,201,24,3.2811779540646975,0.0
rl,dqn | LDPC-DiscreteMI-v0,384,201,25,3.2032894583700107,0.0
rl,dqn | LDPC-DiscreteMI-v0,384,201,26,3.453815854254601,0.0
rl,dqn | LDPC-DiscreteMI-v0,384,201,27,3.0453447750374796,0.0
rl,dqn | LDPC-DiscreteMI-v0,384,201,28,3.292616220827218,0.0
rl,dqn | LDPC-DiscreteMI-v0,384,201,29,2.9154131964206256,0.0
rl,dqn | LDPC-DiscreteMI-v0,384,201,30,3.7251216718933877,0.0
rl,dqn | LDPC-DiscreteMI-v0,384,201,31,2.7123109058337938,0.0
rl,dqn | LDPC-DiscreteMI-v0,384,201,32,3.474627586007141,0.0
rl,dqn | LDPC-DiscreteMI-v0,384,201,33,3.247631607646666,0.0
rl,dqn | LDPC-DiscreteMI-v0,384,201,34,3.273463668015157,0.0
rl,dqn | LDPC-DiscreteMI-v0,384,201,35,3.451907233481356,0.0
rl,dqn | LDPC-DiscreteMI-v0,384,201,36,3.405606111260804,0.0
rl,dqn | LDPC-DiscreteMI-v0,384,201,37,2.724438229561849,0.0
rl,dqn | LDPC-DiscreteMI-v0,384,201,38,3.451907233481356,0.0
rl,dqn | LDPC-DiscreteMI-v0,384,201,39,3.420547480030548,0.0
rl,dqn | LDPC-DiscreteMI-v0,384,201,40,3.100547795631275,0.0
rl,dqn | LDPC-DiscreteMI-v0,384,201,41,3.451907233481356,0.0
rl,dqn | LDPC-DiscreteMI-v0,384,202,0,4.422382544201729,0.0
rl,dqn | LDPC-DiscreteMI-v0,384,202,1,4.495454725657839,0.0
rl,dqn | LDPC-DiscreteMI-v0,384,202,2,4.188496883782267,0.0
rl,dqn | LDPC-DiscreteMI-v0,384,202,3,4.33732041807605,0.0
rl,dqn | LDPC-DiscreteMI-v0,384,202,4,4.484448396353051,0.0
rl,dqn | LDPC-DiscreteMI-v0,384,202,5,4.564420912067882,0.0
rl,dqn | LDPC-DiscreteMI-v0,384,202,6,4.810689074156299,0.0
rl,dqn | LDPC-DiscreteMI-v0,384,202,7,4.480438663490418,0.0
rl,dqn | LDPC-DiscreteMI-v0,384,202,8,4.256078479898369,0.0
rl,dqn | LDPC-DiscreteMI-v0,384,202,9,4.237996309493003,0.0
rl,dqn | LDPC-DiscreteMI-v0,384,202,10,4.439444854277895,0.0
rl,dqn | LDPC-DiscreteMI-v0,384,202,11,4.498064788514997,0.0
rl,dqn | LDPC-DiscreteMI-v0,384,202,12,4.332868510062275,0.0
rl,dqn | LDPC-DiscreteMI-v0,384,202,13,4.256536417921963,0.0
rl,dqn | LDPC-DiscreteMI-v0,384,202,14,4.34614957566409,0.0
rl,dqn | LDPC-DiscreteMI-v0,384,202,15,4.46147925891832,0.0
rl,dqn | LDPC-DiscreteMI-v0,384,202,16,4.457960200073542,0.0
rl,dqn | LDPC-DiscreteMI-v0,384,202,17,4.466473957251738,0.0
rl,dqn | LDPC-DiscreteMI-v0,384,202,18,4.465050199186734,0.0
rl,dqn | LDPC-DiscreteMI-v0,384,202,19,4.255153574979312,0.0
rl,dqn | LDPC-DiscreteMI-v0,384,202,20,3.2360000370193167,0.0
rl,dqn | LDPC-DiscreteMI-v0,384,202,21,3.2222749574829836,0.0
rl,dqn | LDPC-DiscreteMI-v0,384,202,22,2.76139881037142,0.0
rl,dqn | LDPC-DiscreteMI-v0,384,202,23,3.442610033609416,0.0
rl,dqn | LDPC-DiscreteMI-v0,384,202,24,3.2811779540646975,0.0
rl,dqn | LDPC-DiscreteMI-v0,384,202,25,3.2032894583700107,0.0
rl,dqn | LDPC-DiscreteMI-v0,384,202,26,3.453815854254601,0.0
rl,dqn | LDPC-DiscreteMI-v0,384,202,27,3.0453447750374796,0.0
rl,dqn | LDPC-DiscreteMI-v0,384,202,28,3.292616220827218,0.0
rl,dqn | LDPC-DiscreteMI-v0,384,202,29,2.9154131964206256,0.0
rl,dqn | LDPC-DiscreteMI-v0,384,202,30,3.7251216718933877,0.0
rl,dqn | LDPC-DiscreteMI-v0,384,202,31,2.7123109058337938,0.0
rl,dqn | LDPC-DiscreteMI-v0,384,202,32,3.474627586007141,0.0
rl,dqn | LDPC-DiscreteMI-v0,384,202,33,3.247631607646666,0.0
rl,dqn | LDPC-DiscreteMI-v0,384,202,34,3.273463668015157,0.0
rl,dqn | LDPC-DiscreteMI-v0,384,202,35,3.451907233481356,0.0
rl,dqn | LDPC-DiscreteMI-v0,384,202,36,3.405606111260804,0.0
rl,dqn | LDPC-DiscreteMI-v0,384,202,37,2.724438229561849,0.0
rl,dqn | LDPC-DiscreteMI-v0,384,202,38,3.451907233481356,0.0
rl,dqn | LDPC-DiscreteMI-v0,384,202,39,3.420547480030548,0.0
rl,dqn | LDPC-DiscreteMI-v0,384,202,40,3.100547795631275,0.0
rl,dqn | LDPC-DiscreteMI-v0,384,202,41,3.451907233481356,0.0
rl,dqn | LDPC-DiscreteMI-v0,384,203,0,4.422382544201729,0.0
rl,dqn | LDPC-DiscreteMI-v0,384,203,1,4.495454725657839,0.0
rl,dqn | LDPC-DiscreteMI-v0,384,203,2,4.188496883782267,0.0
rl,dqn | LDPC-DiscreteMI-v0,384,203,3,4.33732041807605,0.0
rl,dqn | LDPC-DiscreteMI-v0,384,203,4,4.484448396353051,0.0
rl,dqn | LDPC-DiscreteMI-v0,384,203,5,4.564420912067882,0.0
rl,dqn | LDPC-DiscreteMI-v0,384,203,6,4.810689074156299,0.0
rl,dqn | LDPC-DiscreteMI-v0,384,203,7,4.480438663490418,0.0
rl,dqn | LDPC-DiscreteMI-v0,384,203,8,4.256078479898369,0.0
rl,dqn | LDPC-DiscreteMI-v0,384,203,9,4.237996309493003,0.0
rl,dqn | LDPC-DiscreteMI-v0,384,203,10,4.439444854277895,0.0
rl,dqn | LDPC-DiscreteMI-v0,384,203,11,4.498064788514997,0.0
rl,dqn | LDPC-DiscreteMI-v0,384,203,12,4.332868510062275,0.0
rl,dqn | LDPC-DiscreteMI-v0,384,203,13,4.256536417921963,0.0
rl,dqn | LDPC-DiscreteMI-v0,384,203,14,4.34614957566409,0.0
rl,dqn | LDPC-DiscreteMI-v0,384,203,15,4.46147925891832,0.0
rl,dqn | LDPC-DiscreteMI-v0,384,203,16,4.457960200073542,0.0
rl,dqn | LDPC-DiscreteMI-v0,384,203,17,4.466473957251738,0.0
rl,dqn | LDPC-DiscreteMI-v0,384,203,18,4.465050199186734,0.0
rl,dqn | LDPC-DiscreteMI-v0,384,203,19,4.255153574979312,0.0
rl,dqn | LDPC-DiscreteMI-v0,384,203,20,3.2360000370193167,0.0
rl,dqn | LDPC-DiscreteMI-v0,384,203,21,3.2222749574829836,0.0
rl,dqn | LDPC-DiscreteMI-v0,384,203,22,2.76139881037142,0.0
rl,dqn | LDPC-DiscreteMI-v0,384,203,23,3.442610033609416,0.0
rl,dqn | LDPC-DiscreteMI-v0,384,203,24,3.2811779540646975,0.0
rl,dqn | LDPC-DiscreteMI-v0,384,203,25,3.2032894583700107,0.0
rl,dqn | LDPC-DiscreteMI-v0,384,203,26,3.453815854254601,0.0
rl,dqn | LDPC-DiscreteMI-v0,384,203,27,3.0453447750374796,0.0
rl,dqn | LDPC-DiscreteMI-v0,384,203,28,3.292616220827218,0.0
rl,dqn | LDPC-DiscreteMI-v0,384,203,29,2.9154131964206256,0.0
rl,dqn | LDPC-DiscreteMI-v0,384,203,30,3.7251216718933877,0.0
rl,dqn | LDPC-DiscreteMI-v0,384,203,31,2.7123109058337938,0.0
rl,dqn | LDPC-DiscreteMI-v0,384,203,32,3.474627586007141,0.0
rl,dqn | LDPC-DiscreteMI-v0,384,203,33,3.247631607646666,0.0
rl,dqn | LDPC-DiscreteMI-v0,384,203,34,3.273463668015157,0.0
rl,dqn | LDPC-DiscreteMI-v0,384,203,35,3.451907233481356,0.0
rl,dqn | LDPC-DiscreteMI-v0,384,203,36,3.405606111260804,0.0
rl,dqn | LDPC-DiscreteMI-v0,384,203,37,2.724438229561849,0.0
rl,dqn | LDPC-DiscreteMI-v0,384,203,38,3.451907233481356,0.0
rl,dqn | LDPC-DiscreteMI-v0,384,203,39,3.420547480030548,0.0
rl,dqn | LDPC-DiscreteMI-v0,384,203,40,3.100547795631275,0.0
rl,dqn | LDPC-DiscreteMI-v0,384,203,41,3.451907233481356,0.0
rl,dqn | LDPC-DiscreteMI-v0,384,204,0,4.422382544201729,0.0
rl,dqn | LDPC-DiscreteMI-v0,384,204,1,4.495454725657839,0.0
rl,dqn | LDPC-DiscreteMI-v0,384,204,2,4.188496883782267,0.0
rl,dqn | LDPC-DiscreteMI-v0,384,204,3,4.33732041807605,0.0
rl,dqn | LDPC-DiscreteMI-v0,384,204,4,4.484448396353051,0.0
rl,dqn | LDPC-DiscreteMI-v0,384,204,5,4.564420912067882,0.0
rl,dqn | LDPC-DiscreteMI-v0,384,204,6,4.810689074156299,0.0
rl,dqn | LDPC-DiscreteMI-v0,384,204,7,4.480438663490418,0.0
rl,dqn | LDPC-DiscreteMI-v0,384,204,8,4.256078479898369,0.0
rl,dqn | LDPC-DiscreteMI-v0,384,204,9,4.237996309493003,0.0
rl,dqn | LDPC-DiscreteMI-v0,384,204,10,4.439444854277895,0.0
rl,dqn | LDPC-DiscreteMI-v0,384,204,11,4.498064788514997,0.0
rl,dqn | LDPC-DiscreteMI-v0,384,204,12,4.332868510062275,0.0
rl,dqn | LDPC-DiscreteMI-v0,384,204,13,4.256536417921963,0.0
rl,dqn | LDPC-DiscreteMI-v0,384,204,14,4.34614957566409,0.0
rl,dqn | LDPC-DiscreteMI-v0,384,204,15,4.46147925891832,0.0
rl,dqn | LDPC-DiscreteMI-v0,384,204,16,4.457960200073542,0.0
rl,dqn | LDPC-DiscreteMI-v0,384,204,17,4.466473957251738,0.0
rl,dqn | LDPC-DiscreteMI-v0,384,204,18,4.465050199186734,0.0
rl,dqn | LDPC-DiscreteMI-v0,384,204,19,4.255153574979312,0.0
rl,dqn | LDPC-DiscreteMI-v0,384,204,20,3.2360000370193167,0.0
rl,dqn | LDPC-DiscreteMI-v0,384,204,21,3.2222749574829836,0.0
rl,dqn | LDPC-DiscreteMI-v0,384,204,22,2.76139881037142,0.0
rl,dqn | LDPC-DiscreteMI-v0,384,204,23,3.442610033609416,0.0
rl,dqn | LDPC-DiscreteMI-v0,384,204,24,3.2811779540646975,0.0
rl,dqn | LDPC-DiscreteMI-v0,384,204,25,3.2032894583700107,0.0
rl,dqn | LDPC-DiscreteMI-v0,384,204,26,3.453815854254601,0.0
rl,dqn | LDPC-DiscreteMI-v0,384,204,27,3.0453447750374796,0.0
rl,dqn | LDPC-DiscreteMI-v0,384,204,28,3.292616220827218,0.0
rl,dqn | LDPC-DiscreteMI-v0,384,204,29,2.9154131964206256,0.0
rl,dqn | LDPC-DiscreteMI-v0,384,204,30,3.7251216718933877,0.0
rl,dqn | LDPC-DiscreteMI-v0,384,204,31,2.7123109058337938,0.0
rl,dqn | LDPC-DiscreteMI-v0,384,204,32,3.474627586007141,0.0
rl,dqn | LDPC-DiscreteMI-v0,384,204,33,3.247631607646666,0.0
rl,dqn | LDPC-DiscreteMI-v0,384,204,34,3.273463668015157,0.0
rl,dqn | LDPC-DiscreteMI-v0,384,204,35,3.451907233481356,0.0
rl,dqn | LDPC-DiscreteMI-v0,384,204,36,3.405606111260804,0.0
rl,dqn | LDPC-DiscreteMI-v0,384,204,37,2.724438229561849,0.0
rl,dqn | LDPC-DiscreteMI-v0,384,204,38,3.451907233481356,0.0
rl,dqn | LDPC-DiscreteMI-v0,384,204,39,3.420547480030548,0.0
rl,dqn | LDPC-DiscreteMI-v0,384,204,40,3.100547795631275,0.0
rl,dqn | LDPC-DiscreteMI-v0,384,204,41,3.451907233481356,0.0
rl,dqn | LDPC-DiscreteMI-v0,384,205,0,4.422382544201729,0.0
rl,dqn | LDPC-DiscreteMI-v0,384,205,1,4.495454725657839,0.0
rl,dqn | LDPC-DiscreteMI-v0,384,205,2,4.188496883782267,0.0
rl,dqn | LDPC-DiscreteMI-v0,384,205,3,4.33732041807605,0.0
rl,dqn | LDPC-DiscreteMI-v0,384,205,4,4.484448396353051,0.0
rl,dqn | LDPC-DiscreteMI-v0,384,205,5,4.564420912067882,0.0
rl,dqn | LDPC-DiscreteMI-v0,384,205,6,4.810689074156299,0.0
rl,dqn | LDPC-DiscreteMI-v0,384,205,7,4.480438663490418,0.0
rl,dqn | LDPC-DiscreteMI-v0,384,205,8,4.256078479898369,0.0
rl,dqn | LDPC-DiscreteMI-v0,384,205,9,4.237996309493003,0.0
rl,dqn | LDPC-DiscreteMI-v0,384,205,10,4.439444854277895,0.0
rl,dqn | LDPC-DiscreteMI-v0,384,205,11,4.498064788514997,0.0
rl,dqn | LDPC-DiscreteMI-v0,384,205,12,4.332868510062275,0.0
rl,dqn | LDPC-DiscreteMI-v0,384,205,13,4.256536417921963,0.0
rl,dqn | LDPC-DiscreteMI-v0,384,205,14,4.34614957566409,0.0
rl,dqn | LDPC-DiscreteMI-v0,384,205,15,4.46147925891832,0.0
rl,dqn | LDPC-DiscreteMI-v0,384,205,16,4.457960200073542,0.0
rl,dqn | LDPC-DiscreteMI-v0,384,205,17,4.466473957251738,0.0
rl,dqn | LDPC-DiscreteMI-v0,384,205,18,4.465050199186734,0.0
rl,dqn | LDPC-DiscreteMI-v0,384,205,19,4.255153574979312,0.0
rl,dqn | LDPC-DiscreteMI-v0,384,205,20,3.2360000370193167,0.0
rl,dqn | LDPC-DiscreteMI-v0,384,205,21,3.2222749574829836,0.0
rl,dqn | LDPC-DiscreteMI-v0,384,205,22,2.76139881037142,0.0
rl,dqn | LDPC-DiscreteMI-v0,384,205,23,3.442610033609416,0.0
rl,dqn | LDPC-DiscreteMI-v0,384,205,24,3.2811779540646975,0.0
rl,dqn | LDPC-DiscreteMI-v0,384,205,25,3.2032894583700107,0.0
rl,dqn | LDPC-DiscreteMI-v0,384,205,26,3.453815854254601,0.0
rl,dqn | LDPC-DiscreteMI-v0,384,205,27,3.0453447750374796,0.0
rl,dqn | LDPC-DiscreteMI-v0,384,205,28,3.292616220827218,0.0
rl,dqn | LDPC-DiscreteMI-v0,384,205,29,2.9154131964206256,0.0
rl,dqn | LDPC-DiscreteMI-v0,384,205,30,3.7251216718933877,0.0
rl,dqn | LDPC-DiscreteMI-v0,384,205,31,2.7123109058337938,0.0
rl,dqn | LDPC-DiscreteMI-v0,384,205,32,3.474627586007141,0.0
rl,dqn | LDPC-DiscreteMI-v0,384,205,33,3.247631607646666,0.0
rl,dqn | LDPC-DiscreteMI-v0,384,205,34,3.273463668015157,0.0
rl,dqn | LDPC-DiscreteMI-v0,384,205,35,3.451907233481356,0.0
rl,dqn | LDPC-DiscreteMI-v0,384,205,36,3.405606111260804,0.0
rl,dqn | LDPC-DiscreteMI-v0,384,205,37,2.724438229561849,0.0
rl,dqn | LDPC-DiscreteMI-v0,384,205,38,3.451907233481356,0.0
rl,dqn | LDPC-DiscreteMI-v0,384,205,39,3.420547480030548,0.0
rl,dqn | LDPC-DiscreteMI-v0,384,205,40,3.100547795631275,0.0
rl,dqn | LDPC-DiscreteMI-v0,384,205,41,3.451907233481356,0.0
rl,dqn | LDPC-DiscreteMI-v0,384,206,0,4.422382544201729,0.0
rl,dqn | LDPC-DiscreteMI-v0,384,206,1,4.495454725657839,0.0
rl,dqn | LDPC-DiscreteMI-v0,384,206,2,4.188496883782267,0.0
rl,dqn | LDPC-DiscreteMI-v0,384,206,3,4.33732041807605,0.0
rl,dqn | LDPC-DiscreteMI-v0,384,206,4,4.484448396353051,0.0
rl,dqn | LDPC-DiscreteMI-v0,384,206,5,4.564420912067882,0.0
rl,dqn | LDPC-DiscreteMI-v0,384,206,6,4.810689074156299,0.0
rl,dqn | LDPC-DiscreteMI-v0,384,206,7,4.480438663490418,0.0
rl,dqn | LDPC-DiscreteMI-v0,384,206,8,4.256078479898369,0.0
rl,dqn | LDPC-DiscreteMI-v0,384,206,9,4.237996309493003,0.0
rl,dqn | LDPC-DiscreteMI-v0,384,206,10,4.439444854277895,0.0
rl,dqn | LDPC-DiscreteMI-v0,384,206,11,4.498064788514997,0.0
rl,dqn | LDPC-DiscreteMI-v0,384,206,12,4.332868510062275,0.0
rl,dqn | LDPC-DiscreteMI-v0,384,206,13,4.256536417921963,0.0
rl,dqn | LDPC-DiscreteMI-v0,384,206,14,4.34614957566409,0.0
rl,dqn | LDPC-DiscreteMI-v0,384,206,15,4.46147925891832,0.0
rl,dqn | LDPC-DiscreteMI-v0,384,206,16,4.457960200073542,0.0
rl,dqn | LDPC-DiscreteMI-v0,384,206,17,4.466473957251738,0.0
rl,dqn | LDPC-DiscreteMI-v0,384,206,18,4.465050199186734,0.0
rl,dqn | LDPC-DiscreteMI-v0,384,206,19,4.255153574979312,0.0
rl,dqn | LDPC-DiscreteMI-v0,384,206,20,3.2360000370193167,0.0
rl,dqn | LDPC-DiscreteMI-v0,384,206,21,3.2222749574829836,0.0
rl,dqn | LDPC-DiscreteMI-v0,384,206,22,2.76139881037142,0.0
rl,dqn | LDPC-DiscreteMI-v0,384,206,23,3.442610033609416,0.0
rl,dqn | LDPC-DiscreteMI-v0,384,206,24,3.2811779540646975,0.0
rl,dqn | LDPC-DiscreteMI-v0,384,206,25,3.2032894583700107,0.0
rl,dqn | LDPC-DiscreteMI-v0,384,206,26,3.453815854254601,0.0
rl,dqn | LDPC-DiscreteMI-v0,384,206,27,3.0453447750374796,0.0
rl,dqn | LDPC-DiscreteMI-v0,384,206,28,3.292616220827218,0.0
rl,dqn | LDPC-DiscreteMI-v0,384,206,29,2.9154131964206256,0.0
rl,dqn | LDPC-DiscreteMI-v0,384,206,30,3.7251216718933877,0.0
rl,dqn | LDPC-DiscreteMI-v0,384,206,31,2.7123109058337938,0.0
rl,dqn | LDPC-DiscreteMI-v0,384,206,32,3.474627586007141,0.0
rl,dqn | LDPC-DiscreteMI-v0,384,206,33,3.247631607646666,0.0
rl,dqn | LDPC-DiscreteMI-v0,384,206,34,3.273463668015157,0.0
rl,dqn | LDPC-DiscreteMI-v0,384,206,35,3.451907233481356,0.0
rl,dqn | LDPC-DiscreteMI-v0,384,206,36,3.405606111260804,0.0
rl,dqn | LDPC-DiscreteMI-v0,384,206,37,2.724438229561849,0.0
rl,dqn | LDPC-DiscreteMI-v0,384,206,38,3.451907233481356,0.0
rl,dqn | LDPC-DiscreteMI-v0,384,206,39,3.420547480030548,0.0
rl,dqn | LDPC-DiscreteMI-v0,384,206,40,3.100547795631275,0.0
rl,dqn | LDPC-DiscreteMI-v0,384,206,41,3.451907233481356,0.0
rl,dqn | LDPC-DiscreteMI-v0,384,207,0,4.422382544201729,0.0
rl,dqn | LDPC-DiscreteMI-v0,384,207,1,4.495454725657839,0.0
rl,dqn | LDPC-DiscreteMI-v0,384,207,2,4.188496883782267,0.0
rl,dqn | LDPC-DiscreteMI-v0,384,207,3,4.33732041807605,0.0
rl,dqn | LDPC-DiscreteMI-v0,384,207,4,4.484448396353051,0.0
rl,dqn | LDPC-DiscreteMI-v0,384,207,5,4.564420912067882,0.0
rl,dqn | LDPC-DiscreteMI-v0,384,207,6,4.810689074156299,0.0
rl,dqn | LDPC-DiscreteMI-v0,384,207,7,4.480438663490418,0.0
rl,dqn | LDPC-DiscreteMI-v0,384,207,8,4.256078479898369,0.0
rl,dqn | LDPC-DiscreteMI-v0,384,207,9,4.237996309493003,0.0
rl,dqn | LDPC-DiscreteMI-v0,384,207,10,4.439444854277895,0.0
rl,dqn | LDPC-DiscreteMI-v0,384,207,11,4.498064788514997,0.0
rl,dqn | LDPC-DiscreteMI-v0,384,207,12,4.332868510062275,0.0
rl,dqn | LDPC-DiscreteMI-v0,384,207,13,4.256536417921963,0.0
rl,dqn | LDPC-DiscreteMI-v0,384,207,14,4.34614957566409,0.0
rl,dqn | LDPC-DiscreteMI-v0,384,207,15,4.46147925891832,0.0
rl,dqn | LDPC-DiscreteMI-v0,384,207,16,4.457960200073542,0.0
rl,dqn | LDPC-DiscreteMI-v0,384,207,17,4.466473957251738,0.0
rl,dqn | LDPC-DiscreteMI-v0,384,207,18,4.465050199186734,0.0
rl,dqn | LDPC-DiscreteMI-v0,384,207,19,4.255153574979312,0.0
rl,dqn | LDPC-DiscreteMI-v0,384,207,20,3.2360000370193167,0.0
rl,dqn | LDPC-DiscreteMI-v0,384,207,21,3.2222749574829836,0.0
rl,dqn | LDPC-DiscreteMI-v0,384,207,22,2.76139881037142,0.0
rl,dqn | LDPC-DiscreteMI-v0,384,207,23,3.442610033609416,0.0
rl,dqn | LDPC-DiscreteMI-v0,384,207,24,3.2811779540646975,0.0
rl,dqn | LDPC-DiscreteMI-v0,384,207,25,3.2032894583700107,0.0
rl,dqn | LDPC-DiscreteMI-v0,384,207,26,3.453815854254601,0.0
rl,dqn | LDPC-DiscreteMI-v0,384,207,27,3.0453447750374796,0.0
rl,dqn | LDPC-DiscreteMI-v0,384,207,28,3.292616220827218,0.0
rl,dqn | LDPC-DiscreteMI-v0,384,207,29,2.9154131964206256,0.0
rl,dqn | LDPC-DiscreteMI-v0,384,207,30,3.7251216718933877,0.0
rl,dqn | LDPC-DiscreteMI-v0,384,207,31,2.7123109058337938,0.0
rl,dqn | LDPC-DiscreteMI-v0,384,207,32,3.474627586007141,0.0
rl,dqn | LDPC-DiscreteMI-v0,384,207,33,3.247631607646666,0.0
rl,dqn | LDPC-DiscreteMI-v0,384,207,34,3.273463668015157,0.0
rl,dqn | LDPC-DiscreteMI-v0,384,207,35,3.451907233481356,0.0
rl,dqn | LDPC-DiscreteMI-v0,384,207,36,3.405606111260804,0.0
rl,dqn | LDPC-DiscreteMI-v0,384,207,37,2.724438229561849,0.0
rl,dqn | LDPC-DiscreteMI-v0,384,207,38,3.451907233481356,0.0
rl,dqn | LDPC-DiscreteMI-v0,384,207,39,3.420547480030548,0.0
rl,dqn | LDPC-DiscreteMI-v0,384,207,40,3.100547795631275,0.0
rl,dqn | LDPC-DiscreteMI-v0,384,207,41,3.451907233481356,0.0
rl,dqn | LDPC-DiscreteMI-v0,384,208,0,4.422382544201729,0.0
rl,dqn | LDPC-DiscreteMI-v0,384,208,1,4.495454725657839,0.0
rl,dqn | LDPC-DiscreteMI-v0,384,208,2,4.188496883782267,0.0
rl,dqn | LDPC-DiscreteMI-v0,384,208,3,4.33732041807605,0.0
rl,dqn | LDPC-DiscreteMI-v0,384,208,4,4.484448396353051,0.0
rl,dqn | LDPC-DiscreteMI-v0,384,208,5,4.564420912067882,0.0
rl,dqn | LDPC-DiscreteMI-v0,384,208,6,4.810689074156299,0.0
rl,dqn | LDPC-DiscreteMI-v0,384,208,7,4.480438663490418,0.0
rl,dqn | LDPC-DiscreteMI-v0,384,208,8,4.256078479898369,0.0
rl,dqn | LDPC-DiscreteMI-v0,384,208,9,4.237996309493003,0.0
rl,dqn | LDPC-DiscreteMI-v0,384,208,10,4.439444854277895,0.0
rl,dqn | LDPC-DiscreteMI-v0,384,208,11,4.498064788514997,0.0
rl,dqn | LDPC-DiscreteMI-v0,384,208,12,4.332868510062275,0.0
rl,dqn | LDPC-DiscreteMI-v0,384,208,13,4.256536417921963,0.0
rl,dqn | LDPC-DiscreteMI-v0,384,208,14,4.34614957566409,0.0
rl,dqn | LDPC-DiscreteMI-v0,384,208,15,4.46147925891832,0.0
rl,dqn | LDPC-DiscreteMI-v0,384,208,16,4.457960200073542,0.0
rl,dqn | LDPC-DiscreteMI-v0,384,208,17,4.466473957251738,0.0
rl,dqn | LDPC-DiscreteMI-v0,384,208,18,4.465050199186734,0.0
rl,dqn | LDPC-DiscreteMI-v0,384,208,19,4.255153574979312,0.0
rl,dqn | LDPC-DiscreteMI-v0,384,208,20,3.2360000370193167,0.0
rl,dqn | LDPC-DiscreteMI-v0,384,208,21,3.2222749574829836,0.0
rl,dqn | LDPC-DiscreteMI-v0,384,208,22,2.76139881037142,0.0
rl,dqn | LDPC-DiscreteMI-v0,384,208,23,3.442610033609416,0.0
rl,dqn | LDPC-DiscreteMI-v0,384,208,24,3.2811779540646975,0.0
rl,dqn | LDPC-DiscreteMI-v0,384,208,25,3.2032894583700107,0.0
rl,dqn | LDPC-DiscreteMI-v0,384,208,26,3.453815854254601,0.0
rl,dqn | LDPC-DiscreteMI-v0,384,208,27,3.0453447750374796,0.0
rl,dqn | LDPC-DiscreteMI-v0,384,208,28,3.292616220827218,0.0
rl,dqn | LDPC-DiscreteMI-v0,384,208,29,2.9154131964206256,0.0
rl,dqn | LDPC-DiscreteMI-v0,384,208,30,3.7251216718933877,0.0
rl,dqn | LDPC-DiscreteMI-v0,384,208,31,2.7123109058337938,0.0
rl,dqn | LDPC-DiscreteMI-v0,384,208,32,3.474627586007141,0.0
rl,dqn | LDPC-DiscreteMI-v0,384,208,33,3.247631607646666,0.0
rl,dqn | LDPC-DiscreteMI-v0,384,208,34,3.273463668015157,0.0
rl,dqn | LDPC-DiscreteMI-v0,384,208,35,3.451907233481356,0.0
rl,dqn | LDPC-DiscreteMI-v0,384,208,36,3.405606111260804,0.0
rl,dqn | LDPC-DiscreteMI-v0,384,208,37,2.724438229561849,0.0
rl,dqn | LDPC-DiscreteMI-v0,384,208,38,3.451907233481356,0.0
rl,dqn | LDPC-DiscreteMI-v0,384,208,39,3.420547480030548,0.0
rl,dqn | LDPC-DiscreteMI-v0,384,208,40,3.100547795631275,0.0
rl,dqn | LDPC-DiscreteMI-v0,384,208,41,3.451907233481356,0.0
rl,dqn | LDPC-DiscreteMI-v0,384,209,0,4.422382544201729,0.0
rl,dqn | LDPC-DiscreteMI-v0,384,209,1,4.495454725657839,0.0
rl,dqn | LDPC-DiscreteMI-v0,384,209,2,4.188496883782267,0.0
rl,dqn | LDPC-DiscreteMI-v0,384,209,3,4.33732041807605,0.0
rl,dqn | LDPC-DiscreteMI-v0,384,209,4,4.484448396353051,0.0
rl,dqn | LDPC-DiscreteMI-v0,384,209,5,4.564420912067882,0.0
rl,dqn | LDPC-DiscreteMI-v0,384,209,6,4.810689074156299,0.0
rl,dqn | LDPC-DiscreteMI-v0,384,209,7,4.480438663490418,0.0
rl,dqn | LDPC-DiscreteMI-v0,384,209,8,4.256078479898369,0.0
rl,dqn | LDPC-DiscreteMI-v0,384,209,9,4.237996309493003,0.0
rl,dqn | LDPC-DiscreteMI-v0,384,209,10,4.439444854277895,0.0
rl,dqn | LDPC-DiscreteMI-v0,384,209,11,4.498064788514997,0.0
rl,dqn | LDPC-DiscreteMI-v0,384,209,12,4.332868510062275,0.0
rl,dqn | LDPC-DiscreteMI-v0,384,209,13,4.256536417921963,0.0
rl,dqn | LDPC-DiscreteMI-v0,384,209,14,4.34614957566409,0.0
rl,dqn | LDPC-DiscreteMI-v0,384,209,15,4.46147925891832,0.0
rl,dqn | LDPC-DiscreteMI-v0,384,209,16,4.457960200073542,0.0
rl,dqn | LDPC-DiscreteMI-v0,384,209,17,4.466473957251738,0.0
rl,dqn | LDPC-DiscreteMI-v0,384,209,18,4.465050199186734,0.0
rl,dqn | LDPC-DiscreteMI-v0,384,209,19,4.255153574979312,0.0
rl,dqn | LDPC-DiscreteMI-v0,384,209,20,3.2360000370193167,0.0
rl,dqn | LDPC-DiscreteMI-v0,384,209,21,3.2222749574829836,0.0
rl,dqn | LDPC-DiscreteMI-v0,384,209,22,2.76139881037142,0.0
rl,dqn | LDPC-DiscreteMI-v0,384,209,23,3.442610033609416,0.0
rl,dqn | LDPC-DiscreteMI-v0,384,209,24,3.2811779540646975,0.0
rl,dqn | LDPC-DiscreteMI-v0,384,209,25,3.2032894583700107,0.0
rl,dqn | LDPC-DiscreteMI-v0,384,209,26,3.453815854254601,0.0
rl,dqn | LDPC-DiscreteMI-v0,384,209,27,3.0453447750374796,0.0
rl,dqn | LDPC-DiscreteMI-v0,384,209,28,3.292616220827218,0.0
rl,dqn | LDPC-DiscreteMI-v0,384,209,29,2.9154131964206256,0.0
rl,dqn | LDPC-DiscreteMI-v0,384,209,30,3.7251216718933877,0.0
rl,dqn | LDPC-DiscreteMI-v0,384,209,31,2.7123109058337938,0.0
rl,dqn | LDPC-DiscreteMI-v0,384,209,32,3.474627586007141,0.0
rl,dqn | LDPC-DiscreteMI-v0,384,209,33,3.247631607646666,0.0
rl,dqn | LDPC-DiscreteMI-v0,384,209,34,3.273463668015157,0.0
rl,dqn | LDPC-DiscreteMI-v0,384,209,35,3.451907233481356,0.0
rl,dqn | LDPC-DiscreteMI-v0,384,209,36,3.405606111260804,0.0
rl,dqn | LDPC-DiscreteMI-v0,384,209,37,2.724438229561849,0.0
rl,dqn | LDPC-DiscreteMI-v0,384,209,38,3.451907233481356,0.0
rl,dqn | LDPC-DiscreteMI-v0,384,209,39,3.420547480030548,0.0
rl,dqn | LDPC-DiscreteMI-v0,384,209,40,3.100547795631275,0.0
rl,dqn | LDPC-DiscreteMI-v0,384,209,41,3.451907233481356,0.0
rl,dqn | LDPC-DiscreteMI-v0,384,210,0,4.422382544201729,0.0
rl,dqn | LDPC-DiscreteMI-v0,384,210,1,4.495454725657839,0.0
rl,dqn | LDPC-DiscreteMI-v0,384,210,2,4.188496883782267,0.0
rl,dqn | LDPC-DiscreteMI-v0,384,210,3,4.33732041807605,0.0
rl,dqn | LDPC-DiscreteMI-v0,384,210,4,4.484448396353051,0.0
rl,dqn | LDPC-DiscreteMI-v0,384,210,5,4.564420912067882,0.0
rl,dqn | LDPC-DiscreteMI-v0,384,210,6,4.810689074156299,0.0
rl,dqn | LDPC-DiscreteMI-v0,384,210,7,4.480438663490418,0.0
rl,dqn | LDPC-DiscreteMI-v0,384,210,8,4.256078479898369,0.0
rl,dqn | LDPC-DiscreteMI-v0,384,210,9,4.237996309493003,0.0
rl,dqn | LDPC-DiscreteMI-v0,384,210,10,4.439444854277895,0.0
rl,dqn | LDPC-DiscreteMI-v0,384,210,11,4.498064788514997,0.0
rl,dqn | LDPC-DiscreteMI-v0,384,210,12,4.332868510062275,0.0
rl,dqn | LDPC-DiscreteMI-v0,384,210,13,4.256536417921963,0.0
rl,dqn | LDPC-DiscreteMI-v0,384,210,14,4.34614957566409,0.0
rl,dqn | LDPC-DiscreteMI-v0,384,210,15,4.46147925891832,0.0
rl,dqn | LDPC-DiscreteMI-v0,384,210,16,4.457960200073542,0.0
rl,dqn | LDPC-DiscreteMI-v0,384,210,17,4.466473957251738,0.0
rl,dqn | LDPC-DiscreteMI-v0,384,210,18,4.465050199186734,0.0
rl,dqn | LDPC-DiscreteMI-v0,384,210,19,4.255153574979312,0.0
rl,dqn | LDPC-DiscreteMI-v0,384,210,20,3.2360000370193167,0.0
rl,dqn | LDPC-DiscreteMI-v0,384,210,21,3.2222749574829836,0.0
rl,dqn | LDPC-DiscreteMI-v0,384,210,22,2.76139881037142,0.0
rl,dqn | LDPC-DiscreteMI-v0,384,210,23,3.442610033609416,0.0
rl,dqn | LDPC-DiscreteMI-v0,384,210,24,3.2811779540646975,0.0
rl,dqn | LDPC-DiscreteMI-v0,384,210,25,3.2032894583700107,0.0
rl,dqn | LDPC-DiscreteMI-v0,384,210,26,3.453815854254601,0.0
rl,dqn | LDPC-DiscreteMI-v0,384,210,27,3.0453447750374796,0.0
rl,dqn | LDPC-DiscreteMI-v0,384,210,28,3.292616220827218,0.0
rl,dqn | LDPC-DiscreteMI-v0,384,210,29,2.9154131964206256,0.0
rl,dqn | LDPC-DiscreteMI-v0,384,210,30,3.7251216718933877,0.0
rl,dqn | LDPC-DiscreteMI-v0,384,210,31,2.7123109058337938,0.0
rl,dqn | LDPC-DiscreteMI-v0,384,210,32,3.474627586007141,0.0
rl,dqn | LDPC-DiscreteMI-v0,384,210,33,3.247631607646666,0.0
rl,dqn | LDPC-DiscreteMI-v0,384,210,34,3.273463668015157,0.0
rl,dqn | LDPC-DiscreteMI-v0,384,210,35,3.451907233481356,0.0
rl,dqn | LDPC-DiscreteMI-v0,384,210,36,3.405606111260804,0.0
rl,dqn | LDPC-DiscreteMI-v0,384,210,37,2.724438229561849,0.0
rl,dqn | LDPC-DiscreteMI-v0,384,210,38,3.451907233481356,0.0
rl,dqn | LDPC-DiscreteMI-v0,384,210,39,3.420547480030548,0.0
rl,dqn | LDPC-DiscreteMI-v0,384,210,40,3.100547795631275,0.0
rl,dqn | LDPC-DiscreteMI-v0,384,210,41,3.451907233481356,0.0
